{"type": "FeatureCollection", "name": "LL_arbolado_zonas_manejo_v01", "crs": {"type": "name", "properties": {"name": "urn:ogc:def:crs:OGC:1.3:CRS84"}}, "bbox": [-71.09414051876081, -28.50169254938341, -71.09066778631549, -28.49876854991591], "metadata": {"predio": "Olivar Los Loros", "comuna": "Freirina, Region de Atacama, Chile", "fecha_proceso": "2026-05-29", "n_arboles": 504, "fuente_geom": "KML georreferenciacion (504 olivos)", "fuente_ndvi": "Serie NDVI por arbol 2016-2020 (8 fechas)", "fuente_rendimiento": "Cosechas 2018-2019 y 2020 (kg/arbol)", "fuente_zonas": "Zonificacion K-means oficial (4 clases NDVI) mapeada a 3 zonas de manejo", "mapeo_zonas": {"bajo": "Clase 1", "medio": "Clases 2-3", "alto": "Clase 4"}, "fallback_terciles_ndvi_medio": {"bajo_<": 0.514, "medio_<": 0.544}}, "features": [{"type": "Feature", "geometry": {"type": "Point", "coordinates": [-71.0936754, -28.4999914]}, "properties": {"codigo": "LL-OLI-0001", "id_arbol": 1, "predio": "Olivar Los Loros", "cultivo": "Olivo", "variedad": null, "lon": -71.0936754, "lat": -28.4999914, "zona_manejo": "alto", "clase_vigor_kmeans": 4, "ndvi": 0.507, "ndvi_actual": 0.483, "rendimiento_2019": 14.1, "rendimiento_2020": 94.4, "estado": "sin_monitoreo", "ultimo_monitoreo": null}}, {"type": "Feature", "geometry": {"type": "Point", "coordinates": [-71.0939171, -28.500798]}, "properties": {"codigo": "LL-OLI-0010", "id_arbol": 10, "predio": "Olivar Los Loros", "cultivo": "Olivo", "variedad": null, "lon": -71.0939171, "lat": -28.500798, "zona_manejo": "alto", "clase_vigor_kmeans": 4, "ndvi": 0.536, "ndvi_actual": 0.543, "rendimiento_2019": 136.1, "rendimiento_2020": 99.3, "estado": "sin_monitoreo", "ultimo_monitoreo": null}}, {"type": "Feature", "geometry": {"type": "Point", "coordinates": [-71.0934967, -28.5011726]}, "properties": {"codigo": "LL-OLI-0100", "id_arbol": 100, "predio": "Olivar Los Loros", "cultivo": "Olivo", "variedad": null, "lon": -71.0934967, "lat": -28.5011726, "zona_manejo": "medio", "clase_vigor_kmeans": 3, "ndvi": 0.518, "ndvi_actual": 0.565, "rendimiento_2019": null, "rendimiento_2020": 92.6, "estado": "sin_monitoreo", "ultimo_monitoreo": null}}, {"type": "Feature", "geometry": {"type": "Point", "coordinates": [-71.0934639, -28.5010834]}, "properties": {"codigo": "LL-OLI-0101", "id_arbol": 101, "predio": "Olivar Los Loros", "cultivo": "Olivo", "variedad": null, "lon": -71.0934639, "lat": -28.5010834, "zona_manejo": "medio", "clase_vigor_kmeans": 3, "ndvi": 0.522, "ndvi_actual": 0.618, "rendimiento_2019": null, "rendimiento_2020": 102.4, "estado": "sin_monitoreo", "ultimo_monitoreo": null}}, {"type": "Feature", "geometry": {"type": "Point", "coordinates": [-71.0934427, -28.5010005]}, "properties": {"codigo": "LL-OLI-0102", "id_arbol": 102, "predio": "Olivar Los Loros", "cultivo": "Olivo", "variedad": null, "lon": -71.0934427, "lat": -28.5010005, "zona_manejo": "alto", "clase_vigor_kmeans": 4, "ndvi": 0.536, "ndvi_actual": 0.575, "rendimiento_2019": 135.8, "rendimiento_2020": 101.0, "estado": "sin_monitoreo", "ultimo_monitoreo": null}}, {"type": "Feature", "geometry": {"type": "Point", "coordinates": [-71.0934076, -28.5009023]}, "properties": {"codigo": "LL-OLI-0103", "id_arbol": 103, "predio": "Olivar Los Loros", "cultivo": "Olivo", "variedad": null, "lon": -71.0934076, "lat": -28.5009023, "zona_manejo": "alto", "clase_vigor_kmeans": 4, "ndvi": 0.556, "ndvi_actual": 0.563, "rendimiento_2019": 75.4, "rendimiento_2020": 98.4, "estado": "sin_monitoreo", "ultimo_monitoreo": null}}, {"type": "Feature", "geometry": {"type": "Point", "coordinates": [-71.0933819, -28.5008166]}, "properties": {"codigo": "LL-OLI-0104", "id_arbol": 104, "predio": "Olivar Los Loros", "cultivo": "Olivo", "variedad": null, "lon": -71.0933819, "lat": -28.5008166, "zona_manejo": "alto", "clase_vigor_kmeans": 4, "ndvi": 0.542, "ndvi_actual": 0.521, "rendimiento_2019": 78.0, "rendimiento_2020": 92.4, "estado": "sin_monitoreo", "ultimo_monitoreo": null}}, {"type": "Feature", "geometry": {"type": "Point", "coordinates": [-71.093355, -28.5007237]}, "properties": {"codigo": "LL-OLI-0105", "id_arbol": 105, "predio": "Olivar Los Loros", "cultivo": "Olivo", "variedad": null, "lon": -71.093355, "lat": -28.5007237, "zona_manejo": "alto", "clase_vigor_kmeans": 4, "ndvi": 0.543, "ndvi_actual": 0.547, "rendimiento_2019": 45.8, "rendimiento_2020": 96.3, "estado": "sin_monitoreo", "ultimo_monitoreo": null}}, {"type": "Feature", "geometry": {"type": "Point", "coordinates": [-71.0933343, -28.5006343]}, "properties": {"codigo": "LL-OLI-0106", "id_arbol": 106, "predio": "Olivar Los Loros", "cultivo": "Olivo", "variedad": null, "lon": -71.0933343, "lat": -28.5006343, "zona_manejo": "alto", "clase_vigor_kmeans": 4, "ndvi": 0.55, "ndvi_actual": 0.537, "rendimiento_2019": 110.6, "rendimiento_2020": 99.2, "estado": "sin_monitoreo", "ultimo_monitoreo": null}}, {"type": "Feature", "geometry": {"type": "Point", "coordinates": [-71.093306, -28.5005422]}, "properties": {"codigo": "LL-OLI-0107", "id_arbol": 107, "predio": "Olivar Los Loros", "cultivo": "Olivo", "variedad": null, "lon": -71.093306, "lat": -28.5005422, "zona_manejo": "alto", "clase_vigor_kmeans": 4, "ndvi": 0.525, "ndvi_actual": 0.513, "rendimiento_2019": 159.7, "rendimiento_2020": 89.7, "estado": "sin_monitoreo", "ultimo_monitoreo": null}}, {"type": "Feature", "geometry": {"type": "Point", "coordinates": [-71.0932773, -28.5004622]}, "properties": {"codigo": "LL-OLI-0108", "id_arbol": 108, "predio": "Olivar Los Loros", "cultivo": "Olivo", "variedad": null, "lon": -71.0932773, "lat": -28.5004622, "zona_manejo": "alto", "clase_vigor_kmeans": 4, "ndvi": 0.543, "ndvi_actual": 0.521, "rendimiento_2019": 112.6, "rendimiento_2020": 89.6, "estado": "sin_monitoreo", "ultimo_monitoreo": null}}, {"type": "Feature", "geometry": {"type": "Point", "coordinates": [-71.0932483, -28.5003747]}, "properties": {"codigo": "LL-OLI-0109", "id_arbol": 109, "predio": "Olivar Los Loros", "cultivo": "Olivo", "variedad": null, "lon": -71.0932483, "lat": -28.5003747, "zona_manejo": "alto", "clase_vigor_kmeans": 4, "ndvi": 0.55, "ndvi_actual": 0.543, "rendimiento_2019": 157.7, "rendimiento_2020": 88.3, "estado": "sin_monitoreo", "ultimo_monitoreo": null}}, {"type": "Feature", "geometry": {"type": "Point", "coordinates": [-71.093937, -28.5008789]}, "properties": {"codigo": "LL-OLI-0011", "id_arbol": 11, "predio": "Olivar Los Loros", "cultivo": "Olivo", "variedad": null, "lon": -71.093937, "lat": -28.5008789, "zona_manejo": "alto", "clase_vigor_kmeans": 4, "ndvi": 0.55, "ndvi_actual": 0.515, "rendimiento_2019": 144.2, "rendimiento_2020": 107.5, "estado": "sin_monitoreo", "ultimo_monitoreo": null}}, {"type": "Feature", "geometry": {"type": "Point", "coordinates": [-71.0932299, -28.5002919]}, "properties": {"codigo": "LL-OLI-0110", "id_arbol": 110, "predio": "Olivar Los Loros", "cultivo": "Olivo", "variedad": null, "lon": -71.0932299, "lat": -28.5002919, "zona_manejo": "alto", "clase_vigor_kmeans": 4, "ndvi": 0.55, "ndvi_actual": 0.543, "rendimiento_2019": 144.8, "rendimiento_2020": 85.1, "estado": "sin_monitoreo", "ultimo_monitoreo": null}}, {"type": "Feature", "geometry": {"type": "Point", "coordinates": [-71.0932044, -28.5002097]}, "properties": {"codigo": "LL-OLI-0111", "id_arbol": 111, "predio": "Olivar Los Loros", "cultivo": "Olivo", "variedad": null, "lon": -71.0932044, "lat": -28.5002097, "zona_manejo": "alto", "clase_vigor_kmeans": 4, "ndvi": 0.565, "ndvi_actual": 0.515, "rendimiento_2019": 107.8, "rendimiento_2020": 90.7, "estado": "sin_monitoreo", "ultimo_monitoreo": null}}, {"type": "Feature", "geometry": {"type": "Point", "coordinates": [-71.0931789, -28.5001138]}, "properties": {"codigo": "LL-OLI-0112", "id_arbol": 112, "predio": "Olivar Los Loros", "cultivo": "Olivo", "variedad": null, "lon": -71.0931789, "lat": -28.5001138, "zona_manejo": "alto", "clase_vigor_kmeans": 4, "ndvi": 0.543, "ndvi_actual": 0.496, "rendimiento_2019": 111.2, "rendimiento_2020": 92.7, "estado": "sin_monitoreo", "ultimo_monitoreo": null}}, {"type": "Feature", "geometry": {"type": "Point", "coordinates": [-71.0930715, -28.5001496]}, "properties": {"codigo": "LL-OLI-0113", "id_arbol": 113, "predio": "Olivar Los Loros", "cultivo": "Olivo", "variedad": null, "lon": -71.0930715, "lat": -28.5001496, "zona_manejo": "alto", "clase_vigor_kmeans": 4, "ndvi": 0.522, "ndvi_actual": 0.478, "rendimiento_2019": 115.3, "rendimiento_2020": 98.7, "estado": "sin_monitoreo", "ultimo_monitoreo": null}}, {"type": "Feature", "geometry": {"type": "Point", "coordinates": [-71.0931074, -28.5002241]}, "properties": {"codigo": "LL-OLI-0114", "id_arbol": 114, "predio": "Olivar Los Loros", "cultivo": "Olivo", "variedad": null, "lon": -71.0931074, "lat": -28.5002241, "zona_manejo": "alto", "clase_vigor_kmeans": 4, "ndvi": 0.564, "ndvi_actual": 0.531, "rendimiento_2019": 97.2, "rendimiento_2020": 78.7, "estado": "sin_monitoreo", "ultimo_monitoreo": null}}, {"type": "Feature", "geometry": {"type": "Point", "coordinates": [-71.0931263, -28.5002963]}, "properties": {"codigo": "LL-OLI-0115", "id_arbol": 115, "predio": "Olivar Los Loros", "cultivo": "Olivo", "variedad": null, "lon": -71.0931263, "lat": -28.5002963, "zona_manejo": "alto", "clase_vigor_kmeans": 4, "ndvi": 0.54, "ndvi_actual": 0.546, "rendimiento_2019": 152.7, "rendimiento_2020": 86.9, "estado": "sin_monitoreo", "ultimo_monitoreo": null}}, {"type": "Feature", "geometry": {"type": "Point", "coordinates": [-71.0931605, -28.5003959]}, "properties": {"codigo": "LL-OLI-0116", "id_arbol": 116, "predio": "Olivar Los Loros", "cultivo": "Olivo", "variedad": null, "lon": -71.0931605, "lat": -28.5003959, "zona_manejo": "alto", "clase_vigor_kmeans": 4, "ndvi": 0.543, "ndvi_actual": 0.544, "rendimiento_2019": 81.3, "rendimiento_2020": 86.0, "estado": "sin_monitoreo", "ultimo_monitoreo": null}}, {"type": "Feature", "geometry": {"type": "Point", "coordinates": [-71.0931788, -28.5004807]}, "properties": {"codigo": "LL-OLI-0117", "id_arbol": 117, "predio": "Olivar Los Loros", "cultivo": "Olivo", "variedad": null, "lon": -71.0931788, "lat": -28.5004807, "zona_manejo": "alto", "clase_vigor_kmeans": 4, "ndvi": 0.534, "ndvi_actual": 0.544, "rendimiento_2019": 83.1, "rendimiento_2020": 87.3, "estado": "sin_monitoreo", "ultimo_monitoreo": null}}, {"type": "Feature", "geometry": {"type": "Point", "coordinates": [-71.0932049, -28.5005549]}, "properties": {"codigo": "LL-OLI-0118", "id_arbol": 118, "predio": "Olivar Los Loros", "cultivo": "Olivo", "variedad": null, "lon": -71.0932049, "lat": -28.5005549, "zona_manejo": "alto", "clase_vigor_kmeans": 4, "ndvi": 0.534, "ndvi_actual": 0.544, "rendimiento_2019": 98.1, "rendimiento_2020": 94.2, "estado": "sin_monitoreo", "ultimo_monitoreo": null}}, {"type": "Feature", "geometry": {"type": "Point", "coordinates": [-71.0932487, -28.500654]}, "properties": {"codigo": "LL-OLI-0119", "id_arbol": 119, "predio": "Olivar Los Loros", "cultivo": "Olivo", "variedad": null, "lon": -71.0932487, "lat": -28.500654, "zona_manejo": "medio", "clase_vigor_kmeans": 3, "ndvi": 0.54, "ndvi_actual": 0.547, "rendimiento_2019": 93.8, "rendimiento_2020": 94.4, "estado": "sin_monitoreo", "ultimo_monitoreo": null}}, {"type": "Feature", "geometry": {"type": "Point", "coordinates": [-71.093965, -28.5009834]}, "properties": {"codigo": "LL-OLI-0012", "id_arbol": 12, "predio": "Olivar Los Loros", "cultivo": "Olivo", "variedad": null, "lon": -71.093965, "lat": -28.5009834, "zona_manejo": "alto", "clase_vigor_kmeans": 4, "ndvi": 0.552, "ndvi_actual": 0.522, "rendimiento_2019": 102.0, "rendimiento_2020": 96.3, "estado": "sin_monitoreo", "ultimo_monitoreo": null}}, {"type": "Feature", "geometry": {"type": "Point", "coordinates": [-71.0932725, -28.5007414]}, "properties": {"codigo": "LL-OLI-0120", "id_arbol": 120, "predio": "Olivar Los Loros", "cultivo": "Olivo", "variedad": null, "lon": -71.0932725, "lat": -28.5007414, "zona_manejo": "alto", "clase_vigor_kmeans": 4, "ndvi": 0.552, "ndvi_actual": 0.558, "rendimiento_2019": 83.1, "rendimiento_2020": 96.1, "estado": "sin_monitoreo", "ultimo_monitoreo": null}}, {"type": "Feature", "geometry": {"type": "Point", "coordinates": [-71.0932977, -28.5008326]}, "properties": {"codigo": "LL-OLI-0121", "id_arbol": 121, "predio": "Olivar Los Loros", "cultivo": "Olivo", "variedad": null, "lon": -71.0932977, "lat": -28.5008326, "zona_manejo": "alto", "clase_vigor_kmeans": 4, "ndvi": 0.563, "ndvi_actual": 0.555, "rendimiento_2019": 102.0, "rendimiento_2020": 95.3, "estado": "sin_monitoreo", "ultimo_monitoreo": null}}, {"type": "Feature", "geometry": {"type": "Point", "coordinates": [-71.0933155, -28.5009222]}, "properties": {"codigo": "LL-OLI-0122", "id_arbol": 122, "predio": "Olivar Los Loros", "cultivo": "Olivo", "variedad": null, "lon": -71.0933155, "lat": -28.5009222, "zona_manejo": "alto", "clase_vigor_kmeans": 4, "ndvi": 0.553, "ndvi_actual": 0.578, "rendimiento_2019": 130.7, "rendimiento_2020": 100.0, "estado": "sin_monitoreo", "ultimo_monitoreo": null}}, {"type": "Feature", "geometry": {"type": "Point", "coordinates": [-71.0933451, -28.501012]}, "properties": {"codigo": "LL-OLI-0123", "id_arbol": 123, "predio": "Olivar Los Loros", "cultivo": "Olivo", "variedad": null, "lon": -71.0933451, "lat": -28.501012, "zona_manejo": "alto", "clase_vigor_kmeans": 4, "ndvi": 0.554, "ndvi_actual": 0.605, "rendimiento_2019": 142.4, "rendimiento_2020": 100.1, "estado": "sin_monitoreo", "ultimo_monitoreo": null}}, {"type": "Feature", "geometry": {"type": "Point", "coordinates": [-71.0933761, -28.5011045]}, "properties": {"codigo": "LL-OLI-0124", "id_arbol": 124, "predio": "Olivar Los Loros", "cultivo": "Olivo", "variedad": null, "lon": -71.0933761, "lat": -28.5011045, "zona_manejo": "medio", "clase_vigor_kmeans": 3, "ndvi": 0.531, "ndvi_actual": 0.602, "rendimiento_2019": 104.7, "rendimiento_2020": 93.9, "estado": "sin_monitoreo", "ultimo_monitoreo": null}}, {"type": "Feature", "geometry": {"type": "Point", "coordinates": [-71.0933908, -28.5011783]}, "properties": {"codigo": "LL-OLI-0125", "id_arbol": 125, "predio": "Olivar Los Loros", "cultivo": "Olivo", "variedad": null, "lon": -71.0933908, "lat": -28.5011783, "zona_manejo": "medio", "clase_vigor_kmeans": 3, "ndvi": 0.531, "ndvi_actual": 0.602, "rendimiento_2019": 91.0, "rendimiento_2020": 94.2, "estado": "sin_monitoreo", "ultimo_monitoreo": null}}, {"type": "Feature", "geometry": {"type": "Point", "coordinates": [-71.0934336, -28.501338]}, "properties": {"codigo": "LL-OLI-0126", "id_arbol": 126, "predio": "Olivar Los Loros", "cultivo": "Olivo", "variedad": null, "lon": -71.0934336, "lat": -28.501338, "zona_manejo": "alto", "clase_vigor_kmeans": 4, "ndvi": 0.561, "ndvi_actual": 0.564, "rendimiento_2019": 72.4, "rendimiento_2020": 86.9, "estado": "sin_monitoreo", "ultimo_monitoreo": null}}, {"type": "Feature", "geometry": {"type": "Point", "coordinates": [-71.0934675, -28.5014551]}, "properties": {"codigo": "LL-OLI-0127", "id_arbol": 127, "predio": "Olivar Los Loros", "cultivo": "Olivo", "variedad": null, "lon": -71.0934675, "lat": -28.5014551, "zona_manejo": "medio", "clase_vigor_kmeans": 3, "ndvi": 0.535, "ndvi_actual": 0.539, "rendimiento_2019": 91.0, "rendimiento_2020": 86.4, "estado": "sin_monitoreo", "ultimo_monitoreo": null}}, {"type": "Feature", "geometry": {"type": "Point", "coordinates": [-71.093497, -28.5015512]}, "properties": {"codigo": "LL-OLI-0128", "id_arbol": 128, "predio": "Olivar Los Loros", "cultivo": "Olivo", "variedad": null, "lon": -71.093497, "lat": -28.5015512, "zona_manejo": "medio", "clase_vigor_kmeans": 2, "ndvi": 0.465, "ndvi_actual": 0.455, "rendimiento_2019": 79.2, "rendimiento_2020": 82.9, "estado": "sin_monitoreo", "ultimo_monitoreo": null}}, {"type": "Feature", "geometry": {"type": "Point", "coordinates": [-71.0933904, -28.5015648]}, "properties": {"codigo": "LL-OLI-0129", "id_arbol": 129, "predio": "Olivar Los Loros", "cultivo": "Olivo", "variedad": null, "lon": -71.0933904, "lat": -28.5015648, "zona_manejo": "medio", "clase_vigor_kmeans": 2, "ndvi": 0.464, "ndvi_actual": 0.45, "rendimiento_2019": 65.0, "rendimiento_2020": 87.6, "estado": "sin_monitoreo", "ultimo_monitoreo": null}}, {"type": "Feature", "geometry": {"type": "Point", "coordinates": [-71.0939818, -28.5010534]}, "properties": {"codigo": "LL-OLI-0013", "id_arbol": 13, "predio": "Olivar Los Loros", "cultivo": "Olivo", "variedad": null, "lon": -71.0939818, "lat": -28.5010534, "zona_manejo": "alto", "clase_vigor_kmeans": 4, "ndvi": 0.549, "ndvi_actual": 0.537, "rendimiento_2019": 68.2, "rendimiento_2020": 82.6, "estado": "sin_monitoreo", "ultimo_monitoreo": null}}, {"type": "Feature", "geometry": {"type": "Point", "coordinates": [-71.0933625, -28.5014818]}, "properties": {"codigo": "LL-OLI-0130", "id_arbol": 130, "predio": "Olivar Los Loros", "cultivo": "Olivo", "variedad": null, "lon": -71.0933625, "lat": -28.5014818, "zona_manejo": "medio", "clase_vigor_kmeans": 2, "ndvi": 0.491, "ndvi_actual": 0.465, "rendimiento_2019": 61.9, "rendimiento_2020": 86.9, "estado": "sin_monitoreo", "ultimo_monitoreo": null}}, {"type": "Feature", "geometry": {"type": "Point", "coordinates": [-71.0933333, -28.5013594]}, "properties": {"codigo": "LL-OLI-0131", "id_arbol": 131, "predio": "Olivar Los Loros", "cultivo": "Olivo", "variedad": null, "lon": -71.0933333, "lat": -28.5013594, "zona_manejo": "alto", "clase_vigor_kmeans": 4, "ndvi": 0.555, "ndvi_actual": 0.552, "rendimiento_2019": 69.0, "rendimiento_2020": 83.4, "estado": "sin_monitoreo", "ultimo_monitoreo": null}}, {"type": "Feature", "geometry": {"type": "Point", "coordinates": [-71.0933128, -28.5012835]}, "properties": {"codigo": "LL-OLI-0132", "id_arbol": 132, "predio": "Olivar Los Loros", "cultivo": "Olivo", "variedad": null, "lon": -71.0933128, "lat": -28.5012835, "zona_manejo": "alto", "clase_vigor_kmeans": 4, "ndvi": 0.555, "ndvi_actual": 0.552, "rendimiento_2019": 71.8, "rendimiento_2020": 87.9, "estado": "sin_monitoreo", "ultimo_monitoreo": null}}, {"type": "Feature", "geometry": {"type": "Point", "coordinates": [-71.0932792, -28.5011829]}, "properties": {"codigo": "LL-OLI-0133", "id_arbol": 133, "predio": "Olivar Los Loros", "cultivo": "Olivo", "variedad": null, "lon": -71.0932792, "lat": -28.5011829, "zona_manejo": "alto", "clase_vigor_kmeans": 4, "ndvi": 0.549, "ndvi_actual": 0.606, "rendimiento_2019": 69.2, "rendimiento_2020": 100.6, "estado": "sin_monitoreo", "ultimo_monitoreo": null}}, {"type": "Feature", "geometry": {"type": "Point", "coordinates": [-71.0932642, -28.5010993]}, "properties": {"codigo": "LL-OLI-0134", "id_arbol": 134, "predio": "Olivar Los Loros", "cultivo": "Olivo", "variedad": null, "lon": -71.0932642, "lat": -28.5010993, "zona_manejo": "alto", "clase_vigor_kmeans": 4, "ndvi": 0.549, "ndvi_actual": 0.606, "rendimiento_2019": 96.0, "rendimiento_2020": 100.4, "estado": "sin_monitoreo", "ultimo_monitoreo": null}}, {"type": "Feature", "geometry": {"type": "Point", "coordinates": [-71.0932413, -28.5010144]}, "properties": {"codigo": "LL-OLI-0135", "id_arbol": 135, "predio": "Olivar Los Loros", "cultivo": "Olivo", "variedad": null, "lon": -71.0932413, "lat": -28.5010144, "zona_manejo": "alto", "clase_vigor_kmeans": 4, "ndvi": 0.568, "ndvi_actual": 0.58, "rendimiento_2019": 57.5, "rendimiento_2020": 97.9, "estado": "sin_monitoreo", "ultimo_monitoreo": null}}, {"type": "Feature", "geometry": {"type": "Point", "coordinates": [-71.0932175, -28.5009294]}, "properties": {"codigo": "LL-OLI-0136", "id_arbol": 136, "predio": "Olivar Los Loros", "cultivo": "Olivo", "variedad": null, "lon": -71.0932175, "lat": -28.5009294, "zona_manejo": "alto", "clase_vigor_kmeans": 4, "ndvi": 0.564, "ndvi_actual": 0.574, "rendimiento_2019": 88.8, "rendimiento_2020": 97.5, "estado": "sin_monitoreo", "ultimo_monitoreo": null}}, {"type": "Feature", "geometry": {"type": "Point", "coordinates": [-71.0931956, -28.5008469]}, "properties": {"codigo": "LL-OLI-0137", "id_arbol": 137, "predio": "Olivar Los Loros", "cultivo": "Olivo", "variedad": null, "lon": -71.0931956, "lat": -28.5008469, "zona_manejo": "alto", "clase_vigor_kmeans": 4, "ndvi": 0.562, "ndvi_actual": 0.557, "rendimiento_2019": 94.2, "rendimiento_2020": 92.5, "estado": "sin_monitoreo", "ultimo_monitoreo": null}}, {"type": "Feature", "geometry": {"type": "Point", "coordinates": [-71.0931746, -28.5007524]}, "properties": {"codigo": "LL-OLI-0138", "id_arbol": 138, "predio": "Olivar Los Loros", "cultivo": "Olivo", "variedad": null, "lon": -71.0931746, "lat": -28.5007524, "zona_manejo": "alto", "clase_vigor_kmeans": 4, "ndvi": 0.56, "ndvi_actual": 0.566, "rendimiento_2019": 128.2, "rendimiento_2020": 100.9, "estado": "sin_monitoreo", "ultimo_monitoreo": null}}, {"type": "Feature", "geometry": {"type": "Point", "coordinates": [-71.0931549, -28.5006722]}, "properties": {"codigo": "LL-OLI-0139", "id_arbol": 139, "predio": "Olivar Los Loros", "cultivo": "Olivo", "variedad": null, "lon": -71.0931549, "lat": -28.5006722, "zona_manejo": "medio", "clase_vigor_kmeans": 3, "ndvi": 0.54, "ndvi_actual": 0.547, "rendimiento_2019": 68.5, "rendimiento_2020": 93.4, "estado": "sin_monitoreo", "ultimo_monitoreo": null}}, {"type": "Feature", "geometry": {"type": "Point", "coordinates": [-71.0940108, -28.5011298]}, "properties": {"codigo": "LL-OLI-0014", "id_arbol": 14, "predio": "Olivar Los Loros", "cultivo": "Olivo", "variedad": null, "lon": -71.0940108, "lat": -28.5011298, "zona_manejo": "alto", "clase_vigor_kmeans": 4, "ndvi": 0.559, "ndvi_actual": 0.546, "rendimiento_2019": 90.8, "rendimiento_2020": 84.2, "estado": "sin_monitoreo", "ultimo_monitoreo": null}}, {"type": "Feature", "geometry": {"type": "Point", "coordinates": [-71.0931148, -28.5005791]}, "properties": {"codigo": "LL-OLI-0140", "id_arbol": 140, "predio": "Olivar Los Loros", "cultivo": "Olivo", "variedad": null, "lon": -71.0931148, "lat": -28.5005791, "zona_manejo": "alto", "clase_vigor_kmeans": 4, "ndvi": 0.533, "ndvi_actual": 0.544, "rendimiento_2019": 99.8, "rendimiento_2020": 93.1, "estado": "sin_monitoreo", "ultimo_monitoreo": null}}, {"type": "Feature", "geometry": {"type": "Point", "coordinates": [-71.0930977, -28.5004865]}, "properties": {"codigo": "LL-OLI-0141", "id_arbol": 141, "predio": "Olivar Los Loros", "cultivo": "Olivo", "variedad": null, "lon": -71.0930977, "lat": -28.5004865, "zona_manejo": "alto", "clase_vigor_kmeans": 4, "ndvi": 0.547, "ndvi_actual": 0.562, "rendimiento_2019": 113.0, "rendimiento_2020": 84.7, "estado": "sin_monitoreo", "ultimo_monitoreo": null}}, {"type": "Feature", "geometry": {"type": "Point", "coordinates": [-71.0930692, -28.5004211]}, "properties": {"codigo": "LL-OLI-0142", "id_arbol": 142, "predio": "Olivar Los Loros", "cultivo": "Olivo", "variedad": null, "lon": -71.0930692, "lat": -28.5004211, "zona_manejo": "alto", "clase_vigor_kmeans": 4, "ndvi": 0.544, "ndvi_actual": 0.564, "rendimiento_2019": 68.2, "rendimiento_2020": 83.9, "estado": "sin_monitoreo", "ultimo_monitoreo": null}}, {"type": "Feature", "geometry": {"type": "Point", "coordinates": [-71.0930524, -28.5003357]}, "properties": {"codigo": "LL-OLI-0143", "id_arbol": 143, "predio": "Olivar Los Loros", "cultivo": "Olivo", "variedad": null, "lon": -71.0930524, "lat": -28.5003357, "zona_manejo": "alto", "clase_vigor_kmeans": 4, "ndvi": 0.54, "ndvi_actual": 0.546, "rendimiento_2019": 74.0, "rendimiento_2020": 83.9, "estado": "sin_monitoreo", "ultimo_monitoreo": null}}, {"type": "Feature", "geometry": {"type": "Point", "coordinates": [-71.0930299, -28.5002808]}, "properties": {"codigo": "LL-OLI-0144", "id_arbol": 144, "predio": "Olivar Los Loros", "cultivo": "Olivo", "variedad": null, "lon": -71.0930299, "lat": -28.5002808, "zona_manejo": "alto", "clase_vigor_kmeans": 4, "ndvi": 0.544, "ndvi_actual": 0.535, "rendimiento_2019": 71.0, "rendimiento_2020": 86.3, "estado": "sin_monitoreo", "ultimo_monitoreo": null}}, {"type": "Feature", "geometry": {"type": "Point", "coordinates": [-71.0930061, -28.5002303]}, "properties": {"codigo": "LL-OLI-0145", "id_arbol": 145, "predio": "Olivar Los Loros", "cultivo": "Olivo", "variedad": null, "lon": -71.0930061, "lat": -28.5002303, "zona_manejo": "alto", "clase_vigor_kmeans": 4, "ndvi": 0.544, "ndvi_actual": 0.535, "rendimiento_2019": 108.7, "rendimiento_2020": 86.2, "estado": "sin_monitoreo", "ultimo_monitoreo": null}}, {"type": "Feature", "geometry": {"type": "Point", "coordinates": [-71.0929917, -28.5001458]}, "properties": {"codigo": "LL-OLI-0146", "id_arbol": 146, "predio": "Olivar Los Loros", "cultivo": "Olivo", "variedad": null, "lon": -71.0929917, "lat": -28.5001458, "zona_manejo": "medio", "clase_vigor_kmeans": 3, "ndvi": 0.511, "ndvi_actual": 0.476, "rendimiento_2019": 79.3, "rendimiento_2020": 94.8, "estado": "sin_monitoreo", "ultimo_monitoreo": null}}, {"type": "Feature", "geometry": {"type": "Point", "coordinates": [-71.0929039, -28.5001817]}, "properties": {"codigo": "LL-OLI-0147", "id_arbol": 147, "predio": "Olivar Los Loros", "cultivo": "Olivo", "variedad": null, "lon": -71.0929039, "lat": -28.5001817, "zona_manejo": "medio", "clase_vigor_kmeans": 3, "ndvi": 0.502, "ndvi_actual": 0.473, "rendimiento_2019": 94.7, "rendimiento_2020": 91.9, "estado": "sin_monitoreo", "ultimo_monitoreo": null}}, {"type": "Feature", "geometry": {"type": "Point", "coordinates": [-71.0929447, -28.5002522]}, "properties": {"codigo": "LL-OLI-0148", "id_arbol": 148, "predio": "Olivar Los Loros", "cultivo": "Olivo", "variedad": null, "lon": -71.0929447, "lat": -28.5002522, "zona_manejo": "alto", "clase_vigor_kmeans": 4, "ndvi": 0.544, "ndvi_actual": 0.535, "rendimiento_2019": 71.0, "rendimiento_2020": 87.4, "estado": "sin_monitoreo", "ultimo_monitoreo": null}}, {"type": "Feature", "geometry": {"type": "Point", "coordinates": [-71.0929502, -28.5003491]}, "properties": {"codigo": "LL-OLI-0149", "id_arbol": 149, "predio": "Olivar Los Loros", "cultivo": "Olivo", "variedad": null, "lon": -71.0929502, "lat": -28.5003491, "zona_manejo": "alto", "clase_vigor_kmeans": 4, "ndvi": 0.538, "ndvi_actual": 0.55, "rendimiento_2019": 61.4, "rendimiento_2020": 87.4, "estado": "sin_monitoreo", "ultimo_monitoreo": null}}, {"type": "Feature", "geometry": {"type": "Point", "coordinates": [-71.094049, -28.5012423]}, "properties": {"codigo": "LL-OLI-0015", "id_arbol": 15, "predio": "Olivar Los Loros", "cultivo": "Olivo", "variedad": null, "lon": -71.094049, "lat": -28.5012423, "zona_manejo": "alto", "clase_vigor_kmeans": 4, "ndvi": 0.557, "ndvi_actual": 0.55, "rendimiento_2019": 92.0, "rendimiento_2020": 87.9, "estado": "sin_monitoreo", "ultimo_monitoreo": null}}, {"type": "Feature", "geometry": {"type": "Point", "coordinates": [-71.0929741, -28.5004403]}, "properties": {"codigo": "LL-OLI-0150", "id_arbol": 150, "predio": "Olivar Los Loros", "cultivo": "Olivo", "variedad": null, "lon": -71.0929741, "lat": -28.5004403, "zona_manejo": "alto", "clase_vigor_kmeans": 4, "ndvi": 0.562, "ndvi_actual": 0.568, "rendimiento_2019": 110.6, "rendimiento_2020": 84.6, "estado": "sin_monitoreo", "ultimo_monitoreo": null}}, {"type": "Feature", "geometry": {"type": "Point", "coordinates": [-71.0929896, -28.5005122]}, "properties": {"codigo": "LL-OLI-0151", "id_arbol": 151, "predio": "Olivar Los Loros", "cultivo": "Olivo", "variedad": null, "lon": -71.0929896, "lat": -28.5005122, "zona_manejo": "alto", "clase_vigor_kmeans": 4, "ndvi": 0.56, "ndvi_actual": 0.58, "rendimiento_2019": 150.9, "rendimiento_2020": 91.4, "estado": "sin_monitoreo", "ultimo_monitoreo": null}}, {"type": "Feature", "geometry": {"type": "Point", "coordinates": [-71.0930031, -28.5006028]}, "properties": {"codigo": "LL-OLI-0152", "id_arbol": 152, "predio": "Olivar Los Loros", "cultivo": "Olivo", "variedad": null, "lon": -71.0930031, "lat": -28.5006028, "zona_manejo": "alto", "clase_vigor_kmeans": 4, "ndvi": 0.55, "ndvi_actual": 0.556, "rendimiento_2019": 37.7, "rendimiento_2020": 93.9, "estado": "sin_monitoreo", "ultimo_monitoreo": null}}, {"type": "Feature", "geometry": {"type": "Point", "coordinates": [-71.0930441, -28.5007007]}, "properties": {"codigo": "LL-OLI-0153", "id_arbol": 153, "predio": "Olivar Los Loros", "cultivo": "Olivo", "variedad": null, "lon": -71.0930441, "lat": -28.5007007, "zona_manejo": "alto", "clase_vigor_kmeans": 4, "ndvi": 0.548, "ndvi_actual": 0.549, "rendimiento_2019": 81.0, "rendimiento_2020": 92.6, "estado": "sin_monitoreo", "ultimo_monitoreo": null}}, {"type": "Feature", "geometry": {"type": "Point", "coordinates": [-71.0930621, -28.5007774]}, "properties": {"codigo": "LL-OLI-0154", "id_arbol": 154, "predio": "Olivar Los Loros", "cultivo": "Olivo", "variedad": null, "lon": -71.0930621, "lat": -28.5007774, "zona_manejo": "alto", "clase_vigor_kmeans": 4, "ndvi": 0.541, "ndvi_actual": 0.56, "rendimiento_2019": 76.0, "rendimiento_2020": 94.9, "estado": "sin_monitoreo", "ultimo_monitoreo": null}}, {"type": "Feature", "geometry": {"type": "Point", "coordinates": [-71.0930932, -28.500858]}, "properties": {"codigo": "LL-OLI-0155", "id_arbol": 155, "predio": "Olivar Los Loros", "cultivo": "Olivo", "variedad": null, "lon": -71.0930932, "lat": -28.500858, "zona_manejo": "alto", "clase_vigor_kmeans": 4, "ndvi": 0.536, "ndvi_actual": 0.535, "rendimiento_2019": 54.8, "rendimiento_2020": 96.4, "estado": "sin_monitoreo", "ultimo_monitoreo": null}}, {"type": "Feature", "geometry": {"type": "Point", "coordinates": [-71.093121, -28.5009483]}, "properties": {"codigo": "LL-OLI-0156", "id_arbol": 156, "predio": "Olivar Los Loros", "cultivo": "Olivo", "variedad": null, "lon": -71.093121, "lat": -28.5009483, "zona_manejo": "alto", "clase_vigor_kmeans": 4, "ndvi": 0.531, "ndvi_actual": 0.515, "rendimiento_2019": 34.2, "rendimiento_2020": 100.5, "estado": "sin_monitoreo", "ultimo_monitoreo": null}}, {"type": "Feature", "geometry": {"type": "Point", "coordinates": [-71.0931439, -28.5010364]}, "properties": {"codigo": "LL-OLI-0157", "id_arbol": 157, "predio": "Olivar Los Loros", "cultivo": "Olivo", "variedad": null, "lon": -71.0931439, "lat": -28.5010364, "zona_manejo": "medio", "clase_vigor_kmeans": 3, "ndvi": 0.54, "ndvi_actual": 0.569, "rendimiento_2019": 56.0, "rendimiento_2020": 96.9, "estado": "sin_monitoreo", "ultimo_monitoreo": null}}, {"type": "Feature", "geometry": {"type": "Point", "coordinates": [-71.0931663, -28.5011046]}, "properties": {"codigo": "LL-OLI-0158", "id_arbol": 158, "predio": "Olivar Los Loros", "cultivo": "Olivo", "variedad": null, "lon": -71.0931663, "lat": -28.5011046, "zona_manejo": "medio", "clase_vigor_kmeans": 3, "ndvi": 0.546, "ndvi_actual": 0.607, "rendimiento_2019": 68.5, "rendimiento_2020": 97.8, "estado": "sin_monitoreo", "ultimo_monitoreo": null}}, {"type": "Feature", "geometry": {"type": "Point", "coordinates": [-71.0931946, -28.5012266]}, "properties": {"codigo": "LL-OLI-0159", "id_arbol": 159, "predio": "Olivar Los Loros", "cultivo": "Olivo", "variedad": null, "lon": -71.0931946, "lat": -28.5012266, "zona_manejo": "medio", "clase_vigor_kmeans": 3, "ndvi": 0.527, "ndvi_actual": 0.568, "rendimiento_2019": 57.0, "rendimiento_2020": 95.6, "estado": "sin_monitoreo", "ultimo_monitoreo": null}}, {"type": "Feature", "geometry": {"type": "Point", "coordinates": [-71.0940571, -28.5013259]}, "properties": {"codigo": "LL-OLI-0016", "id_arbol": 16, "predio": "Olivar Los Loros", "cultivo": "Olivo", "variedad": null, "lon": -71.0940571, "lat": -28.5013259, "zona_manejo": "alto", "clase_vigor_kmeans": 4, "ndvi": 0.558, "ndvi_actual": 0.551, "rendimiento_2019": 84.5, "rendimiento_2020": 82.8, "estado": "sin_monitoreo", "ultimo_monitoreo": null}}, {"type": "Feature", "geometry": {"type": "Point", "coordinates": [-71.0932216, -28.5013087]}, "properties": {"codigo": "LL-OLI-0160", "id_arbol": 160, "predio": "Olivar Los Loros", "cultivo": "Olivo", "variedad": null, "lon": -71.0932216, "lat": -28.5013087, "zona_manejo": "alto", "clase_vigor_kmeans": 4, "ndvi": 0.529, "ndvi_actual": 0.512, "rendimiento_2019": 68.7, "rendimiento_2020": 87.1, "estado": "sin_monitoreo", "ultimo_monitoreo": null}}, {"type": "Feature", "geometry": {"type": "Point", "coordinates": [-71.0932403, -28.5013859]}, "properties": {"codigo": "LL-OLI-0161", "id_arbol": 161, "predio": "Olivar Los Loros", "cultivo": "Olivo", "variedad": null, "lon": -71.0932403, "lat": -28.5013859, "zona_manejo": "medio", "clase_vigor_kmeans": 3, "ndvi": 0.515, "ndvi_actual": 0.486, "rendimiento_2019": 83.5, "rendimiento_2020": 90.4, "estado": "sin_monitoreo", "ultimo_monitoreo": null}}, {"type": "Feature", "geometry": {"type": "Point", "coordinates": [-71.0932291, -28.5014625]}, "properties": {"codigo": "LL-OLI-0162", "id_arbol": 162, "predio": "Olivar Los Loros", "cultivo": "Olivo", "variedad": null, "lon": -71.0932291, "lat": -28.5014625, "zona_manejo": "medio", "clase_vigor_kmeans": 2, "ndvi": 0.474, "ndvi_actual": 0.46, "rendimiento_2019": 56.0, "rendimiento_2020": 81.0, "estado": "sin_monitoreo", "ultimo_monitoreo": null}}, {"type": "Feature", "geometry": {"type": "Point", "coordinates": [-71.0931301, -28.5014073]}, "properties": {"codigo": "LL-OLI-0163", "id_arbol": 163, "predio": "Olivar Los Loros", "cultivo": "Olivo", "variedad": null, "lon": -71.0931301, "lat": -28.5014073, "zona_manejo": "medio", "clase_vigor_kmeans": 2, "ndvi": 0.497, "ndvi_actual": 0.463, "rendimiento_2019": 35.6, "rendimiento_2020": 87.2, "estado": "sin_monitoreo", "ultimo_monitoreo": null}}, {"type": "Feature", "geometry": {"type": "Point", "coordinates": [-71.0931128, -28.5013199]}, "properties": {"codigo": "LL-OLI-0164", "id_arbol": 164, "predio": "Olivar Los Loros", "cultivo": "Olivo", "variedad": null, "lon": -71.0931128, "lat": -28.5013199, "zona_manejo": "medio", "clase_vigor_kmeans": 3, "ndvi": 0.519, "ndvi_actual": 0.529, "rendimiento_2019": null, "rendimiento_2020": 83.4, "estado": "sin_monitoreo", "ultimo_monitoreo": null}}, {"type": "Feature", "geometry": {"type": "Point", "coordinates": [-71.0930865, -28.5012334]}, "properties": {"codigo": "LL-OLI-0165", "id_arbol": 165, "predio": "Olivar Los Loros", "cultivo": "Olivo", "variedad": null, "lon": -71.0930865, "lat": -28.5012334, "zona_manejo": "medio", "clase_vigor_kmeans": 3, "ndvi": 0.53, "ndvi_actual": 0.582, "rendimiento_2019": 80.2, "rendimiento_2020": 92.4, "estado": "sin_monitoreo", "ultimo_monitoreo": null}}, {"type": "Feature", "geometry": {"type": "Point", "coordinates": [-71.0930628, -28.5011339]}, "properties": {"codigo": "LL-OLI-0166", "id_arbol": 166, "predio": "Olivar Los Loros", "cultivo": "Olivo", "variedad": null, "lon": -71.0930628, "lat": -28.5011339, "zona_manejo": "medio", "clase_vigor_kmeans": 3, "ndvi": 0.54, "ndvi_actual": 0.601, "rendimiento_2019": 54.0, "rendimiento_2020": 89.0, "estado": "sin_monitoreo", "ultimo_monitoreo": null}}, {"type": "Feature", "geometry": {"type": "Point", "coordinates": [-71.0930464, -28.5010643]}, "properties": {"codigo": "LL-OLI-0167", "id_arbol": 167, "predio": "Olivar Los Loros", "cultivo": "Olivo", "variedad": null, "lon": -71.0930464, "lat": -28.5010643, "zona_manejo": "alto", "clase_vigor_kmeans": 4, "ndvi": 0.537, "ndvi_actual": 0.565, "rendimiento_2019": 78.5, "rendimiento_2020": 88.6, "estado": "sin_monitoreo", "ultimo_monitoreo": null}}, {"type": "Feature", "geometry": {"type": "Point", "coordinates": [-71.0930196, -28.5009961]}, "properties": {"codigo": "LL-OLI-0168", "id_arbol": 168, "predio": "Olivar Los Loros", "cultivo": "Olivo", "variedad": null, "lon": -71.0930196, "lat": -28.5009961, "zona_manejo": "alto", "clase_vigor_kmeans": 4, "ndvi": 0.535, "ndvi_actual": 0.524, "rendimiento_2019": 107.2, "rendimiento_2020": 110.1, "estado": "sin_monitoreo", "ultimo_monitoreo": null}}, {"type": "Feature", "geometry": {"type": "Point", "coordinates": [-71.0929877, -28.5009045]}, "properties": {"codigo": "LL-OLI-0169", "id_arbol": 169, "predio": "Olivar Los Loros", "cultivo": "Olivo", "variedad": null, "lon": -71.0929877, "lat": -28.5009045, "zona_manejo": "alto", "clase_vigor_kmeans": 4, "ndvi": 0.543, "ndvi_actual": 0.538, "rendimiento_2019": 86.8, "rendimiento_2020": 89.3, "estado": "sin_monitoreo", "ultimo_monitoreo": null}}, {"type": "Feature", "geometry": {"type": "Point", "coordinates": [-71.0940861, -28.501416]}, "properties": {"codigo": "LL-OLI-0017", "id_arbol": 17, "predio": "Olivar Los Loros", "cultivo": "Olivo", "variedad": null, "lon": -71.0940861, "lat": -28.501416, "zona_manejo": "alto", "clase_vigor_kmeans": 4, "ndvi": 0.552, "ndvi_actual": 0.568, "rendimiento_2019": 133.8, "rendimiento_2020": 89.6, "estado": "sin_monitoreo", "ultimo_monitoreo": null}}, {"type": "Feature", "geometry": {"type": "Point", "coordinates": [-71.0929652, -28.500806]}, "properties": {"codigo": "LL-OLI-0170", "id_arbol": 170, "predio": "Olivar Los Loros", "cultivo": "Olivo", "variedad": null, "lon": -71.0929652, "lat": -28.500806, "zona_manejo": "alto", "clase_vigor_kmeans": 4, "ndvi": 0.549, "ndvi_actual": 0.556, "rendimiento_2019": 97.8, "rendimiento_2020": 86.5, "estado": "sin_monitoreo", "ultimo_monitoreo": null}}, {"type": "Feature", "geometry": {"type": "Point", "coordinates": [-71.0929303, -28.5007086]}, "properties": {"codigo": "LL-OLI-0171", "id_arbol": 171, "predio": "Olivar Los Loros", "cultivo": "Olivo", "variedad": null, "lon": -71.0929303, "lat": -28.5007086, "zona_manejo": "alto", "clase_vigor_kmeans": 4, "ndvi": 0.582, "ndvi_actual": 0.593, "rendimiento_2019": 117.4, "rendimiento_2020": 87.5, "estado": "sin_monitoreo", "ultimo_monitoreo": null}}, {"type": "Feature", "geometry": {"type": "Point", "coordinates": [-71.0929071, -28.5006236]}, "properties": {"codigo": "LL-OLI-0172", "id_arbol": 172, "predio": "Olivar Los Loros", "cultivo": "Olivo", "variedad": null, "lon": -71.0929071, "lat": -28.5006236, "zona_manejo": "alto", "clase_vigor_kmeans": 4, "ndvi": 0.577, "ndvi_actual": 0.578, "rendimiento_2019": 72.1, "rendimiento_2020": 92.4, "estado": "sin_monitoreo", "ultimo_monitoreo": null}}, {"type": "Feature", "geometry": {"type": "Point", "coordinates": [-71.0928846, -28.5005365]}, "properties": {"codigo": "LL-OLI-0173", "id_arbol": 173, "predio": "Olivar Los Loros", "cultivo": "Olivo", "variedad": null, "lon": -71.0928846, "lat": -28.5005365, "zona_manejo": "alto", "clase_vigor_kmeans": 4, "ndvi": 0.559, "ndvi_actual": 0.566, "rendimiento_2019": 69.4, "rendimiento_2020": 89.2, "estado": "sin_monitoreo", "ultimo_monitoreo": null}}, {"type": "Feature", "geometry": {"type": "Point", "coordinates": [-71.0928685, -28.500456]}, "properties": {"codigo": "LL-OLI-0174", "id_arbol": 174, "predio": "Olivar Los Loros", "cultivo": "Olivo", "variedad": null, "lon": -71.0928685, "lat": -28.500456, "zona_manejo": "alto", "clase_vigor_kmeans": 4, "ndvi": 0.541, "ndvi_actual": 0.556, "rendimiento_2019": 144.8, "rendimiento_2020": 82.2, "estado": "sin_monitoreo", "ultimo_monitoreo": null}}, {"type": "Feature", "geometry": {"type": "Point", "coordinates": [-71.0928309, -28.5003626]}, "properties": {"codigo": "LL-OLI-0175", "id_arbol": 175, "predio": "Olivar Los Loros", "cultivo": "Olivo", "variedad": null, "lon": -71.0928309, "lat": -28.5003626, "zona_manejo": "medio", "clase_vigor_kmeans": 3, "ndvi": 0.512, "ndvi_actual": 0.517, "rendimiento_2019": 94.6, "rendimiento_2020": 96.1, "estado": "sin_monitoreo", "ultimo_monitoreo": null}}, {"type": "Feature", "geometry": {"type": "Point", "coordinates": [-71.0928104, -28.5002732]}, "properties": {"codigo": "LL-OLI-0176", "id_arbol": 176, "predio": "Olivar Los Loros", "cultivo": "Olivo", "variedad": null, "lon": -71.0928104, "lat": -28.5002732, "zona_manejo": "medio", "clase_vigor_kmeans": 3, "ndvi": 0.501, "ndvi_actual": 0.47, "rendimiento_2019": 90.8, "rendimiento_2020": 90.4, "estado": "sin_monitoreo", "ultimo_monitoreo": null}}, {"type": "Feature", "geometry": {"type": "Point", "coordinates": [-71.0927894, -28.5002029]}, "properties": {"codigo": "LL-OLI-0177", "id_arbol": 177, "predio": "Olivar Los Loros", "cultivo": "Olivo", "variedad": null, "lon": -71.0927894, "lat": -28.5002029, "zona_manejo": "medio", "clase_vigor_kmeans": 2, "ndvi": 0.487, "ndvi_actual": 0.484, "rendimiento_2019": 66.8, "rendimiento_2020": 92.2, "estado": "sin_monitoreo", "ultimo_monitoreo": null}}, {"type": "Feature", "geometry": {"type": "Point", "coordinates": [-71.0926852, -28.5002193]}, "properties": {"codigo": "LL-OLI-0178", "id_arbol": 178, "predio": "Olivar Los Loros", "cultivo": "Olivo", "variedad": null, "lon": -71.0926852, "lat": -28.5002193, "zona_manejo": "alto", "clase_vigor_kmeans": 4, "ndvi": 0.53, "ndvi_actual": 0.472, "rendimiento_2019": 107.0, "rendimiento_2020": 93.4, "estado": "sin_monitoreo", "ultimo_monitoreo": null}}, {"type": "Feature", "geometry": {"type": "Point", "coordinates": [-71.0927102, -28.5002973]}, "properties": {"codigo": "LL-OLI-0179", "id_arbol": 179, "predio": "Olivar Los Loros", "cultivo": "Olivo", "variedad": null, "lon": -71.0927102, "lat": -28.5002973, "zona_manejo": "alto", "clase_vigor_kmeans": 4, "ndvi": 0.54, "ndvi_actual": 0.511, "rendimiento_2019": 93.8, "rendimiento_2020": 91.4, "estado": "sin_monitoreo", "ultimo_monitoreo": null}}, {"type": "Feature", "geometry": {"type": "Point", "coordinates": [-71.0941242, -28.5015161]}, "properties": {"codigo": "LL-OLI-0018", "id_arbol": 18, "predio": "Olivar Los Loros", "cultivo": "Olivo", "variedad": null, "lon": -71.0941242, "lat": -28.5015161, "zona_manejo": "alto", "clase_vigor_kmeans": 4, "ndvi": 0.549, "ndvi_actual": 0.553, "rendimiento_2019": 46.5, "rendimiento_2020": 87.3, "estado": "sin_monitoreo", "ultimo_monitoreo": null}}, {"type": "Feature", "geometry": {"type": "Point", "coordinates": [-71.0927301, -28.500387]}, "properties": {"codigo": "LL-OLI-0180", "id_arbol": 180, "predio": "Olivar Los Loros", "cultivo": "Olivo", "variedad": null, "lon": -71.0927301, "lat": -28.500387, "zona_manejo": "alto", "clase_vigor_kmeans": 4, "ndvi": 0.565, "ndvi_actual": 0.544, "rendimiento_2019": 56.6, "rendimiento_2020": 77.8, "estado": "sin_monitoreo", "ultimo_monitoreo": null}}, {"type": "Feature", "geometry": {"type": "Point", "coordinates": [-71.0927625, -28.500468]}, "properties": {"codigo": "LL-OLI-0181", "id_arbol": 181, "predio": "Olivar Los Loros", "cultivo": "Olivo", "variedad": null, "lon": -71.0927625, "lat": -28.500468, "zona_manejo": "alto", "clase_vigor_kmeans": 4, "ndvi": 0.541, "ndvi_actual": 0.535, "rendimiento_2019": 66.9, "rendimiento_2020": 86.2, "estado": "sin_monitoreo", "ultimo_monitoreo": null}}, {"type": "Feature", "geometry": {"type": "Point", "coordinates": [-71.0927932, -28.5005673]}, "properties": {"codigo": "LL-OLI-0182", "id_arbol": 182, "predio": "Olivar Los Loros", "cultivo": "Olivo", "variedad": null, "lon": -71.0927932, "lat": -28.5005673, "zona_manejo": "alto", "clase_vigor_kmeans": 4, "ndvi": 0.579, "ndvi_actual": 0.578, "rendimiento_2019": 73.2, "rendimiento_2020": 87.2, "estado": "sin_monitoreo", "ultimo_monitoreo": null}}, {"type": "Feature", "geometry": {"type": "Point", "coordinates": [-71.0928055, -28.5006482]}, "properties": {"codigo": "LL-OLI-0183", "id_arbol": 183, "predio": "Olivar Los Loros", "cultivo": "Olivo", "variedad": null, "lon": -71.0928055, "lat": -28.5006482, "zona_manejo": "alto", "clase_vigor_kmeans": 4, "ndvi": 0.579, "ndvi_actual": 0.578, "rendimiento_2019": 77.7, "rendimiento_2020": 87.4, "estado": "sin_monitoreo", "ultimo_monitoreo": null}}, {"type": "Feature", "geometry": {"type": "Point", "coordinates": [-71.0928359, -28.5007357]}, "properties": {"codigo": "LL-OLI-0184", "id_arbol": 184, "predio": "Olivar Los Loros", "cultivo": "Olivo", "variedad": null, "lon": -71.0928359, "lat": -28.5007357, "zona_manejo": "alto", "clase_vigor_kmeans": 4, "ndvi": 0.582, "ndvi_actual": 0.582, "rendimiento_2019": 73.2, "rendimiento_2020": 88.9, "estado": "sin_monitoreo", "ultimo_monitoreo": null}}, {"type": "Feature", "geometry": {"type": "Point", "coordinates": [-71.0928752, -28.5008489]}, "properties": {"codigo": "LL-OLI-0185", "id_arbol": 185, "predio": "Olivar Los Loros", "cultivo": "Olivo", "variedad": null, "lon": -71.0928752, "lat": -28.5008489, "zona_manejo": "alto", "clase_vigor_kmeans": 4, "ndvi": 0.565, "ndvi_actual": 0.577, "rendimiento_2019": 81.3, "rendimiento_2020": 91.6, "estado": "sin_monitoreo", "ultimo_monitoreo": null}}, {"type": "Feature", "geometry": {"type": "Point", "coordinates": [-71.092899, -28.5009356]}, "properties": {"codigo": "LL-OLI-0186", "id_arbol": 186, "predio": "Olivar Los Loros", "cultivo": "Olivo", "variedad": null, "lon": -71.092899, "lat": -28.5009356, "zona_manejo": "alto", "clase_vigor_kmeans": 4, "ndvi": 0.558, "ndvi_actual": 0.538, "rendimiento_2019": 75.9, "rendimiento_2020": 89.5, "estado": "sin_monitoreo", "ultimo_monitoreo": null}}, {"type": "Feature", "geometry": {"type": "Point", "coordinates": [-71.0929273, -28.5010227]}, "properties": {"codigo": "LL-OLI-0187", "id_arbol": 187, "predio": "Olivar Los Loros", "cultivo": "Olivo", "variedad": null, "lon": -71.0929273, "lat": -28.5010227, "zona_manejo": "alto", "clase_vigor_kmeans": 4, "ndvi": 0.56, "ndvi_actual": 0.513, "rendimiento_2019": 106.3, "rendimiento_2020": 94.5, "estado": "sin_monitoreo", "ultimo_monitoreo": null}}, {"type": "Feature", "geometry": {"type": "Point", "coordinates": [-71.0929448, -28.5010896]}, "properties": {"codigo": "LL-OLI-0188", "id_arbol": 188, "predio": "Olivar Los Loros", "cultivo": "Olivo", "variedad": null, "lon": -71.0929448, "lat": -28.5010896, "zona_manejo": "alto", "clase_vigor_kmeans": 4, "ndvi": 0.56, "ndvi_actual": 0.513, "rendimiento_2019": 88.0, "rendimiento_2020": 92.5, "estado": "sin_monitoreo", "ultimo_monitoreo": null}}, {"type": "Feature", "geometry": {"type": "Point", "coordinates": [-71.0929603, -28.501164]}, "properties": {"codigo": "LL-OLI-0189", "id_arbol": 189, "predio": "Olivar Los Loros", "cultivo": "Olivo", "variedad": null, "lon": -71.0929603, "lat": -28.501164, "zona_manejo": "medio", "clase_vigor_kmeans": 3, "ndvi": 0.533, "ndvi_actual": 0.544, "rendimiento_2019": 68.0, "rendimiento_2020": 81.1, "estado": "sin_monitoreo", "ultimo_monitoreo": null}}, {"type": "Feature", "geometry": {"type": "Point", "coordinates": [-71.0941405, -28.5016029]}, "properties": {"codigo": "LL-OLI-0019", "id_arbol": 19, "predio": "Olivar Los Loros", "cultivo": "Olivo", "variedad": null, "lon": -71.0941405, "lat": -28.5016029, "zona_manejo": "medio", "clase_vigor_kmeans": 3, "ndvi": 0.507, "ndvi_actual": 0.492, "rendimiento_2019": 54.7, "rendimiento_2020": 93.4, "estado": "sin_monitoreo", "ultimo_monitoreo": null}}, {"type": "Feature", "geometry": {"type": "Point", "coordinates": [-71.0928735, -28.501219]}, "properties": {"codigo": "LL-OLI-0190", "id_arbol": 190, "predio": "Olivar Los Loros", "cultivo": "Olivo", "variedad": null, "lon": -71.0928735, "lat": -28.501219, "zona_manejo": "medio", "clase_vigor_kmeans": 3, "ndvi": 0.479, "ndvi_actual": 0.418, "rendimiento_2019": 113.2, "rendimiento_2020": 94.2, "estado": "sin_monitoreo", "ultimo_monitoreo": null}}, {"type": "Feature", "geometry": {"type": "Point", "coordinates": [-71.092839, -28.5011065]}, "properties": {"codigo": "LL-OLI-0191", "id_arbol": 191, "predio": "Olivar Los Loros", "cultivo": "Olivo", "variedad": null, "lon": -71.092839, "lat": -28.5011065, "zona_manejo": "medio", "clase_vigor_kmeans": 3, "ndvi": 0.517, "ndvi_actual": 0.469, "rendimiento_2019": 39.4, "rendimiento_2020": 94.6, "estado": "sin_monitoreo", "ultimo_monitoreo": null}}, {"type": "Feature", "geometry": {"type": "Point", "coordinates": [-71.0928214, -28.5010451]}, "properties": {"codigo": "LL-OLI-0192", "id_arbol": 192, "predio": "Olivar Los Loros", "cultivo": "Olivo", "variedad": null, "lon": -71.0928214, "lat": -28.5010451, "zona_manejo": "alto", "clase_vigor_kmeans": 4, "ndvi": 0.556, "ndvi_actual": 0.532, "rendimiento_2019": 47.8, "rendimiento_2020": 90.8, "estado": "sin_monitoreo", "ultimo_monitoreo": null}}, {"type": "Feature", "geometry": {"type": "Point", "coordinates": [-71.0927951, -28.5009614]}, "properties": {"codigo": "LL-OLI-0193", "id_arbol": 193, "predio": "Olivar Los Loros", "cultivo": "Olivo", "variedad": null, "lon": -71.0927951, "lat": -28.5009614, "zona_manejo": "alto", "clase_vigor_kmeans": 4, "ndvi": 0.568, "ndvi_actual": 0.556, "rendimiento_2019": 133.7, "rendimiento_2020": 86.5, "estado": "sin_monitoreo", "ultimo_monitoreo": null}}, {"type": "Feature", "geometry": {"type": "Point", "coordinates": [-71.0927676, -28.5008581]}, "properties": {"codigo": "LL-OLI-0194", "id_arbol": 194, "predio": "Olivar Los Loros", "cultivo": "Olivo", "variedad": null, "lon": -71.0927676, "lat": -28.5008581, "zona_manejo": "alto", "clase_vigor_kmeans": 4, "ndvi": 0.567, "ndvi_actual": 0.566, "rendimiento_2019": 19.5, "rendimiento_2020": 85.1, "estado": "sin_monitoreo", "ultimo_monitoreo": null}}, {"type": "Feature", "geometry": {"type": "Point", "coordinates": [-71.0927422, -28.5007659]}, "properties": {"codigo": "LL-OLI-0195", "id_arbol": 195, "predio": "Olivar Los Loros", "cultivo": "Olivo", "variedad": null, "lon": -71.0927422, "lat": -28.5007659, "zona_manejo": "alto", "clase_vigor_kmeans": 4, "ndvi": 0.565, "ndvi_actual": 0.55, "rendimiento_2019": 28.8, "rendimiento_2020": 81.6, "estado": "sin_monitoreo", "ultimo_monitoreo": null}}, {"type": "Feature", "geometry": {"type": "Point", "coordinates": [-71.0927093, -28.5006708]}, "properties": {"codigo": "LL-OLI-0196", "id_arbol": 196, "predio": "Olivar Los Loros", "cultivo": "Olivo", "variedad": null, "lon": -71.0927093, "lat": -28.5006708, "zona_manejo": "alto", "clase_vigor_kmeans": 4, "ndvi": 0.58, "ndvi_actual": 0.583, "rendimiento_2019": 82.2, "rendimiento_2020": 86.4, "estado": "sin_monitoreo", "ultimo_monitoreo": null}}, {"type": "Feature", "geometry": {"type": "Point", "coordinates": [-71.0926869, -28.5005833]}, "properties": {"codigo": "LL-OLI-0197", "id_arbol": 197, "predio": "Olivar Los Loros", "cultivo": "Olivo", "variedad": null, "lon": -71.0926869, "lat": -28.5005833, "zona_manejo": "alto", "clase_vigor_kmeans": 4, "ndvi": 0.567, "ndvi_actual": 0.592, "rendimiento_2019": 39.8, "rendimiento_2020": 80.6, "estado": "sin_monitoreo", "ultimo_monitoreo": null}}, {"type": "Feature", "geometry": {"type": "Point", "coordinates": [-71.0926633, -28.5005038]}, "properties": {"codigo": "LL-OLI-0198", "id_arbol": 198, "predio": "Olivar Los Loros", "cultivo": "Olivo", "variedad": null, "lon": -71.0926633, "lat": -28.5005038, "zona_manejo": "alto", "clase_vigor_kmeans": 4, "ndvi": 0.566, "ndvi_actual": 0.559, "rendimiento_2019": 17.3, "rendimiento_2020": 82.5, "estado": "sin_monitoreo", "ultimo_monitoreo": null}}, {"type": "Feature", "geometry": {"type": "Point", "coordinates": [-71.0926403, -28.5004243]}, "properties": {"codigo": "LL-OLI-0199", "id_arbol": 199, "predio": "Olivar Los Loros", "cultivo": "Olivo", "variedad": null, "lon": -71.0926403, "lat": -28.5004243, "zona_manejo": "alto", "clase_vigor_kmeans": 4, "ndvi": 0.565, "ndvi_actual": 0.544, "rendimiento_2019": 49.6, "rendimiento_2020": 82.3, "estado": "sin_monitoreo", "ultimo_monitoreo": null}}, {"type": "Feature", "geometry": {"type": "Point", "coordinates": [-71.0937086, -28.5000871]}, "properties": {"codigo": "LL-OLI-0002", "id_arbol": 2, "predio": "Olivar Los Loros", "cultivo": "Olivo", "variedad": null, "lon": -71.0937086, "lat": -28.5000871, "zona_manejo": "alto", "clase_vigor_kmeans": 4, "ndvi": 0.559, "ndvi_actual": 0.522, "rendimiento_2019": 61.0, "rendimiento_2020": 99.7, "estado": "sin_monitoreo", "ultimo_monitoreo": null}}, {"type": "Feature", "geometry": {"type": "Point", "coordinates": [-71.0940532, -28.5016262]}, "properties": {"codigo": "LL-OLI-0020", "id_arbol": 20, "predio": "Olivar Los Loros", "cultivo": "Olivo", "variedad": null, "lon": -71.0940532, "lat": -28.5016262, "zona_manejo": "alto", "clase_vigor_kmeans": 4, "ndvi": 0.528, "ndvi_actual": 0.502, "rendimiento_2019": 37.5, "rendimiento_2020": 89.6, "estado": "sin_monitoreo", "ultimo_monitoreo": null}}, {"type": "Feature", "geometry": {"type": "Point", "coordinates": [-71.0926089, -28.5003168]}, "properties": {"codigo": "LL-OLI-0200", "id_arbol": 200, "predio": "Olivar Los Loros", "cultivo": "Olivo", "variedad": null, "lon": -71.0926089, "lat": -28.5003168, "zona_manejo": "alto", "clase_vigor_kmeans": 4, "ndvi": 0.56, "ndvi_actual": 0.534, "rendimiento_2019": 115.1, "rendimiento_2020": 87.6, "estado": "sin_monitoreo", "ultimo_monitoreo": null}}, {"type": "Feature", "geometry": {"type": "Point", "coordinates": [-71.0925826, -28.5002349]}, "properties": {"codigo": "LL-OLI-0201", "id_arbol": 201, "predio": "Olivar Los Loros", "cultivo": "Olivo", "variedad": null, "lon": -71.0925826, "lat": -28.5002349, "zona_manejo": "alto", "clase_vigor_kmeans": 4, "ndvi": 0.55, "ndvi_actual": 0.498, "rendimiento_2019": 94.3, "rendimiento_2020": 85.2, "estado": "sin_monitoreo", "ultimo_monitoreo": null}}, {"type": "Feature", "geometry": {"type": "Point", "coordinates": [-71.0925295, -28.5001441]}, "properties": {"codigo": "LL-OLI-0202", "id_arbol": 202, "predio": "Olivar Los Loros", "cultivo": "Olivo", "variedad": null, "lon": -71.0925295, "lat": -28.5001441, "zona_manejo": "medio", "clase_vigor_kmeans": 3, "ndvi": 0.475, "ndvi_actual": 0.47, "rendimiento_2019": 62.0, "rendimiento_2020": 84.9, "estado": "sin_monitoreo", "ultimo_monitoreo": null}}, {"type": "Feature", "geometry": {"type": "Point", "coordinates": [-71.0924276, -28.5001546]}, "properties": {"codigo": "LL-OLI-0203", "id_arbol": 203, "predio": "Olivar Los Loros", "cultivo": "Olivo", "variedad": null, "lon": -71.0924276, "lat": -28.5001546, "zona_manejo": "medio", "clase_vigor_kmeans": 2, "ndvi": 0.475, "ndvi_actual": 0.487, "rendimiento_2019": 31.0, "rendimiento_2020": 85.5, "estado": "sin_monitoreo", "ultimo_monitoreo": null}}, {"type": "Feature", "geometry": {"type": "Point", "coordinates": [-71.0924954, -28.5002452]}, "properties": {"codigo": "LL-OLI-0204", "id_arbol": 204, "predio": "Olivar Los Loros", "cultivo": "Olivo", "variedad": null, "lon": -71.0924954, "lat": -28.5002452, "zona_manejo": "medio", "clase_vigor_kmeans": 3, "ndvi": 0.534, "ndvi_actual": 0.53, "rendimiento_2019": 58.6, "rendimiento_2020": 89.8, "estado": "sin_monitoreo", "ultimo_monitoreo": null}}, {"type": "Feature", "geometry": {"type": "Point", "coordinates": [-71.09252, -28.5003315]}, "properties": {"codigo": "LL-OLI-0205", "id_arbol": 205, "predio": "Olivar Los Loros", "cultivo": "Olivo", "variedad": null, "lon": -71.09252, "lat": -28.5003315, "zona_manejo": "alto", "clase_vigor_kmeans": 4, "ndvi": 0.555, "ndvi_actual": 0.548, "rendimiento_2019": 58.6, "rendimiento_2020": 85.1, "estado": "sin_monitoreo", "ultimo_monitoreo": null}}, {"type": "Feature", "geometry": {"type": "Point", "coordinates": [-71.0925505, -28.5004201]}, "properties": {"codigo": "LL-OLI-0206", "id_arbol": 206, "predio": "Olivar Los Loros", "cultivo": "Olivo", "variedad": null, "lon": -71.0925505, "lat": -28.5004201, "zona_manejo": "alto", "clase_vigor_kmeans": 4, "ndvi": 0.568, "ndvi_actual": 0.556, "rendimiento_2019": 114.7, "rendimiento_2020": 88.3, "estado": "sin_monitoreo", "ultimo_monitoreo": null}}, {"type": "Feature", "geometry": {"type": "Point", "coordinates": [-71.0925676, -28.5005224]}, "properties": {"codigo": "LL-OLI-0207", "id_arbol": 207, "predio": "Olivar Los Loros", "cultivo": "Olivo", "variedad": null, "lon": -71.0925676, "lat": -28.5005224, "zona_manejo": "alto", "clase_vigor_kmeans": 4, "ndvi": 0.556, "ndvi_actual": 0.524, "rendimiento_2019": 85.0, "rendimiento_2020": 87.8, "estado": "sin_monitoreo", "ultimo_monitoreo": null}}, {"type": "Feature", "geometry": {"type": "Point", "coordinates": [-71.0925793, -28.5005945]}, "properties": {"codigo": "LL-OLI-0208", "id_arbol": 208, "predio": "Olivar Los Loros", "cultivo": "Olivo", "variedad": null, "lon": -71.0925793, "lat": -28.5005945, "zona_manejo": "alto", "clase_vigor_kmeans": 4, "ndvi": 0.558, "ndvi_actual": 0.541, "rendimiento_2019": 48.5, "rendimiento_2020": 83.0, "estado": "sin_monitoreo", "ultimo_monitoreo": null}}, {"type": "Feature", "geometry": {"type": "Point", "coordinates": [-71.0926124, -28.5007203]}, "properties": {"codigo": "LL-OLI-0209", "id_arbol": 209, "predio": "Olivar Los Loros", "cultivo": "Olivo", "variedad": null, "lon": -71.0926124, "lat": -28.5007203, "zona_manejo": "alto", "clase_vigor_kmeans": 4, "ndvi": 0.57, "ndvi_actual": 0.55, "rendimiento_2019": 50.0, "rendimiento_2020": 83.0, "estado": "sin_monitoreo", "ultimo_monitoreo": null}}, {"type": "Feature", "geometry": {"type": "Point", "coordinates": [-71.0940208, -28.5015365]}, "properties": {"codigo": "LL-OLI-0021", "id_arbol": 21, "predio": "Olivar Los Loros", "cultivo": "Olivo", "variedad": null, "lon": -71.0940208, "lat": -28.5015365, "zona_manejo": "alto", "clase_vigor_kmeans": 4, "ndvi": 0.558, "ndvi_actual": 0.566, "rendimiento_2019": 45.5, "rendimiento_2020": 82.4, "estado": "sin_monitoreo", "ultimo_monitoreo": null}}, {"type": "Feature", "geometry": {"type": "Point", "coordinates": [-71.092666, -28.5008847]}, "properties": {"codigo": "LL-OLI-0210", "id_arbol": 210, "predio": "Olivar Los Loros", "cultivo": "Olivo", "variedad": null, "lon": -71.092666, "lat": -28.5008847, "zona_manejo": "alto", "clase_vigor_kmeans": 4, "ndvi": 0.568, "ndvi_actual": 0.569, "rendimiento_2019": 75.8, "rendimiento_2020": 85.5, "estado": "sin_monitoreo", "ultimo_monitoreo": null}}, {"type": "Feature", "geometry": {"type": "Point", "coordinates": [-71.0927016, -28.5009849]}, "properties": {"codigo": "LL-OLI-0211", "id_arbol": 211, "predio": "Olivar Los Loros", "cultivo": "Olivo", "variedad": null, "lon": -71.0927016, "lat": -28.5009849, "zona_manejo": "alto", "clase_vigor_kmeans": 4, "ndvi": 0.575, "ndvi_actual": 0.595, "rendimiento_2019": 75.5, "rendimiento_2020": 91.4, "estado": "sin_monitoreo", "ultimo_monitoreo": null}}, {"type": "Feature", "geometry": {"type": "Point", "coordinates": [-71.0927228, -28.5010473]}, "properties": {"codigo": "LL-OLI-0212", "id_arbol": 212, "predio": "Olivar Los Loros", "cultivo": "Olivo", "variedad": null, "lon": -71.0927228, "lat": -28.5010473, "zona_manejo": "alto", "clase_vigor_kmeans": 4, "ndvi": 0.532, "ndvi_actual": 0.545, "rendimiento_2019": 54.8, "rendimiento_2020": 86.1, "estado": "sin_monitoreo", "ultimo_monitoreo": null}}, {"type": "Feature", "geometry": {"type": "Point", "coordinates": [-71.0926046, -28.5010027]}, "properties": {"codigo": "LL-OLI-0213", "id_arbol": 213, "predio": "Olivar Los Loros", "cultivo": "Olivo", "variedad": null, "lon": -71.0926046, "lat": -28.5010027, "zona_manejo": "alto", "clase_vigor_kmeans": 4, "ndvi": 0.559, "ndvi_actual": 0.582, "rendimiento_2019": 56.7, "rendimiento_2020": 91.3, "estado": "sin_monitoreo", "ultimo_monitoreo": null}}, {"type": "Feature", "geometry": {"type": "Point", "coordinates": [-71.0925816, -28.5009101]}, "properties": {"codigo": "LL-OLI-0214", "id_arbol": 214, "predio": "Olivar Los Loros", "cultivo": "Olivo", "variedad": null, "lon": -71.0925816, "lat": -28.5009101, "zona_manejo": "alto", "clase_vigor_kmeans": 4, "ndvi": 0.572, "ndvi_actual": 0.606, "rendimiento_2019": 83.1, "rendimiento_2020": 82.1, "estado": "sin_monitoreo", "ultimo_monitoreo": null}}, {"type": "Feature", "geometry": {"type": "Point", "coordinates": [-71.0925478, -28.5008033]}, "properties": {"codigo": "LL-OLI-0215", "id_arbol": 215, "predio": "Olivar Los Loros", "cultivo": "Olivo", "variedad": null, "lon": -71.0925478, "lat": -28.5008033, "zona_manejo": "alto", "clase_vigor_kmeans": 4, "ndvi": 0.567, "ndvi_actual": 0.563, "rendimiento_2019": 76.0, "rendimiento_2020": 88.3, "estado": "sin_monitoreo", "ultimo_monitoreo": null}}, {"type": "Feature", "geometry": {"type": "Point", "coordinates": [-71.0925263, -28.5007178]}, "properties": {"codigo": "LL-OLI-0216", "id_arbol": 216, "predio": "Olivar Los Loros", "cultivo": "Olivo", "variedad": null, "lon": -71.0925263, "lat": -28.5007178, "zona_manejo": "alto", "clase_vigor_kmeans": 4, "ndvi": 0.552, "ndvi_actual": 0.549, "rendimiento_2019": 47.5, "rendimiento_2020": 81.5, "estado": "sin_monitoreo", "ultimo_monitoreo": null}}, {"type": "Feature", "geometry": {"type": "Point", "coordinates": [-71.0924911, -28.5006011]}, "properties": {"codigo": "LL-OLI-0217", "id_arbol": 217, "predio": "Olivar Los Loros", "cultivo": "Olivo", "variedad": null, "lon": -71.0924911, "lat": -28.5006011, "zona_manejo": "alto", "clase_vigor_kmeans": 4, "ndvi": 0.548, "ndvi_actual": 0.52, "rendimiento_2019": 88.7, "rendimiento_2020": 88.2, "estado": "sin_monitoreo", "ultimo_monitoreo": null}}, {"type": "Feature", "geometry": {"type": "Point", "coordinates": [-71.0924681, -28.5005119]}, "properties": {"codigo": "LL-OLI-0218", "id_arbol": 218, "predio": "Olivar Los Loros", "cultivo": "Olivo", "variedad": null, "lon": -71.0924681, "lat": -28.5005119, "zona_manejo": "alto", "clase_vigor_kmeans": 4, "ndvi": 0.558, "ndvi_actual": 0.524, "rendimiento_2019": 44.3, "rendimiento_2020": 88.3, "estado": "sin_monitoreo", "ultimo_monitoreo": null}}, {"type": "Feature", "geometry": {"type": "Point", "coordinates": [-71.0924515, -28.5004215]}, "properties": {"codigo": "LL-OLI-0219", "id_arbol": 219, "predio": "Olivar Los Loros", "cultivo": "Olivo", "variedad": null, "lon": -71.0924515, "lat": -28.5004215, "zona_manejo": "alto", "clase_vigor_kmeans": 4, "ndvi": 0.558, "ndvi_actual": 0.568, "rendimiento_2019": 113.7, "rendimiento_2020": 88.4, "estado": "sin_monitoreo", "ultimo_monitoreo": null}}, {"type": "Feature", "geometry": {"type": "Point", "coordinates": [-71.0939921, -28.5014509]}, "properties": {"codigo": "LL-OLI-0022", "id_arbol": 22, "predio": "Olivar Los Loros", "cultivo": "Olivo", "variedad": null, "lon": -71.0939921, "lat": -28.5014509, "zona_manejo": "alto", "clase_vigor_kmeans": 4, "ndvi": 0.558, "ndvi_actual": 0.566, "rendimiento_2019": 54.0, "rendimiento_2020": 82.7, "estado": "sin_monitoreo", "ultimo_monitoreo": null}}, {"type": "Feature", "geometry": {"type": "Point", "coordinates": [-71.0924188, -28.5003501]}, "properties": {"codigo": "LL-OLI-0220", "id_arbol": 220, "predio": "Olivar Los Loros", "cultivo": "Olivo", "variedad": null, "lon": -71.0924188, "lat": -28.5003501, "zona_manejo": "medio", "clase_vigor_kmeans": 3, "ndvi": 0.541, "ndvi_actual": 0.561, "rendimiento_2019": 108.9, "rendimiento_2020": 88.7, "estado": "sin_monitoreo", "ultimo_monitoreo": null}}, {"type": "Feature", "geometry": {"type": "Point", "coordinates": [-71.092398, -28.5002669]}, "properties": {"codigo": "LL-OLI-0221", "id_arbol": 221, "predio": "Olivar Los Loros", "cultivo": "Olivo", "variedad": null, "lon": -71.092398, "lat": -28.5002669, "zona_manejo": "medio", "clase_vigor_kmeans": 3, "ndvi": 0.517, "ndvi_actual": 0.568, "rendimiento_2019": 125.8, "rendimiento_2020": 89.0, "estado": "sin_monitoreo", "ultimo_monitoreo": null}}, {"type": "Feature", "geometry": {"type": "Point", "coordinates": [-71.0923258, -28.5001743]}, "properties": {"codigo": "LL-OLI-0222", "id_arbol": 222, "predio": "Olivar Los Loros", "cultivo": "Olivo", "variedad": null, "lon": -71.0923258, "lat": -28.5001743, "zona_manejo": "medio", "clase_vigor_kmeans": 2, "ndvi": 0.479, "ndvi_actual": 0.488, "rendimiento_2019": 19.0, "rendimiento_2020": 98.8, "estado": "sin_monitoreo", "ultimo_monitoreo": null}}, {"type": "Feature", "geometry": {"type": "Point", "coordinates": [-71.0922447, -28.5002026]}, "properties": {"codigo": "LL-OLI-0223", "id_arbol": 223, "predio": "Olivar Los Loros", "cultivo": "Olivo", "variedad": null, "lon": -71.0922447, "lat": -28.5002026, "zona_manejo": "medio", "clase_vigor_kmeans": 2, "ndvi": 0.479, "ndvi_actual": 0.488, "rendimiento_2019": 74.3, "rendimiento_2020": 97.3, "estado": "sin_monitoreo", "ultimo_monitoreo": null}}, {"type": "Feature", "geometry": {"type": "Point", "coordinates": [-71.0922694, -28.5002919]}, "properties": {"codigo": "LL-OLI-0224", "id_arbol": 224, "predio": "Olivar Los Loros", "cultivo": "Olivo", "variedad": null, "lon": -71.0922694, "lat": -28.5002919, "zona_manejo": "alto", "clase_vigor_kmeans": 4, "ndvi": 0.527, "ndvi_actual": 0.519, "rendimiento_2019": 59.4, "rendimiento_2020": 87.0, "estado": "sin_monitoreo", "ultimo_monitoreo": null}}, {"type": "Feature", "geometry": {"type": "Point", "coordinates": [-71.0922922, -28.5003712]}, "properties": {"codigo": "LL-OLI-0225", "id_arbol": 225, "predio": "Olivar Los Loros", "cultivo": "Olivo", "variedad": null, "lon": -71.0922922, "lat": -28.5003712, "zona_manejo": "alto", "clase_vigor_kmeans": 4, "ndvi": 0.539, "ndvi_actual": 0.557, "rendimiento_2019": 57.5, "rendimiento_2020": 80.8, "estado": "sin_monitoreo", "ultimo_monitoreo": null}}, {"type": "Feature", "geometry": {"type": "Point", "coordinates": [-71.0923197, -28.5004375]}, "properties": {"codigo": "LL-OLI-0226", "id_arbol": 226, "predio": "Olivar Los Loros", "cultivo": "Olivo", "variedad": null, "lon": -71.0923197, "lat": -28.5004375, "zona_manejo": "alto", "clase_vigor_kmeans": 4, "ndvi": 0.557, "ndvi_actual": 0.545, "rendimiento_2019": 70.1, "rendimiento_2020": 84.0, "estado": "sin_monitoreo", "ultimo_monitoreo": null}}, {"type": "Feature", "geometry": {"type": "Point", "coordinates": [-71.0923409, -28.5005238]}, "properties": {"codigo": "LL-OLI-0227", "id_arbol": 227, "predio": "Olivar Los Loros", "cultivo": "Olivo", "variedad": null, "lon": -71.0923409, "lat": -28.5005238, "zona_manejo": "alto", "clase_vigor_kmeans": 4, "ndvi": 0.56, "ndvi_actual": 0.54, "rendimiento_2019": 38.4, "rendimiento_2020": 86.4, "estado": "sin_monitoreo", "ultimo_monitoreo": null}}, {"type": "Feature", "geometry": {"type": "Point", "coordinates": [-71.09237, -28.5006097]}, "properties": {"codigo": "LL-OLI-0228", "id_arbol": 228, "predio": "Olivar Los Loros", "cultivo": "Olivo", "variedad": null, "lon": -71.09237, "lat": -28.5006097, "zona_manejo": "alto", "clase_vigor_kmeans": 4, "ndvi": 0.553, "ndvi_actual": 0.556, "rendimiento_2019": 19.0, "rendimiento_2020": 78.6, "estado": "sin_monitoreo", "ultimo_monitoreo": null}}, {"type": "Feature", "geometry": {"type": "Point", "coordinates": [-71.0924136, -28.5007254]}, "properties": {"codigo": "LL-OLI-0229", "id_arbol": 229, "predio": "Olivar Los Loros", "cultivo": "Olivo", "variedad": null, "lon": -71.0924136, "lat": -28.5007254, "zona_manejo": "medio", "clase_vigor_kmeans": 3, "ndvi": 0.527, "ndvi_actual": 0.52, "rendimiento_2019": 38.0, "rendimiento_2020": 90.5, "estado": "sin_monitoreo", "ultimo_monitoreo": null}}, {"type": "Feature", "geometry": {"type": "Point", "coordinates": [-71.0939606, -28.5013609]}, "properties": {"codigo": "LL-OLI-0023", "id_arbol": 23, "predio": "Olivar Los Loros", "cultivo": "Olivo", "variedad": null, "lon": -71.0939606, "lat": -28.5013609, "zona_manejo": "alto", "clase_vigor_kmeans": 4, "ndvi": 0.556, "ndvi_actual": 0.556, "rendimiento_2019": 46.8, "rendimiento_2020": 83.7, "estado": "sin_monitoreo", "ultimo_monitoreo": null}}, {"type": "Feature", "geometry": {"type": "Point", "coordinates": [-71.0924478, -28.5008088]}, "properties": {"codigo": "LL-OLI-0230", "id_arbol": 230, "predio": "Olivar Los Loros", "cultivo": "Olivo", "variedad": null, "lon": -71.0924478, "lat": -28.5008088, "zona_manejo": "alto", "clase_vigor_kmeans": 4, "ndvi": 0.547, "ndvi_actual": 0.563, "rendimiento_2019": 55.0, "rendimiento_2020": 87.2, "estado": "sin_monitoreo", "ultimo_monitoreo": null}}, {"type": "Feature", "geometry": {"type": "Point", "coordinates": [-71.0924734, -28.5009284]}, "properties": {"codigo": "LL-OLI-0231", "id_arbol": 231, "predio": "Olivar Los Loros", "cultivo": "Olivo", "variedad": null, "lon": -71.0924734, "lat": -28.5009284, "zona_manejo": "alto", "clase_vigor_kmeans": 4, "ndvi": 0.537, "ndvi_actual": 0.545, "rendimiento_2019": 55.5, "rendimiento_2020": 91.8, "estado": "sin_monitoreo", "ultimo_monitoreo": null}}, {"type": "Feature", "geometry": {"type": "Point", "coordinates": [-71.092231, -28.5005457]}, "properties": {"codigo": "LL-OLI-0232", "id_arbol": 232, "predio": "Olivar Los Loros", "cultivo": "Olivo", "variedad": null, "lon": -71.092231, "lat": -28.5005457, "zona_manejo": "alto", "clase_vigor_kmeans": 4, "ndvi": 0.561, "ndvi_actual": 0.539, "rendimiento_2019": 25.9, "rendimiento_2020": 81.4, "estado": "sin_monitoreo", "ultimo_monitoreo": null}}, {"type": "Feature", "geometry": {"type": "Point", "coordinates": [-71.0922092, -28.5004738]}, "properties": {"codigo": "LL-OLI-0233", "id_arbol": 233, "predio": "Olivar Los Loros", "cultivo": "Olivo", "variedad": null, "lon": -71.0922092, "lat": -28.5004738, "zona_manejo": "alto", "clase_vigor_kmeans": 4, "ndvi": 0.564, "ndvi_actual": 0.531, "rendimiento_2019": 99.7, "rendimiento_2020": 87.0, "estado": "sin_monitoreo", "ultimo_monitoreo": null}}, {"type": "Feature", "geometry": {"type": "Point", "coordinates": [-71.0921871, -28.500393]}, "properties": {"codigo": "LL-OLI-0234", "id_arbol": 234, "predio": "Olivar Los Loros", "cultivo": "Olivo", "variedad": null, "lon": -71.0921871, "lat": -28.500393, "zona_manejo": "alto", "clase_vigor_kmeans": 4, "ndvi": 0.564, "ndvi_actual": 0.531, "rendimiento_2019": 59.1, "rendimiento_2020": 86.4, "estado": "sin_monitoreo", "ultimo_monitoreo": null}}, {"type": "Feature", "geometry": {"type": "Point", "coordinates": [-71.0921613, -28.5003138]}, "properties": {"codigo": "LL-OLI-0235", "id_arbol": 235, "predio": "Olivar Los Loros", "cultivo": "Olivo", "variedad": null, "lon": -71.0921613, "lat": -28.5003138, "zona_manejo": "alto", "clase_vigor_kmeans": 4, "ndvi": 0.547, "ndvi_actual": 0.53, "rendimiento_2019": 79.8, "rendimiento_2020": 82.0, "estado": "sin_monitoreo", "ultimo_monitoreo": null}}, {"type": "Feature", "geometry": {"type": "Point", "coordinates": [-71.0921325, -28.5002133]}, "properties": {"codigo": "LL-OLI-0236", "id_arbol": 236, "predio": "Olivar Los Loros", "cultivo": "Olivo", "variedad": null, "lon": -71.0921325, "lat": -28.5002133, "zona_manejo": "alto", "clase_vigor_kmeans": 4, "ndvi": 0.523, "ndvi_actual": 0.493, "rendimiento_2019": 64.8, "rendimiento_2020": 96.9, "estado": "sin_monitoreo", "ultimo_monitoreo": null}}, {"type": "Feature", "geometry": {"type": "Point", "coordinates": [-71.0920775, -28.5003349]}, "properties": {"codigo": "LL-OLI-0237", "id_arbol": 237, "predio": "Olivar Los Loros", "cultivo": "Olivo", "variedad": null, "lon": -71.0920775, "lat": -28.5003349, "zona_manejo": "alto", "clase_vigor_kmeans": 4, "ndvi": 0.539, "ndvi_actual": 0.498, "rendimiento_2019": 56.0, "rendimiento_2020": 85.6, "estado": "sin_monitoreo", "ultimo_monitoreo": null}}, {"type": "Feature", "geometry": {"type": "Point", "coordinates": [-71.0920926, -28.500399]}, "properties": {"codigo": "LL-OLI-0238", "id_arbol": 238, "predio": "Olivar Los Loros", "cultivo": "Olivo", "variedad": null, "lon": -71.0920926, "lat": -28.500399, "zona_manejo": "alto", "clase_vigor_kmeans": 4, "ndvi": 0.561, "ndvi_actual": 0.499, "rendimiento_2019": 54.7, "rendimiento_2020": 86.9, "estado": "sin_monitoreo", "ultimo_monitoreo": null}}, {"type": "Feature", "geometry": {"type": "Point", "coordinates": [-71.0921143, -28.5004685]}, "properties": {"codigo": "LL-OLI-0239", "id_arbol": 239, "predio": "Olivar Los Loros", "cultivo": "Olivo", "variedad": null, "lon": -71.0921143, "lat": -28.5004685, "zona_manejo": "alto", "clase_vigor_kmeans": 4, "ndvi": 0.561, "ndvi_actual": 0.499, "rendimiento_2019": 38.9, "rendimiento_2020": 86.8, "estado": "sin_monitoreo", "ultimo_monitoreo": null}}, {"type": "Feature", "geometry": {"type": "Point", "coordinates": [-71.0939281, -28.5012361]}, "properties": {"codigo": "LL-OLI-0024", "id_arbol": 24, "predio": "Olivar Los Loros", "cultivo": "Olivo", "variedad": null, "lon": -71.0939281, "lat": -28.5012361, "zona_manejo": "alto", "clase_vigor_kmeans": 4, "ndvi": 0.554, "ndvi_actual": 0.55, "rendimiento_2019": 58.8, "rendimiento_2020": 89.5, "estado": "sin_monitoreo", "ultimo_monitoreo": null}}, {"type": "Feature", "geometry": {"type": "Point", "coordinates": [-71.0921418, -28.5005429]}, "properties": {"codigo": "LL-OLI-0240", "id_arbol": 240, "predio": "Olivar Los Loros", "cultivo": "Olivo", "variedad": null, "lon": -71.0921418, "lat": -28.5005429, "zona_manejo": "alto", "clase_vigor_kmeans": 4, "ndvi": 0.561, "ndvi_actual": 0.539, "rendimiento_2019": 40.2, "rendimiento_2020": 80.8, "estado": "sin_monitoreo", "ultimo_monitoreo": null}}, {"type": "Feature", "geometry": {"type": "Point", "coordinates": [-71.092037, -28.5005487]}, "properties": {"codigo": "LL-OLI-0241", "id_arbol": 241, "predio": "Olivar Los Loros", "cultivo": "Olivo", "variedad": null, "lon": -71.092037, "lat": -28.5005487, "zona_manejo": "alto", "clase_vigor_kmeans": 4, "ndvi": 0.559, "ndvi_actual": 0.502, "rendimiento_2019": 40.7, "rendimiento_2020": 88.3, "estado": "sin_monitoreo", "ultimo_monitoreo": null}}, {"type": "Feature", "geometry": {"type": "Point", "coordinates": [-71.0920254, -28.5004767]}, "properties": {"codigo": "LL-OLI-0242", "id_arbol": 242, "predio": "Olivar Los Loros", "cultivo": "Olivo", "variedad": null, "lon": -71.0920254, "lat": -28.5004767, "zona_manejo": "alto", "clase_vigor_kmeans": 4, "ndvi": 0.575, "ndvi_actual": 0.527, "rendimiento_2019": 88.4, "rendimiento_2020": 82.8, "estado": "sin_monitoreo", "ultimo_monitoreo": null}}, {"type": "Feature", "geometry": {"type": "Point", "coordinates": [-71.0920136, -28.5003956]}, "properties": {"codigo": "LL-OLI-0243", "id_arbol": 243, "predio": "Olivar Los Loros", "cultivo": "Olivo", "variedad": null, "lon": -71.0920136, "lat": -28.5003956, "zona_manejo": "alto", "clase_vigor_kmeans": 4, "ndvi": 0.575, "ndvi_actual": 0.527, "rendimiento_2019": 70.7, "rendimiento_2020": 82.6, "estado": "sin_monitoreo", "ultimo_monitoreo": null}}, {"type": "Feature", "geometry": {"type": "Point", "coordinates": [-71.091991, -28.5002877]}, "properties": {"codigo": "LL-OLI-0244", "id_arbol": 244, "predio": "Olivar Los Loros", "cultivo": "Olivo", "variedad": null, "lon": -71.091991, "lat": -28.5002877, "zona_manejo": "alto", "clase_vigor_kmeans": 4, "ndvi": 0.534, "ndvi_actual": 0.505, "rendimiento_2019": 47.4, "rendimiento_2020": 84.7, "estado": "sin_monitoreo", "ultimo_monitoreo": null}}, {"type": "Feature", "geometry": {"type": "Point", "coordinates": [-71.0919588, -28.500207]}, "properties": {"codigo": "LL-OLI-0245", "id_arbol": 245, "predio": "Olivar Los Loros", "cultivo": "Olivo", "variedad": null, "lon": -71.0919588, "lat": -28.500207, "zona_manejo": "medio", "clase_vigor_kmeans": 2, "ndvi": 0.463, "ndvi_actual": 0.488, "rendimiento_2019": 58.2, "rendimiento_2020": 81.2, "estado": "sin_monitoreo", "ultimo_monitoreo": null}}, {"type": "Feature", "geometry": {"type": "Point", "coordinates": [-71.0918989, -28.5002801]}, "properties": {"codigo": "LL-OLI-0246", "id_arbol": 246, "predio": "Olivar Los Loros", "cultivo": "Olivo", "variedad": null, "lon": -71.0918989, "lat": -28.5002801, "zona_manejo": "alto", "clase_vigor_kmeans": 4, "ndvi": 0.565, "ndvi_actual": 0.559, "rendimiento_2019": 85.8, "rendimiento_2020": 76.4, "estado": "sin_monitoreo", "ultimo_monitoreo": null}}, {"type": "Feature", "geometry": {"type": "Point", "coordinates": [-71.0919208, -28.5003519]}, "properties": {"codigo": "LL-OLI-0247", "id_arbol": 247, "predio": "Olivar Los Loros", "cultivo": "Olivo", "variedad": null, "lon": -71.0919208, "lat": -28.5003519, "zona_manejo": "alto", "clase_vigor_kmeans": 4, "ndvi": 0.569, "ndvi_actual": 0.569, "rendimiento_2019": 41.1, "rendimiento_2020": 79.8, "estado": "sin_monitoreo", "ultimo_monitoreo": null}}, {"type": "Feature", "geometry": {"type": "Point", "coordinates": [-71.0919123, -28.5004423]}, "properties": {"codigo": "LL-OLI-0248", "id_arbol": 248, "predio": "Olivar Los Loros", "cultivo": "Olivo", "variedad": null, "lon": -71.0919123, "lat": -28.5004423, "zona_manejo": "alto", "clase_vigor_kmeans": 4, "ndvi": 0.566, "ndvi_actual": 0.546, "rendimiento_2019": 40.7, "rendimiento_2020": 81.0, "estado": "sin_monitoreo", "ultimo_monitoreo": null}}, {"type": "Feature", "geometry": {"type": "Point", "coordinates": [-71.0918408, -28.5004434]}, "properties": {"codigo": "LL-OLI-0249", "id_arbol": 249, "predio": "Olivar Los Loros", "cultivo": "Olivo", "variedad": null, "lon": -71.0918408, "lat": -28.5004434, "zona_manejo": "alto", "clase_vigor_kmeans": 4, "ndvi": 0.566, "ndvi_actual": 0.546, "rendimiento_2019": null, "rendimiento_2020": 77.1, "estado": "sin_monitoreo", "ultimo_monitoreo": null}}, {"type": "Feature", "geometry": {"type": "Point", "coordinates": [-71.0939097, -28.5011601]}, "properties": {"codigo": "LL-OLI-0025", "id_arbol": 25, "predio": "Olivar Los Loros", "cultivo": "Olivo", "variedad": null, "lon": -71.0939097, "lat": -28.5011601, "zona_manejo": "alto", "clase_vigor_kmeans": 4, "ndvi": 0.561, "ndvi_actual": 0.574, "rendimiento_2019": 82.7, "rendimiento_2020": 102.6, "estado": "sin_monitoreo", "ultimo_monitoreo": null}}, {"type": "Feature", "geometry": {"type": "Point", "coordinates": [-71.0918392, -28.5003622]}, "properties": {"codigo": "LL-OLI-0250", "id_arbol": 250, "predio": "Olivar Los Loros", "cultivo": "Olivo", "variedad": null, "lon": -71.0918392, "lat": -28.5003622, "zona_manejo": "alto", "clase_vigor_kmeans": 4, "ndvi": 0.569, "ndvi_actual": 0.569, "rendimiento_2019": 18.0, "rendimiento_2020": 73.1, "estado": "sin_monitoreo", "ultimo_monitoreo": null}}, {"type": "Feature", "geometry": {"type": "Point", "coordinates": [-71.0918126, -28.5002862]}, "properties": {"codigo": "LL-OLI-0251", "id_arbol": 251, "predio": "Olivar Los Loros", "cultivo": "Olivo", "variedad": null, "lon": -71.0918126, "lat": -28.5002862, "zona_manejo": "alto", "clase_vigor_kmeans": 4, "ndvi": 0.55, "ndvi_actual": 0.513, "rendimiento_2019": 29.6, "rendimiento_2020": 85.1, "estado": "sin_monitoreo", "ultimo_monitoreo": null}}, {"type": "Feature", "geometry": {"type": "Point", "coordinates": [-71.0917566, -28.5002932]}, "properties": {"codigo": "LL-OLI-0252", "id_arbol": 252, "predio": "Olivar Los Loros", "cultivo": "Olivo", "variedad": null, "lon": -71.0917566, "lat": -28.5002932, "zona_manejo": "alto", "clase_vigor_kmeans": 4, "ndvi": 0.55, "ndvi_actual": 0.513, "rendimiento_2019": 17.0, "rendimiento_2020": 83.4, "estado": "sin_monitoreo", "ultimo_monitoreo": null}}, {"type": "Feature", "geometry": {"type": "Point", "coordinates": [-71.0917579, -28.5003815]}, "properties": {"codigo": "LL-OLI-0253", "id_arbol": 253, "predio": "Olivar Los Loros", "cultivo": "Olivo", "variedad": null, "lon": -71.0917579, "lat": -28.5003815, "zona_manejo": "alto", "clase_vigor_kmeans": 4, "ndvi": 0.546, "ndvi_actual": 0.534, "rendimiento_2019": 21.0, "rendimiento_2020": 71.9, "estado": "sin_monitoreo", "ultimo_monitoreo": null}}, {"type": "Feature", "geometry": {"type": "Point", "coordinates": [-71.0917896, -28.5004352]}, "properties": {"codigo": "LL-OLI-0254", "id_arbol": 254, "predio": "Olivar Los Loros", "cultivo": "Olivo", "variedad": null, "lon": -71.0917896, "lat": -28.5004352, "zona_manejo": "alto", "clase_vigor_kmeans": 4, "ndvi": 0.527, "ndvi_actual": 0.52, "rendimiento_2019": 19.0, "rendimiento_2020": 84.0, "estado": "sin_monitoreo", "ultimo_monitoreo": null}}, {"type": "Feature", "geometry": {"type": "Point", "coordinates": [-71.0916966, -28.5003825]}, "properties": {"codigo": "LL-OLI-0255", "id_arbol": 255, "predio": "Olivar Los Loros", "cultivo": "Olivo", "variedad": null, "lon": -71.0916966, "lat": -28.5003825, "zona_manejo": "alto", "clase_vigor_kmeans": 4, "ndvi": 0.532, "ndvi_actual": 0.504, "rendimiento_2019": 25.5, "rendimiento_2020": 83.7, "estado": "sin_monitoreo", "ultimo_monitoreo": null}}, {"type": "Feature", "geometry": {"type": "Point", "coordinates": [-71.0916878, -28.5003106]}, "properties": {"codigo": "LL-OLI-0256", "id_arbol": 256, "predio": "Olivar Los Loros", "cultivo": "Olivo", "variedad": null, "lon": -71.0916878, "lat": -28.5003106, "zona_manejo": "alto", "clase_vigor_kmeans": 4, "ndvi": 0.532, "ndvi_actual": 0.504, "rendimiento_2019": 37.0, "rendimiento_2020": 83.8, "estado": "sin_monitoreo", "ultimo_monitoreo": null}}, {"type": "Feature", "geometry": {"type": "Point", "coordinates": [-71.0916216, -28.500321]}, "properties": {"codigo": "LL-OLI-0257", "id_arbol": 257, "predio": "Olivar Los Loros", "cultivo": "Olivo", "variedad": null, "lon": -71.0916216, "lat": -28.500321, "zona_manejo": "alto", "clase_vigor_kmeans": 4, "ndvi": 0.532, "ndvi_actual": 0.504, "rendimiento_2019": null, "rendimiento_2020": 83.0, "estado": "sin_monitoreo", "ultimo_monitoreo": null}}, {"type": "Feature", "geometry": {"type": "Point", "coordinates": [-71.0916232, -28.5003513]}, "properties": {"codigo": "LL-OLI-0258", "id_arbol": 258, "predio": "Olivar Los Loros", "cultivo": "Olivo", "variedad": null, "lon": -71.0916232, "lat": -28.5003513, "zona_manejo": "alto", "clase_vigor_kmeans": 4, "ndvi": 0.532, "ndvi_actual": 0.504, "rendimiento_2019": 33.0, "rendimiento_2020": 83.1, "estado": "sin_monitoreo", "ultimo_monitoreo": null}}, {"type": "Feature", "geometry": {"type": "Point", "coordinates": [-71.0915595, -28.5003399]}, "properties": {"codigo": "LL-OLI-0259", "id_arbol": 259, "predio": "Olivar Los Loros", "cultivo": "Olivo", "variedad": null, "lon": -71.0915595, "lat": -28.5003399, "zona_manejo": "alto", "clase_vigor_kmeans": 4, "ndvi": 0.523, "ndvi_actual": 0.504, "rendimiento_2019": null, "rendimiento_2020": 82.3, "estado": "sin_monitoreo", "ultimo_monitoreo": null}}, {"type": "Feature", "geometry": {"type": "Point", "coordinates": [-71.093883, -28.5010745]}, "properties": {"codigo": "LL-OLI-0026", "id_arbol": 26, "predio": "Olivar Los Loros", "cultivo": "Olivo", "variedad": null, "lon": -71.093883, "lat": -28.5010745, "zona_manejo": "alto", "clase_vigor_kmeans": 4, "ndvi": 0.556, "ndvi_actual": 0.571, "rendimiento_2019": 108.7, "rendimiento_2020": 96.7, "estado": "sin_monitoreo", "ultimo_monitoreo": null}}, {"type": "Feature", "geometry": {"type": "Point", "coordinates": [-71.0915413, -28.5003543]}, "properties": {"codigo": "LL-OLI-0260", "id_arbol": 260, "predio": "Olivar Los Loros", "cultivo": "Olivo", "variedad": null, "lon": -71.0915413, "lat": -28.5003543, "zona_manejo": "alto", "clase_vigor_kmeans": 4, "ndvi": 0.523, "ndvi_actual": 0.504, "rendimiento_2019": 98.4, "rendimiento_2020": 84.0, "estado": "sin_monitoreo", "ultimo_monitoreo": null}}, {"type": "Feature", "geometry": {"type": "Point", "coordinates": [-71.0929826, -28.5000479]}, "properties": {"codigo": "LL-OLI-0261", "id_arbol": 261, "predio": "Olivar Los Loros", "cultivo": "Olivo", "variedad": null, "lon": -71.0929826, "lat": -28.5000479, "zona_manejo": "medio", "clase_vigor_kmeans": 2, "ndvi": 0.468, "ndvi_actual": 0.472, "rendimiento_2019": 131.8, "rendimiento_2020": 99.5, "estado": "sin_monitoreo", "ultimo_monitoreo": null}}, {"type": "Feature", "geometry": {"type": "Point", "coordinates": [-71.0929533, -28.499978]}, "properties": {"codigo": "LL-OLI-0262", "id_arbol": 262, "predio": "Olivar Los Loros", "cultivo": "Olivo", "variedad": null, "lon": -71.0929533, "lat": -28.499978, "zona_manejo": "medio", "clase_vigor_kmeans": 2, "ndvi": 0.442, "ndvi_actual": 0.423, "rendimiento_2019": 59.1, "rendimiento_2020": 87.4, "estado": "sin_monitoreo", "ultimo_monitoreo": null}}, {"type": "Feature", "geometry": {"type": "Point", "coordinates": [-71.0929346, -28.4999086]}, "properties": {"codigo": "LL-OLI-0263", "id_arbol": 263, "predio": "Olivar Los Loros", "cultivo": "Olivo", "variedad": null, "lon": -71.0929346, "lat": -28.4999086, "zona_manejo": "medio", "clase_vigor_kmeans": 2, "ndvi": 0.397, "ndvi_actual": 0.379, "rendimiento_2019": 66.0, "rendimiento_2020": 99.2, "estado": "sin_monitoreo", "ultimo_monitoreo": null}}, {"type": "Feature", "geometry": {"type": "Point", "coordinates": [-71.0928972, -28.4998014]}, "properties": {"codigo": "LL-OLI-0264", "id_arbol": 264, "predio": "Olivar Los Loros", "cultivo": "Olivo", "variedad": null, "lon": -71.0928972, "lat": -28.4998014, "zona_manejo": "medio", "clase_vigor_kmeans": 2, "ndvi": 0.431, "ndvi_actual": 0.432, "rendimiento_2019": 54.4, "rendimiento_2020": 103.6, "estado": "sin_monitoreo", "ultimo_monitoreo": null}}, {"type": "Feature", "geometry": {"type": "Point", "coordinates": [-71.0928468, -28.4996609]}, "properties": {"codigo": "LL-OLI-0266", "id_arbol": 266, "predio": "Olivar Los Loros", "cultivo": "Olivo", "variedad": null, "lon": -71.0928468, "lat": -28.4996609, "zona_manejo": "medio", "clase_vigor_kmeans": 2, "ndvi": 0.47, "ndvi_actual": 0.446, "rendimiento_2019": 35.0, "rendimiento_2020": 88.2, "estado": "sin_monitoreo", "ultimo_monitoreo": null}}, {"type": "Feature", "geometry": {"type": "Point", "coordinates": [-71.0928272, -28.4996245]}, "properties": {"codigo": "LL-OLI-0267", "id_arbol": 267, "predio": "Olivar Los Loros", "cultivo": "Olivo", "variedad": null, "lon": -71.0928272, "lat": -28.4996245, "zona_manejo": "medio", "clase_vigor_kmeans": 2, "ndvi": 0.493, "ndvi_actual": 0.432, "rendimiento_2019": 32.0, "rendimiento_2020": 92.7, "estado": "sin_monitoreo", "ultimo_monitoreo": null}}, {"type": "Feature", "geometry": {"type": "Point", "coordinates": [-71.0928006, -28.4995548]}, "properties": {"codigo": "LL-OLI-0268", "id_arbol": 268, "predio": "Olivar Los Loros", "cultivo": "Olivo", "variedad": null, "lon": -71.0928006, "lat": -28.4995548, "zona_manejo": "medio", "clase_vigor_kmeans": 2, "ndvi": 0.487, "ndvi_actual": 0.444, "rendimiento_2019": 62.4, "rendimiento_2020": 92.4, "estado": "sin_monitoreo", "ultimo_monitoreo": null}}, {"type": "Feature", "geometry": {"type": "Point", "coordinates": [-71.092782, -28.4995002]}, "properties": {"codigo": "LL-OLI-0269", "id_arbol": 269, "predio": "Olivar Los Loros", "cultivo": "Olivo", "variedad": null, "lon": -71.092782, "lat": -28.4995002, "zona_manejo": "medio", "clase_vigor_kmeans": 2, "ndvi": 0.487, "ndvi_actual": 0.444, "rendimiento_2019": 63.5, "rendimiento_2020": 92.1, "estado": "sin_monitoreo", "ultimo_monitoreo": null}}, {"type": "Feature", "geometry": {"type": "Point", "coordinates": [-71.0938628, -28.501005]}, "properties": {"codigo": "LL-OLI-0027", "id_arbol": 27, "predio": "Olivar Los Loros", "cultivo": "Olivo", "variedad": null, "lon": -71.0938628, "lat": -28.501005, "zona_manejo": "alto", "clase_vigor_kmeans": 4, "ndvi": 0.547, "ndvi_actual": 0.581, "rendimiento_2019": 122.7, "rendimiento_2020": 103.5, "estado": "sin_monitoreo", "ultimo_monitoreo": null}}, {"type": "Feature", "geometry": {"type": "Point", "coordinates": [-71.0927531, -28.4994278]}, "properties": {"codigo": "LL-OLI-0270", "id_arbol": 270, "predio": "Olivar Los Loros", "cultivo": "Olivo", "variedad": null, "lon": -71.0927531, "lat": -28.4994278, "zona_manejo": "medio", "clase_vigor_kmeans": 2, "ndvi": 0.503, "ndvi_actual": 0.48, "rendimiento_2019": 74.0, "rendimiento_2020": 91.6, "estado": "sin_monitoreo", "ultimo_monitoreo": null}}, {"type": "Feature", "geometry": {"type": "Point", "coordinates": [-71.092726, -28.4993646]}, "properties": {"codigo": "LL-OLI-0271", "id_arbol": 271, "predio": "Olivar Los Loros", "cultivo": "Olivo", "variedad": null, "lon": -71.092726, "lat": -28.4993646, "zona_manejo": "medio", "clase_vigor_kmeans": 3, "ndvi": 0.498, "ndvi_actual": 0.464, "rendimiento_2019": null, "rendimiento_2020": 82.7, "estado": "sin_monitoreo", "ultimo_monitoreo": null}}, {"type": "Feature", "geometry": {"type": "Point", "coordinates": [-71.0927032, -28.4992988]}, "properties": {"codigo": "LL-OLI-0272", "id_arbol": 272, "predio": "Olivar Los Loros", "cultivo": "Olivo", "variedad": null, "lon": -71.0927032, "lat": -28.4992988, "zona_manejo": "medio", "clase_vigor_kmeans": 2, "ndvi": 0.494, "ndvi_actual": 0.461, "rendimiento_2019": null, "rendimiento_2020": 81.3, "estado": "sin_monitoreo", "ultimo_monitoreo": null}}, {"type": "Feature", "geometry": {"type": "Point", "coordinates": [-71.0926764, -28.4992346]}, "properties": {"codigo": "LL-OLI-0273", "id_arbol": 273, "predio": "Olivar Los Loros", "cultivo": "Olivo", "variedad": null, "lon": -71.0926764, "lat": -28.4992346, "zona_manejo": "medio", "clase_vigor_kmeans": 2, "ndvi": 0.494, "ndvi_actual": 0.461, "rendimiento_2019": null, "rendimiento_2020": 80.8, "estado": "sin_monitoreo", "ultimo_monitoreo": null}}, {"type": "Feature", "geometry": {"type": "Point", "coordinates": [-71.0926464, -28.4991609]}, "properties": {"codigo": "LL-OLI-0274", "id_arbol": 274, "predio": "Olivar Los Loros", "cultivo": "Olivo", "variedad": null, "lon": -71.0926464, "lat": -28.4991609, "zona_manejo": "medio", "clase_vigor_kmeans": 2, "ndvi": 0.49, "ndvi_actual": 0.385, "rendimiento_2019": 78.2, "rendimiento_2020": 95.1, "estado": "sin_monitoreo", "ultimo_monitoreo": null}}, {"type": "Feature", "geometry": {"type": "Point", "coordinates": [-71.0926163, -28.4991011]}, "properties": {"codigo": "LL-OLI-0275", "id_arbol": 275, "predio": "Olivar Los Loros", "cultivo": "Olivo", "variedad": null, "lon": -71.0926163, "lat": -28.4991011, "zona_manejo": "bajo", "clase_vigor_kmeans": 1, "ndvi": 0.428, "ndvi_actual": 0.273, "rendimiento_2019": null, "rendimiento_2020": 89.8, "estado": "sin_monitoreo", "ultimo_monitoreo": null}}, {"type": "Feature", "geometry": {"type": "Point", "coordinates": [-71.0925822, -28.4990449]}, "properties": {"codigo": "LL-OLI-0276", "id_arbol": 276, "predio": "Olivar Los Loros", "cultivo": "Olivo", "variedad": null, "lon": -71.0925822, "lat": -28.4990449, "zona_manejo": "medio", "clase_vigor_kmeans": 3, "ndvi": 0.485, "ndvi_actual": 0.409, "rendimiento_2019": 62.9, "rendimiento_2020": 85.5, "estado": "sin_monitoreo", "ultimo_monitoreo": null}}, {"type": "Feature", "geometry": {"type": "Point", "coordinates": [-71.0925182, -28.4990524]}, "properties": {"codigo": "LL-OLI-0277", "id_arbol": 277, "predio": "Olivar Los Loros", "cultivo": "Olivo", "variedad": null, "lon": -71.0925182, "lat": -28.4990524, "zona_manejo": "medio", "clase_vigor_kmeans": 3, "ndvi": 0.485, "ndvi_actual": 0.409, "rendimiento_2019": 83.8, "rendimiento_2020": 84.7, "estado": "sin_monitoreo", "ultimo_monitoreo": null}}, {"type": "Feature", "geometry": {"type": "Point", "coordinates": [-71.092604, -28.4992586]}, "properties": {"codigo": "LL-OLI-0278", "id_arbol": 278, "predio": "Olivar Los Loros", "cultivo": "Olivo", "variedad": null, "lon": -71.092604, "lat": -28.4992586, "zona_manejo": "medio", "clase_vigor_kmeans": 3, "ndvi": 0.497, "ndvi_actual": 0.549, "rendimiento_2019": null, "rendimiento_2020": 78.3, "estado": "sin_monitoreo", "ultimo_monitoreo": null}}, {"type": "Feature", "geometry": {"type": "Point", "coordinates": [-71.0926466, -28.4993482]}, "properties": {"codigo": "LL-OLI-0279", "id_arbol": 279, "predio": "Olivar Los Loros", "cultivo": "Olivo", "variedad": null, "lon": -71.0926466, "lat": -28.4993482, "zona_manejo": "medio", "clase_vigor_kmeans": 3, "ndvi": 0.487, "ndvi_actual": 0.479, "rendimiento_2019": 115.2, "rendimiento_2020": 91.9, "estado": "sin_monitoreo", "ultimo_monitoreo": null}}, {"type": "Feature", "geometry": {"type": "Point", "coordinates": [-71.0938357, -28.5009105]}, "properties": {"codigo": "LL-OLI-0028", "id_arbol": 28, "predio": "Olivar Los Loros", "cultivo": "Olivo", "variedad": null, "lon": -71.0938357, "lat": -28.5009105, "zona_manejo": "alto", "clase_vigor_kmeans": 4, "ndvi": 0.56, "ndvi_actual": 0.546, "rendimiento_2019": 104.8, "rendimiento_2020": 101.9, "estado": "sin_monitoreo", "ultimo_monitoreo": null}}, {"type": "Feature", "geometry": {"type": "Point", "coordinates": [-71.0926788, -28.4994289]}, "properties": {"codigo": "LL-OLI-0280", "id_arbol": 280, "predio": "Olivar Los Loros", "cultivo": "Olivo", "variedad": null, "lon": -71.0926788, "lat": -28.4994289, "zona_manejo": "medio", "clase_vigor_kmeans": 2, "ndvi": 0.468, "ndvi_actual": 0.514, "rendimiento_2019": 59.5, "rendimiento_2020": 84.6, "estado": "sin_monitoreo", "ultimo_monitoreo": null}}, {"type": "Feature", "geometry": {"type": "Point", "coordinates": [-71.0926995, -28.4995136]}, "properties": {"codigo": "LL-OLI-0281", "id_arbol": 281, "predio": "Olivar Los Loros", "cultivo": "Olivo", "variedad": null, "lon": -71.0926995, "lat": -28.4995136, "zona_manejo": "medio", "clase_vigor_kmeans": 2, "ndvi": 0.466, "ndvi_actual": 0.501, "rendimiento_2019": 137.2, "rendimiento_2020": 92.8, "estado": "sin_monitoreo", "ultimo_monitoreo": null}}, {"type": "Feature", "geometry": {"type": "Point", "coordinates": [-71.0927273, -28.4995781]}, "properties": {"codigo": "LL-OLI-0282", "id_arbol": 282, "predio": "Olivar Los Loros", "cultivo": "Olivo", "variedad": null, "lon": -71.0927273, "lat": -28.4995781, "zona_manejo": "medio", "clase_vigor_kmeans": 3, "ndvi": 0.494, "ndvi_actual": 0.464, "rendimiento_2019": 87.1, "rendimiento_2020": 89.7, "estado": "sin_monitoreo", "ultimo_monitoreo": null}}, {"type": "Feature", "geometry": {"type": "Point", "coordinates": [-71.0927402, -28.4996553]}, "properties": {"codigo": "LL-OLI-0283", "id_arbol": 283, "predio": "Olivar Los Loros", "cultivo": "Olivo", "variedad": null, "lon": -71.0927402, "lat": -28.4996553, "zona_manejo": "medio", "clase_vigor_kmeans": 3, "ndvi": 0.494, "ndvi_actual": 0.464, "rendimiento_2019": 82.7, "rendimiento_2020": 88.9, "estado": "sin_monitoreo", "ultimo_monitoreo": null}}, {"type": "Feature", "geometry": {"type": "Point", "coordinates": [-71.0927721, -28.4997323]}, "properties": {"codigo": "LL-OLI-0284", "id_arbol": 284, "predio": "Olivar Los Loros", "cultivo": "Olivo", "variedad": null, "lon": -71.0927721, "lat": -28.4997323, "zona_manejo": "medio", "clase_vigor_kmeans": 2, "ndvi": 0.48, "ndvi_actual": 0.483, "rendimiento_2019": 82.5, "rendimiento_2020": 96.7, "estado": "sin_monitoreo", "ultimo_monitoreo": null}}, {"type": "Feature", "geometry": {"type": "Point", "coordinates": [-71.0928044, -28.4998144]}, "properties": {"codigo": "LL-OLI-0285", "id_arbol": 285, "predio": "Olivar Los Loros", "cultivo": "Olivo", "variedad": null, "lon": -71.0928044, "lat": -28.4998144, "zona_manejo": "medio", "clase_vigor_kmeans": 2, "ndvi": 0.469, "ndvi_actual": 0.511, "rendimiento_2019": 100.6, "rendimiento_2020": 93.5, "estado": "sin_monitoreo", "ultimo_monitoreo": null}}, {"type": "Feature", "geometry": {"type": "Point", "coordinates": [-71.092826, -28.4999174]}, "properties": {"codigo": "LL-OLI-0286", "id_arbol": 286, "predio": "Olivar Los Loros", "cultivo": "Olivo", "variedad": null, "lon": -71.092826, "lat": -28.4999174, "zona_manejo": "medio", "clase_vigor_kmeans": 2, "ndvi": 0.464, "ndvi_actual": 0.55, "rendimiento_2019": 55.7, "rendimiento_2020": 89.1, "estado": "sin_monitoreo", "ultimo_monitoreo": null}}, {"type": "Feature", "geometry": {"type": "Point", "coordinates": [-71.092858, -28.4999965]}, "properties": {"codigo": "LL-OLI-0287", "id_arbol": 287, "predio": "Olivar Los Loros", "cultivo": "Olivo", "variedad": null, "lon": -71.092858, "lat": -28.4999965, "zona_manejo": "medio", "clase_vigor_kmeans": 2, "ndvi": 0.444, "ndvi_actual": 0.487, "rendimiento_2019": 130.3, "rendimiento_2020": 89.4, "estado": "sin_monitoreo", "ultimo_monitoreo": null}}, {"type": "Feature", "geometry": {"type": "Point", "coordinates": [-71.09289, -28.5000643]}, "properties": {"codigo": "LL-OLI-0288", "id_arbol": 288, "predio": "Olivar Los Loros", "cultivo": "Olivo", "variedad": null, "lon": -71.09289, "lat": -28.5000643, "zona_manejo": "medio", "clase_vigor_kmeans": 2, "ndvi": 0.455, "ndvi_actual": 0.464, "rendimiento_2019": 100.2, "rendimiento_2020": 87.8, "estado": "sin_monitoreo", "ultimo_monitoreo": null}}, {"type": "Feature", "geometry": {"type": "Point", "coordinates": [-71.0938116, -28.5008115]}, "properties": {"codigo": "LL-OLI-0029", "id_arbol": 29, "predio": "Olivar Los Loros", "cultivo": "Olivo", "variedad": null, "lon": -71.0938116, "lat": -28.5008115, "zona_manejo": "medio", "clase_vigor_kmeans": 3, "ndvi": 0.535, "ndvi_actual": 0.606, "rendimiento_2019": 87.2, "rendimiento_2020": 98.1, "estado": "sin_monitoreo", "ultimo_monitoreo": null}}, {"type": "Feature", "geometry": {"type": "Point", "coordinates": [-71.0927276, -28.4999067]}, "properties": {"codigo": "LL-OLI-0290", "id_arbol": 290, "predio": "Olivar Los Loros", "cultivo": "Olivo", "variedad": null, "lon": -71.0927276, "lat": -28.4999067, "zona_manejo": "medio", "clase_vigor_kmeans": 3, "ndvi": 0.522, "ndvi_actual": 0.54, "rendimiento_2019": 133.8, "rendimiento_2020": 99.9, "estado": "sin_monitoreo", "ultimo_monitoreo": null}}, {"type": "Feature", "geometry": {"type": "Point", "coordinates": [-71.0927185, -28.4998341]}, "properties": {"codigo": "LL-OLI-0291", "id_arbol": 291, "predio": "Olivar Los Loros", "cultivo": "Olivo", "variedad": null, "lon": -71.0927185, "lat": -28.4998341, "zona_manejo": "medio", "clase_vigor_kmeans": 3, "ndvi": 0.517, "ndvi_actual": 0.558, "rendimiento_2019": 145.2, "rendimiento_2020": 97.8, "estado": "sin_monitoreo", "ultimo_monitoreo": null}}, {"type": "Feature", "geometry": {"type": "Point", "coordinates": [-71.0926879, -28.4997477]}, "properties": {"codigo": "LL-OLI-0292", "id_arbol": 292, "predio": "Olivar Los Loros", "cultivo": "Olivo", "variedad": null, "lon": -71.0926879, "lat": -28.4997477, "zona_manejo": "medio", "clase_vigor_kmeans": 3, "ndvi": 0.508, "ndvi_actual": 0.532, "rendimiento_2019": 117.0, "rendimiento_2020": 107.6, "estado": "sin_monitoreo", "ultimo_monitoreo": null}}, {"type": "Feature", "geometry": {"type": "Point", "coordinates": [-71.0926584, -28.499674]}, "properties": {"codigo": "LL-OLI-0293", "id_arbol": 293, "predio": "Olivar Los Loros", "cultivo": "Olivo", "variedad": null, "lon": -71.0926584, "lat": -28.499674, "zona_manejo": "medio", "clase_vigor_kmeans": 3, "ndvi": 0.508, "ndvi_actual": 0.532, "rendimiento_2019": 134.5, "rendimiento_2020": 100.4, "estado": "sin_monitoreo", "ultimo_monitoreo": null}}, {"type": "Feature", "geometry": {"type": "Point", "coordinates": [-71.0926445, -28.4996007]}, "properties": {"codigo": "LL-OLI-0294", "id_arbol": 294, "predio": "Olivar Los Loros", "cultivo": "Olivo", "variedad": null, "lon": -71.0926445, "lat": -28.4996007, "zona_manejo": "medio", "clase_vigor_kmeans": 3, "ndvi": 0.493, "ndvi_actual": 0.521, "rendimiento_2019": 122.8, "rendimiento_2020": 92.3, "estado": "sin_monitoreo", "ultimo_monitoreo": null}}, {"type": "Feature", "geometry": {"type": "Point", "coordinates": [-71.0926246, -28.4995539]}, "properties": {"codigo": "LL-OLI-0295", "id_arbol": 295, "predio": "Olivar Los Loros", "cultivo": "Olivo", "variedad": null, "lon": -71.0926246, "lat": -28.4995539, "zona_manejo": "medio", "clase_vigor_kmeans": 2, "ndvi": 0.466, "ndvi_actual": 0.501, "rendimiento_2019": 64.6, "rendimiento_2020": 88.5, "estado": "sin_monitoreo", "ultimo_monitoreo": null}}, {"type": "Feature", "geometry": {"type": "Point", "coordinates": [-71.0925898, -28.499467]}, "properties": {"codigo": "LL-OLI-0296", "id_arbol": 296, "predio": "Olivar Los Loros", "cultivo": "Olivo", "variedad": null, "lon": -71.0925898, "lat": -28.499467, "zona_manejo": "medio", "clase_vigor_kmeans": 2, "ndvi": 0.462, "ndvi_actual": 0.564, "rendimiento_2019": 76.0, "rendimiento_2020": 88.3, "estado": "sin_monitoreo", "ultimo_monitoreo": null}}, {"type": "Feature", "geometry": {"type": "Point", "coordinates": [-71.0925785, -28.4994124]}, "properties": {"codigo": "LL-OLI-0297", "id_arbol": 297, "predio": "Olivar Los Loros", "cultivo": "Olivo", "variedad": null, "lon": -71.0925785, "lat": -28.4994124, "zona_manejo": "medio", "clase_vigor_kmeans": 2, "ndvi": 0.462, "ndvi_actual": 0.564, "rendimiento_2019": 75.6, "rendimiento_2020": 82.2, "estado": "sin_monitoreo", "ultimo_monitoreo": null}}, {"type": "Feature", "geometry": {"type": "Point", "coordinates": [-71.0925499, -28.4993578]}, "properties": {"codigo": "LL-OLI-0298", "id_arbol": 298, "predio": "Olivar Los Loros", "cultivo": "Olivo", "variedad": null, "lon": -71.0925499, "lat": -28.4993578, "zona_manejo": "medio", "clase_vigor_kmeans": 3, "ndvi": 0.491, "ndvi_actual": 0.552, "rendimiento_2019": 38.0, "rendimiento_2020": 77.3, "estado": "sin_monitoreo", "ultimo_monitoreo": null}}, {"type": "Feature", "geometry": {"type": "Point", "coordinates": [-71.0925301, -28.4992846]}, "properties": {"codigo": "LL-OLI-0299", "id_arbol": 299, "predio": "Olivar Los Loros", "cultivo": "Olivo", "variedad": null, "lon": -71.0925301, "lat": -28.4992846, "zona_manejo": "medio", "clase_vigor_kmeans": 3, "ndvi": 0.497, "ndvi_actual": 0.549, "rendimiento_2019": 67.2, "rendimiento_2020": 76.7, "estado": "sin_monitoreo", "ultimo_monitoreo": null}}, {"type": "Feature", "geometry": {"type": "Point", "coordinates": [-71.0937223, -28.500176]}, "properties": {"codigo": "LL-OLI-0003", "id_arbol": 3, "predio": "Olivar Los Loros", "cultivo": "Olivo", "variedad": null, "lon": -71.0937223, "lat": -28.500176, "zona_manejo": "alto", "clase_vigor_kmeans": 4, "ndvi": 0.554, "ndvi_actual": 0.533, "rendimiento_2019": 104.0, "rendimiento_2020": 100.6, "estado": "sin_monitoreo", "ultimo_monitoreo": null}}, {"type": "Feature", "geometry": {"type": "Point", "coordinates": [-71.0938, -28.5007228]}, "properties": {"codigo": "LL-OLI-0030", "id_arbol": 30, "predio": "Olivar Los Loros", "cultivo": "Olivo", "variedad": null, "lon": -71.0938, "lat": -28.5007228, "zona_manejo": "medio", "clase_vigor_kmeans": 3, "ndvi": 0.505, "ndvi_actual": 0.611, "rendimiento_2019": 101.5, "rendimiento_2020": 90.8, "estado": "sin_monitoreo", "ultimo_monitoreo": null}}, {"type": "Feature", "geometry": {"type": "Point", "coordinates": [-71.0924922, -28.4991953]}, "properties": {"codigo": "LL-OLI-0300", "id_arbol": 300, "predio": "Olivar Los Loros", "cultivo": "Olivo", "variedad": null, "lon": -71.0924922, "lat": -28.4991953, "zona_manejo": "medio", "clase_vigor_kmeans": 3, "ndvi": 0.494, "ndvi_actual": 0.571, "rendimiento_2019": null, "rendimiento_2020": 83.1, "estado": "sin_monitoreo", "ultimo_monitoreo": null}}, {"type": "Feature", "geometry": {"type": "Point", "coordinates": [-71.0924733, -28.4991251]}, "properties": {"codigo": "LL-OLI-0301", "id_arbol": 301, "predio": "Olivar Los Loros", "cultivo": "Olivo", "variedad": null, "lon": -71.0924733, "lat": -28.4991251, "zona_manejo": "medio", "clase_vigor_kmeans": 3, "ndvi": 0.508, "ndvi_actual": 0.522, "rendimiento_2019": 72.0, "rendimiento_2020": 88.2, "estado": "sin_monitoreo", "ultimo_monitoreo": null}}, {"type": "Feature", "geometry": {"type": "Point", "coordinates": [-71.0923823, -28.4991304]}, "properties": {"codigo": "LL-OLI-0302", "id_arbol": 302, "predio": "Olivar Los Loros", "cultivo": "Olivo", "variedad": null, "lon": -71.0923823, "lat": -28.4991304, "zona_manejo": "medio", "clase_vigor_kmeans": 3, "ndvi": 0.473, "ndvi_actual": 0.58, "rendimiento_2019": 60.7, "rendimiento_2020": 83.4, "estado": "sin_monitoreo", "ultimo_monitoreo": null}}, {"type": "Feature", "geometry": {"type": "Point", "coordinates": [-71.0924082, -28.4992183]}, "properties": {"codigo": "LL-OLI-0303", "id_arbol": 303, "predio": "Olivar Los Loros", "cultivo": "Olivo", "variedad": null, "lon": -71.0924082, "lat": -28.4992183, "zona_manejo": "medio", "clase_vigor_kmeans": 3, "ndvi": 0.503, "ndvi_actual": 0.588, "rendimiento_2019": 37.0, "rendimiento_2020": 83.7, "estado": "sin_monitoreo", "ultimo_monitoreo": null}}, {"type": "Feature", "geometry": {"type": "Point", "coordinates": [-71.0924322, -28.4993007]}, "properties": {"codigo": "LL-OLI-0304", "id_arbol": 304, "predio": "Olivar Los Loros", "cultivo": "Olivo", "variedad": null, "lon": -71.0924322, "lat": -28.4993007, "zona_manejo": "medio", "clase_vigor_kmeans": 3, "ndvi": 0.491, "ndvi_actual": 0.571, "rendimiento_2019": 57.0, "rendimiento_2020": 82.6, "estado": "sin_monitoreo", "ultimo_monitoreo": null}}, {"type": "Feature", "geometry": {"type": "Point", "coordinates": [-71.0924461, -28.4993599]}, "properties": {"codigo": "LL-OLI-0305", "id_arbol": 305, "predio": "Olivar Los Loros", "cultivo": "Olivo", "variedad": null, "lon": -71.0924461, "lat": -28.4993599, "zona_manejo": "medio", "clase_vigor_kmeans": 3, "ndvi": 0.497, "ndvi_actual": 0.568, "rendimiento_2019": 67.8, "rendimiento_2020": 84.2, "estado": "sin_monitoreo", "ultimo_monitoreo": null}}, {"type": "Feature", "geometry": {"type": "Point", "coordinates": [-71.092454, -28.4994233]}, "properties": {"codigo": "LL-OLI-0306", "id_arbol": 306, "predio": "Olivar Los Loros", "cultivo": "Olivo", "variedad": null, "lon": -71.092454, "lat": -28.4994233, "zona_manejo": "medio", "clase_vigor_kmeans": 2, "ndvi": 0.486, "ndvi_actual": 0.568, "rendimiento_2019": 98.0, "rendimiento_2020": 84.3, "estado": "sin_monitoreo", "ultimo_monitoreo": null}}, {"type": "Feature", "geometry": {"type": "Point", "coordinates": [-71.0924884, -28.4994872]}, "properties": {"codigo": "LL-OLI-0307", "id_arbol": 307, "predio": "Olivar Los Loros", "cultivo": "Olivo", "variedad": null, "lon": -71.0924884, "lat": -28.4994872, "zona_manejo": "medio", "clase_vigor_kmeans": 2, "ndvi": 0.482, "ndvi_actual": 0.575, "rendimiento_2019": 29.1, "rendimiento_2020": 89.2, "estado": "sin_monitoreo", "ultimo_monitoreo": null}}, {"type": "Feature", "geometry": {"type": "Point", "coordinates": [-71.0925081, -28.4995759]}, "properties": {"codigo": "LL-OLI-0308", "id_arbol": 308, "predio": "Olivar Los Loros", "cultivo": "Olivo", "variedad": null, "lon": -71.0925081, "lat": -28.4995759, "zona_manejo": "medio", "clase_vigor_kmeans": 3, "ndvi": 0.503, "ndvi_actual": 0.562, "rendimiento_2019": 69.5, "rendimiento_2020": 88.4, "estado": "sin_monitoreo", "ultimo_monitoreo": null}}, {"type": "Feature", "geometry": {"type": "Point", "coordinates": [-71.0925606, -28.4996473]}, "properties": {"codigo": "LL-OLI-0309", "id_arbol": 309, "predio": "Olivar Los Loros", "cultivo": "Olivo", "variedad": null, "lon": -71.0925606, "lat": -28.4996473, "zona_manejo": "medio", "clase_vigor_kmeans": 3, "ndvi": 0.492, "ndvi_actual": 0.554, "rendimiento_2019": 46.8, "rendimiento_2020": 83.9, "estado": "sin_monitoreo", "ultimo_monitoreo": null}}, {"type": "Feature", "geometry": {"type": "Point", "coordinates": [-71.0937654, -28.5006381]}, "properties": {"codigo": "LL-OLI-0031", "id_arbol": 31, "predio": "Olivar Los Loros", "cultivo": "Olivo", "variedad": null, "lon": -71.0937654, "lat": -28.5006381, "zona_manejo": "medio", "clase_vigor_kmeans": 3, "ndvi": 0.491, "ndvi_actual": 0.612, "rendimiento_2019": 113.5, "rendimiento_2020": 91.3, "estado": "sin_monitoreo", "ultimo_monitoreo": null}}, {"type": "Feature", "geometry": {"type": "Point", "coordinates": [-71.0925835, -28.4997733]}, "properties": {"codigo": "LL-OLI-0310", "id_arbol": 310, "predio": "Olivar Los Loros", "cultivo": "Olivo", "variedad": null, "lon": -71.0925835, "lat": -28.4997733, "zona_manejo": "alto", "clase_vigor_kmeans": 4, "ndvi": 0.544, "ndvi_actual": 0.564, "rendimiento_2019": 91.8, "rendimiento_2020": 86.8, "estado": "sin_monitoreo", "ultimo_monitoreo": null}}, {"type": "Feature", "geometry": {"type": "Point", "coordinates": [-71.0925951, -28.4998453]}, "properties": {"codigo": "LL-OLI-0311", "id_arbol": 311, "predio": "Olivar Los Loros", "cultivo": "Olivo", "variedad": null, "lon": -71.0925951, "lat": -28.4998453, "zona_manejo": "alto", "clase_vigor_kmeans": 4, "ndvi": 0.544, "ndvi_actual": 0.552, "rendimiento_2019": 85.2, "rendimiento_2020": 83.1, "estado": "sin_monitoreo", "ultimo_monitoreo": null}}, {"type": "Feature", "geometry": {"type": "Point", "coordinates": [-71.0926173, -28.4999352]}, "properties": {"codigo": "LL-OLI-0312", "id_arbol": 312, "predio": "Olivar Los Loros", "cultivo": "Olivo", "variedad": null, "lon": -71.0926173, "lat": -28.4999352, "zona_manejo": "medio", "clase_vigor_kmeans": 3, "ndvi": 0.521, "ndvi_actual": 0.534, "rendimiento_2019": 118.0, "rendimiento_2020": 93.7, "estado": "sin_monitoreo", "ultimo_monitoreo": null}}, {"type": "Feature", "geometry": {"type": "Point", "coordinates": [-71.0926688, -28.5000063]}, "properties": {"codigo": "LL-OLI-0313", "id_arbol": 313, "predio": "Olivar Los Loros", "cultivo": "Olivo", "variedad": null, "lon": -71.0926688, "lat": -28.5000063, "zona_manejo": "medio", "clase_vigor_kmeans": 3, "ndvi": 0.518, "ndvi_actual": 0.546, "rendimiento_2019": 68.5, "rendimiento_2020": 89.6, "estado": "sin_monitoreo", "ultimo_monitoreo": null}}, {"type": "Feature", "geometry": {"type": "Point", "coordinates": [-71.0925152, -28.4999367]}, "properties": {"codigo": "LL-OLI-0314", "id_arbol": 314, "predio": "Olivar Los Loros", "cultivo": "Olivo", "variedad": null, "lon": -71.0925152, "lat": -28.4999367, "zona_manejo": "medio", "clase_vigor_kmeans": 3, "ndvi": 0.507, "ndvi_actual": 0.522, "rendimiento_2019": 146.2, "rendimiento_2020": 103.5, "estado": "sin_monitoreo", "ultimo_monitoreo": null}}, {"type": "Feature", "geometry": {"type": "Point", "coordinates": [-71.0925023, -28.4998016]}, "properties": {"codigo": "LL-OLI-0315", "id_arbol": 315, "predio": "Olivar Los Loros", "cultivo": "Olivo", "variedad": null, "lon": -71.0925023, "lat": -28.4998016, "zona_manejo": "alto", "clase_vigor_kmeans": 4, "ndvi": 0.549, "ndvi_actual": 0.565, "rendimiento_2019": 90.6, "rendimiento_2020": 90.4, "estado": "sin_monitoreo", "ultimo_monitoreo": null}}, {"type": "Feature", "geometry": {"type": "Point", "coordinates": [-71.0924597, -28.499712]}, "properties": {"codigo": "LL-OLI-0316", "id_arbol": 316, "predio": "Olivar Los Loros", "cultivo": "Olivo", "variedad": null, "lon": -71.0924597, "lat": -28.499712, "zona_manejo": "alto", "clase_vigor_kmeans": 4, "ndvi": 0.542, "ndvi_actual": 0.564, "rendimiento_2019": 38.4, "rendimiento_2020": 92.1, "estado": "sin_monitoreo", "ultimo_monitoreo": null}}, {"type": "Feature", "geometry": {"type": "Point", "coordinates": [-71.0924217, -28.4996148]}, "properties": {"codigo": "LL-OLI-0317", "id_arbol": 317, "predio": "Olivar Los Loros", "cultivo": "Olivo", "variedad": null, "lon": -71.0924217, "lat": -28.4996148, "zona_manejo": "medio", "clase_vigor_kmeans": 3, "ndvi": 0.503, "ndvi_actual": 0.562, "rendimiento_2019": 75.7, "rendimiento_2020": 88.2, "estado": "sin_monitoreo", "ultimo_monitoreo": null}}, {"type": "Feature", "geometry": {"type": "Point", "coordinates": [-71.0923944, -28.4995613]}, "properties": {"codigo": "LL-OLI-0318", "id_arbol": 318, "predio": "Olivar Los Loros", "cultivo": "Olivo", "variedad": null, "lon": -71.0923944, "lat": -28.4995613, "zona_manejo": "medio", "clase_vigor_kmeans": 3, "ndvi": 0.503, "ndvi_actual": 0.573, "rendimiento_2019": 60.2, "rendimiento_2020": 91.1, "estado": "sin_monitoreo", "ultimo_monitoreo": null}}, {"type": "Feature", "geometry": {"type": "Point", "coordinates": [-71.0923736, -28.4994983]}, "properties": {"codigo": "LL-OLI-0319", "id_arbol": 319, "predio": "Olivar Los Loros", "cultivo": "Olivo", "variedad": null, "lon": -71.0923736, "lat": -28.4994983, "zona_manejo": "medio", "clase_vigor_kmeans": 3, "ndvi": 0.503, "ndvi_actual": 0.573, "rendimiento_2019": 87.8, "rendimiento_2020": 90.9, "estado": "sin_monitoreo", "ultimo_monitoreo": null}}, {"type": "Feature", "geometry": {"type": "Point", "coordinates": [-71.0937405, -28.5005499]}, "properties": {"codigo": "LL-OLI-0032", "id_arbol": 32, "predio": "Olivar Los Loros", "cultivo": "Olivo", "variedad": null, "lon": -71.0937405, "lat": -28.5005499, "zona_manejo": "medio", "clase_vigor_kmeans": 3, "ndvi": 0.502, "ndvi_actual": 0.647, "rendimiento_2019": 127.4, "rendimiento_2020": 92.6, "estado": "sin_monitoreo", "ultimo_monitoreo": null}}, {"type": "Feature", "geometry": {"type": "Point", "coordinates": [-71.0923525, -28.4994271]}, "properties": {"codigo": "LL-OLI-0320", "id_arbol": 320, "predio": "Olivar Los Loros", "cultivo": "Olivo", "variedad": null, "lon": -71.0923525, "lat": -28.4994271, "zona_manejo": "medio", "clase_vigor_kmeans": 3, "ndvi": 0.507, "ndvi_actual": 0.577, "rendimiento_2019": 61.0, "rendimiento_2020": 85.3, "estado": "sin_monitoreo", "ultimo_monitoreo": null}}, {"type": "Feature", "geometry": {"type": "Point", "coordinates": [-71.0923364, -28.4993735]}, "properties": {"codigo": "LL-OLI-0321", "id_arbol": 321, "predio": "Olivar Los Loros", "cultivo": "Olivo", "variedad": null, "lon": -71.0923364, "lat": -28.4993735, "zona_manejo": "alto", "clase_vigor_kmeans": 4, "ndvi": 0.529, "ndvi_actual": 0.566, "rendimiento_2019": 60.7, "rendimiento_2020": 85.8, "estado": "sin_monitoreo", "ultimo_monitoreo": null}}, {"type": "Feature", "geometry": {"type": "Point", "coordinates": [-71.092322, -28.4993098]}, "properties": {"codigo": "LL-OLI-0322", "id_arbol": 322, "predio": "Olivar Los Loros", "cultivo": "Olivo", "variedad": null, "lon": -71.092322, "lat": -28.4993098, "zona_manejo": "alto", "clase_vigor_kmeans": 4, "ndvi": 0.529, "ndvi_actual": 0.566, "rendimiento_2019": 60.4, "rendimiento_2020": 85.9, "estado": "sin_monitoreo", "ultimo_monitoreo": null}}, {"type": "Feature", "geometry": {"type": "Point", "coordinates": [-71.0923016, -28.4992326]}, "properties": {"codigo": "LL-OLI-0323", "id_arbol": 323, "predio": "Olivar Los Loros", "cultivo": "Olivo", "variedad": null, "lon": -71.0923016, "lat": -28.4992326, "zona_manejo": "medio", "clase_vigor_kmeans": 3, "ndvi": 0.501, "ndvi_actual": 0.582, "rendimiento_2019": 117.5, "rendimiento_2020": 87.0, "estado": "sin_monitoreo", "ultimo_monitoreo": null}}, {"type": "Feature", "geometry": {"type": "Point", "coordinates": [-71.0922788, -28.4991542]}, "properties": {"codigo": "LL-OLI-0324", "id_arbol": 324, "predio": "Olivar Los Loros", "cultivo": "Olivo", "variedad": null, "lon": -71.0922788, "lat": -28.4991542, "zona_manejo": "medio", "clase_vigor_kmeans": 3, "ndvi": 0.469, "ndvi_actual": 0.538, "rendimiento_2019": 20.1, "rendimiento_2020": 81.2, "estado": "sin_monitoreo", "ultimo_monitoreo": null}}, {"type": "Feature", "geometry": {"type": "Point", "coordinates": [-71.0921776, -28.4991746]}, "properties": {"codigo": "LL-OLI-0325", "id_arbol": 325, "predio": "Olivar Los Loros", "cultivo": "Olivo", "variedad": null, "lon": -71.0921776, "lat": -28.4991746, "zona_manejo": "medio", "clase_vigor_kmeans": 3, "ndvi": 0.474, "ndvi_actual": 0.486, "rendimiento_2019": 89.8, "rendimiento_2020": 82.1, "estado": "sin_monitoreo", "ultimo_monitoreo": null}}, {"type": "Feature", "geometry": {"type": "Point", "coordinates": [-71.0922043, -28.4992363]}, "properties": {"codigo": "LL-OLI-0326", "id_arbol": 326, "predio": "Olivar Los Loros", "cultivo": "Olivo", "variedad": null, "lon": -71.0922043, "lat": -28.4992363, "zona_manejo": "medio", "clase_vigor_kmeans": 3, "ndvi": 0.49, "ndvi_actual": 0.576, "rendimiento_2019": 64.5, "rendimiento_2020": 81.9, "estado": "sin_monitoreo", "ultimo_monitoreo": null}}, {"type": "Feature", "geometry": {"type": "Point", "coordinates": [-71.0922326, -28.4993195]}, "properties": {"codigo": "LL-OLI-0327", "id_arbol": 327, "predio": "Olivar Los Loros", "cultivo": "Olivo", "variedad": null, "lon": -71.0922326, "lat": -28.4993195, "zona_manejo": "medio", "clase_vigor_kmeans": 3, "ndvi": 0.514, "ndvi_actual": 0.567, "rendimiento_2019": 84.0, "rendimiento_2020": 80.7, "estado": "sin_monitoreo", "ultimo_monitoreo": null}}, {"type": "Feature", "geometry": {"type": "Point", "coordinates": [-71.0922553, -28.4993878]}, "properties": {"codigo": "LL-OLI-0328", "id_arbol": 328, "predio": "Olivar Los Loros", "cultivo": "Olivo", "variedad": null, "lon": -71.0922553, "lat": -28.4993878, "zona_manejo": "medio", "clase_vigor_kmeans": 3, "ndvi": 0.514, "ndvi_actual": 0.567, "rendimiento_2019": 96.4, "rendimiento_2020": 80.8, "estado": "sin_monitoreo", "ultimo_monitoreo": null}}, {"type": "Feature", "geometry": {"type": "Point", "coordinates": [-71.0922789, -28.4994409]}, "properties": {"codigo": "LL-OLI-0329", "id_arbol": 329, "predio": "Olivar Los Loros", "cultivo": "Olivo", "variedad": null, "lon": -71.0922789, "lat": -28.4994409, "zona_manejo": "medio", "clase_vigor_kmeans": 3, "ndvi": 0.485, "ndvi_actual": 0.596, "rendimiento_2019": 80.4, "rendimiento_2020": 83.1, "estado": "sin_monitoreo", "ultimo_monitoreo": null}}, {"type": "Feature", "geometry": {"type": "Point", "coordinates": [-71.093726, -28.5004535]}, "properties": {"codigo": "LL-OLI-0033", "id_arbol": 33, "predio": "Olivar Los Loros", "cultivo": "Olivo", "variedad": null, "lon": -71.093726, "lat": -28.5004535, "zona_manejo": "medio", "clase_vigor_kmeans": 3, "ndvi": 0.521, "ndvi_actual": 0.512, "rendimiento_2019": 122.5, "rendimiento_2020": 105.1, "estado": "sin_monitoreo", "ultimo_monitoreo": null}}, {"type": "Feature", "geometry": {"type": "Point", "coordinates": [-71.0922928, -28.4995341]}, "properties": {"codigo": "LL-OLI-0330", "id_arbol": 330, "predio": "Olivar Los Loros", "cultivo": "Olivo", "variedad": null, "lon": -71.0922928, "lat": -28.4995341, "zona_manejo": "medio", "clase_vigor_kmeans": 3, "ndvi": 0.493, "ndvi_actual": 0.584, "rendimiento_2019": 51.3, "rendimiento_2020": 83.9, "estado": "sin_monitoreo", "ultimo_monitoreo": null}}, {"type": "Feature", "geometry": {"type": "Point", "coordinates": [-71.0923245, -28.4995878]}, "properties": {"codigo": "LL-OLI-0331", "id_arbol": 331, "predio": "Olivar Los Loros", "cultivo": "Olivo", "variedad": null, "lon": -71.0923245, "lat": -28.4995878, "zona_manejo": "medio", "clase_vigor_kmeans": 3, "ndvi": 0.505, "ndvi_actual": 0.55, "rendimiento_2019": 115.0, "rendimiento_2020": 83.9, "estado": "sin_monitoreo", "ultimo_monitoreo": null}}, {"type": "Feature", "geometry": {"type": "Point", "coordinates": [-71.0923671, -28.4996773]}, "properties": {"codigo": "LL-OLI-0332", "id_arbol": 332, "predio": "Olivar Los Loros", "cultivo": "Olivo", "variedad": null, "lon": -71.0923671, "lat": -28.4996773, "zona_manejo": "medio", "clase_vigor_kmeans": 3, "ndvi": 0.524, "ndvi_actual": 0.562, "rendimiento_2019": 81.0, "rendimiento_2020": 84.5, "estado": "sin_monitoreo", "ultimo_monitoreo": null}}, {"type": "Feature", "geometry": {"type": "Point", "coordinates": [-71.0923789, -28.4997584]}, "properties": {"codigo": "LL-OLI-0333", "id_arbol": 333, "predio": "Olivar Los Loros", "cultivo": "Olivo", "variedad": null, "lon": -71.0923789, "lat": -28.4997584, "zona_manejo": "alto", "clase_vigor_kmeans": 4, "ndvi": 0.539, "ndvi_actual": 0.558, "rendimiento_2019": 107.9, "rendimiento_2020": 91.5, "estado": "sin_monitoreo", "ultimo_monitoreo": null}}, {"type": "Feature", "geometry": {"type": "Point", "coordinates": [-71.0923907, -28.4998394]}, "properties": {"codigo": "LL-OLI-0334", "id_arbol": 334, "predio": "Olivar Los Loros", "cultivo": "Olivo", "variedad": null, "lon": -71.0923907, "lat": -28.4998394, "zona_manejo": "alto", "clase_vigor_kmeans": 4, "ndvi": 0.539, "ndvi_actual": 0.558, "rendimiento_2019": 38.6, "rendimiento_2020": 91.4, "estado": "sin_monitoreo", "ultimo_monitoreo": null}}, {"type": "Feature", "geometry": {"type": "Point", "coordinates": [-71.0924031, -28.4999475]}, "properties": {"codigo": "LL-OLI-0335", "id_arbol": 335, "predio": "Olivar Los Loros", "cultivo": "Olivo", "variedad": null, "lon": -71.0924031, "lat": -28.4999475, "zona_manejo": "medio", "clase_vigor_kmeans": 3, "ndvi": 0.502, "ndvi_actual": 0.529, "rendimiento_2019": 135.2, "rendimiento_2020": 100.2, "estado": "sin_monitoreo", "ultimo_monitoreo": null}}, {"type": "Feature", "geometry": {"type": "Point", "coordinates": [-71.0924561, -28.5000459]}, "properties": {"codigo": "LL-OLI-0336", "id_arbol": 336, "predio": "Olivar Los Loros", "cultivo": "Olivo", "variedad": null, "lon": -71.0924561, "lat": -28.5000459, "zona_manejo": "medio", "clase_vigor_kmeans": 2, "ndvi": 0.454, "ndvi_actual": 0.474, "rendimiento_2019": 113.3, "rendimiento_2020": 82.4, "estado": "sin_monitoreo", "ultimo_monitoreo": null}}, {"type": "Feature", "geometry": {"type": "Point", "coordinates": [-71.0923319, -28.4999666]}, "properties": {"codigo": "LL-OLI-0337", "id_arbol": 337, "predio": "Olivar Los Loros", "cultivo": "Olivo", "variedad": null, "lon": -71.0923319, "lat": -28.4999666, "zona_manejo": "medio", "clase_vigor_kmeans": 3, "ndvi": 0.502, "ndvi_actual": 0.529, "rendimiento_2019": 113.0, "rendimiento_2020": 104.7, "estado": "sin_monitoreo", "ultimo_monitoreo": null}}, {"type": "Feature", "geometry": {"type": "Point", "coordinates": [-71.0922981, -28.4998047]}, "properties": {"codigo": "LL-OLI-0338", "id_arbol": 338, "predio": "Olivar Los Loros", "cultivo": "Olivo", "variedad": null, "lon": -71.0922981, "lat": -28.4998047, "zona_manejo": "medio", "clase_vigor_kmeans": 3, "ndvi": 0.531, "ndvi_actual": 0.538, "rendimiento_2019": 65.7, "rendimiento_2020": 99.0, "estado": "sin_monitoreo", "ultimo_monitoreo": null}}, {"type": "Feature", "geometry": {"type": "Point", "coordinates": [-71.0922685, -28.4996971]}, "properties": {"codigo": "LL-OLI-0339", "id_arbol": 339, "predio": "Olivar Los Loros", "cultivo": "Olivo", "variedad": null, "lon": -71.0922685, "lat": -28.4996971, "zona_manejo": "medio", "clase_vigor_kmeans": 3, "ndvi": 0.527, "ndvi_actual": 0.556, "rendimiento_2019": null, "rendimiento_2020": 82.6, "estado": "sin_monitoreo", "ultimo_monitoreo": null}}, {"type": "Feature", "geometry": {"type": "Point", "coordinates": [-71.0936803, -28.500363]}, "properties": {"codigo": "LL-OLI-0034", "id_arbol": 34, "predio": "Olivar Los Loros", "cultivo": "Olivo", "variedad": null, "lon": -71.0936803, "lat": -28.500363, "zona_manejo": "alto", "clase_vigor_kmeans": 4, "ndvi": 0.556, "ndvi_actual": 0.539, "rendimiento_2019": 133.8, "rendimiento_2020": 95.6, "estado": "sin_monitoreo", "ultimo_monitoreo": null}}, {"type": "Feature", "geometry": {"type": "Point", "coordinates": [-71.0922123, -28.4995985]}, "properties": {"codigo": "LL-OLI-0340", "id_arbol": 340, "predio": "Olivar Los Loros", "cultivo": "Olivo", "variedad": null, "lon": -71.0922123, "lat": -28.4995985, "zona_manejo": "medio", "clase_vigor_kmeans": 3, "ndvi": 0.499, "ndvi_actual": 0.546, "rendimiento_2019": 46.6, "rendimiento_2020": 78.4, "estado": "sin_monitoreo", "ultimo_monitoreo": null}}, {"type": "Feature", "geometry": {"type": "Point", "coordinates": [-71.0921901, -28.4995086]}, "properties": {"codigo": "LL-OLI-0341", "id_arbol": 341, "predio": "Olivar Los Loros", "cultivo": "Olivo", "variedad": null, "lon": -71.0921901, "lat": -28.4995086, "zona_manejo": "medio", "clase_vigor_kmeans": 3, "ndvi": 0.505, "ndvi_actual": 0.545, "rendimiento_2019": 46.8, "rendimiento_2020": 79.3, "estado": "sin_monitoreo", "ultimo_monitoreo": null}}, {"type": "Feature", "geometry": {"type": "Point", "coordinates": [-71.0921579, -28.4994279]}, "properties": {"codigo": "LL-OLI-0342", "id_arbol": 342, "predio": "Olivar Los Loros", "cultivo": "Olivo", "variedad": null, "lon": -71.0921579, "lat": -28.4994279, "zona_manejo": "medio", "clase_vigor_kmeans": 3, "ndvi": 0.501, "ndvi_actual": 0.572, "rendimiento_2019": 74.5, "rendimiento_2020": 81.4, "estado": "sin_monitoreo", "ultimo_monitoreo": null}}, {"type": "Feature", "geometry": {"type": "Point", "coordinates": [-71.0921357, -28.499338]}, "properties": {"codigo": "LL-OLI-0343", "id_arbol": 343, "predio": "Olivar Los Loros", "cultivo": "Olivo", "variedad": null, "lon": -71.0921357, "lat": -28.499338, "zona_manejo": "medio", "clase_vigor_kmeans": 3, "ndvi": 0.496, "ndvi_actual": 0.561, "rendimiento_2019": 66.7, "rendimiento_2020": 78.0, "estado": "sin_monitoreo", "ultimo_monitoreo": null}}, {"type": "Feature", "geometry": {"type": "Point", "coordinates": [-71.0921137, -28.4992571]}, "properties": {"codigo": "LL-OLI-0344", "id_arbol": 344, "predio": "Olivar Los Loros", "cultivo": "Olivo", "variedad": null, "lon": -71.0921137, "lat": -28.4992571, "zona_manejo": "medio", "clase_vigor_kmeans": 3, "ndvi": 0.49, "ndvi_actual": 0.576, "rendimiento_2019": 66.7, "rendimiento_2020": 81.0, "estado": "sin_monitoreo", "ultimo_monitoreo": null}}, {"type": "Feature", "geometry": {"type": "Point", "coordinates": [-71.092094, -28.4991814]}, "properties": {"codigo": "LL-OLI-0345", "id_arbol": 345, "predio": "Olivar Los Loros", "cultivo": "Olivo", "variedad": null, "lon": -71.092094, "lat": -28.4991814, "zona_manejo": "medio", "clase_vigor_kmeans": 3, "ndvi": 0.475, "ndvi_actual": 0.459, "rendimiento_2019": null, "rendimiento_2020": 82.7, "estado": "sin_monitoreo", "ultimo_monitoreo": null}}, {"type": "Feature", "geometry": {"type": "Point", "coordinates": [-71.0917334, -28.4987685]}, "properties": {"codigo": "LL-OLI-0346", "id_arbol": 346, "predio": "Olivar Los Loros", "cultivo": "Olivo", "variedad": null, "lon": -71.0917334, "lat": -28.4987685, "zona_manejo": "medio", "clase_vigor_kmeans": 2, "ndvi": 0.455, "ndvi_actual": 0.398, "rendimiento_2019": 19.3, "rendimiento_2020": 84.1, "estado": "sin_monitoreo", "ultimo_monitoreo": null}}, {"type": "Feature", "geometry": {"type": "Point", "coordinates": [-71.0917648, -28.4988556]}, "properties": {"codigo": "LL-OLI-0347", "id_arbol": 347, "predio": "Olivar Los Loros", "cultivo": "Olivo", "variedad": null, "lon": -71.0917648, "lat": -28.4988556, "zona_manejo": "medio", "clase_vigor_kmeans": 2, "ndvi": 0.444, "ndvi_actual": 0.497, "rendimiento_2019": 39.1, "rendimiento_2020": 81.9, "estado": "sin_monitoreo", "ultimo_monitoreo": null}}, {"type": "Feature", "geometry": {"type": "Point", "coordinates": [-71.0917939, -28.4989466]}, "properties": {"codigo": "LL-OLI-0348", "id_arbol": 348, "predio": "Olivar Los Loros", "cultivo": "Olivo", "variedad": null, "lon": -71.0917939, "lat": -28.4989466, "zona_manejo": "medio", "clase_vigor_kmeans": 3, "ndvi": 0.477, "ndvi_actual": 0.491, "rendimiento_2019": 39.8, "rendimiento_2020": 80.8, "estado": "sin_monitoreo", "ultimo_monitoreo": null}}, {"type": "Feature", "geometry": {"type": "Point", "coordinates": [-71.0918256, -28.4990374]}, "properties": {"codigo": "LL-OLI-0349", "id_arbol": 349, "predio": "Olivar Los Loros", "cultivo": "Olivo", "variedad": null, "lon": -71.0918256, "lat": -28.4990374, "zona_manejo": "medio", "clase_vigor_kmeans": 3, "ndvi": 0.451, "ndvi_actual": 0.545, "rendimiento_2019": 47.8, "rendimiento_2020": 76.6, "estado": "sin_monitoreo", "ultimo_monitoreo": null}}, {"type": "Feature", "geometry": {"type": "Point", "coordinates": [-71.0936529, -28.5002827]}, "properties": {"codigo": "LL-OLI-0035", "id_arbol": 35, "predio": "Olivar Los Loros", "cultivo": "Olivo", "variedad": null, "lon": -71.0936529, "lat": -28.5002827, "zona_manejo": "alto", "clase_vigor_kmeans": 4, "ndvi": 0.561, "ndvi_actual": 0.53, "rendimiento_2019": 123.4, "rendimiento_2020": 92.2, "estado": "sin_monitoreo", "ultimo_monitoreo": null}}, {"type": "Feature", "geometry": {"type": "Point", "coordinates": [-71.0918686, -28.4991467]}, "properties": {"codigo": "LL-OLI-0350", "id_arbol": 350, "predio": "Olivar Los Loros", "cultivo": "Olivo", "variedad": null, "lon": -71.0918686, "lat": -28.4991467, "zona_manejo": "bajo", "clase_vigor_kmeans": 1, "ndvi": 0.438, "ndvi_actual": 0.586, "rendimiento_2019": 68.8, "rendimiento_2020": 78.8, "estado": "sin_monitoreo", "ultimo_monitoreo": null}}, {"type": "Feature", "geometry": {"type": "Point", "coordinates": [-71.0918737, -28.4992131]}, "properties": {"codigo": "LL-OLI-0351", "id_arbol": 351, "predio": "Olivar Los Loros", "cultivo": "Olivo", "variedad": null, "lon": -71.0918737, "lat": -28.4992131, "zona_manejo": "bajo", "clase_vigor_kmeans": 1, "ndvi": 0.438, "ndvi_actual": 0.586, "rendimiento_2019": 59.1, "rendimiento_2020": 82.5, "estado": "sin_monitoreo", "ultimo_monitoreo": null}}, {"type": "Feature", "geometry": {"type": "Point", "coordinates": [-71.0918855, -28.4992712]}, "properties": {"codigo": "LL-OLI-0352", "id_arbol": 352, "predio": "Olivar Los Loros", "cultivo": "Olivo", "variedad": null, "lon": -71.0918855, "lat": -28.4992712, "zona_manejo": "bajo", "clase_vigor_kmeans": 1, "ndvi": 0.419, "ndvi_actual": 0.612, "rendimiento_2019": 77.6, "rendimiento_2020": 85.4, "estado": "sin_monitoreo", "ultimo_monitoreo": null}}, {"type": "Feature", "geometry": {"type": "Point", "coordinates": [-71.0919187, -28.4993454]}, "properties": {"codigo": "LL-OLI-0353", "id_arbol": 353, "predio": "Olivar Los Loros", "cultivo": "Olivo", "variedad": null, "lon": -71.0919187, "lat": -28.4993454, "zona_manejo": "medio", "clase_vigor_kmeans": 3, "ndvi": 0.473, "ndvi_actual": 0.595, "rendimiento_2019": 73.2, "rendimiento_2020": 82.6, "estado": "sin_monitoreo", "ultimo_monitoreo": null}}, {"type": "Feature", "geometry": {"type": "Point", "coordinates": [-71.0919504, -28.4994397]}, "properties": {"codigo": "LL-OLI-0354", "id_arbol": 354, "predio": "Olivar Los Loros", "cultivo": "Olivo", "variedad": null, "lon": -71.0919504, "lat": -28.4994397, "zona_manejo": "medio", "clase_vigor_kmeans": 3, "ndvi": 0.499, "ndvi_actual": 0.583, "rendimiento_2019": 34.4, "rendimiento_2020": 84.6, "estado": "sin_monitoreo", "ultimo_monitoreo": null}}, {"type": "Feature", "geometry": {"type": "Point", "coordinates": [-71.0919772, -28.4995258]}, "properties": {"codigo": "LL-OLI-0355", "id_arbol": 355, "predio": "Olivar Los Loros", "cultivo": "Olivo", "variedad": null, "lon": -71.0919772, "lat": -28.4995258, "zona_manejo": "medio", "clase_vigor_kmeans": 3, "ndvi": 0.518, "ndvi_actual": 0.575, "rendimiento_2019": 57.6, "rendimiento_2020": 86.9, "estado": "sin_monitoreo", "ultimo_monitoreo": null}}, {"type": "Feature", "geometry": {"type": "Point", "coordinates": [-71.0920123, -28.4996213]}, "properties": {"codigo": "LL-OLI-0356", "id_arbol": 356, "predio": "Olivar Los Loros", "cultivo": "Olivo", "variedad": null, "lon": -71.0920123, "lat": -28.4996213, "zona_manejo": "medio", "clase_vigor_kmeans": 3, "ndvi": 0.509, "ndvi_actual": 0.543, "rendimiento_2019": 89.3, "rendimiento_2020": 86.9, "estado": "sin_monitoreo", "ultimo_monitoreo": null}}, {"type": "Feature", "geometry": {"type": "Point", "coordinates": [-71.0920441, -28.4997035]}, "properties": {"codigo": "LL-OLI-0357", "id_arbol": 357, "predio": "Olivar Los Loros", "cultivo": "Olivo", "variedad": null, "lon": -71.0920441, "lat": -28.4997035, "zona_manejo": "medio", "clase_vigor_kmeans": 3, "ndvi": 0.533, "ndvi_actual": 0.571, "rendimiento_2019": 38.4, "rendimiento_2020": 87.5, "estado": "sin_monitoreo", "ultimo_monitoreo": null}}, {"type": "Feature", "geometry": {"type": "Point", "coordinates": [-71.0920579, -28.4997786]}, "properties": {"codigo": "LL-OLI-0358", "id_arbol": 358, "predio": "Olivar Los Loros", "cultivo": "Olivo", "variedad": null, "lon": -71.0920579, "lat": -28.4997786, "zona_manejo": "medio", "clase_vigor_kmeans": 3, "ndvi": 0.521, "ndvi_actual": 0.557, "rendimiento_2019": 85.6, "rendimiento_2020": 83.9, "estado": "sin_monitoreo", "ultimo_monitoreo": null}}, {"type": "Feature", "geometry": {"type": "Point", "coordinates": [-71.0921019, -28.4998736]}, "properties": {"codigo": "LL-OLI-0359", "id_arbol": 359, "predio": "Olivar Los Loros", "cultivo": "Olivo", "variedad": null, "lon": -71.0921019, "lat": -28.4998736, "zona_manejo": "medio", "clase_vigor_kmeans": 3, "ndvi": 0.511, "ndvi_actual": 0.541, "rendimiento_2019": 113.8, "rendimiento_2020": 89.6, "estado": "sin_monitoreo", "ultimo_monitoreo": null}}, {"type": "Feature", "geometry": {"type": "Point", "coordinates": [-71.0936307, -28.5002032]}, "properties": {"codigo": "LL-OLI-0036", "id_arbol": 36, "predio": "Olivar Los Loros", "cultivo": "Olivo", "variedad": null, "lon": -71.0936307, "lat": -28.5002032, "zona_manejo": "alto", "clase_vigor_kmeans": 4, "ndvi": 0.571, "ndvi_actual": 0.551, "rendimiento_2019": 127.2, "rendimiento_2020": 97.4, "estado": "sin_monitoreo", "ultimo_monitoreo": null}}, {"type": "Feature", "geometry": {"type": "Point", "coordinates": [-71.0921267, -28.4999774]}, "properties": {"codigo": "LL-OLI-0360", "id_arbol": 360, "predio": "Olivar Los Loros", "cultivo": "Olivo", "variedad": null, "lon": -71.0921267, "lat": -28.4999774, "zona_manejo": "alto", "clase_vigor_kmeans": 4, "ndvi": 0.534, "ndvi_actual": 0.526, "rendimiento_2019": 73.7, "rendimiento_2020": 98.9, "estado": "sin_monitoreo", "ultimo_monitoreo": null}}, {"type": "Feature", "geometry": {"type": "Point", "coordinates": [-71.0921501, -28.5000502]}, "properties": {"codigo": "LL-OLI-0361", "id_arbol": 361, "predio": "Olivar Los Loros", "cultivo": "Olivo", "variedad": null, "lon": -71.0921501, "lat": -28.5000502, "zona_manejo": "medio", "clase_vigor_kmeans": 3, "ndvi": 0.473, "ndvi_actual": 0.511, "rendimiento_2019": 98.3, "rendimiento_2020": 92.7, "estado": "sin_monitoreo", "ultimo_monitoreo": null}}, {"type": "Feature", "geometry": {"type": "Point", "coordinates": [-71.0920554, -28.5000645]}, "properties": {"codigo": "LL-OLI-0362", "id_arbol": 362, "predio": "Olivar Los Loros", "cultivo": "Olivo", "variedad": null, "lon": -71.0920554, "lat": -28.5000645, "zona_manejo": "medio", "clase_vigor_kmeans": 2, "ndvi": 0.463, "ndvi_actual": 0.51, "rendimiento_2019": 91.5, "rendimiento_2020": 79.6, "estado": "sin_monitoreo", "ultimo_monitoreo": null}}, {"type": "Feature", "geometry": {"type": "Point", "coordinates": [-71.092009, -28.4999737]}, "properties": {"codigo": "LL-OLI-0363", "id_arbol": 363, "predio": "Olivar Los Loros", "cultivo": "Olivo", "variedad": null, "lon": -71.092009, "lat": -28.4999737, "zona_manejo": "medio", "clase_vigor_kmeans": 3, "ndvi": 0.498, "ndvi_actual": 0.554, "rendimiento_2019": 85.0, "rendimiento_2020": 82.0, "estado": "sin_monitoreo", "ultimo_monitoreo": null}}, {"type": "Feature", "geometry": {"type": "Point", "coordinates": [-71.0919835, -28.4999088]}, "properties": {"codigo": "LL-OLI-0364", "id_arbol": 364, "predio": "Olivar Los Loros", "cultivo": "Olivo", "variedad": null, "lon": -71.0919835, "lat": -28.4999088, "zona_manejo": "medio", "clase_vigor_kmeans": 3, "ndvi": 0.513, "ndvi_actual": 0.556, "rendimiento_2019": 96.9, "rendimiento_2020": 81.2, "estado": "sin_monitoreo", "ultimo_monitoreo": null}}, {"type": "Feature", "geometry": {"type": "Point", "coordinates": [-71.091961, -28.4998009]}, "properties": {"codigo": "LL-OLI-0365", "id_arbol": 365, "predio": "Olivar Los Loros", "cultivo": "Olivo", "variedad": null, "lon": -71.091961, "lat": -28.4998009, "zona_manejo": "medio", "clase_vigor_kmeans": 3, "ndvi": 0.512, "ndvi_actual": 0.575, "rendimiento_2019": 105.2, "rendimiento_2020": 83.6, "estado": "sin_monitoreo", "ultimo_monitoreo": null}}, {"type": "Feature", "geometry": {"type": "Point", "coordinates": [-71.0919302, -28.4996963]}, "properties": {"codigo": "LL-OLI-0366", "id_arbol": 366, "predio": "Olivar Los Loros", "cultivo": "Olivo", "variedad": null, "lon": -71.0919302, "lat": -28.4996963, "zona_manejo": "medio", "clase_vigor_kmeans": 3, "ndvi": 0.514, "ndvi_actual": 0.566, "rendimiento_2019": 59.5, "rendimiento_2020": 84.8, "estado": "sin_monitoreo", "ultimo_monitoreo": null}}, {"type": "Feature", "geometry": {"type": "Point", "coordinates": [-71.0919024, -28.4996156]}, "properties": {"codigo": "LL-OLI-0367", "id_arbol": 367, "predio": "Olivar Los Loros", "cultivo": "Olivo", "variedad": null, "lon": -71.0919024, "lat": -28.4996156, "zona_manejo": "medio", "clase_vigor_kmeans": 3, "ndvi": 0.522, "ndvi_actual": 0.543, "rendimiento_2019": 55.9, "rendimiento_2020": 85.6, "estado": "sin_monitoreo", "ultimo_monitoreo": null}}, {"type": "Feature", "geometry": {"type": "Point", "coordinates": [-71.0918781, -28.499536]}, "properties": {"codigo": "LL-OLI-0368", "id_arbol": 368, "predio": "Olivar Los Loros", "cultivo": "Olivo", "variedad": null, "lon": -71.0918781, "lat": -28.499536, "zona_manejo": "medio", "clase_vigor_kmeans": 3, "ndvi": 0.505, "ndvi_actual": 0.552, "rendimiento_2019": 86.7, "rendimiento_2020": 82.8, "estado": "sin_monitoreo", "ultimo_monitoreo": null}}, {"type": "Feature", "geometry": {"type": "Point", "coordinates": [-71.0918407, -28.4994502]}, "properties": {"codigo": "LL-OLI-0369", "id_arbol": 369, "predio": "Olivar Los Loros", "cultivo": "Olivo", "variedad": null, "lon": -71.0918407, "lat": -28.4994502, "zona_manejo": "medio", "clase_vigor_kmeans": 3, "ndvi": 0.468, "ndvi_actual": 0.572, "rendimiento_2019": 172.6, "rendimiento_2020": 84.3, "estado": "sin_monitoreo", "ultimo_monitoreo": null}}, {"type": "Feature", "geometry": {"type": "Point", "coordinates": [-71.0936094, -28.5001084]}, "properties": {"codigo": "LL-OLI-0037", "id_arbol": 37, "predio": "Olivar Los Loros", "cultivo": "Olivo", "variedad": null, "lon": -71.0936094, "lat": -28.5001084, "zona_manejo": "alto", "clase_vigor_kmeans": 4, "ndvi": 0.57, "ndvi_actual": 0.556, "rendimiento_2019": 151.6, "rendimiento_2020": 101.0, "estado": "sin_monitoreo", "ultimo_monitoreo": null}}, {"type": "Feature", "geometry": {"type": "Point", "coordinates": [-71.0918121, -28.4993565]}, "properties": {"codigo": "LL-OLI-0370", "id_arbol": 370, "predio": "Olivar Los Loros", "cultivo": "Olivo", "variedad": null, "lon": -71.0918121, "lat": -28.4993565, "zona_manejo": "medio", "clase_vigor_kmeans": 2, "ndvi": 0.439, "ndvi_actual": 0.604, "rendimiento_2019": 125.0, "rendimiento_2020": 85.5, "estado": "sin_monitoreo", "ultimo_monitoreo": null}}, {"type": "Feature", "geometry": {"type": "Point", "coordinates": [-71.0917932, -28.4992783]}, "properties": {"codigo": "LL-OLI-0371", "id_arbol": 371, "predio": "Olivar Los Loros", "cultivo": "Olivo", "variedad": null, "lon": -71.0917932, "lat": -28.4992783, "zona_manejo": "medio", "clase_vigor_kmeans": 2, "ndvi": 0.446, "ndvi_actual": 0.592, "rendimiento_2019": 125.6, "rendimiento_2020": 82.5, "estado": "sin_monitoreo", "ultimo_monitoreo": null}}, {"type": "Feature", "geometry": {"type": "Point", "coordinates": [-71.0917759, -28.4992224]}, "properties": {"codigo": "LL-OLI-0372", "id_arbol": 372, "predio": "Olivar Los Loros", "cultivo": "Olivo", "variedad": null, "lon": -71.0917759, "lat": -28.4992224, "zona_manejo": "bajo", "clase_vigor_kmeans": 1, "ndvi": 0.435, "ndvi_actual": 0.582, "rendimiento_2019": null, "rendimiento_2020": 84.9, "estado": "sin_monitoreo", "ultimo_monitoreo": null}}, {"type": "Feature", "geometry": {"type": "Point", "coordinates": [-71.0917572, -28.4991644]}, "properties": {"codigo": "LL-OLI-0373", "id_arbol": 373, "predio": "Olivar Los Loros", "cultivo": "Olivo", "variedad": null, "lon": -71.0917572, "lat": -28.4991644, "zona_manejo": "bajo", "clase_vigor_kmeans": 1, "ndvi": 0.435, "ndvi_actual": 0.582, "rendimiento_2019": null, "rendimiento_2020": 78.9, "estado": "sin_monitoreo", "ultimo_monitoreo": null}}, {"type": "Feature", "geometry": {"type": "Point", "coordinates": [-71.0917269, -28.4990659]}, "properties": {"codigo": "LL-OLI-0374", "id_arbol": 374, "predio": "Olivar Los Loros", "cultivo": "Olivo", "variedad": null, "lon": -71.0917269, "lat": -28.4990659, "zona_manejo": "bajo", "clase_vigor_kmeans": 1, "ndvi": 0.419, "ndvi_actual": 0.592, "rendimiento_2019": 105.7, "rendimiento_2020": 75.4, "estado": "sin_monitoreo", "ultimo_monitoreo": null}}, {"type": "Feature", "geometry": {"type": "Point", "coordinates": [-71.0916946, -28.4989765]}, "properties": {"codigo": "LL-OLI-0375", "id_arbol": 375, "predio": "Olivar Los Loros", "cultivo": "Olivo", "variedad": null, "lon": -71.0916946, "lat": -28.4989765, "zona_manejo": "bajo", "clase_vigor_kmeans": 1, "ndvi": 0.411, "ndvi_actual": 0.582, "rendimiento_2019": null, "rendimiento_2020": 75.7, "estado": "sin_monitoreo", "ultimo_monitoreo": null}}, {"type": "Feature", "geometry": {"type": "Point", "coordinates": [-71.0916644, -28.498883]}, "properties": {"codigo": "LL-OLI-0376", "id_arbol": 376, "predio": "Olivar Los Loros", "cultivo": "Olivo", "variedad": null, "lon": -71.0916644, "lat": -28.498883, "zona_manejo": "bajo", "clase_vigor_kmeans": 1, "ndvi": 0.357, "ndvi_actual": 0.522, "rendimiento_2019": null, "rendimiento_2020": 81.7, "estado": "sin_monitoreo", "ultimo_monitoreo": null}}, {"type": "Feature", "geometry": {"type": "Point", "coordinates": [-71.0915958, -28.4989999]}, "properties": {"codigo": "LL-OLI-0377", "id_arbol": 377, "predio": "Olivar Los Loros", "cultivo": "Olivo", "variedad": null, "lon": -71.0915958, "lat": -28.4989999, "zona_manejo": "bajo", "clase_vigor_kmeans": 1, "ndvi": 0.382, "ndvi_actual": 0.559, "rendimiento_2019": 58.0, "rendimiento_2020": 74.2, "estado": "sin_monitoreo", "ultimo_monitoreo": null}}, {"type": "Feature", "geometry": {"type": "Point", "coordinates": [-71.091636, -28.499088]}, "properties": {"codigo": "LL-OLI-0378", "id_arbol": 378, "predio": "Olivar Los Loros", "cultivo": "Olivo", "variedad": null, "lon": -71.091636, "lat": -28.499088, "zona_manejo": "bajo", "clase_vigor_kmeans": 1, "ndvi": 0.398, "ndvi_actual": 0.576, "rendimiento_2019": 63.0, "rendimiento_2020": 74.7, "estado": "sin_monitoreo", "ultimo_monitoreo": null}}, {"type": "Feature", "geometry": {"type": "Point", "coordinates": [-71.0916559, -28.4991813]}, "properties": {"codigo": "LL-OLI-0379", "id_arbol": 379, "predio": "Olivar Los Loros", "cultivo": "Olivo", "variedad": null, "lon": -71.0916559, "lat": -28.4991813, "zona_manejo": "bajo", "clase_vigor_kmeans": 1, "ndvi": 0.429, "ndvi_actual": 0.59, "rendimiento_2019": 72.9, "rendimiento_2020": 73.4, "estado": "sin_monitoreo", "ultimo_monitoreo": null}}, {"type": "Feature", "geometry": {"type": "Point", "coordinates": [-71.0935896, -28.5000169]}, "properties": {"codigo": "LL-OLI-0038", "id_arbol": 38, "predio": "Olivar Los Loros", "cultivo": "Olivo", "variedad": null, "lon": -71.0935896, "lat": -28.5000169, "zona_manejo": "alto", "clase_vigor_kmeans": 4, "ndvi": 0.555, "ndvi_actual": 0.531, "rendimiento_2019": 71.0, "rendimiento_2020": 97.3, "estado": "sin_monitoreo", "ultimo_monitoreo": null}}, {"type": "Feature", "geometry": {"type": "Point", "coordinates": [-71.0916714, -28.4992422]}, "properties": {"codigo": "LL-OLI-0380", "id_arbol": 380, "predio": "Olivar Los Loros", "cultivo": "Olivo", "variedad": null, "lon": -71.0916714, "lat": -28.4992422, "zona_manejo": "medio", "clase_vigor_kmeans": 3, "ndvi": 0.479, "ndvi_actual": 0.569, "rendimiento_2019": 54.6, "rendimiento_2020": 81.7, "estado": "sin_monitoreo", "ultimo_monitoreo": null}}, {"type": "Feature", "geometry": {"type": "Point", "coordinates": [-71.0916864, -28.4992985]}, "properties": {"codigo": "LL-OLI-0381", "id_arbol": 381, "predio": "Olivar Los Loros", "cultivo": "Olivo", "variedad": null, "lon": -71.0916864, "lat": -28.4992985, "zona_manejo": "medio", "clase_vigor_kmeans": 3, "ndvi": 0.479, "ndvi_actual": 0.569, "rendimiento_2019": 134.5, "rendimiento_2020": 83.1, "estado": "sin_monitoreo", "ultimo_monitoreo": null}}, {"type": "Feature", "geometry": {"type": "Point", "coordinates": [-71.091705, -28.4993723]}, "properties": {"codigo": "LL-OLI-0382", "id_arbol": 382, "predio": "Olivar Los Loros", "cultivo": "Olivo", "variedad": null, "lon": -71.091705, "lat": -28.4993723, "zona_manejo": "medio", "clase_vigor_kmeans": 2, "ndvi": 0.446, "ndvi_actual": 0.585, "rendimiento_2019": 134.8, "rendimiento_2020": 80.0, "estado": "sin_monitoreo", "ultimo_monitoreo": null}}, {"type": "Feature", "geometry": {"type": "Point", "coordinates": [-71.0917289, -28.4994661]}, "properties": {"codigo": "LL-OLI-0383", "id_arbol": 383, "predio": "Olivar Los Loros", "cultivo": "Olivo", "variedad": null, "lon": -71.0917289, "lat": -28.4994661, "zona_manejo": "medio", "clase_vigor_kmeans": 3, "ndvi": 0.481, "ndvi_actual": 0.579, "rendimiento_2019": 145.1, "rendimiento_2020": 92.0, "estado": "sin_monitoreo", "ultimo_monitoreo": null}}, {"type": "Feature", "geometry": {"type": "Point", "coordinates": [-71.091757, -28.4995424]}, "properties": {"codigo": "LL-OLI-0384", "id_arbol": 384, "predio": "Olivar Los Loros", "cultivo": "Olivo", "variedad": null, "lon": -71.091757, "lat": -28.4995424, "zona_manejo": "alto", "clase_vigor_kmeans": 4, "ndvi": 0.524, "ndvi_actual": 0.573, "rendimiento_2019": 103.4, "rendimiento_2020": 92.7, "estado": "sin_monitoreo", "ultimo_monitoreo": null}}, {"type": "Feature", "geometry": {"type": "Point", "coordinates": [-71.091791, -28.4996358]}, "properties": {"codigo": "LL-OLI-0385", "id_arbol": 385, "predio": "Olivar Los Loros", "cultivo": "Olivo", "variedad": null, "lon": -71.091791, "lat": -28.4996358, "zona_manejo": "alto", "clase_vigor_kmeans": 4, "ndvi": 0.541, "ndvi_actual": 0.575, "rendimiento_2019": 135.9, "rendimiento_2020": 89.6, "estado": "sin_monitoreo", "ultimo_monitoreo": null}}, {"type": "Feature", "geometry": {"type": "Point", "coordinates": [-71.0918173, -28.4997046]}, "properties": {"codigo": "LL-OLI-0386", "id_arbol": 386, "predio": "Olivar Los Loros", "cultivo": "Olivo", "variedad": null, "lon": -71.0918173, "lat": -28.4997046, "zona_manejo": "medio", "clase_vigor_kmeans": 3, "ndvi": 0.519, "ndvi_actual": 0.565, "rendimiento_2019": 54.3, "rendimiento_2020": 90.5, "estado": "sin_monitoreo", "ultimo_monitoreo": null}}, {"type": "Feature", "geometry": {"type": "Point", "coordinates": [-71.091854, -28.499803]}, "properties": {"codigo": "LL-OLI-0387", "id_arbol": 387, "predio": "Olivar Los Loros", "cultivo": "Olivo", "variedad": null, "lon": -71.091854, "lat": -28.499803, "zona_manejo": "medio", "clase_vigor_kmeans": 3, "ndvi": 0.53, "ndvi_actual": 0.572, "rendimiento_2019": 52.8, "rendimiento_2020": 82.4, "estado": "sin_monitoreo", "ultimo_monitoreo": null}}, {"type": "Feature", "geometry": {"type": "Point", "coordinates": [-71.0918895, -28.4998996]}, "properties": {"codigo": "LL-OLI-0388", "id_arbol": 388, "predio": "Olivar Los Loros", "cultivo": "Olivo", "variedad": null, "lon": -71.0918895, "lat": -28.4998996, "zona_manejo": "medio", "clase_vigor_kmeans": 3, "ndvi": 0.52, "ndvi_actual": 0.557, "rendimiento_2019": 44.6, "rendimiento_2020": 77.5, "estado": "sin_monitoreo", "ultimo_monitoreo": null}}, {"type": "Feature", "geometry": {"type": "Point", "coordinates": [-71.0919383, -28.5001104]}, "properties": {"codigo": "LL-OLI-0389", "id_arbol": 389, "predio": "Olivar Los Loros", "cultivo": "Olivo", "variedad": null, "lon": -71.0919383, "lat": -28.5001104, "zona_manejo": "medio", "clase_vigor_kmeans": 2, "ndvi": 0.448, "ndvi_actual": 0.512, "rendimiento_2019": 173.0, "rendimiento_2020": 78.9, "estado": "sin_monitoreo", "ultimo_monitoreo": null}}, {"type": "Feature", "geometry": {"type": "Point", "coordinates": [-71.0934877, -28.5000362]}, "properties": {"codigo": "LL-OLI-0039", "id_arbol": 39, "predio": "Olivar Los Loros", "cultivo": "Olivo", "variedad": null, "lon": -71.0934877, "lat": -28.5000362, "zona_manejo": "alto", "clase_vigor_kmeans": 4, "ndvi": 0.542, "ndvi_actual": 0.528, "rendimiento_2019": 141.5, "rendimiento_2020": 94.3, "estado": "sin_monitoreo", "ultimo_monitoreo": null}}, {"type": "Feature", "geometry": {"type": "Point", "coordinates": [-71.091898, -28.5000496]}, "properties": {"codigo": "LL-OLI-0390", "id_arbol": 390, "predio": "Olivar Los Loros", "cultivo": "Olivo", "variedad": null, "lon": -71.091898, "lat": -28.5000496, "zona_manejo": "medio", "clase_vigor_kmeans": 3, "ndvi": 0.493, "ndvi_actual": 0.544, "rendimiento_2019": 94.4, "rendimiento_2020": 76.0, "estado": "sin_monitoreo", "ultimo_monitoreo": null}}, {"type": "Feature", "geometry": {"type": "Point", "coordinates": [-71.0918417, -28.4999546]}, "properties": {"codigo": "LL-OLI-0391", "id_arbol": 391, "predio": "Olivar Los Loros", "cultivo": "Olivo", "variedad": null, "lon": -71.0918417, "lat": -28.4999546, "zona_manejo": "medio", "clase_vigor_kmeans": 3, "ndvi": 0.479, "ndvi_actual": 0.556, "rendimiento_2019": 58.0, "rendimiento_2020": 80.8, "estado": "sin_monitoreo", "ultimo_monitoreo": null}}, {"type": "Feature", "geometry": {"type": "Point", "coordinates": [-71.0918107, -28.4998985]}, "properties": {"codigo": "LL-OLI-0392", "id_arbol": 392, "predio": "Olivar Los Loros", "cultivo": "Olivo", "variedad": null, "lon": -71.0918107, "lat": -28.4998985, "zona_manejo": "medio", "clase_vigor_kmeans": 3, "ndvi": 0.52, "ndvi_actual": 0.557, "rendimiento_2019": 47.7, "rendimiento_2020": 79.6, "estado": "sin_monitoreo", "ultimo_monitoreo": null}}, {"type": "Feature", "geometry": {"type": "Point", "coordinates": [-71.0917738, -28.4998145]}, "properties": {"codigo": "LL-OLI-0393", "id_arbol": 393, "predio": "Olivar Los Loros", "cultivo": "Olivo", "variedad": null, "lon": -71.0917738, "lat": -28.4998145, "zona_manejo": "alto", "clase_vigor_kmeans": 4, "ndvi": 0.549, "ndvi_actual": 0.581, "rendimiento_2019": 48.1, "rendimiento_2020": 85.3, "estado": "sin_monitoreo", "ultimo_monitoreo": null}}, {"type": "Feature", "geometry": {"type": "Point", "coordinates": [-71.0917225, -28.4997147]}, "properties": {"codigo": "LL-OLI-0394", "id_arbol": 394, "predio": "Olivar Los Loros", "cultivo": "Olivo", "variedad": null, "lon": -71.0917225, "lat": -28.4997147, "zona_manejo": "alto", "clase_vigor_kmeans": 4, "ndvi": 0.544, "ndvi_actual": 0.59, "rendimiento_2019": 60.1, "rendimiento_2020": 87.3, "estado": "sin_monitoreo", "ultimo_monitoreo": null}}, {"type": "Feature", "geometry": {"type": "Point", "coordinates": [-71.0916787, -28.499622]}, "properties": {"codigo": "LL-OLI-0395", "id_arbol": 395, "predio": "Olivar Los Loros", "cultivo": "Olivo", "variedad": null, "lon": -71.0916787, "lat": -28.499622, "zona_manejo": "medio", "clase_vigor_kmeans": 3, "ndvi": 0.532, "ndvi_actual": 0.567, "rendimiento_2019": 94.3, "rendimiento_2020": 88.5, "estado": "sin_monitoreo", "ultimo_monitoreo": null}}, {"type": "Feature", "geometry": {"type": "Point", "coordinates": [-71.0916302, -28.4995477]}, "properties": {"codigo": "LL-OLI-0396", "id_arbol": 396, "predio": "Olivar Los Loros", "cultivo": "Olivo", "variedad": null, "lon": -71.0916302, "lat": -28.4995477, "zona_manejo": "alto", "clase_vigor_kmeans": 4, "ndvi": 0.537, "ndvi_actual": 0.576, "rendimiento_2019": 52.4, "rendimiento_2020": 87.8, "estado": "sin_monitoreo", "ultimo_monitoreo": null}}, {"type": "Feature", "geometry": {"type": "Point", "coordinates": [-71.0915975, -28.499451]}, "properties": {"codigo": "LL-OLI-0397", "id_arbol": 397, "predio": "Olivar Los Loros", "cultivo": "Olivo", "variedad": null, "lon": -71.0915975, "lat": -28.499451, "zona_manejo": "medio", "clase_vigor_kmeans": 3, "ndvi": 0.51, "ndvi_actual": 0.573, "rendimiento_2019": 54.6, "rendimiento_2020": 83.0, "estado": "sin_monitoreo", "ultimo_monitoreo": null}}, {"type": "Feature", "geometry": {"type": "Point", "coordinates": [-71.0915578, -28.4993813]}, "properties": {"codigo": "LL-OLI-0398", "id_arbol": 398, "predio": "Olivar Los Loros", "cultivo": "Olivo", "variedad": null, "lon": -71.0915578, "lat": -28.4993813, "zona_manejo": "alto", "clase_vigor_kmeans": 4, "ndvi": 0.528, "ndvi_actual": 0.549, "rendimiento_2019": 122.5, "rendimiento_2020": 91.5, "estado": "sin_monitoreo", "ultimo_monitoreo": null}}, {"type": "Feature", "geometry": {"type": "Point", "coordinates": [-71.0915218, -28.4992843]}, "properties": {"codigo": "LL-OLI-0399", "id_arbol": 399, "predio": "Olivar Los Loros", "cultivo": "Olivo", "variedad": null, "lon": -71.0915218, "lat": -28.4992843, "zona_manejo": "medio", "clase_vigor_kmeans": 3, "ndvi": 0.511, "ndvi_actual": 0.569, "rendimiento_2019": 118.3, "rendimiento_2020": 86.3, "estado": "sin_monitoreo", "ultimo_monitoreo": null}}, {"type": "Feature", "geometry": {"type": "Point", "coordinates": [-71.0937525, -28.5002547]}, "properties": {"codigo": "LL-OLI-0004", "id_arbol": 4, "predio": "Olivar Los Loros", "cultivo": "Olivo", "variedad": null, "lon": -71.0937525, "lat": -28.5002547, "zona_manejo": "alto", "clase_vigor_kmeans": 4, "ndvi": 0.558, "ndvi_actual": 0.55, "rendimiento_2019": 104.7, "rendimiento_2020": 102.6, "estado": "sin_monitoreo", "ultimo_monitoreo": null}}, {"type": "Feature", "geometry": {"type": "Point", "coordinates": [-71.0935247, -28.5001209]}, "properties": {"codigo": "LL-OLI-0040", "id_arbol": 40, "predio": "Olivar Los Loros", "cultivo": "Olivo", "variedad": null, "lon": -71.0935247, "lat": -28.5001209, "zona_manejo": "alto", "clase_vigor_kmeans": 4, "ndvi": 0.562, "ndvi_actual": 0.545, "rendimiento_2019": 132.3, "rendimiento_2020": 95.0, "estado": "sin_monitoreo", "ultimo_monitoreo": null}}, {"type": "Feature", "geometry": {"type": "Point", "coordinates": [-71.0914895, -28.4992036]}, "properties": {"codigo": "LL-OLI-0400", "id_arbol": 400, "predio": "Olivar Los Loros", "cultivo": "Olivo", "variedad": null, "lon": -71.0914895, "lat": -28.4992036, "zona_manejo": "medio", "clase_vigor_kmeans": 2, "ndvi": 0.43, "ndvi_actual": 0.501, "rendimiento_2019": 120.2, "rendimiento_2020": 96.6, "estado": "sin_monitoreo", "ultimo_monitoreo": null}}, {"type": "Feature", "geometry": {"type": "Point", "coordinates": [-71.091437, -28.4991322]}, "properties": {"codigo": "LL-OLI-0401", "id_arbol": 401, "predio": "Olivar Los Loros", "cultivo": "Olivo", "variedad": null, "lon": -71.091437, "lat": -28.4991322, "zona_manejo": "medio", "clase_vigor_kmeans": 2, "ndvi": 0.406, "ndvi_actual": 0.432, "rendimiento_2019": 98.5, "rendimiento_2020": 101.0, "estado": "sin_monitoreo", "ultimo_monitoreo": null}}, {"type": "Feature", "geometry": {"type": "Point", "coordinates": [-71.0915336, -28.4991085]}, "properties": {"codigo": "LL-OLI-0402", "id_arbol": 402, "predio": "Olivar Los Loros", "cultivo": "Olivo", "variedad": null, "lon": -71.0915336, "lat": -28.4991085, "zona_manejo": "bajo", "clase_vigor_kmeans": 1, "ndvi": 0.401, "ndvi_actual": 0.554, "rendimiento_2019": 46.0, "rendimiento_2020": 74.0, "estado": "sin_monitoreo", "ultimo_monitoreo": null}}, {"type": "Feature", "geometry": {"type": "Point", "coordinates": [-71.0915664, -28.4991973]}, "properties": {"codigo": "LL-OLI-0403", "id_arbol": 403, "predio": "Olivar Los Loros", "cultivo": "Olivo", "variedad": null, "lon": -71.0915664, "lat": -28.4991973, "zona_manejo": "bajo", "clase_vigor_kmeans": 1, "ndvi": 0.438, "ndvi_actual": 0.592, "rendimiento_2019": 46.6, "rendimiento_2020": 79.7, "estado": "sin_monitoreo", "ultimo_monitoreo": null}}, {"type": "Feature", "geometry": {"type": "Point", "coordinates": [-71.0915879, -28.4992544]}, "properties": {"codigo": "LL-OLI-0404", "id_arbol": 404, "predio": "Olivar Los Loros", "cultivo": "Olivo", "variedad": null, "lon": -71.0915879, "lat": -28.4992544, "zona_manejo": "medio", "clase_vigor_kmeans": 3, "ndvi": 0.511, "ndvi_actual": 0.569, "rendimiento_2019": 54.3, "rendimiento_2020": 82.4, "estado": "sin_monitoreo", "ultimo_monitoreo": null}}, {"type": "Feature", "geometry": {"type": "Point", "coordinates": [-71.0916075, -28.4993053]}, "properties": {"codigo": "LL-OLI-0405", "id_arbol": 405, "predio": "Olivar Los Loros", "cultivo": "Olivo", "variedad": null, "lon": -71.0916075, "lat": -28.4993053, "zona_manejo": "medio", "clase_vigor_kmeans": 3, "ndvi": 0.479, "ndvi_actual": 0.569, "rendimiento_2019": 53.5, "rendimiento_2020": 81.3, "estado": "sin_monitoreo", "ultimo_monitoreo": null}}, {"type": "Feature", "geometry": {"type": "Point", "coordinates": [-71.091634, -28.4993839]}, "properties": {"codigo": "LL-OLI-0406", "id_arbol": 406, "predio": "Olivar Los Loros", "cultivo": "Olivo", "variedad": null, "lon": -71.091634, "lat": -28.4993839, "zona_manejo": "medio", "clase_vigor_kmeans": 3, "ndvi": 0.495, "ndvi_actual": 0.553, "rendimiento_2019": 122.5, "rendimiento_2020": 82.4, "estado": "sin_monitoreo", "ultimo_monitoreo": null}}, {"type": "Feature", "geometry": {"type": "Point", "coordinates": [-71.0916659, -28.4994643]}, "properties": {"codigo": "LL-OLI-0407", "id_arbol": 407, "predio": "Olivar Los Loros", "cultivo": "Olivo", "variedad": null, "lon": -71.0916659, "lat": -28.4994643, "zona_manejo": "medio", "clase_vigor_kmeans": 3, "ndvi": 0.51, "ndvi_actual": 0.573, "rendimiento_2019": null, "rendimiento_2020": 92.4, "estado": "sin_monitoreo", "ultimo_monitoreo": null}}, {"type": "Feature", "geometry": {"type": "Point", "coordinates": [-71.0913822, -28.4992285]}, "properties": {"codigo": "LL-OLI-0408", "id_arbol": 408, "predio": "Olivar Los Loros", "cultivo": "Olivo", "variedad": null, "lon": -71.0913822, "lat": -28.4992285, "zona_manejo": "medio", "clase_vigor_kmeans": 2, "ndvi": 0.42, "ndvi_actual": 0.389, "rendimiento_2019": 121.8, "rendimiento_2020": 120.6, "estado": "sin_monitoreo", "ultimo_monitoreo": null}}, {"type": "Feature", "geometry": {"type": "Point", "coordinates": [-71.0914226, -28.4993025]}, "properties": {"codigo": "LL-OLI-0409", "id_arbol": 409, "predio": "Olivar Los Loros", "cultivo": "Olivo", "variedad": null, "lon": -71.0914226, "lat": -28.4993025, "zona_manejo": "medio", "clase_vigor_kmeans": 3, "ndvi": 0.495, "ndvi_actual": 0.563, "rendimiento_2019": 132.1, "rendimiento_2020": 92.9, "estado": "sin_monitoreo", "ultimo_monitoreo": null}}, {"type": "Feature", "geometry": {"type": "Point", "coordinates": [-71.093547, -28.5002231]}, "properties": {"codigo": "LL-OLI-0041", "id_arbol": 41, "predio": "Olivar Los Loros", "cultivo": "Olivo", "variedad": null, "lon": -71.093547, "lat": -28.5002231, "zona_manejo": "alto", "clase_vigor_kmeans": 4, "ndvi": 0.575, "ndvi_actual": 0.539, "rendimiento_2019": 153.8, "rendimiento_2020": 99.5, "estado": "sin_monitoreo", "ultimo_monitoreo": null}}, {"type": "Feature", "geometry": {"type": "Point", "coordinates": [-71.0914618, -28.4993734]}, "properties": {"codigo": "LL-OLI-0410", "id_arbol": 410, "predio": "Olivar Los Loros", "cultivo": "Olivo", "variedad": null, "lon": -71.0914618, "lat": -28.4993734, "zona_manejo": "medio", "clase_vigor_kmeans": 3, "ndvi": 0.516, "ndvi_actual": 0.579, "rendimiento_2019": 162.1, "rendimiento_2020": 89.9, "estado": "sin_monitoreo", "ultimo_monitoreo": null}}, {"type": "Feature", "geometry": {"type": "Point", "coordinates": [-71.0914982, -28.4994664]}, "properties": {"codigo": "LL-OLI-0411", "id_arbol": 411, "predio": "Olivar Los Loros", "cultivo": "Olivo", "variedad": null, "lon": -71.0914982, "lat": -28.4994664, "zona_manejo": "medio", "clase_vigor_kmeans": 3, "ndvi": 0.514, "ndvi_actual": 0.563, "rendimiento_2019": 133.1, "rendimiento_2020": 94.1, "estado": "sin_monitoreo", "ultimo_monitoreo": null}}, {"type": "Feature", "geometry": {"type": "Point", "coordinates": [-71.0915412, -28.4995528]}, "properties": {"codigo": "LL-OLI-0412", "id_arbol": 412, "predio": "Olivar Los Loros", "cultivo": "Olivo", "variedad": null, "lon": -71.0915412, "lat": -28.4995528, "zona_manejo": "medio", "clase_vigor_kmeans": 3, "ndvi": 0.526, "ndvi_actual": 0.572, "rendimiento_2019": 128.5, "rendimiento_2020": 90.5, "estado": "sin_monitoreo", "ultimo_monitoreo": null}}, {"type": "Feature", "geometry": {"type": "Point", "coordinates": [-71.0915995, -28.4996488]}, "properties": {"codigo": "LL-OLI-0413", "id_arbol": 413, "predio": "Olivar Los Loros", "cultivo": "Olivo", "variedad": null, "lon": -71.0915995, "lat": -28.4996488, "zona_manejo": "medio", "clase_vigor_kmeans": 3, "ndvi": 0.527, "ndvi_actual": 0.572, "rendimiento_2019": null, "rendimiento_2020": 87.9, "estado": "sin_monitoreo", "ultimo_monitoreo": null}}, {"type": "Feature", "geometry": {"type": "Point", "coordinates": [-71.0916295, -28.4997237]}, "properties": {"codigo": "LL-OLI-0414", "id_arbol": 414, "predio": "Olivar Los Loros", "cultivo": "Olivo", "variedad": null, "lon": -71.0916295, "lat": -28.4997237, "zona_manejo": "medio", "clase_vigor_kmeans": 3, "ndvi": 0.535, "ndvi_actual": 0.582, "rendimiento_2019": 109.0, "rendimiento_2020": 78.9, "estado": "sin_monitoreo", "ultimo_monitoreo": null}}, {"type": "Feature", "geometry": {"type": "Point", "coordinates": [-71.0916757, -28.4998107]}, "properties": {"codigo": "LL-OLI-0415", "id_arbol": 415, "predio": "Olivar Los Loros", "cultivo": "Olivo", "variedad": null, "lon": -71.0916757, "lat": -28.4998107, "zona_manejo": "medio", "clase_vigor_kmeans": 3, "ndvi": 0.535, "ndvi_actual": 0.575, "rendimiento_2019": 88.4, "rendimiento_2020": 83.2, "estado": "sin_monitoreo", "ultimo_monitoreo": null}}, {"type": "Feature", "geometry": {"type": "Point", "coordinates": [-71.0917099, -28.4998948]}, "properties": {"codigo": "LL-OLI-0416", "id_arbol": 416, "predio": "Olivar Los Loros", "cultivo": "Olivo", "variedad": null, "lon": -71.0917099, "lat": -28.4998948, "zona_manejo": "alto", "clase_vigor_kmeans": 4, "ndvi": 0.535, "ndvi_actual": 0.559, "rendimiento_2019": 52.0, "rendimiento_2020": 76.7, "estado": "sin_monitoreo", "ultimo_monitoreo": null}}, {"type": "Feature", "geometry": {"type": "Point", "coordinates": [-71.0917543, -28.4999792]}, "properties": {"codigo": "LL-OLI-0417", "id_arbol": 417, "predio": "Olivar Los Loros", "cultivo": "Olivo", "variedad": null, "lon": -71.0917543, "lat": -28.4999792, "zona_manejo": "medio", "clase_vigor_kmeans": 3, "ndvi": 0.511, "ndvi_actual": 0.552, "rendimiento_2019": 76.9, "rendimiento_2020": 78.4, "estado": "sin_monitoreo", "ultimo_monitoreo": null}}, {"type": "Feature", "geometry": {"type": "Point", "coordinates": [-71.0917902, -28.5000605]}, "properties": {"codigo": "LL-OLI-0418", "id_arbol": 418, "predio": "Olivar Los Loros", "cultivo": "Olivo", "variedad": null, "lon": -71.0917902, "lat": -28.5000605, "zona_manejo": "alto", "clase_vigor_kmeans": 4, "ndvi": 0.547, "ndvi_actual": 0.561, "rendimiento_2019": 79.0, "rendimiento_2020": 78.4, "estado": "sin_monitoreo", "ultimo_monitoreo": null}}, {"type": "Feature", "geometry": {"type": "Point", "coordinates": [-71.0918265, -28.5001406]}, "properties": {"codigo": "LL-OLI-0419", "id_arbol": 419, "predio": "Olivar Los Loros", "cultivo": "Olivo", "variedad": null, "lon": -71.0918265, "lat": -28.5001406, "zona_manejo": "alto", "clase_vigor_kmeans": 4, "ndvi": 0.531, "ndvi_actual": 0.549, "rendimiento_2019": 81.0, "rendimiento_2020": 78.7, "estado": "sin_monitoreo", "ultimo_monitoreo": null}}, {"type": "Feature", "geometry": {"type": "Point", "coordinates": [-71.0935717, -28.5003019]}, "properties": {"codigo": "LL-OLI-0042", "id_arbol": 42, "predio": "Olivar Los Loros", "cultivo": "Olivo", "variedad": null, "lon": -71.0935717, "lat": -28.5003019, "zona_manejo": "alto", "clase_vigor_kmeans": 4, "ndvi": 0.561, "ndvi_actual": 0.53, "rendimiento_2019": 126.6, "rendimiento_2020": 92.9, "estado": "sin_monitoreo", "ultimo_monitoreo": null}}, {"type": "Feature", "geometry": {"type": "Point", "coordinates": [-71.0918616, -28.5002029]}, "properties": {"codigo": "LL-OLI-0420", "id_arbol": 420, "predio": "Olivar Los Loros", "cultivo": "Olivo", "variedad": null, "lon": -71.0918616, "lat": -28.5002029, "zona_manejo": "alto", "clase_vigor_kmeans": 4, "ndvi": 0.531, "ndvi_actual": 0.549, "rendimiento_2019": 76.0, "rendimiento_2020": 78.6, "estado": "sin_monitoreo", "ultimo_monitoreo": null}}, {"type": "Feature", "geometry": {"type": "Point", "coordinates": [-71.0917692, -28.5002221]}, "properties": {"codigo": "LL-OLI-0421", "id_arbol": 421, "predio": "Olivar Los Loros", "cultivo": "Olivo", "variedad": null, "lon": -71.0917692, "lat": -28.5002221, "zona_manejo": "alto", "clase_vigor_kmeans": 4, "ndvi": 0.55, "ndvi_actual": 0.513, "rendimiento_2019": 80.5, "rendimiento_2020": 92.0, "estado": "sin_monitoreo", "ultimo_monitoreo": null}}, {"type": "Feature", "geometry": {"type": "Point", "coordinates": [-71.0917316, -28.5001408]}, "properties": {"codigo": "LL-OLI-0422", "id_arbol": 422, "predio": "Olivar Los Loros", "cultivo": "Olivo", "variedad": null, "lon": -71.0917316, "lat": -28.5001408, "zona_manejo": "alto", "clase_vigor_kmeans": 4, "ndvi": 0.559, "ndvi_actual": 0.557, "rendimiento_2019": 145.0, "rendimiento_2020": 74.4, "estado": "sin_monitoreo", "ultimo_monitoreo": null}}, {"type": "Feature", "geometry": {"type": "Point", "coordinates": [-71.0916965, -28.5000718]}, "properties": {"codigo": "LL-OLI-0423", "id_arbol": 423, "predio": "Olivar Los Loros", "cultivo": "Olivo", "variedad": null, "lon": -71.0916965, "lat": -28.5000718, "zona_manejo": "alto", "clase_vigor_kmeans": 4, "ndvi": 0.561, "ndvi_actual": 0.56, "rendimiento_2019": 56.7, "rendimiento_2020": 76.5, "estado": "sin_monitoreo", "ultimo_monitoreo": null}}, {"type": "Feature", "geometry": {"type": "Point", "coordinates": [-71.0916543, -28.4999918]}, "properties": {"codigo": "LL-OLI-0424", "id_arbol": 424, "predio": "Olivar Los Loros", "cultivo": "Olivo", "variedad": null, "lon": -71.0916543, "lat": -28.4999918, "zona_manejo": "alto", "clase_vigor_kmeans": 4, "ndvi": 0.533, "ndvi_actual": 0.561, "rendimiento_2019": 53.3, "rendimiento_2020": 76.3, "estado": "sin_monitoreo", "ultimo_monitoreo": null}}, {"type": "Feature", "geometry": {"type": "Point", "coordinates": [-71.0916182, -28.4999211]}, "properties": {"codigo": "LL-OLI-0425", "id_arbol": 425, "predio": "Olivar Los Loros", "cultivo": "Olivo", "variedad": null, "lon": -71.0916182, "lat": -28.4999211, "zona_manejo": "medio", "clase_vigor_kmeans": 3, "ndvi": 0.523, "ndvi_actual": 0.555, "rendimiento_2019": 36.1, "rendimiento_2020": 76.4, "estado": "sin_monitoreo", "ultimo_monitoreo": null}}, {"type": "Feature", "geometry": {"type": "Point", "coordinates": [-71.0915769, -28.4998316]}, "properties": {"codigo": "LL-OLI-0426", "id_arbol": 426, "predio": "Olivar Los Loros", "cultivo": "Olivo", "variedad": null, "lon": -71.0915769, "lat": -28.4998316, "zona_manejo": "alto", "clase_vigor_kmeans": 4, "ndvi": 0.551, "ndvi_actual": 0.574, "rendimiento_2019": 85.1, "rendimiento_2020": 83.3, "estado": "sin_monitoreo", "ultimo_monitoreo": null}}, {"type": "Feature", "geometry": {"type": "Point", "coordinates": [-71.0915344, -28.4997412]}, "properties": {"codigo": "LL-OLI-0427", "id_arbol": 427, "predio": "Olivar Los Loros", "cultivo": "Olivo", "variedad": null, "lon": -71.0915344, "lat": -28.4997412, "zona_manejo": "alto", "clase_vigor_kmeans": 4, "ndvi": 0.547, "ndvi_actual": 0.583, "rendimiento_2019": 46.2, "rendimiento_2020": 78.7, "estado": "sin_monitoreo", "ultimo_monitoreo": null}}, {"type": "Feature", "geometry": {"type": "Point", "coordinates": [-71.0914889, -28.4996707]}, "properties": {"codigo": "LL-OLI-0428", "id_arbol": 428, "predio": "Olivar Los Loros", "cultivo": "Olivo", "variedad": null, "lon": -71.0914889, "lat": -28.4996707, "zona_manejo": "medio", "clase_vigor_kmeans": 3, "ndvi": 0.522, "ndvi_actual": 0.573, "rendimiento_2019": 76.2, "rendimiento_2020": 92.5, "estado": "sin_monitoreo", "ultimo_monitoreo": null}}, {"type": "Feature", "geometry": {"type": "Point", "coordinates": [-71.0914442, -28.4995749]}, "properties": {"codigo": "LL-OLI-0429", "id_arbol": 429, "predio": "Olivar Los Loros", "cultivo": "Olivo", "variedad": null, "lon": -71.0914442, "lat": -28.4995749, "zona_manejo": "medio", "clase_vigor_kmeans": 3, "ndvi": 0.518, "ndvi_actual": 0.579, "rendimiento_2019": 39.9, "rendimiento_2020": 88.2, "estado": "sin_monitoreo", "ultimo_monitoreo": null}}, {"type": "Feature", "geometry": {"type": "Point", "coordinates": [-71.0935917, -28.5003804]}, "properties": {"codigo": "LL-OLI-0043", "id_arbol": 43, "predio": "Olivar Los Loros", "cultivo": "Olivo", "variedad": null, "lon": -71.0935917, "lat": -28.5003804, "zona_manejo": "alto", "clase_vigor_kmeans": 4, "ndvi": 0.532, "ndvi_actual": 0.499, "rendimiento_2019": 110.3, "rendimiento_2020": 90.2, "estado": "sin_monitoreo", "ultimo_monitoreo": null}}, {"type": "Feature", "geometry": {"type": "Point", "coordinates": [-71.0914102, -28.4994881]}, "properties": {"codigo": "LL-OLI-0430", "id_arbol": 430, "predio": "Olivar Los Loros", "cultivo": "Olivo", "variedad": null, "lon": -71.0914102, "lat": -28.4994881, "zona_manejo": "medio", "clase_vigor_kmeans": 3, "ndvi": 0.505, "ndvi_actual": 0.573, "rendimiento_2019": 58.4, "rendimiento_2020": 90.0, "estado": "sin_monitoreo", "ultimo_monitoreo": null}}, {"type": "Feature", "geometry": {"type": "Point", "coordinates": [-71.0913665, -28.499413]}, "properties": {"codigo": "LL-OLI-0431", "id_arbol": 431, "predio": "Olivar Los Loros", "cultivo": "Olivo", "variedad": null, "lon": -71.0913665, "lat": -28.499413, "zona_manejo": "medio", "clase_vigor_kmeans": 3, "ndvi": 0.494, "ndvi_actual": 0.569, "rendimiento_2019": 136.6, "rendimiento_2020": 96.4, "estado": "sin_monitoreo", "ultimo_monitoreo": null}}, {"type": "Feature", "geometry": {"type": "Point", "coordinates": [-71.0913295, -28.4993225]}, "properties": {"codigo": "LL-OLI-0432", "id_arbol": 432, "predio": "Olivar Los Loros", "cultivo": "Olivo", "variedad": null, "lon": -71.0913295, "lat": -28.4993225, "zona_manejo": "medio", "clase_vigor_kmeans": 2, "ndvi": 0.472, "ndvi_actual": 0.546, "rendimiento_2019": 86.8, "rendimiento_2020": 94.2, "estado": "sin_monitoreo", "ultimo_monitoreo": null}}, {"type": "Feature", "geometry": {"type": "Point", "coordinates": [-71.0912252, -28.4993512]}, "properties": {"codigo": "LL-OLI-0433", "id_arbol": 433, "predio": "Olivar Los Loros", "cultivo": "Olivo", "variedad": null, "lon": -71.0912252, "lat": -28.4993512, "zona_manejo": "medio", "clase_vigor_kmeans": 3, "ndvi": 0.482, "ndvi_actual": 0.56, "rendimiento_2019": 44.0, "rendimiento_2020": 96.4, "estado": "sin_monitoreo", "ultimo_monitoreo": null}}, {"type": "Feature", "geometry": {"type": "Point", "coordinates": [-71.0912592, -28.4994393]}, "properties": {"codigo": "LL-OLI-0434", "id_arbol": 434, "predio": "Olivar Los Loros", "cultivo": "Olivo", "variedad": null, "lon": -71.0912592, "lat": -28.4994393, "zona_manejo": "medio", "clase_vigor_kmeans": 3, "ndvi": 0.503, "ndvi_actual": 0.579, "rendimiento_2019": 101.3, "rendimiento_2020": 97.4, "estado": "sin_monitoreo", "ultimo_monitoreo": null}}, {"type": "Feature", "geometry": {"type": "Point", "coordinates": [-71.0913059, -28.4995239]}, "properties": {"codigo": "LL-OLI-0435", "id_arbol": 435, "predio": "Olivar Los Loros", "cultivo": "Olivo", "variedad": null, "lon": -71.0913059, "lat": -28.4995239, "zona_manejo": "medio", "clase_vigor_kmeans": 3, "ndvi": 0.533, "ndvi_actual": 0.586, "rendimiento_2019": 93.7, "rendimiento_2020": 93.0, "estado": "sin_monitoreo", "ultimo_monitoreo": null}}, {"type": "Feature", "geometry": {"type": "Point", "coordinates": [-71.091344, -28.4996079]}, "properties": {"codigo": "LL-OLI-0436", "id_arbol": 436, "predio": "Olivar Los Loros", "cultivo": "Olivo", "variedad": null, "lon": -71.091344, "lat": -28.4996079, "zona_manejo": "alto", "clase_vigor_kmeans": 4, "ndvi": 0.545, "ndvi_actual": 0.592, "rendimiento_2019": 94.5, "rendimiento_2020": 89.6, "estado": "sin_monitoreo", "ultimo_monitoreo": null}}, {"type": "Feature", "geometry": {"type": "Point", "coordinates": [-71.0913827, -28.4996895]}, "properties": {"codigo": "LL-OLI-0437", "id_arbol": 437, "predio": "Olivar Los Loros", "cultivo": "Olivo", "variedad": null, "lon": -71.0913827, "lat": -28.4996895, "zona_manejo": "alto", "clase_vigor_kmeans": 4, "ndvi": 0.551, "ndvi_actual": 0.594, "rendimiento_2019": 86.1, "rendimiento_2020": 90.4, "estado": "sin_monitoreo", "ultimo_monitoreo": null}}, {"type": "Feature", "geometry": {"type": "Point", "coordinates": [-71.09143, -28.4997634]}, "properties": {"codigo": "LL-OLI-0438", "id_arbol": 438, "predio": "Olivar Los Loros", "cultivo": "Olivo", "variedad": null, "lon": -71.09143, "lat": -28.4997634, "zona_manejo": "alto", "clase_vigor_kmeans": 4, "ndvi": 0.545, "ndvi_actual": 0.585, "rendimiento_2019": 96.6, "rendimiento_2020": 79.8, "estado": "sin_monitoreo", "ultimo_monitoreo": null}}, {"type": "Feature", "geometry": {"type": "Point", "coordinates": [-71.0914699, -28.4998498]}, "properties": {"codigo": "LL-OLI-0439", "id_arbol": 439, "predio": "Olivar Los Loros", "cultivo": "Olivo", "variedad": null, "lon": -71.0914699, "lat": -28.4998498, "zona_manejo": "alto", "clase_vigor_kmeans": 4, "ndvi": 0.554, "ndvi_actual": 0.59, "rendimiento_2019": 71.9, "rendimiento_2020": 82.0, "estado": "sin_monitoreo", "ultimo_monitoreo": null}}, {"type": "Feature", "geometry": {"type": "Point", "coordinates": [-71.0936276, -28.5004793]}, "properties": {"codigo": "LL-OLI-0044", "id_arbol": 44, "predio": "Olivar Los Loros", "cultivo": "Olivo", "variedad": null, "lon": -71.0936276, "lat": -28.5004793, "zona_manejo": "medio", "clase_vigor_kmeans": 3, "ndvi": 0.517, "ndvi_actual": 0.542, "rendimiento_2019": 78.0, "rendimiento_2020": 91.3, "estado": "sin_monitoreo", "ultimo_monitoreo": null}}, {"type": "Feature", "geometry": {"type": "Point", "coordinates": [-71.091512, -28.4999357]}, "properties": {"codigo": "LL-OLI-0440", "id_arbol": 440, "predio": "Olivar Los Loros", "cultivo": "Olivo", "variedad": null, "lon": -71.091512, "lat": -28.4999357, "zona_manejo": "alto", "clase_vigor_kmeans": 4, "ndvi": 0.539, "ndvi_actual": 0.554, "rendimiento_2019": 124.3, "rendimiento_2020": 78.5, "estado": "sin_monitoreo", "ultimo_monitoreo": null}}, {"type": "Feature", "geometry": {"type": "Point", "coordinates": [-71.0915493, -28.5000196]}, "properties": {"codigo": "LL-OLI-0441", "id_arbol": 441, "predio": "Olivar Los Loros", "cultivo": "Olivo", "variedad": null, "lon": -71.0915493, "lat": -28.5000196, "zona_manejo": "alto", "clase_vigor_kmeans": 4, "ndvi": 0.542, "ndvi_actual": 0.563, "rendimiento_2019": 87.2, "rendimiento_2020": 75.3, "estado": "sin_monitoreo", "ultimo_monitoreo": null}}, {"type": "Feature", "geometry": {"type": "Point", "coordinates": [-71.0915945, -28.5001002]}, "properties": {"codigo": "LL-OLI-0442", "id_arbol": 442, "predio": "Olivar Los Loros", "cultivo": "Olivo", "variedad": null, "lon": -71.0915945, "lat": -28.5001002, "zona_manejo": "alto", "clase_vigor_kmeans": 4, "ndvi": 0.551, "ndvi_actual": 0.558, "rendimiento_2019": 67.1, "rendimiento_2020": 74.7, "estado": "sin_monitoreo", "ultimo_monitoreo": null}}, {"type": "Feature", "geometry": {"type": "Point", "coordinates": [-71.0916405, -28.5001852]}, "properties": {"codigo": "LL-OLI-0443", "id_arbol": 443, "predio": "Olivar Los Loros", "cultivo": "Olivo", "variedad": null, "lon": -71.0916405, "lat": -28.5001852, "zona_manejo": "alto", "clase_vigor_kmeans": 4, "ndvi": 0.566, "ndvi_actual": 0.565, "rendimiento_2019": 67.2, "rendimiento_2020": 73.0, "estado": "sin_monitoreo", "ultimo_monitoreo": null}}, {"type": "Feature", "geometry": {"type": "Point", "coordinates": [-71.0916692, -28.5002517]}, "properties": {"codigo": "LL-OLI-0444", "id_arbol": 444, "predio": "Olivar Los Loros", "cultivo": "Olivo", "variedad": null, "lon": -71.0916692, "lat": -28.5002517, "zona_manejo": "alto", "clase_vigor_kmeans": 4, "ndvi": 0.543, "ndvi_actual": 0.503, "rendimiento_2019": 35.8, "rendimiento_2020": 90.3, "estado": "sin_monitoreo", "ultimo_monitoreo": null}}, {"type": "Feature", "geometry": {"type": "Point", "coordinates": [-71.0915563, -28.5002765]}, "properties": {"codigo": "LL-OLI-0445", "id_arbol": 445, "predio": "Olivar Los Loros", "cultivo": "Olivo", "variedad": null, "lon": -71.0915563, "lat": -28.5002765, "zona_manejo": "alto", "clase_vigor_kmeans": 4, "ndvi": 0.546, "ndvi_actual": 0.521, "rendimiento_2019": 48.5, "rendimiento_2020": 79.6, "estado": "sin_monitoreo", "ultimo_monitoreo": null}}, {"type": "Feature", "geometry": {"type": "Point", "coordinates": [-71.0915327, -28.5002086]}, "properties": {"codigo": "LL-OLI-0446", "id_arbol": 446, "predio": "Olivar Los Loros", "cultivo": "Olivo", "variedad": null, "lon": -71.0915327, "lat": -28.5002086, "zona_manejo": "alto", "clase_vigor_kmeans": 4, "ndvi": 0.555, "ndvi_actual": 0.559, "rendimiento_2019": 75.8, "rendimiento_2020": 74.0, "estado": "sin_monitoreo", "ultimo_monitoreo": null}}, {"type": "Feature", "geometry": {"type": "Point", "coordinates": [-71.0914942, -28.5001195]}, "properties": {"codigo": "LL-OLI-0447", "id_arbol": 447, "predio": "Olivar Los Loros", "cultivo": "Olivo", "variedad": null, "lon": -71.0914942, "lat": -28.5001195, "zona_manejo": "alto", "clase_vigor_kmeans": 4, "ndvi": 0.546, "ndvi_actual": 0.566, "rendimiento_2019": 26.4, "rendimiento_2020": 74.3, "estado": "sin_monitoreo", "ultimo_monitoreo": null}}, {"type": "Feature", "geometry": {"type": "Point", "coordinates": [-71.0914535, -28.5000306]}, "properties": {"codigo": "LL-OLI-0448", "id_arbol": 448, "predio": "Olivar Los Loros", "cultivo": "Olivo", "variedad": null, "lon": -71.0914535, "lat": -28.5000306, "zona_manejo": "alto", "clase_vigor_kmeans": 4, "ndvi": 0.548, "ndvi_actual": 0.576, "rendimiento_2019": null, "rendimiento_2020": 81.8, "estado": "sin_monitoreo", "ultimo_monitoreo": null}}, {"type": "Feature", "geometry": {"type": "Point", "coordinates": [-71.0914145, -28.499943]}, "properties": {"codigo": "LL-OLI-0449", "id_arbol": 449, "predio": "Olivar Los Loros", "cultivo": "Olivo", "variedad": null, "lon": -71.0914145, "lat": -28.499943, "zona_manejo": "alto", "clase_vigor_kmeans": 4, "ndvi": 0.551, "ndvi_actual": 0.58, "rendimiento_2019": 57.1, "rendimiento_2020": 84.7, "estado": "sin_monitoreo", "ultimo_monitoreo": null}}, {"type": "Feature", "geometry": {"type": "Point", "coordinates": [-71.0936476, -28.5005695]}, "properties": {"codigo": "LL-OLI-0045", "id_arbol": 45, "predio": "Olivar Los Loros", "cultivo": "Olivo", "variedad": null, "lon": -71.0936476, "lat": -28.5005695, "zona_manejo": "medio", "clase_vigor_kmeans": 3, "ndvi": 0.516, "ndvi_actual": 0.589, "rendimiento_2019": 80.5, "rendimiento_2020": 89.4, "estado": "sin_monitoreo", "ultimo_monitoreo": null}}, {"type": "Feature", "geometry": {"type": "Point", "coordinates": [-71.0913714, -28.4998662]}, "properties": {"codigo": "LL-OLI-0450", "id_arbol": 450, "predio": "Olivar Los Loros", "cultivo": "Olivo", "variedad": null, "lon": -71.0913714, "lat": -28.4998662, "zona_manejo": "alto", "clase_vigor_kmeans": 4, "ndvi": 0.556, "ndvi_actual": 0.592, "rendimiento_2019": 71.9, "rendimiento_2020": 80.9, "estado": "sin_monitoreo", "ultimo_monitoreo": null}}, {"type": "Feature", "geometry": {"type": "Point", "coordinates": [-71.0913262, -28.4997905]}, "properties": {"codigo": "LL-OLI-0451", "id_arbol": 451, "predio": "Olivar Los Loros", "cultivo": "Olivo", "variedad": null, "lon": -71.0913262, "lat": -28.4997905, "zona_manejo": "alto", "clase_vigor_kmeans": 4, "ndvi": 0.556, "ndvi_actual": 0.592, "rendimiento_2019": 69.8, "rendimiento_2020": 81.6, "estado": "sin_monitoreo", "ultimo_monitoreo": null}}, {"type": "Feature", "geometry": {"type": "Point", "coordinates": [-71.0912826, -28.4997006]}, "properties": {"codigo": "LL-OLI-0452", "id_arbol": 452, "predio": "Olivar Los Loros", "cultivo": "Olivo", "variedad": null, "lon": -71.0912826, "lat": -28.4997006, "zona_manejo": "alto", "clase_vigor_kmeans": 4, "ndvi": 0.566, "ndvi_actual": 0.607, "rendimiento_2019": 90.1, "rendimiento_2020": 104.9, "estado": "sin_monitoreo", "ultimo_monitoreo": null}}, {"type": "Feature", "geometry": {"type": "Point", "coordinates": [-71.0912441, -28.4996161]}, "properties": {"codigo": "LL-OLI-0453", "id_arbol": 453, "predio": "Olivar Los Loros", "cultivo": "Olivo", "variedad": null, "lon": -71.0912441, "lat": -28.4996161, "zona_manejo": "alto", "clase_vigor_kmeans": 4, "ndvi": 0.565, "ndvi_actual": 0.598, "rendimiento_2019": 109.7, "rendimiento_2020": 96.2, "estado": "sin_monitoreo", "ultimo_monitoreo": null}}, {"type": "Feature", "geometry": {"type": "Point", "coordinates": [-71.091206, -28.4995336]}, "properties": {"codigo": "LL-OLI-0454", "id_arbol": 454, "predio": "Olivar Los Loros", "cultivo": "Olivo", "variedad": null, "lon": -71.091206, "lat": -28.4995336, "zona_manejo": "alto", "clase_vigor_kmeans": 4, "ndvi": 0.542, "ndvi_actual": 0.581, "rendimiento_2019": 86.1, "rendimiento_2020": 92.3, "estado": "sin_monitoreo", "ultimo_monitoreo": null}}, {"type": "Feature", "geometry": {"type": "Point", "coordinates": [-71.0911695, -28.499455]}, "properties": {"codigo": "LL-OLI-0455", "id_arbol": 455, "predio": "Olivar Los Loros", "cultivo": "Olivo", "variedad": null, "lon": -71.0911695, "lat": -28.499455, "zona_manejo": "medio", "clase_vigor_kmeans": 3, "ndvi": 0.491, "ndvi_actual": 0.556, "rendimiento_2019": 84.4, "rendimiento_2020": 93.7, "estado": "sin_monitoreo", "ultimo_monitoreo": null}}, {"type": "Feature", "geometry": {"type": "Point", "coordinates": [-71.0910776, -28.4994768]}, "properties": {"codigo": "LL-OLI-0456", "id_arbol": 456, "predio": "Olivar Los Loros", "cultivo": "Olivo", "variedad": null, "lon": -71.0910776, "lat": -28.4994768, "zona_manejo": "medio", "clase_vigor_kmeans": 2, "ndvi": 0.464, "ndvi_actual": 0.433, "rendimiento_2019": 66.8, "rendimiento_2020": 104.6, "estado": "sin_monitoreo", "ultimo_monitoreo": null}}, {"type": "Feature", "geometry": {"type": "Point", "coordinates": [-71.0911187, -28.4995531]}, "properties": {"codigo": "LL-OLI-0457", "id_arbol": 457, "predio": "Olivar Los Loros", "cultivo": "Olivo", "variedad": null, "lon": -71.0911187, "lat": -28.4995531, "zona_manejo": "alto", "clase_vigor_kmeans": 4, "ndvi": 0.534, "ndvi_actual": 0.584, "rendimiento_2019": 74.8, "rendimiento_2020": 91.1, "estado": "sin_monitoreo", "ultimo_monitoreo": null}}, {"type": "Feature", "geometry": {"type": "Point", "coordinates": [-71.091156, -28.4996416]}, "properties": {"codigo": "LL-OLI-0458", "id_arbol": 458, "predio": "Olivar Los Loros", "cultivo": "Olivo", "variedad": null, "lon": -71.091156, "lat": -28.4996416, "zona_manejo": "alto", "clase_vigor_kmeans": 4, "ndvi": 0.568, "ndvi_actual": 0.606, "rendimiento_2019": 83.8, "rendimiento_2020": 95.4, "estado": "sin_monitoreo", "ultimo_monitoreo": null}}, {"type": "Feature", "geometry": {"type": "Point", "coordinates": [-71.0911952, -28.4997271]}, "properties": {"codigo": "LL-OLI-0459", "id_arbol": 459, "predio": "Olivar Los Loros", "cultivo": "Olivo", "variedad": null, "lon": -71.0911952, "lat": -28.4997271, "zona_manejo": "alto", "clase_vigor_kmeans": 4, "ndvi": 0.566, "ndvi_actual": 0.607, "rendimiento_2019": 78.9, "rendimiento_2020": 103.5, "estado": "sin_monitoreo", "ultimo_monitoreo": null}}, {"type": "Feature", "geometry": {"type": "Point", "coordinates": [-71.0936693, -28.500663]}, "properties": {"codigo": "LL-OLI-0046", "id_arbol": 46, "predio": "Olivar Los Loros", "cultivo": "Olivo", "variedad": null, "lon": -71.0936693, "lat": -28.500663, "zona_manejo": "medio", "clase_vigor_kmeans": 3, "ndvi": 0.513, "ndvi_actual": 0.648, "rendimiento_2019": 100.2, "rendimiento_2020": 93.7, "estado": "sin_monitoreo", "ultimo_monitoreo": null}}, {"type": "Feature", "geometry": {"type": "Point", "coordinates": [-71.0912359, -28.4998091]}, "properties": {"codigo": "LL-OLI-0460", "id_arbol": 460, "predio": "Olivar Los Loros", "cultivo": "Olivo", "variedad": null, "lon": -71.0912359, "lat": -28.4998091, "zona_manejo": "alto", "clase_vigor_kmeans": 4, "ndvi": 0.558, "ndvi_actual": 0.601, "rendimiento_2019": 51.5, "rendimiento_2020": 90.6, "estado": "sin_monitoreo", "ultimo_monitoreo": null}}, {"type": "Feature", "geometry": {"type": "Point", "coordinates": [-71.0912767, -28.4998935]}, "properties": {"codigo": "LL-OLI-0461", "id_arbol": 461, "predio": "Olivar Los Loros", "cultivo": "Olivo", "variedad": null, "lon": -71.0912767, "lat": -28.4998935, "zona_manejo": "alto", "clase_vigor_kmeans": 4, "ndvi": 0.556, "ndvi_actual": 0.595, "rendimiento_2019": 77.0, "rendimiento_2020": 83.9, "estado": "sin_monitoreo", "ultimo_monitoreo": null}}, {"type": "Feature", "geometry": {"type": "Point", "coordinates": [-71.0913199, -28.4999786]}, "properties": {"codigo": "LL-OLI-0462", "id_arbol": 462, "predio": "Olivar Los Loros", "cultivo": "Olivo", "variedad": null, "lon": -71.0913199, "lat": -28.4999786, "zona_manejo": "alto", "clase_vigor_kmeans": 4, "ndvi": 0.551, "ndvi_actual": 0.586, "rendimiento_2019": 62.2, "rendimiento_2020": 82.4, "estado": "sin_monitoreo", "ultimo_monitoreo": null}}, {"type": "Feature", "geometry": {"type": "Point", "coordinates": [-71.0913581, -28.5000561]}, "properties": {"codigo": "LL-OLI-0463", "id_arbol": 463, "predio": "Olivar Los Loros", "cultivo": "Olivo", "variedad": null, "lon": -71.0913581, "lat": -28.5000561, "zona_manejo": "alto", "clase_vigor_kmeans": 4, "ndvi": 0.542, "ndvi_actual": 0.584, "rendimiento_2019": 88.8, "rendimiento_2020": 78.9, "estado": "sin_monitoreo", "ultimo_monitoreo": null}}, {"type": "Feature", "geometry": {"type": "Point", "coordinates": [-71.0913979, -28.5001381]}, "properties": {"codigo": "LL-OLI-0464", "id_arbol": 464, "predio": "Olivar Los Loros", "cultivo": "Olivo", "variedad": null, "lon": -71.0913979, "lat": -28.5001381, "zona_manejo": "medio", "clase_vigor_kmeans": 3, "ndvi": 0.503, "ndvi_actual": 0.552, "rendimiento_2019": 66.5, "rendimiento_2020": 78.3, "estado": "sin_monitoreo", "ultimo_monitoreo": null}}, {"type": "Feature", "geometry": {"type": "Point", "coordinates": [-71.0914326, -28.5002192]}, "properties": {"codigo": "LL-OLI-0465", "id_arbol": 465, "predio": "Olivar Los Loros", "cultivo": "Olivo", "variedad": null, "lon": -71.0914326, "lat": -28.5002192, "zona_manejo": "alto", "clase_vigor_kmeans": 4, "ndvi": 0.545, "ndvi_actual": 0.552, "rendimiento_2019": 75.3, "rendimiento_2020": 77.9, "estado": "sin_monitoreo", "ultimo_monitoreo": null}}, {"type": "Feature", "geometry": {"type": "Point", "coordinates": [-71.0912843, -28.5001903]}, "properties": {"codigo": "LL-OLI-0466", "id_arbol": 466, "predio": "Olivar Los Loros", "cultivo": "Olivo", "variedad": null, "lon": -71.0912843, "lat": -28.5001903, "zona_manejo": "medio", "clase_vigor_kmeans": 2, "ndvi": 0.471, "ndvi_actual": 0.556, "rendimiento_2019": 46.5, "rendimiento_2020": 78.8, "estado": "sin_monitoreo", "ultimo_monitoreo": null}}, {"type": "Feature", "geometry": {"type": "Point", "coordinates": [-71.0912519, -28.5001006]}, "properties": {"codigo": "LL-OLI-0467", "id_arbol": 467, "predio": "Olivar Los Loros", "cultivo": "Olivo", "variedad": null, "lon": -71.0912519, "lat": -28.5001006, "zona_manejo": "medio", "clase_vigor_kmeans": 3, "ndvi": 0.524, "ndvi_actual": 0.583, "rendimiento_2019": 26.0, "rendimiento_2020": 79.4, "estado": "sin_monitoreo", "ultimo_monitoreo": null}}, {"type": "Feature", "geometry": {"type": "Point", "coordinates": [-71.0912194, -28.5000108]}, "properties": {"codigo": "LL-OLI-0468", "id_arbol": 468, "predio": "Olivar Los Loros", "cultivo": "Olivo", "variedad": null, "lon": -71.0912194, "lat": -28.5000108, "zona_manejo": "alto", "clase_vigor_kmeans": 4, "ndvi": 0.548, "ndvi_actual": 0.59, "rendimiento_2019": 49.0, "rendimiento_2020": 79.5, "estado": "sin_monitoreo", "ultimo_monitoreo": null}}, {"type": "Feature", "geometry": {"type": "Point", "coordinates": [-71.091177, -28.4999303]}, "properties": {"codigo": "LL-OLI-0469", "id_arbol": 469, "predio": "Olivar Los Loros", "cultivo": "Olivo", "variedad": null, "lon": -71.091177, "lat": -28.4999303, "zona_manejo": "medio", "clase_vigor_kmeans": 3, "ndvi": 0.541, "ndvi_actual": 0.585, "rendimiento_2019": null, "rendimiento_2020": 82.2, "estado": "sin_monitoreo", "ultimo_monitoreo": null}}, {"type": "Feature", "geometry": {"type": "Point", "coordinates": [-71.0936864, -28.500751]}, "properties": {"codigo": "LL-OLI-0047", "id_arbol": 47, "predio": "Olivar Los Loros", "cultivo": "Olivo", "variedad": null, "lon": -71.0936864, "lat": -28.500751, "zona_manejo": "medio", "clase_vigor_kmeans": 3, "ndvi": 0.52, "ndvi_actual": 0.627, "rendimiento_2019": 88.3, "rendimiento_2020": 91.3, "estado": "sin_monitoreo", "ultimo_monitoreo": null}}, {"type": "Feature", "geometry": {"type": "Point", "coordinates": [-71.0911344, -28.4998407]}, "properties": {"codigo": "LL-OLI-0470", "id_arbol": 470, "predio": "Olivar Los Loros", "cultivo": "Olivo", "variedad": null, "lon": -71.0911344, "lat": -28.4998407, "zona_manejo": "alto", "clase_vigor_kmeans": 4, "ndvi": 0.548, "ndvi_actual": 0.586, "rendimiento_2019": 41.4, "rendimiento_2020": 80.6, "estado": "sin_monitoreo", "ultimo_monitoreo": null}}, {"type": "Feature", "geometry": {"type": "Point", "coordinates": [-71.091102, -28.499751]}, "properties": {"codigo": "LL-OLI-0471", "id_arbol": 471, "predio": "Olivar Los Loros", "cultivo": "Olivo", "variedad": null, "lon": -71.091102, "lat": -28.499751, "zona_manejo": "alto", "clase_vigor_kmeans": 4, "ndvi": 0.566, "ndvi_actual": 0.602, "rendimiento_2019": 83.2, "rendimiento_2020": 81.9, "estado": "sin_monitoreo", "ultimo_monitoreo": null}}, {"type": "Feature", "geometry": {"type": "Point", "coordinates": [-71.0910699, -28.4996793]}, "properties": {"codigo": "LL-OLI-0472", "id_arbol": 472, "predio": "Olivar Los Loros", "cultivo": "Olivo", "variedad": null, "lon": -71.0910699, "lat": -28.4996793, "zona_manejo": "alto", "clase_vigor_kmeans": 4, "ndvi": 0.533, "ndvi_actual": 0.578, "rendimiento_2019": 53.9, "rendimiento_2020": 95.5, "estado": "sin_monitoreo", "ultimo_monitoreo": null}}, {"type": "Feature", "geometry": {"type": "Point", "coordinates": [-71.0909561, -28.4996837]}, "properties": {"codigo": "LL-OLI-0473", "id_arbol": 473, "predio": "Olivar Los Loros", "cultivo": "Olivo", "variedad": null, "lon": -71.0909561, "lat": -28.4996837, "zona_manejo": "medio", "clase_vigor_kmeans": 3, "ndvi": 0.503, "ndvi_actual": 0.498, "rendimiento_2019": 93.0, "rendimiento_2020": 99.9, "estado": "sin_monitoreo", "ultimo_monitoreo": null}}, {"type": "Feature", "geometry": {"type": "Point", "coordinates": [-71.0910002, -28.4997613]}, "properties": {"codigo": "LL-OLI-0474", "id_arbol": 474, "predio": "Olivar Los Loros", "cultivo": "Olivo", "variedad": null, "lon": -71.0910002, "lat": -28.4997613, "zona_manejo": "alto", "clase_vigor_kmeans": 4, "ndvi": 0.544, "ndvi_actual": 0.587, "rendimiento_2019": 42.6, "rendimiento_2020": 86.1, "estado": "sin_monitoreo", "ultimo_monitoreo": null}}, {"type": "Feature", "geometry": {"type": "Point", "coordinates": [-71.0910542, -28.4998597]}, "properties": {"codigo": "LL-OLI-0475", "id_arbol": 475, "predio": "Olivar Los Loros", "cultivo": "Olivo", "variedad": null, "lon": -71.0910542, "lat": -28.4998597, "zona_manejo": "medio", "clase_vigor_kmeans": 3, "ndvi": 0.536, "ndvi_actual": 0.575, "rendimiento_2019": 56.0, "rendimiento_2020": 85.6, "estado": "sin_monitoreo", "ultimo_monitoreo": null}}, {"type": "Feature", "geometry": {"type": "Point", "coordinates": [-71.0910767, -28.49993]}, "properties": {"codigo": "LL-OLI-0476", "id_arbol": 476, "predio": "Olivar Los Loros", "cultivo": "Olivo", "variedad": null, "lon": -71.0910767, "lat": -28.49993, "zona_manejo": "medio", "clase_vigor_kmeans": 3, "ndvi": 0.533, "ndvi_actual": 0.583, "rendimiento_2019": 27.7, "rendimiento_2020": 84.8, "estado": "sin_monitoreo", "ultimo_monitoreo": null}}, {"type": "Feature", "geometry": {"type": "Point", "coordinates": [-71.0911067, -28.5000215]}, "properties": {"codigo": "LL-OLI-0477", "id_arbol": 477, "predio": "Olivar Los Loros", "cultivo": "Olivo", "variedad": null, "lon": -71.0911067, "lat": -28.5000215, "zona_manejo": "alto", "clase_vigor_kmeans": 4, "ndvi": 0.542, "ndvi_actual": 0.588, "rendimiento_2019": 56.6, "rendimiento_2020": 80.8, "estado": "sin_monitoreo", "ultimo_monitoreo": null}}, {"type": "Feature", "geometry": {"type": "Point", "coordinates": [-71.091138, -28.5000986]}, "properties": {"codigo": "LL-OLI-0478", "id_arbol": 478, "predio": "Olivar Los Loros", "cultivo": "Olivo", "variedad": null, "lon": -71.091138, "lat": -28.5000986, "zona_manejo": "medio", "clase_vigor_kmeans": 3, "ndvi": 0.52, "ndvi_actual": 0.579, "rendimiento_2019": 56.5, "rendimiento_2020": 83.0, "estado": "sin_monitoreo", "ultimo_monitoreo": null}}, {"type": "Feature", "geometry": {"type": "Point", "coordinates": [-71.0911898, -28.5001924]}, "properties": {"codigo": "LL-OLI-0479", "id_arbol": 479, "predio": "Olivar Los Loros", "cultivo": "Olivo", "variedad": null, "lon": -71.0911898, "lat": -28.5001924, "zona_manejo": "medio", "clase_vigor_kmeans": 2, "ndvi": 0.484, "ndvi_actual": 0.558, "rendimiento_2019": 61.1, "rendimiento_2020": 79.9, "estado": "sin_monitoreo", "ultimo_monitoreo": null}}, {"type": "Feature", "geometry": {"type": "Point", "coordinates": [-71.0937192, -28.5008379]}, "properties": {"codigo": "LL-OLI-0048", "id_arbol": 48, "predio": "Olivar Los Loros", "cultivo": "Olivo", "variedad": null, "lon": -71.0937192, "lat": -28.5008379, "zona_manejo": "medio", "clase_vigor_kmeans": 3, "ndvi": 0.546, "ndvi_actual": 0.595, "rendimiento_2019": 79.3, "rendimiento_2020": 99.1, "estado": "sin_monitoreo", "ultimo_monitoreo": null}}, {"type": "Feature", "geometry": {"type": "Point", "coordinates": [-71.091051, -28.5001368]}, "properties": {"codigo": "LL-OLI-0480", "id_arbol": 480, "predio": "Olivar Los Loros", "cultivo": "Olivo", "variedad": null, "lon": -71.091051, "lat": -28.5001368, "zona_manejo": "alto", "clase_vigor_kmeans": 4, "ndvi": 0.537, "ndvi_actual": 0.581, "rendimiento_2019": 27.5, "rendimiento_2020": 82.5, "estado": "sin_monitoreo", "ultimo_monitoreo": null}}, {"type": "Feature", "geometry": {"type": "Point", "coordinates": [-71.0910073, -28.5000534]}, "properties": {"codigo": "LL-OLI-0481", "id_arbol": 481, "predio": "Olivar Los Loros", "cultivo": "Olivo", "variedad": null, "lon": -71.0910073, "lat": -28.5000534, "zona_manejo": "alto", "clase_vigor_kmeans": 4, "ndvi": 0.537, "ndvi_actual": 0.581, "rendimiento_2019": 54.5, "rendimiento_2020": 83.8, "estado": "sin_monitoreo", "ultimo_monitoreo": null}}, {"type": "Feature", "geometry": {"type": "Point", "coordinates": [-71.0909795, -28.499959]}, "properties": {"codigo": "LL-OLI-0482", "id_arbol": 482, "predio": "Olivar Los Loros", "cultivo": "Olivo", "variedad": null, "lon": -71.0909795, "lat": -28.499959, "zona_manejo": "alto", "clase_vigor_kmeans": 4, "ndvi": 0.539, "ndvi_actual": 0.581, "rendimiento_2019": 36.3, "rendimiento_2020": 87.5, "estado": "sin_monitoreo", "ultimo_monitoreo": null}}, {"type": "Feature", "geometry": {"type": "Point", "coordinates": [-71.0909312, -28.4998798]}, "properties": {"codigo": "LL-OLI-0483", "id_arbol": 483, "predio": "Olivar Los Loros", "cultivo": "Olivo", "variedad": null, "lon": -71.0909312, "lat": -28.4998798, "zona_manejo": "alto", "clase_vigor_kmeans": 4, "ndvi": 0.539, "ndvi_actual": 0.581, "rendimiento_2019": 27.2, "rendimiento_2020": 87.9, "estado": "sin_monitoreo", "ultimo_monitoreo": null}}, {"type": "Feature", "geometry": {"type": "Point", "coordinates": [-71.0908896, -28.4998001]}, "properties": {"codigo": "LL-OLI-0484", "id_arbol": 484, "predio": "Olivar Los Loros", "cultivo": "Olivo", "variedad": null, "lon": -71.0908896, "lat": -28.4998001, "zona_manejo": "medio", "clase_vigor_kmeans": 3, "ndvi": 0.526, "ndvi_actual": 0.575, "rendimiento_2019": 72.5, "rendimiento_2020": 88.1, "estado": "sin_monitoreo", "ultimo_monitoreo": null}}, {"type": "Feature", "geometry": {"type": "Point", "coordinates": [-71.0908238, -28.4998908]}, "properties": {"codigo": "LL-OLI-0485", "id_arbol": 485, "predio": "Olivar Los Loros", "cultivo": "Olivo", "variedad": null, "lon": -71.0908238, "lat": -28.4998908, "zona_manejo": "alto", "clase_vigor_kmeans": 4, "ndvi": 0.533, "ndvi_actual": 0.582, "rendimiento_2019": 70.5, "rendimiento_2020": 89.0, "estado": "sin_monitoreo", "ultimo_monitoreo": null}}, {"type": "Feature", "geometry": {"type": "Point", "coordinates": [-71.0908703, -28.4999925]}, "properties": {"codigo": "LL-OLI-0486", "id_arbol": 486, "predio": "Olivar Los Loros", "cultivo": "Olivo", "variedad": null, "lon": -71.0908703, "lat": -28.4999925, "zona_manejo": "alto", "clase_vigor_kmeans": 4, "ndvi": 0.545, "ndvi_actual": 0.602, "rendimiento_2019": 90.8, "rendimiento_2020": 91.4, "estado": "sin_monitoreo", "ultimo_monitoreo": null}}, {"type": "Feature", "geometry": {"type": "Point", "coordinates": [-71.0909112, -28.5000634]}, "properties": {"codigo": "LL-OLI-0487", "id_arbol": 487, "predio": "Olivar Los Loros", "cultivo": "Olivo", "variedad": null, "lon": -71.0909112, "lat": -28.5000634, "zona_manejo": "alto", "clase_vigor_kmeans": 4, "ndvi": 0.542, "ndvi_actual": 0.578, "rendimiento_2019": 64.0, "rendimiento_2020": 81.8, "estado": "sin_monitoreo", "ultimo_monitoreo": null}}, {"type": "Feature", "geometry": {"type": "Point", "coordinates": [-71.0909667, -28.500175]}, "properties": {"codigo": "LL-OLI-0488", "id_arbol": 488, "predio": "Olivar Los Loros", "cultivo": "Olivo", "variedad": null, "lon": -71.0909667, "lat": -28.500175, "zona_manejo": "medio", "clase_vigor_kmeans": 2, "ndvi": 0.505, "ndvi_actual": 0.572, "rendimiento_2019": 42.6, "rendimiento_2020": 86.0, "estado": "sin_monitoreo", "ultimo_monitoreo": null}}, {"type": "Feature", "geometry": {"type": "Point", "coordinates": [-71.0908037, -28.5001003]}, "properties": {"codigo": "LL-OLI-0489", "id_arbol": 489, "predio": "Olivar Los Loros", "cultivo": "Olivo", "variedad": null, "lon": -71.0908037, "lat": -28.5001003, "zona_manejo": "medio", "clase_vigor_kmeans": 3, "ndvi": 0.521, "ndvi_actual": 0.581, "rendimiento_2019": 67.2, "rendimiento_2020": 87.7, "estado": "sin_monitoreo", "ultimo_monitoreo": null}}, {"type": "Feature", "geometry": {"type": "Point", "coordinates": [-71.0937415, -28.5009328]}, "properties": {"codigo": "LL-OLI-0049", "id_arbol": 49, "predio": "Olivar Los Loros", "cultivo": "Olivo", "variedad": null, "lon": -71.0937415, "lat": -28.5009328, "zona_manejo": "alto", "clase_vigor_kmeans": 4, "ndvi": 0.553, "ndvi_actual": 0.58, "rendimiento_2019": 118.5, "rendimiento_2020": 104.0, "estado": "sin_monitoreo", "ultimo_monitoreo": null}}, {"type": "Feature", "geometry": {"type": "Point", "coordinates": [-71.0907581, -28.500008]}, "properties": {"codigo": "LL-OLI-0490", "id_arbol": 490, "predio": "Olivar Los Loros", "cultivo": "Olivo", "variedad": null, "lon": -71.0907581, "lat": -28.500008, "zona_manejo": "alto", "clase_vigor_kmeans": 4, "ndvi": 0.535, "ndvi_actual": 0.57, "rendimiento_2019": 70.7, "rendimiento_2020": 87.0, "estado": "sin_monitoreo", "ultimo_monitoreo": null}}, {"type": "Feature", "geometry": {"type": "Point", "coordinates": [-71.0907262, -28.4999221]}, "properties": {"codigo": "LL-OLI-0491", "id_arbol": 491, "predio": "Olivar Los Loros", "cultivo": "Olivo", "variedad": null, "lon": -71.0907262, "lat": -28.4999221, "zona_manejo": "alto", "clase_vigor_kmeans": 4, "ndvi": 0.536, "ndvi_actual": 0.535, "rendimiento_2019": 102.7, "rendimiento_2020": 104.3, "estado": "sin_monitoreo", "ultimo_monitoreo": null}}, {"type": "Feature", "geometry": {"type": "Point", "coordinates": [-71.0906678, -28.5000247]}, "properties": {"codigo": "LL-OLI-0492", "id_arbol": 492, "predio": "Olivar Los Loros", "cultivo": "Olivo", "variedad": null, "lon": -71.0906678, "lat": -28.5000247, "zona_manejo": "medio", "clase_vigor_kmeans": 2, "ndvi": 0.515, "ndvi_actual": 0.521, "rendimiento_2019": 84.1, "rendimiento_2020": 107.4, "estado": "sin_monitoreo", "ultimo_monitoreo": null}}, {"type": "Feature", "geometry": {"type": "Point", "coordinates": [-71.0922551, -28.500041]}, "properties": {"codigo": "LL-OLI-0493", "id_arbol": 493, "predio": "Olivar Los Loros", "cultivo": "Olivo", "variedad": null, "lon": -71.0922551, "lat": -28.500041, "zona_manejo": "medio", "clase_vigor_kmeans": 2, "ndvi": 0.469, "ndvi_actual": 0.504, "rendimiento_2019": 69.2, "rendimiento_2020": 90.0, "estado": "sin_monitoreo", "ultimo_monitoreo": null}}, {"type": "Feature", "geometry": {"type": "Point", "coordinates": [-71.092226, -28.4999673]}, "properties": {"codigo": "LL-OLI-0494", "id_arbol": 494, "predio": "Olivar Los Loros", "cultivo": "Olivo", "variedad": null, "lon": -71.092226, "lat": -28.4999673, "zona_manejo": "alto", "clase_vigor_kmeans": 4, "ndvi": 0.531, "ndvi_actual": 0.535, "rendimiento_2019": 159.8, "rendimiento_2020": 102.4, "estado": "sin_monitoreo", "ultimo_monitoreo": null}}, {"type": "Feature", "geometry": {"type": "Point", "coordinates": [-71.0921956, -28.4998664]}, "properties": {"codigo": "LL-OLI-0495", "id_arbol": 495, "predio": "Olivar Los Loros", "cultivo": "Olivo", "variedad": null, "lon": -71.0921956, "lat": -28.4998664, "zona_manejo": "medio", "clase_vigor_kmeans": 3, "ndvi": 0.514, "ndvi_actual": 0.53, "rendimiento_2019": 92.0, "rendimiento_2020": 98.1, "estado": "sin_monitoreo", "ultimo_monitoreo": null}}, {"type": "Feature", "geometry": {"type": "Point", "coordinates": [-71.0921725, -28.4997789]}, "properties": {"codigo": "LL-OLI-0496", "id_arbol": 496, "predio": "Olivar Los Loros", "cultivo": "Olivo", "variedad": null, "lon": -71.0921725, "lat": -28.4997789, "zona_manejo": "medio", "clase_vigor_kmeans": 3, "ndvi": 0.528, "ndvi_actual": 0.536, "rendimiento_2019": 80.3, "rendimiento_2020": 93.5, "estado": "sin_monitoreo", "ultimo_monitoreo": null}}, {"type": "Feature", "geometry": {"type": "Point", "coordinates": [-71.0921325, -28.4996969]}, "properties": {"codigo": "LL-OLI-0497", "id_arbol": 497, "predio": "Olivar Los Loros", "cultivo": "Olivo", "variedad": null, "lon": -71.0921325, "lat": -28.4996969, "zona_manejo": "medio", "clase_vigor_kmeans": 3, "ndvi": 0.533, "ndvi_actual": 0.558, "rendimiento_2019": 70.2, "rendimiento_2020": 81.9, "estado": "sin_monitoreo", "ultimo_monitoreo": null}}, {"type": "Feature", "geometry": {"type": "Point", "coordinates": [-71.0921105, -28.4996158]}, "properties": {"codigo": "LL-OLI-0498", "id_arbol": 498, "predio": "Olivar Los Loros", "cultivo": "Olivo", "variedad": null, "lon": -71.0921105, "lat": -28.4996158, "zona_manejo": "medio", "clase_vigor_kmeans": 3, "ndvi": 0.509, "ndvi_actual": 0.543, "rendimiento_2019": 57.0, "rendimiento_2020": 80.3, "estado": "sin_monitoreo", "ultimo_monitoreo": null}}, {"type": "Feature", "geometry": {"type": "Point", "coordinates": [-71.0920822, -28.4995694]}, "properties": {"codigo": "LL-OLI-0499", "id_arbol": 499, "predio": "Olivar Los Loros", "cultivo": "Olivo", "variedad": null, "lon": -71.0920822, "lat": -28.4995694, "zona_manejo": "alto", "clase_vigor_kmeans": 4, "ndvi": 0.531, "ndvi_actual": 0.56, "rendimiento_2019": 95.3, "rendimiento_2020": 83.2, "estado": "sin_monitoreo", "ultimo_monitoreo": null}}, {"type": "Feature", "geometry": {"type": "Point", "coordinates": [-71.0937847, -28.5003353]}, "properties": {"codigo": "LL-OLI-0005", "id_arbol": 5, "predio": "Olivar Los Loros", "cultivo": "Olivo", "variedad": null, "lon": -71.0937847, "lat": -28.5003353, "zona_manejo": "alto", "clase_vigor_kmeans": 4, "ndvi": 0.551, "ndvi_actual": 0.523, "rendimiento_2019": 80.0, "rendimiento_2020": 97.4, "estado": "sin_monitoreo", "ultimo_monitoreo": null}}, {"type": "Feature", "geometry": {"type": "Point", "coordinates": [-71.0937617, -28.501016]}, "properties": {"codigo": "LL-OLI-0050", "id_arbol": 50, "predio": "Olivar Los Loros", "cultivo": "Olivo", "variedad": null, "lon": -71.0937617, "lat": -28.501016, "zona_manejo": "medio", "clase_vigor_kmeans": 3, "ndvi": 0.525, "ndvi_actual": 0.582, "rendimiento_2019": 60.1, "rendimiento_2020": 99.7, "estado": "sin_monitoreo", "ultimo_monitoreo": null}}, {"type": "Feature", "geometry": {"type": "Point", "coordinates": [-71.0920802, -28.499525]}, "properties": {"codigo": "LL-OLI-0500", "id_arbol": 500, "predio": "Olivar Los Loros", "cultivo": "Olivo", "variedad": null, "lon": -71.0920802, "lat": -28.499525, "zona_manejo": "alto", "clase_vigor_kmeans": 4, "ndvi": 0.531, "ndvi_actual": 0.56, "rendimiento_2019": 62.6, "rendimiento_2020": 82.5, "estado": "sin_monitoreo", "ultimo_monitoreo": null}}, {"type": "Feature", "geometry": {"type": "Point", "coordinates": [-71.0920456, -28.4994296]}, "properties": {"codigo": "LL-OLI-0501", "id_arbol": 501, "predio": "Olivar Los Loros", "cultivo": "Olivo", "variedad": null, "lon": -71.0920456, "lat": -28.4994296, "zona_manejo": "alto", "clase_vigor_kmeans": 4, "ndvi": 0.531, "ndvi_actual": 0.57, "rendimiento_2019": 79.9, "rendimiento_2020": 85.0, "estado": "sin_monitoreo", "ultimo_monitoreo": null}}, {"type": "Feature", "geometry": {"type": "Point", "coordinates": [-71.0920337, -28.4993486]}, "properties": {"codigo": "LL-OLI-0502", "id_arbol": 502, "predio": "Olivar Los Loros", "cultivo": "Olivo", "variedad": null, "lon": -71.0920337, "lat": -28.4993486, "zona_manejo": "medio", "clase_vigor_kmeans": 3, "ndvi": 0.502, "ndvi_actual": 0.568, "rendimiento_2019": 79.9, "rendimiento_2020": 82.1, "estado": "sin_monitoreo", "ultimo_monitoreo": null}}, {"type": "Feature", "geometry": {"type": "Point", "coordinates": [-71.0920117, -28.4992677]}, "properties": {"codigo": "LL-OLI-0503", "id_arbol": 503, "predio": "Olivar Los Loros", "cultivo": "Olivo", "variedad": null, "lon": -71.0920117, "lat": -28.4992677, "zona_manejo": "medio", "clase_vigor_kmeans": 3, "ndvi": 0.474, "ndvi_actual": 0.573, "rendimiento_2019": null, "rendimiento_2020": 85.0, "estado": "sin_monitoreo", "ultimo_monitoreo": null}}, {"type": "Feature", "geometry": {"type": "Point", "coordinates": [-71.0919684, -28.4991421]}, "properties": {"codigo": "LL-OLI-0505", "id_arbol": 505, "predio": "Olivar Los Loros", "cultivo": "Olivo", "variedad": null, "lon": -71.0919684, "lat": -28.4991421, "zona_manejo": "medio", "clase_vigor_kmeans": 3, "ndvi": 0.453, "ndvi_actual": 0.545, "rendimiento_2019": null, "rendimiento_2020": 77.1, "estado": "sin_monitoreo", "ultimo_monitoreo": null}}, {"type": "Feature", "geometry": {"type": "Point", "coordinates": [-71.0937814, -28.5010701]}, "properties": {"codigo": "LL-OLI-0051", "id_arbol": 51, "predio": "Olivar Los Loros", "cultivo": "Olivo", "variedad": null, "lon": -71.0937814, "lat": -28.5010701, "zona_manejo": "alto", "clase_vigor_kmeans": 4, "ndvi": 0.547, "ndvi_actual": 0.581, "rendimiento_2019": 62.0, "rendimiento_2020": 100.6, "estado": "sin_monitoreo", "ultimo_monitoreo": null}}, {"type": "Feature", "geometry": {"type": "Point", "coordinates": [-71.0938109, -28.5011704]}, "properties": {"codigo": "LL-OLI-0052", "id_arbol": 52, "predio": "Olivar Los Loros", "cultivo": "Olivo", "variedad": null, "lon": -71.0938109, "lat": -28.5011704, "zona_manejo": "alto", "clase_vigor_kmeans": 4, "ndvi": 0.542, "ndvi_actual": 0.583, "rendimiento_2019": 63.0, "rendimiento_2020": 101.2, "estado": "sin_monitoreo", "ultimo_monitoreo": null}}, {"type": "Feature", "geometry": {"type": "Point", "coordinates": [-71.0938348, -28.5012634]}, "properties": {"codigo": "LL-OLI-0053", "id_arbol": 53, "predio": "Olivar Los Loros", "cultivo": "Olivo", "variedad": null, "lon": -71.0938348, "lat": -28.5012634, "zona_manejo": "alto", "clase_vigor_kmeans": 4, "ndvi": 0.544, "ndvi_actual": 0.545, "rendimiento_2019": 69.0, "rendimiento_2020": 95.9, "estado": "sin_monitoreo", "ultimo_monitoreo": null}}, {"type": "Feature", "geometry": {"type": "Point", "coordinates": [-71.0938695, -28.5013854]}, "properties": {"codigo": "LL-OLI-0054", "id_arbol": 54, "predio": "Olivar Los Loros", "cultivo": "Olivo", "variedad": null, "lon": -71.0938695, "lat": -28.5013854, "zona_manejo": "alto", "clase_vigor_kmeans": 4, "ndvi": 0.55, "ndvi_actual": 0.518, "rendimiento_2019": 79.3, "rendimiento_2020": 91.6, "estado": "sin_monitoreo", "ultimo_monitoreo": null}}, {"type": "Feature", "geometry": {"type": "Point", "coordinates": [-71.0938936, -28.5014586]}, "properties": {"codigo": "LL-OLI-0055", "id_arbol": 55, "predio": "Olivar Los Loros", "cultivo": "Olivo", "variedad": null, "lon": -71.0938936, "lat": -28.5014586, "zona_manejo": "alto", "clase_vigor_kmeans": 4, "ndvi": 0.551, "ndvi_actual": 0.53, "rendimiento_2019": 61.4, "rendimiento_2020": 88.9, "estado": "sin_monitoreo", "ultimo_monitoreo": null}}, {"type": "Feature", "geometry": {"type": "Point", "coordinates": [-71.093938, -28.5015696]}, "properties": {"codigo": "LL-OLI-0056", "id_arbol": 56, "predio": "Olivar Los Loros", "cultivo": "Olivo", "variedad": null, "lon": -71.093938, "lat": -28.5015696, "zona_manejo": "alto", "clase_vigor_kmeans": 4, "ndvi": 0.531, "ndvi_actual": 0.472, "rendimiento_2019": 62.0, "rendimiento_2020": 90.0, "estado": "sin_monitoreo", "ultimo_monitoreo": null}}, {"type": "Feature", "geometry": {"type": "Point", "coordinates": [-71.0939669, -28.5016487]}, "properties": {"codigo": "LL-OLI-0057", "id_arbol": 57, "predio": "Olivar Los Loros", "cultivo": "Olivo", "variedad": null, "lon": -71.0939669, "lat": -28.5016487, "zona_manejo": "alto", "clase_vigor_kmeans": 4, "ndvi": 0.529, "ndvi_actual": 0.464, "rendimiento_2019": 58.6, "rendimiento_2020": 87.4, "estado": "sin_monitoreo", "ultimo_monitoreo": null}}, {"type": "Feature", "geometry": {"type": "Point", "coordinates": [-71.0938563, -28.5016575]}, "properties": {"codigo": "LL-OLI-0058", "id_arbol": 58, "predio": "Olivar Los Loros", "cultivo": "Olivo", "variedad": null, "lon": -71.0938563, "lat": -28.5016575, "zona_manejo": "alto", "clase_vigor_kmeans": 4, "ndvi": 0.536, "ndvi_actual": 0.512, "rendimiento_2019": 37.0, "rendimiento_2020": 101.0, "estado": "sin_monitoreo", "ultimo_monitoreo": null}}, {"type": "Feature", "geometry": {"type": "Point", "coordinates": [-71.0938291, -28.5015686]}, "properties": {"codigo": "LL-OLI-0059", "id_arbol": 59, "predio": "Olivar Los Loros", "cultivo": "Olivo", "variedad": null, "lon": -71.0938291, "lat": -28.5015686, "zona_manejo": "medio", "clase_vigor_kmeans": 3, "ndvi": 0.515, "ndvi_actual": 0.498, "rendimiento_2019": 48.3, "rendimiento_2020": 91.9, "estado": "sin_monitoreo", "ultimo_monitoreo": null}}, {"type": "Feature", "geometry": {"type": "Point", "coordinates": [-71.0938178, -28.5004334]}, "properties": {"codigo": "LL-OLI-0006", "id_arbol": 6, "predio": "Olivar Los Loros", "cultivo": "Olivo", "variedad": null, "lon": -71.0938178, "lat": -28.5004334, "zona_manejo": "medio", "clase_vigor_kmeans": 3, "ndvi": 0.505, "ndvi_actual": 0.505, "rendimiento_2019": 69.5, "rendimiento_2020": 102.3, "estado": "sin_monitoreo", "ultimo_monitoreo": null}}, {"type": "Feature", "geometry": {"type": "Point", "coordinates": [-71.0937998, -28.5014954]}, "properties": {"codigo": "LL-OLI-0060", "id_arbol": 60, "predio": "Olivar Los Loros", "cultivo": "Olivo", "variedad": null, "lon": -71.0937998, "lat": -28.5014954, "zona_manejo": "alto", "clase_vigor_kmeans": 4, "ndvi": 0.537, "ndvi_actual": 0.521, "rendimiento_2019": 57.1, "rendimiento_2020": 94.0, "estado": "sin_monitoreo", "ultimo_monitoreo": null}}, {"type": "Feature", "geometry": {"type": "Point", "coordinates": [-71.0937694, -28.5014104]}, "properties": {"codigo": "LL-OLI-0061", "id_arbol": 61, "predio": "Olivar Los Loros", "cultivo": "Olivo", "variedad": null, "lon": -71.0937694, "lat": -28.5014104, "zona_manejo": "alto", "clase_vigor_kmeans": 4, "ndvi": 0.542, "ndvi_actual": 0.51, "rendimiento_2019": 56.2, "rendimiento_2020": 99.8, "estado": "sin_monitoreo", "ultimo_monitoreo": null}}, {"type": "Feature", "geometry": {"type": "Point", "coordinates": [-71.0937301, -28.5012924]}, "properties": {"codigo": "LL-OLI-0062", "id_arbol": 62, "predio": "Olivar Los Loros", "cultivo": "Olivo", "variedad": null, "lon": -71.0937301, "lat": -28.5012924, "zona_manejo": "alto", "clase_vigor_kmeans": 4, "ndvi": 0.532, "ndvi_actual": 0.509, "rendimiento_2019": 56.1, "rendimiento_2020": 95.2, "estado": "sin_monitoreo", "ultimo_monitoreo": null}}, {"type": "Feature", "geometry": {"type": "Point", "coordinates": [-71.0937086, -28.5011946]}, "properties": {"codigo": "LL-OLI-0063", "id_arbol": 63, "predio": "Olivar Los Loros", "cultivo": "Olivo", "variedad": null, "lon": -71.0937086, "lat": -28.5011946, "zona_manejo": "alto", "clase_vigor_kmeans": 4, "ndvi": 0.541, "ndvi_actual": 0.543, "rendimiento_2019": 57.5, "rendimiento_2020": 91.0, "estado": "sin_monitoreo", "ultimo_monitoreo": null}}, {"type": "Feature", "geometry": {"type": "Point", "coordinates": [-71.0936893, -28.501099]}, "properties": {"codigo": "LL-OLI-0064", "id_arbol": 64, "predio": "Olivar Los Loros", "cultivo": "Olivo", "variedad": null, "lon": -71.0936893, "lat": -28.501099, "zona_manejo": "medio", "clase_vigor_kmeans": 3, "ndvi": 0.519, "ndvi_actual": 0.561, "rendimiento_2019": 77.0, "rendimiento_2020": 93.6, "estado": "sin_monitoreo", "ultimo_monitoreo": null}}, {"type": "Feature", "geometry": {"type": "Point", "coordinates": [-71.0936737, -28.50103]}, "properties": {"codigo": "LL-OLI-0065", "id_arbol": 65, "predio": "Olivar Los Loros", "cultivo": "Olivo", "variedad": null, "lon": -71.0936737, "lat": -28.50103, "zona_manejo": "medio", "clase_vigor_kmeans": 3, "ndvi": 0.525, "ndvi_actual": 0.582, "rendimiento_2019": null, "rendimiento_2020": 98.6, "estado": "sin_monitoreo", "ultimo_monitoreo": null}}, {"type": "Feature", "geometry": {"type": "Point", "coordinates": [-71.0936478, -28.5009514]}, "properties": {"codigo": "LL-OLI-0066", "id_arbol": 66, "predio": "Olivar Los Loros", "cultivo": "Olivo", "variedad": null, "lon": -71.0936478, "lat": -28.5009514, "zona_manejo": "alto", "clase_vigor_kmeans": 4, "ndvi": 0.547, "ndvi_actual": 0.58, "rendimiento_2019": 71.0, "rendimiento_2020": 104.3, "estado": "sin_monitoreo", "ultimo_monitoreo": null}}, {"type": "Feature", "geometry": {"type": "Point", "coordinates": [-71.0936165, -28.5008591]}, "properties": {"codigo": "LL-OLI-0067", "id_arbol": 67, "predio": "Olivar Los Loros", "cultivo": "Olivo", "variedad": null, "lon": -71.0936165, "lat": -28.5008591, "zona_manejo": "medio", "clase_vigor_kmeans": 3, "ndvi": 0.54, "ndvi_actual": 0.596, "rendimiento_2019": 104.8, "rendimiento_2020": 98.9, "estado": "sin_monitoreo", "ultimo_monitoreo": null}}, {"type": "Feature", "geometry": {"type": "Point", "coordinates": [-71.0935946, -28.5007603]}, "properties": {"codigo": "LL-OLI-0068", "id_arbol": 68, "predio": "Olivar Los Loros", "cultivo": "Olivo", "variedad": null, "lon": -71.0935946, "lat": -28.5007603, "zona_manejo": "medio", "clase_vigor_kmeans": 3, "ndvi": 0.514, "ndvi_actual": 0.62, "rendimiento_2019": 75.5, "rendimiento_2020": 104.5, "estado": "sin_monitoreo", "ultimo_monitoreo": null}}, {"type": "Feature", "geometry": {"type": "Point", "coordinates": [-71.0935777, -28.5006879]}, "properties": {"codigo": "LL-OLI-0069", "id_arbol": 69, "predio": "Olivar Los Loros", "cultivo": "Olivo", "variedad": null, "lon": -71.0935777, "lat": -28.5006879, "zona_manejo": "medio", "clase_vigor_kmeans": 3, "ndvi": 0.519, "ndvi_actual": 0.613, "rendimiento_2019": 70.0, "rendimiento_2020": 105.3, "estado": "sin_monitoreo", "ultimo_monitoreo": null}}, {"type": "Feature", "geometry": {"type": "Point", "coordinates": [-71.0938318, -28.5005252]}, "properties": {"codigo": "LL-OLI-0007", "id_arbol": 7, "predio": "Olivar Los Loros", "cultivo": "Olivo", "variedad": null, "lon": -71.0938318, "lat": -28.5005252, "zona_manejo": "medio", "clase_vigor_kmeans": 3, "ndvi": 0.488, "ndvi_actual": 0.565, "rendimiento_2019": 78.9, "rendimiento_2020": 84.6, "estado": "sin_monitoreo", "ultimo_monitoreo": null}}, {"type": "Feature", "geometry": {"type": "Point", "coordinates": [-71.0935482, -28.5005902]}, "properties": {"codigo": "LL-OLI-0070", "id_arbol": 70, "predio": "Olivar Los Loros", "cultivo": "Olivo", "variedad": null, "lon": -71.0935482, "lat": -28.5005902, "zona_manejo": "alto", "clase_vigor_kmeans": 4, "ndvi": 0.537, "ndvi_actual": 0.503, "rendimiento_2019": 81.5, "rendimiento_2020": 86.9, "estado": "sin_monitoreo", "ultimo_monitoreo": null}}, {"type": "Feature", "geometry": {"type": "Point", "coordinates": [-71.0935148, -28.500488]}, "properties": {"codigo": "LL-OLI-0071", "id_arbol": 71, "predio": "Olivar Los Loros", "cultivo": "Olivo", "variedad": null, "lon": -71.0935148, "lat": -28.500488, "zona_manejo": "alto", "clase_vigor_kmeans": 4, "ndvi": 0.522, "ndvi_actual": 0.491, "rendimiento_2019": 96.3, "rendimiento_2020": 88.6, "estado": "sin_monitoreo", "ultimo_monitoreo": null}}, {"type": "Feature", "geometry": {"type": "Point", "coordinates": [-71.093484, -28.5004065]}, "properties": {"codigo": "LL-OLI-0072", "id_arbol": 72, "predio": "Olivar Los Loros", "cultivo": "Olivo", "variedad": null, "lon": -71.093484, "lat": -28.5004065, "zona_manejo": "alto", "clase_vigor_kmeans": 4, "ndvi": 0.526, "ndvi_actual": 0.47, "rendimiento_2019": 144.0, "rendimiento_2020": 91.2, "estado": "sin_monitoreo", "ultimo_monitoreo": null}}, {"type": "Feature", "geometry": {"type": "Point", "coordinates": [-71.0934542, -28.5003386]}, "properties": {"codigo": "LL-OLI-0073", "id_arbol": 73, "predio": "Olivar Los Loros", "cultivo": "Olivo", "variedad": null, "lon": -71.0934542, "lat": -28.5003386, "zona_manejo": "alto", "clase_vigor_kmeans": 4, "ndvi": 0.558, "ndvi_actual": 0.511, "rendimiento_2019": 116.1, "rendimiento_2020": 97.8, "estado": "sin_monitoreo", "ultimo_monitoreo": null}}, {"type": "Feature", "geometry": {"type": "Point", "coordinates": [-71.0934325, -28.500251]}, "properties": {"codigo": "LL-OLI-0074", "id_arbol": 74, "predio": "Olivar Los Loros", "cultivo": "Olivo", "variedad": null, "lon": -71.0934325, "lat": -28.500251, "zona_manejo": "alto", "clase_vigor_kmeans": 4, "ndvi": 0.567, "ndvi_actual": 0.521, "rendimiento_2019": 149.8, "rendimiento_2020": 92.3, "estado": "sin_monitoreo", "ultimo_monitoreo": null}}, {"type": "Feature", "geometry": {"type": "Point", "coordinates": [-71.0934, -28.5001625]}, "properties": {"codigo": "LL-OLI-0075", "id_arbol": 75, "predio": "Olivar Los Loros", "cultivo": "Olivo", "variedad": null, "lon": -71.0934, "lat": -28.5001625, "zona_manejo": "alto", "clase_vigor_kmeans": 4, "ndvi": 0.556, "ndvi_actual": 0.521, "rendimiento_2019": 94.9, "rendimiento_2020": 98.5, "estado": "sin_monitoreo", "ultimo_monitoreo": null}}, {"type": "Feature", "geometry": {"type": "Point", "coordinates": [-71.0933951, -28.5000607]}, "properties": {"codigo": "LL-OLI-0076", "id_arbol": 76, "predio": "Olivar Los Loros", "cultivo": "Olivo", "variedad": null, "lon": -71.0933951, "lat": -28.5000607, "zona_manejo": "alto", "clase_vigor_kmeans": 4, "ndvi": 0.534, "ndvi_actual": 0.501, "rendimiento_2019": 69.9, "rendimiento_2020": 89.4, "estado": "sin_monitoreo", "ultimo_monitoreo": null}}, {"type": "Feature", "geometry": {"type": "Point", "coordinates": [-71.0932796, -28.5000864]}, "properties": {"codigo": "LL-OLI-0077", "id_arbol": 77, "predio": "Olivar Los Loros", "cultivo": "Olivo", "variedad": null, "lon": -71.0932796, "lat": -28.5000864, "zona_manejo": "alto", "clase_vigor_kmeans": 4, "ndvi": 0.522, "ndvi_actual": 0.474, "rendimiento_2019": 41.0, "rendimiento_2020": 97.6, "estado": "sin_monitoreo", "ultimo_monitoreo": null}}, {"type": "Feature", "geometry": {"type": "Point", "coordinates": [-71.0933026, -28.500185]}, "properties": {"codigo": "LL-OLI-0078", "id_arbol": 78, "predio": "Olivar Los Loros", "cultivo": "Olivo", "variedad": null, "lon": -71.0933026, "lat": -28.500185, "zona_manejo": "alto", "clase_vigor_kmeans": 4, "ndvi": 0.564, "ndvi_actual": 0.512, "rendimiento_2019": 86.8, "rendimiento_2020": 97.9, "estado": "sin_monitoreo", "ultimo_monitoreo": null}}, {"type": "Feature", "geometry": {"type": "Point", "coordinates": [-71.0933271, -28.5002694]}, "properties": {"codigo": "LL-OLI-0079", "id_arbol": 79, "predio": "Olivar Los Loros", "cultivo": "Olivo", "variedad": null, "lon": -71.0933271, "lat": -28.5002694, "zona_manejo": "alto", "clase_vigor_kmeans": 4, "ndvi": 0.568, "ndvi_actual": 0.513, "rendimiento_2019": 138.2, "rendimiento_2020": 94.2, "estado": "sin_monitoreo", "ultimo_monitoreo": null}}, {"type": "Feature", "geometry": {"type": "Point", "coordinates": [-71.0938608, -28.5006108]}, "properties": {"codigo": "LL-OLI-0008", "id_arbol": 8, "predio": "Olivar Los Loros", "cultivo": "Olivo", "variedad": null, "lon": -71.0938608, "lat": -28.5006108, "zona_manejo": "medio", "clase_vigor_kmeans": 3, "ndvi": 0.491, "ndvi_actual": 0.612, "rendimiento_2019": 94.8, "rendimiento_2020": 88.7, "estado": "sin_monitoreo", "ultimo_monitoreo": null}}, {"type": "Feature", "geometry": {"type": "Point", "coordinates": [-71.0933508, -28.5003636]}, "properties": {"codigo": "LL-OLI-0080", "id_arbol": 80, "predio": "Olivar Los Loros", "cultivo": "Olivo", "variedad": null, "lon": -71.0933508, "lat": -28.5003636, "zona_manejo": "alto", "clase_vigor_kmeans": 4, "ndvi": 0.56, "ndvi_actual": 0.501, "rendimiento_2019": 121.2, "rendimiento_2020": 90.6, "estado": "sin_monitoreo", "ultimo_monitoreo": null}}, {"type": "Feature", "geometry": {"type": "Point", "coordinates": [-71.0933777, -28.5004331]}, "properties": {"codigo": "LL-OLI-0081", "id_arbol": 81, "predio": "Olivar Los Loros", "cultivo": "Olivo", "variedad": null, "lon": -71.0933777, "lat": -28.5004331, "zona_manejo": "alto", "clase_vigor_kmeans": 4, "ndvi": 0.527, "ndvi_actual": 0.46, "rendimiento_2019": 72.1, "rendimiento_2020": 91.4, "estado": "sin_monitoreo", "ultimo_monitoreo": null}}, {"type": "Feature", "geometry": {"type": "Point", "coordinates": [-71.0934099, -28.5005127]}, "properties": {"codigo": "LL-OLI-0082", "id_arbol": 82, "predio": "Olivar Los Loros", "cultivo": "Olivo", "variedad": null, "lon": -71.0934099, "lat": -28.5005127, "zona_manejo": "alto", "clase_vigor_kmeans": 4, "ndvi": 0.531, "ndvi_actual": 0.498, "rendimiento_2019": 45.5, "rendimiento_2020": 85.8, "estado": "sin_monitoreo", "ultimo_monitoreo": null}}, {"type": "Feature", "geometry": {"type": "Point", "coordinates": [-71.0934308, -28.5006105]}, "properties": {"codigo": "LL-OLI-0083", "id_arbol": 83, "predio": "Olivar Los Loros", "cultivo": "Olivo", "variedad": null, "lon": -71.0934308, "lat": -28.5006105, "zona_manejo": "alto", "clase_vigor_kmeans": 4, "ndvi": 0.543, "ndvi_actual": 0.501, "rendimiento_2019": 85.8, "rendimiento_2020": 83.3, "estado": "sin_monitoreo", "ultimo_monitoreo": null}}, {"type": "Feature", "geometry": {"type": "Point", "coordinates": [-71.0934552, -28.5007013]}, "properties": {"codigo": "LL-OLI-0084", "id_arbol": 84, "predio": "Olivar Los Loros", "cultivo": "Olivo", "variedad": null, "lon": -71.0934552, "lat": -28.5007013, "zona_manejo": "alto", "clase_vigor_kmeans": 4, "ndvi": 0.537, "ndvi_actual": 0.498, "rendimiento_2019": null, "rendimiento_2020": 93.1, "estado": "sin_monitoreo", "ultimo_monitoreo": null}}, {"type": "Feature", "geometry": {"type": "Point", "coordinates": [-71.0934894, -28.500787]}, "properties": {"codigo": "LL-OLI-0085", "id_arbol": 85, "predio": "Olivar Los Loros", "cultivo": "Olivo", "variedad": null, "lon": -71.0934894, "lat": -28.500787, "zona_manejo": "alto", "clase_vigor_kmeans": 4, "ndvi": 0.529, "ndvi_actual": 0.534, "rendimiento_2019": 124.9, "rendimiento_2020": 101.3, "estado": "sin_monitoreo", "ultimo_monitoreo": null}}, {"type": "Feature", "geometry": {"type": "Point", "coordinates": [-71.0935089, -28.5008837]}, "properties": {"codigo": "LL-OLI-0086", "id_arbol": 86, "predio": "Olivar Los Loros", "cultivo": "Olivo", "variedad": null, "lon": -71.0935089, "lat": -28.5008837, "zona_manejo": "alto", "clase_vigor_kmeans": 4, "ndvi": 0.552, "ndvi_actual": 0.557, "rendimiento_2019": 76.1, "rendimiento_2020": 100.5, "estado": "sin_monitoreo", "ultimo_monitoreo": null}}, {"type": "Feature", "geometry": {"type": "Point", "coordinates": [-71.0935334, -28.5009641]}, "properties": {"codigo": "LL-OLI-0087", "id_arbol": 87, "predio": "Olivar Los Loros", "cultivo": "Olivo", "variedad": null, "lon": -71.0935334, "lat": -28.5009641, "zona_manejo": "alto", "clase_vigor_kmeans": 4, "ndvi": 0.543, "ndvi_actual": 0.567, "rendimiento_2019": 104.4, "rendimiento_2020": 103.8, "estado": "sin_monitoreo", "ultimo_monitoreo": null}}, {"type": "Feature", "geometry": {"type": "Point", "coordinates": [-71.093564, -28.5010554]}, "properties": {"codigo": "LL-OLI-0088", "id_arbol": 88, "predio": "Olivar Los Loros", "cultivo": "Olivo", "variedad": null, "lon": -71.093564, "lat": -28.5010554, "zona_manejo": "medio", "clase_vigor_kmeans": 3, "ndvi": 0.511, "ndvi_actual": 0.579, "rendimiento_2019": 58.6, "rendimiento_2020": 91.0, "estado": "sin_monitoreo", "ultimo_monitoreo": null}}, {"type": "Feature", "geometry": {"type": "Point", "coordinates": [-71.0935849, -28.5011468]}, "properties": {"codigo": "LL-OLI-0089", "id_arbol": 89, "predio": "Olivar Los Loros", "cultivo": "Olivo", "variedad": null, "lon": -71.0935849, "lat": -28.5011468, "zona_manejo": "medio", "clase_vigor_kmeans": 3, "ndvi": 0.517, "ndvi_actual": 0.54, "rendimiento_2019": 64.8, "rendimiento_2020": 89.1, "estado": "sin_monitoreo", "ultimo_monitoreo": null}}, {"type": "Feature", "geometry": {"type": "Point", "coordinates": [-71.0938789, -28.5007027]}, "properties": {"codigo": "LL-OLI-0009", "id_arbol": 9, "predio": "Olivar Los Loros", "cultivo": "Olivo", "variedad": null, "lon": -71.0938789, "lat": -28.5007027, "zona_manejo": "medio", "clase_vigor_kmeans": 3, "ndvi": 0.496, "ndvi_actual": 0.522, "rendimiento_2019": 96.1, "rendimiento_2020": 92.1, "estado": "sin_monitoreo", "ultimo_monitoreo": null}}, {"type": "Feature", "geometry": {"type": "Point", "coordinates": [-71.0936147, -28.5012282]}, "properties": {"codigo": "LL-OLI-0090", "id_arbol": 90, "predio": "Olivar Los Loros", "cultivo": "Olivo", "variedad": null, "lon": -71.0936147, "lat": -28.5012282, "zona_manejo": "alto", "clase_vigor_kmeans": 4, "ndvi": 0.544, "ndvi_actual": 0.544, "rendimiento_2019": 81.2, "rendimiento_2020": 95.3, "estado": "sin_monitoreo", "ultimo_monitoreo": null}}, {"type": "Feature", "geometry": {"type": "Point", "coordinates": [-71.0936403, -28.5013164]}, "properties": {"codigo": "LL-OLI-0091", "id_arbol": 91, "predio": "Olivar Los Loros", "cultivo": "Olivo", "variedad": null, "lon": -71.0936403, "lat": -28.5013164, "zona_manejo": "alto", "clase_vigor_kmeans": 4, "ndvi": 0.539, "ndvi_actual": 0.523, "rendimiento_2019": 56.0, "rendimiento_2020": 87.4, "estado": "sin_monitoreo", "ultimo_monitoreo": null}}, {"type": "Feature", "geometry": {"type": "Point", "coordinates": [-71.0936717, -28.5014213]}, "properties": {"codigo": "LL-OLI-0092", "id_arbol": 92, "predio": "Olivar Los Loros", "cultivo": "Olivo", "variedad": null, "lon": -71.0936717, "lat": -28.5014213, "zona_manejo": "alto", "clase_vigor_kmeans": 4, "ndvi": 0.53, "ndvi_actual": 0.528, "rendimiento_2019": 57.5, "rendimiento_2020": 83.5, "estado": "sin_monitoreo", "ultimo_monitoreo": null}}, {"type": "Feature", "geometry": {"type": "Point", "coordinates": [-71.0936886, -28.5015312]}, "properties": {"codigo": "LL-OLI-0093", "id_arbol": 93, "predio": "Olivar Los Loros", "cultivo": "Olivo", "variedad": null, "lon": -71.0936886, "lat": -28.5015312, "zona_manejo": "alto", "clase_vigor_kmeans": 4, "ndvi": 0.539, "ndvi_actual": 0.531, "rendimiento_2019": 46.9, "rendimiento_2020": 84.3, "estado": "sin_monitoreo", "ultimo_monitoreo": null}}, {"type": "Feature", "geometry": {"type": "Point", "coordinates": [-71.093714, -28.5016064]}, "properties": {"codigo": "LL-OLI-0094", "id_arbol": 94, "predio": "Olivar Los Loros", "cultivo": "Olivo", "variedad": null, "lon": -71.093714, "lat": -28.5016064, "zona_manejo": "medio", "clase_vigor_kmeans": 3, "ndvi": 0.502, "ndvi_actual": 0.505, "rendimiento_2019": 65.5, "rendimiento_2020": 91.5, "estado": "sin_monitoreo", "ultimo_monitoreo": null}}, {"type": "Feature", "geometry": {"type": "Point", "coordinates": [-71.0937641, -28.5016925]}, "properties": {"codigo": "LL-OLI-0095", "id_arbol": 95, "predio": "Olivar Los Loros", "cultivo": "Olivo", "variedad": null, "lon": -71.0937641, "lat": -28.5016925, "zona_manejo": "medio", "clase_vigor_kmeans": 2, "ndvi": 0.488, "ndvi_actual": 0.477, "rendimiento_2019": 56.8, "rendimiento_2020": 83.4, "estado": "sin_monitoreo", "ultimo_monitoreo": null}}, {"type": "Feature", "geometry": {"type": "Point", "coordinates": [-71.0936025, -28.5015333]}, "properties": {"codigo": "LL-OLI-0096", "id_arbol": 96, "predio": "Olivar Los Loros", "cultivo": "Olivo", "variedad": null, "lon": -71.0936025, "lat": -28.5015333, "zona_manejo": "alto", "clase_vigor_kmeans": 4, "ndvi": 0.529, "ndvi_actual": 0.547, "rendimiento_2019": 54.5, "rendimiento_2020": 83.9, "estado": "sin_monitoreo", "ultimo_monitoreo": null}}, {"type": "Feature", "geometry": {"type": "Point", "coordinates": [-71.0935778, -28.5014397]}, "properties": {"codigo": "LL-OLI-0097", "id_arbol": 97, "predio": "Olivar Los Loros", "cultivo": "Olivo", "variedad": null, "lon": -71.0935778, "lat": -28.5014397, "zona_manejo": "alto", "clase_vigor_kmeans": 4, "ndvi": 0.53, "ndvi_actual": 0.528, "rendimiento_2019": 65.3, "rendimiento_2020": 84.7, "estado": "sin_monitoreo", "ultimo_monitoreo": null}}, {"type": "Feature", "geometry": {"type": "Point", "coordinates": [-71.0935449, -28.5013276]}, "properties": {"codigo": "LL-OLI-0098", "id_arbol": 98, "predio": "Olivar Los Loros", "cultivo": "Olivo", "variedad": null, "lon": -71.0935449, "lat": -28.5013276, "zona_manejo": "medio", "clase_vigor_kmeans": 3, "ndvi": 0.55, "ndvi_actual": 0.55, "rendimiento_2019": 61.4, "rendimiento_2020": 86.9, "estado": "sin_monitoreo", "ultimo_monitoreo": null}}, {"type": "Feature", "geometry": {"type": "Point", "coordinates": [-71.0935143, -28.5012404]}, "properties": {"codigo": "LL-OLI-0099", "id_arbol": 99, "predio": "Olivar Los Loros", "cultivo": "Olivo", "variedad": null, "lon": -71.0935143, "lat": -28.5012404, "zona_manejo": "alto", "clase_vigor_kmeans": 4, "ndvi": 0.551, "ndvi_actual": 0.552, "rendimiento_2019": 115.9, "rendimiento_2020": 92.1, "estado": "sin_monitoreo", "ultimo_monitoreo": null}}, {"type": "Feature", "geometry": {"type": "Point", "coordinates": [-71.0928687, -28.4997328]}, "properties": {"codigo": "LL-OLI-0265", "id_arbol": 265, "predio": "Olivar Los Loros", "cultivo": "Olivo", "variedad": null, "lon": -71.0928687, "lat": -28.4997328, "zona_manejo": "medio", "clase_vigor_kmeans": 2, "ndvi": 0.47, "ndvi_actual": 0.446, "rendimiento_2019": 43.0, "rendimiento_2020": 93.1, "estado": "sin_monitoreo", "ultimo_monitoreo": null}}, {"type": "Feature", "geometry": {"type": "Point", "coordinates": [-71.0927515, -28.5000053]}, "properties": {"codigo": "LL-OLI-0289", "id_arbol": 289, "predio": "Olivar Los Loros", "cultivo": "Olivo", "variedad": null, "lon": -71.0927515, "lat": -28.5000053, "zona_manejo": "medio", "clase_vigor_kmeans": 3, "ndvi": 0.462, "ndvi_actual": 0.536, "rendimiento_2019": 118.1, "rendimiento_2020": 83.6, "estado": "sin_monitoreo", "ultimo_monitoreo": null}}]}