<?xml version="1.0" encoding="UTF-8"?>
<kml xmlns="http://www.opengis.net/kml/2.2" xmlns:gx="http://www.google.com/kml/ext/2.2" xmlns:kml="http://www.opengis.net/kml/2.2" xmlns:atom="http://www.w3.org/2005/Atom">
<Document>
	<name>Olivos.kml</name>
	<Style id="sh_placemark_circle_highlight16">
		<IconStyle>
			<scale>0.6</scale>
			<Icon>
				<href>http://maps.google.com/mapfiles/kml/shapes/placemark_circle_highlight.png</href>
			</Icon>
		</IconStyle>
	</Style>
	<StyleMap id="msn_placemark_circle">
		<Pair>
			<key>normal</key>
			<styleUrl>#sn_placemark_circle2</styleUrl>
		</Pair>
		<Pair>
			<key>highlight</key>
			<styleUrl>#sh_placemark_circle_highlight4</styleUrl>
		</Pair>
	</StyleMap>
	<StyleMap id="msn_placemark_circle12">
		<Pair>
			<key>normal</key>
			<styleUrl>#sn_placemark_circle5</styleUrl>
		</Pair>
		<Pair>
			<key>highlight</key>
			<styleUrl>#sh_placemark_circle_highlight310</styleUrl>
		</Pair>
	</StyleMap>
	<Style id="sn_placemark_circle00">
		<IconStyle>
			<scale>0.5</scale>
			<Icon>
				<href>http://maps.google.com/mapfiles/kml/shapes/placemark_circle.png</href>
			</Icon>
		</IconStyle>
	</Style>
	<StyleMap id="msn_placemark_circle250">
		<Pair>
			<key>normal</key>
			<styleUrl>#sn_placemark_circle150</styleUrl>
		</Pair>
		<Pair>
			<key>highlight</key>
			<styleUrl>#sh_placemark_circle_highlight180</styleUrl>
		</Pair>
	</StyleMap>
	<Style id="s_ylw-pushpin_hl40">
		<IconStyle>
			<scale>0.590909</scale>
			<Icon>
				<href>http://maps.google.com/mapfiles/kml/shapes/placemark_circle_highlight.png</href>
			</Icon>
		</IconStyle>
	</Style>
	<StyleMap id="msn_placemark_circle23">
		<Pair>
			<key>normal</key>
			<styleUrl>#sn_placemark_circle80</styleUrl>
		</Pair>
		<Pair>
			<key>highlight</key>
			<styleUrl>#sh_placemark_circle_highlight250</styleUrl>
		</Pair>
	</StyleMap>
	<Style id="sh_placemark_circle_highlight28">
		<IconStyle>
			<scale>0.590909</scale>
			<Icon>
				<href>http://maps.google.com/mapfiles/kml/shapes/placemark_circle_highlight.png</href>
			</Icon>
		</IconStyle>
	</Style>
	<StyleMap id="msn_placemark_circle70">
		<Pair>
			<key>normal</key>
			<styleUrl>#sn_placemark_circle30</styleUrl>
		</Pair>
		<Pair>
			<key>highlight</key>
			<styleUrl>#sh_placemark_circle_highlight31</styleUrl>
		</Pair>
	</StyleMap>
	<Style id="s_ylw-pushpin5">
		<IconStyle>
			<scale>0.5</scale>
			<Icon>
				<href>http://maps.google.com/mapfiles/kml/shapes/placemark_circle.png</href>
			</Icon>
		</IconStyle>
	</Style>
	<Style id="sh_placemark_circle_highlight000">
		<IconStyle>
			<scale>0.6</scale>
			<Icon>
				<href>http://maps.google.com/mapfiles/kml/shapes/placemark_circle_highlight.png</href>
			</Icon>
		</IconStyle>
	</Style>
	<Style id="sh_placemark_circle_highlight250">
		<IconStyle>
			<scale>0.590909</scale>
			<Icon>
				<href>http://maps.google.com/mapfiles/kml/shapes/placemark_circle_highlight.png</href>
			</Icon>
		</IconStyle>
	</Style>
	<StyleMap id="msn_placemark_circle150">
		<Pair>
			<key>normal</key>
			<styleUrl>#sn_placemark_circle180</styleUrl>
		</Pair>
		<Pair>
			<key>highlight</key>
			<styleUrl>#sh_placemark_circle_highlight11</styleUrl>
		</Pair>
	</StyleMap>
	<Style id="sh_placemark_circle_highlight13">
		<IconStyle>
			<scale>0.590909</scale>
			<Icon>
				<href>http://maps.google.com/mapfiles/kml/shapes/placemark_circle_highlight.png</href>
			</Icon>
		</IconStyle>
	</Style>
	<Style id="sn_placemark_circle24">
		<IconStyle>
			<scale>0.6</scale>
			<Icon>
				<href>http://maps.google.com/mapfiles/kml/shapes/placemark_circle.png</href>
			</Icon>
		</IconStyle>
	</Style>
	<Style id="sh_placemark_circle_highlight12">
		<IconStyle>
			<scale>0.5</scale>
			<Icon>
				<href>http://maps.google.com/mapfiles/kml/shapes/placemark_circle_highlight.png</href>
			</Icon>
		</IconStyle>
	</Style>
	<Style id="sh_placemark_circle_highlight9">
		<IconStyle>
			<scale>0.5</scale>
			<Icon>
				<href>http://maps.google.com/mapfiles/kml/shapes/placemark_circle_highlight.png</href>
			</Icon>
		</IconStyle>
	</Style>
	<StyleMap id="msn_placemark_circle27">
		<Pair>
			<key>normal</key>
			<styleUrl>#sn_placemark_circle1</styleUrl>
		</Pair>
		<Pair>
			<key>highlight</key>
			<styleUrl>#sh_placemark_circle_highlight26</styleUrl>
		</Pair>
	</StyleMap>
	<Style id="sh_placemark_circle_highlight25">
		<IconStyle>
			<scale>0.590909</scale>
			<Icon>
				<href>http://maps.google.com/mapfiles/kml/shapes/placemark_circle_highlight.png</href>
			</Icon>
		</IconStyle>
	</Style>
	<Style id="sh_placemark_circle_highlight">
		<IconStyle>
			<scale>0.590909</scale>
			<Icon>
				<href>http://maps.google.com/mapfiles/kml/shapes/placemark_circle_highlight.png</href>
			</Icon>
		</IconStyle>
	</Style>
	<Style id="sn_placemark_circle">
		<IconStyle>
			<scale>0.5</scale>
			<Icon>
				<href>http://maps.google.com/mapfiles/kml/shapes/placemark_circle.png</href>
			</Icon>
		</IconStyle>
	</Style>
	<StyleMap id="msn_placemark_circle0">
		<Pair>
			<key>normal</key>
			<styleUrl>#sn_placemark_circle</styleUrl>
		</Pair>
		<Pair>
			<key>highlight</key>
			<styleUrl>#sh_placemark_circle_highlight41</styleUrl>
		</Pair>
	</StyleMap>
	<StyleMap id="msn_placemark_circle10">
		<Pair>
			<key>normal</key>
			<styleUrl>#sn_placemark_circle01</styleUrl>
		</Pair>
		<Pair>
			<key>highlight</key>
			<styleUrl>#sh_placemark_circle_highlight00</styleUrl>
		</Pair>
	</StyleMap>
	<Style id="sh_placemark_circle_highlight170">
		<IconStyle>
			<scale>0.590909</scale>
			<Icon>
				<href>http://maps.google.com/mapfiles/kml/shapes/placemark_circle_highlight.png</href>
			</Icon>
		</IconStyle>
	</Style>
	<Style id="sh_placemark_circle_highlight31">
		<IconStyle>
			<scale>0.590909</scale>
			<Icon>
				<href>http://maps.google.com/mapfiles/kml/shapes/placemark_circle_highlight.png</href>
			</Icon>
		</IconStyle>
	</Style>
	<StyleMap id="msn_placemark_circle18">
		<Pair>
			<key>normal</key>
			<styleUrl>#sn_placemark_circle11</styleUrl>
		</Pair>
		<Pair>
			<key>highlight</key>
			<styleUrl>#sh_placemark_circle_highlight27</styleUrl>
		</Pair>
	</StyleMap>
	<Style id="sn_placemark_circle0">
		<IconStyle>
			<scale>0.6</scale>
			<Icon>
				<href>http://maps.google.com/mapfiles/kml/shapes/placemark_circle.png</href>
			</Icon>
		</IconStyle>
		<BalloonStyle>
		</BalloonStyle>
	</Style>
	<Style id="sh_placemark_circle_highlight30">
		<IconStyle>
			<scale>0.590909</scale>
			<Icon>
				<href>http://maps.google.com/mapfiles/kml/shapes/placemark_circle_highlight.png</href>
			</Icon>
		</IconStyle>
	</Style>
	<Style id="sh_placemark_circle_highlight0">
		<IconStyle>
			<scale>0.6</scale>
			<Icon>
				<href>http://maps.google.com/mapfiles/kml/shapes/placemark_circle_highlight.png</href>
			</Icon>
		</IconStyle>
		<BalloonStyle>
		</BalloonStyle>
	</Style>
	<StyleMap id="msn_placemark_circle00">
		<Pair>
			<key>normal</key>
			<styleUrl>#sn_placemark_circle180</styleUrl>
		</Pair>
		<Pair>
			<key>highlight</key>
			<styleUrl>#sh_placemark_circle_highlight40</styleUrl>
		</Pair>
	</StyleMap>
	<StyleMap id="msn_placemark_circle32">
		<Pair>
			<key>normal</key>
			<styleUrl>#sn_placemark_circle27</styleUrl>
		</Pair>
		<Pair>
			<key>highlight</key>
			<styleUrl>#sh_placemark_circle_highlight13</styleUrl>
		</Pair>
	</StyleMap>
	<Style id="sh_placemark_circle_highlight180">
		<IconStyle>
			<scale>0.6</scale>
			<Icon>
				<href>http://maps.google.com/mapfiles/kml/shapes/placemark_circle_highlight.png</href>
			</Icon>
		</IconStyle>
	</Style>
	<StyleMap id="msn_placemark_circle40">
		<Pair>
			<key>normal</key>
			<styleUrl>#sn_placemark_circle24</styleUrl>
		</Pair>
		<Pair>
			<key>highlight</key>
			<styleUrl>#sh_placemark_circle_highlight19</styleUrl>
		</Pair>
	</StyleMap>
	<Style id="sh_placemark_circle_highlight18">
		<IconStyle>
			<scale>0.6</scale>
			<Icon>
				<href>http://maps.google.com/mapfiles/kml/shapes/placemark_circle_highlight.png</href>
			</Icon>
		</IconStyle>
	</Style>
	<StyleMap id="msn_placemark_circle2300">
		<Pair>
			<key>normal</key>
			<styleUrl>#sn_placemark_circle9</styleUrl>
		</Pair>
		<Pair>
			<key>highlight</key>
			<styleUrl>#sh_placemark_circle_highlight90</styleUrl>
		</Pair>
	</StyleMap>
	<Style id="sh_placemark_circle_highlight310">
		<IconStyle>
			<scale>0.6</scale>
			<Icon>
				<href>http://maps.google.com/mapfiles/kml/shapes/placemark_circle_highlight.png</href>
			</Icon>
		</IconStyle>
	</Style>
	<StyleMap id="msn_placemark_circle130">
		<Pair>
			<key>normal</key>
			<styleUrl>#sn_placemark_circle70</styleUrl>
		</Pair>
		<Pair>
			<key>highlight</key>
			<styleUrl>#sh_placemark_circle_highlight70</styleUrl>
		</Pair>
	</StyleMap>
	<Style id="sn_placemark_circle19">
		<IconStyle>
			<scale>0.6</scale>
			<Icon>
				<href>http://maps.google.com/mapfiles/kml/shapes/placemark_circle.png</href>
			</Icon>
		</IconStyle>
	</Style>
	<Style id="sh_placemark_circle_highlight3">
		<IconStyle>
			<scale>0.6</scale>
			<Icon>
				<href>http://maps.google.com/mapfiles/kml/shapes/placemark_circle_highlight.png</href>
			</Icon>
		</IconStyle>
	</Style>
	<StyleMap id="msn_placemark_circle3">
		<Pair>
			<key>normal</key>
			<styleUrl>#sn_placemark_circle100</styleUrl>
		</Pair>
		<Pair>
			<key>highlight</key>
			<styleUrl>#sh_placemark_circle_highlight9</styleUrl>
		</Pair>
	</StyleMap>
	<Style id="sn_placemark_circle17">
		<IconStyle>
			<scale>0.6</scale>
			<Icon>
				<href>http://maps.google.com/mapfiles/kml/shapes/placemark_circle.png</href>
			</Icon>
		</IconStyle>
	</Style>
	<Style id="sh_placemark_circle_highlight11">
		<IconStyle>
			<scale>0.590909</scale>
			<Icon>
				<href>http://maps.google.com/mapfiles/kml/shapes/placemark_circle_highlight.png</href>
			</Icon>
		</IconStyle>
	</Style>
	<Style id="sh_placemark_circle_highlight36">
		<IconStyle>
			<scale>0.5</scale>
			<Icon>
				<href>http://maps.google.com/mapfiles/kml/shapes/placemark_circle_highlight.png</href>
			</Icon>
		</IconStyle>
	</Style>
	<Style id="sh_placemark_circle_highlight1">
		<IconStyle>
			<scale>0.590909</scale>
			<Icon>
				<href>http://maps.google.com/mapfiles/kml/shapes/placemark_circle_highlight.png</href>
			</Icon>
		</IconStyle>
	</Style>
	<Style id="s_ylw-pushpin001">
		<IconStyle>
			<scale>0.5</scale>
			<Icon>
				<href>http://maps.google.com/mapfiles/kml/shapes/placemark_circle.png</href>
			</Icon>
		</IconStyle>
	</Style>
	<Style id="sn_placemark_circle80">
		<IconStyle>
			<scale>0.5</scale>
			<Icon>
				<href>http://maps.google.com/mapfiles/kml/shapes/placemark_circle.png</href>
			</Icon>
		</IconStyle>
	</Style>
	<Style id="sh_placemark_circle_highlight2">
		<IconStyle>
			<scale>0.6</scale>
			<Icon>
				<href>http://maps.google.com/mapfiles/kml/shapes/placemark_circle_highlight.png</href>
			</Icon>
		</IconStyle>
	</Style>
	<StyleMap id="msn_placemark_circle1">
		<Pair>
			<key>normal</key>
			<styleUrl>#sn_placemark_circle3</styleUrl>
		</Pair>
		<Pair>
			<key>highlight</key>
			<styleUrl>#sh_placemark_circle_highlight8</styleUrl>
		</Pair>
	</StyleMap>
	<Style id="sh_placemark_circle_highlight01">
		<IconStyle>
			<scale>0.5</scale>
			<Icon>
				<href>http://maps.google.com/mapfiles/kml/shapes/placemark_circle_highlight.png</href>
			</Icon>
		</IconStyle>
	</Style>
	<Style id="sn_placemark_circle000">
		<IconStyle>
			<scale>0.6</scale>
			<Icon>
				<href>http://maps.google.com/mapfiles/kml/shapes/placemark_circle.png</href>
			</Icon>
		</IconStyle>
	</Style>
	<Style id="sn_placemark_circle27">
		<IconStyle>
			<scale>0.5</scale>
			<Icon>
				<href>http://maps.google.com/mapfiles/kml/shapes/placemark_circle.png</href>
			</Icon>
		</IconStyle>
	</Style>
	<Style id="sn_placemark_circle25">
		<IconStyle>
			<scale>0.5</scale>
			<Icon>
				<href>http://maps.google.com/mapfiles/kml/shapes/placemark_circle.png</href>
			</Icon>
		</IconStyle>
	</Style>
	<StyleMap id="msn_placemark_circle34">
		<Pair>
			<key>normal</key>
			<styleUrl>#sn_placemark_circle12</styleUrl>
		</Pair>
		<Pair>
			<key>highlight</key>
			<styleUrl>#sh_placemark_circle_highlight36</styleUrl>
		</Pair>
	</StyleMap>
	<Style id="sh_placemark_circle_highlight240">
		<IconStyle>
			<scale>0.590909</scale>
			<Icon>
				<href>http://maps.google.com/mapfiles/kml/shapes/placemark_circle_highlight.png</href>
			</Icon>
		</IconStyle>
	</Style>
	<Style id="sh_placemark_circle_highlight40">
		<IconStyle>
			<scale>0.5</scale>
			<Icon>
				<href>http://maps.google.com/mapfiles/kml/shapes/placemark_circle_highlight.png</href>
			</Icon>
		</IconStyle>
	</Style>
	<StyleMap id="msn_placemark_circle4">
		<Pair>
			<key>normal</key>
			<styleUrl>#sn_placemark_circle80</styleUrl>
		</Pair>
		<Pair>
			<key>highlight</key>
			<styleUrl>#sh_placemark_circle_highlight33</styleUrl>
		</Pair>
	</StyleMap>
	<Style id="sn_placemark_circle1">
		<IconStyle>
			<scale>0.5</scale>
			<Icon>
				<href>http://maps.google.com/mapfiles/kml/shapes/placemark_circle.png</href>
			</Icon>
		</IconStyle>
	</Style>
	<Style id="sh_placemark_circle_highlight90">
		<IconStyle>
			<scale>0.6</scale>
			<Icon>
				<href>http://maps.google.com/mapfiles/kml/shapes/placemark_circle_highlight.png</href>
			</Icon>
		</IconStyle>
	</Style>
	<Style id="sn_placemark_circle13">
		<IconStyle>
			<scale>0.6</scale>
			<Icon>
				<href>http://maps.google.com/mapfiles/kml/shapes/placemark_circle.png</href>
			</Icon>
		</IconStyle>
	</Style>
	<StyleMap id="msn_placemark_circle15">
		<Pair>
			<key>normal</key>
			<styleUrl>#sn_placemark_circle00</styleUrl>
		</Pair>
		<Pair>
			<key>highlight</key>
			<styleUrl>#sh_placemark_circle_highlight001</styleUrl>
		</Pair>
	</StyleMap>
	<StyleMap id="msn_placemark_circle80">
		<Pair>
			<key>normal</key>
			<styleUrl>#sn_placemark_circle17</styleUrl>
		</Pair>
		<Pair>
			<key>highlight</key>
			<styleUrl>#sh_placemark_circle_highlight100</styleUrl>
		</Pair>
	</StyleMap>
	<StyleMap id="msn_placemark_circle200">
		<Pair>
			<key>normal</key>
			<styleUrl>#sn_placemark_circle13</styleUrl>
		</Pair>
		<Pair>
			<key>highlight</key>
			<styleUrl>#sh_placemark_circle_highlight120</styleUrl>
		</Pair>
	</StyleMap>
	<Style id="sh_placemark_circle_highlight21">
		<IconStyle>
			<scale>0.6</scale>
			<Icon>
				<href>http://maps.google.com/mapfiles/kml/shapes/placemark_circle_highlight.png</href>
			</Icon>
		</IconStyle>
	</Style>
	<Style id="sn_placemark_circle16">
		<IconStyle>
			<scale>0.6</scale>
			<Icon>
				<href>http://maps.google.com/mapfiles/kml/shapes/placemark_circle.png</href>
			</Icon>
		</IconStyle>
	</Style>
	<Style id="sh_placemark_circle_highlight70">
		<IconStyle>
			<scale>0.6</scale>
			<Icon>
				<href>http://maps.google.com/mapfiles/kml/shapes/placemark_circle_highlight.png</href>
			</Icon>
		</IconStyle>
	</Style>
	<Style id="sh_placemark_circle_highlight33">
		<IconStyle>
			<scale>0.590909</scale>
			<Icon>
				<href>http://maps.google.com/mapfiles/kml/shapes/placemark_circle_highlight.png</href>
			</Icon>
		</IconStyle>
	</Style>
	<Style id="sh_placemark_circle_highlight17">
		<IconStyle>
			<scale>0.590909</scale>
			<Icon>
				<href>http://maps.google.com/mapfiles/kml/shapes/placemark_circle_highlight.png</href>
			</Icon>
		</IconStyle>
	</Style>
	<Style id="s_ylw-pushpin_hl00">
		<IconStyle>
			<scale>0.590909</scale>
			<Icon>
				<href>http://maps.google.com/mapfiles/kml/shapes/placemark_circle_highlight.png</href>
			</Icon>
		</IconStyle>
	</Style>
	<Style id="sn_placemark_circle100">
		<IconStyle>
			<scale>0.5</scale>
			<Icon>
				<href>http://maps.google.com/mapfiles/kml/shapes/placemark_circle.png</href>
			</Icon>
		</IconStyle>
	</Style>
	<Style id="sn_placemark_circle70">
		<IconStyle>
			<scale>0.6</scale>
			<Icon>
				<href>http://maps.google.com/mapfiles/kml/shapes/placemark_circle.png</href>
			</Icon>
		</IconStyle>
	</Style>
	<Style id="sn_placemark_circle8">
		<IconStyle>
			<scale>0.5</scale>
			<Icon>
				<href>http://maps.google.com/mapfiles/kml/shapes/placemark_circle.png</href>
			</Icon>
		</IconStyle>
	</Style>
	<Style id="sh_placemark_circle_highlight4">
		<IconStyle>
			<scale>0.590909</scale>
			<Icon>
				<href>http://maps.google.com/mapfiles/kml/shapes/placemark_circle_highlight.png</href>
			</Icon>
		</IconStyle>
		<BalloonStyle>
		</BalloonStyle>
	</Style>
	<Style id="sh_placemark_circle_highlight5">
		<IconStyle>
			<scale>0.5</scale>
			<Icon>
				<href>http://maps.google.com/mapfiles/kml/shapes/placemark_circle_highlight.png</href>
			</Icon>
		</IconStyle>
		<BalloonStyle>
		</BalloonStyle>
	</Style>
	<Style id="sn_placemark_circle700">
		<IconStyle>
			<scale>0.6</scale>
			<Icon>
				<href>http://maps.google.com/mapfiles/kml/shapes/placemark_circle.png</href>
			</Icon>
		</IconStyle>
	</Style>
	<Style id="sh_placemark_circle_highlight6">
		<IconStyle>
			<scale>0.5</scale>
			<Icon>
				<href>http://maps.google.com/mapfiles/kml/shapes/placemark_circle_highlight.png</href>
			</Icon>
		</IconStyle>
		<BalloonStyle>
		</BalloonStyle>
	</Style>
	<Style id="s_ylw-pushpin_hl41">
		<IconStyle>
			<scale>0.590909</scale>
			<Icon>
				<href>http://maps.google.com/mapfiles/kml/shapes/placemark_circle_highlight.png</href>
			</Icon>
		</IconStyle>
	</Style>
	<Style id="sh_placemark_circle_highlight22">
		<IconStyle>
			<scale>0.590909</scale>
			<Icon>
				<href>http://maps.google.com/mapfiles/kml/shapes/placemark_circle_highlight.png</href>
			</Icon>
		</IconStyle>
	</Style>
	<Style id="sn_placemark_circle9">
		<IconStyle>
			<scale>0.6</scale>
			<Icon>
				<href>http://maps.google.com/mapfiles/kml/shapes/placemark_circle.png</href>
			</Icon>
		</IconStyle>
	</Style>
	<Style id="sh_placemark_circle_highlight7">
		<IconStyle>
			<scale>0.590909</scale>
			<Icon>
				<href>http://maps.google.com/mapfiles/kml/shapes/placemark_circle_highlight.png</href>
			</Icon>
		</IconStyle>
	</Style>
	<StyleMap id="msn_placemark_circle120">
		<Pair>
			<key>normal</key>
			<styleUrl>#sn_placemark_circle25</styleUrl>
		</Pair>
		<Pair>
			<key>highlight</key>
			<styleUrl>#sh_placemark_circle_highlight210</styleUrl>
		</Pair>
	</StyleMap>
	<Style id="sh_placemark_circle_highlight00">
		<IconStyle>
			<scale>0.590909</scale>
			<Icon>
				<href>http://maps.google.com/mapfiles/kml/shapes/placemark_circle_highlight.png</href>
			</Icon>
		</IconStyle>
	</Style>
	<Style id="sh_placemark_circle_highlight120">
		<IconStyle>
			<scale>0.6</scale>
			<Icon>
				<href>http://maps.google.com/mapfiles/kml/shapes/placemark_circle_highlight.png</href>
			</Icon>
		</IconStyle>
	</Style>
	<Style id="sn_placemark_circle22">
		<IconStyle>
			<scale>0.5</scale>
			<Icon>
				<href>http://maps.google.com/mapfiles/kml/shapes/placemark_circle.png</href>
			</Icon>
		</IconStyle>
	</Style>
	<Style id="sn_placemark_circle01">
		<IconStyle>
			<scale>0.5</scale>
			<Icon>
				<href>http://maps.google.com/mapfiles/kml/shapes/placemark_circle.png</href>
			</Icon>
		</IconStyle>
	</Style>
	<StyleMap id="msn_placemark_circle16">
		<Pair>
			<key>normal</key>
			<styleUrl>#sn_placemark_circle16</styleUrl>
		</Pair>
		<Pair>
			<key>highlight</key>
			<styleUrl>#sh_placemark_circle_highlight3</styleUrl>
		</Pair>
	</StyleMap>
	<Style id="sh_placemark_circle_highlight700">
		<IconStyle>
			<scale>0.6</scale>
			<Icon>
				<href>http://maps.google.com/mapfiles/kml/shapes/placemark_circle_highlight.png</href>
			</Icon>
		</IconStyle>
	</Style>
	<Style id="sh_placemark_circle_highlight41">
		<IconStyle>
			<scale>0.590909</scale>
			<Icon>
				<href>http://maps.google.com/mapfiles/kml/shapes/placemark_circle_highlight.png</href>
			</Icon>
		</IconStyle>
	</Style>
	<Style id="sn_placemark_circle210">
		<IconStyle>
			<scale>0.5</scale>
			<Icon>
				<href>http://maps.google.com/mapfiles/kml/shapes/placemark_circle.png</href>
			</Icon>
		</IconStyle>
	</Style>
	<StyleMap id="msn_placemark_circle300">
		<Pair>
			<key>normal</key>
			<styleUrl>#sn_placemark_circle21</styleUrl>
		</Pair>
		<Pair>
			<key>highlight</key>
			<styleUrl>#sh_placemark_circle_highlight17</styleUrl>
		</Pair>
	</StyleMap>
	<StyleMap id="msn_placemark_circle000">
		<Pair>
			<key>normal</key>
			<styleUrl>#sn_placemark_circle000</styleUrl>
		</Pair>
		<Pair>
			<key>highlight</key>
			<styleUrl>#sh_placemark_circle_highlight000</styleUrl>
		</Pair>
	</StyleMap>
	<StyleMap id="msn_placemark_circle25">
		<Pair>
			<key>normal</key>
			<styleUrl>#sn_placemark_circle19</styleUrl>
		</Pair>
		<Pair>
			<key>highlight</key>
			<styleUrl>#sh_placemark_circle_highlight18</styleUrl>
		</Pair>
	</StyleMap>
	<Style id="sn_placemark_circle2">
		<IconStyle>
			<scale>0.5</scale>
			<Icon>
				<href>http://maps.google.com/mapfiles/kml/shapes/placemark_circle.png</href>
			</Icon>
		</IconStyle>
		<BalloonStyle>
		</BalloonStyle>
	</Style>
	<StyleMap id="m_ylw-pushpin13">
		<Pair>
			<key>normal</key>
			<styleUrl>#s_ylw-pushpin5</styleUrl>
		</Pair>
		<Pair>
			<key>highlight</key>
			<styleUrl>#s_ylw-pushpin_hl00</styleUrl>
		</Pair>
	</StyleMap>
	<StyleMap id="msn_placemark_circle22">
		<Pair>
			<key>normal</key>
			<styleUrl>#sn_placemark_circle23</styleUrl>
		</Pair>
		<Pair>
			<key>highlight</key>
			<styleUrl>#sh_placemark_circle_highlight23</styleUrl>
		</Pair>
	</StyleMap>
	<Style id="sh_placemark_circle_highlight26">
		<IconStyle>
			<scale>0.590909</scale>
			<Icon>
				<href>http://maps.google.com/mapfiles/kml/shapes/placemark_circle_highlight.png</href>
			</Icon>
		</IconStyle>
	</Style>
	<Style id="s_ylw-pushpin000">
		<IconStyle>
			<scale>0.5</scale>
			<Icon>
				<href>http://maps.google.com/mapfiles/kml/shapes/placemark_circle.png</href>
			</Icon>
		</IconStyle>
	</Style>
	<Style id="sh_placemark_circle_highlight50">
		<IconStyle>
			<scale>0.5</scale>
			<Icon>
				<href>http://maps.google.com/mapfiles/kml/shapes/placemark_circle_highlight.png</href>
			</Icon>
		</IconStyle>
	</Style>
	<Style id="sh_placemark_circle_highlight210">
		<IconStyle>
			<scale>0.5</scale>
			<Icon>
				<href>http://maps.google.com/mapfiles/kml/shapes/placemark_circle_highlight.png</href>
			</Icon>
		</IconStyle>
	</Style>
	<StyleMap id="msn_placemark_circle5">
		<Pair>
			<key>normal</key>
			<styleUrl>#sn_placemark_circle80</styleUrl>
		</Pair>
		<Pair>
			<key>highlight</key>
			<styleUrl>#sh_placemark_circle_highlight12</styleUrl>
		</Pair>
	</StyleMap>
	<StyleMap id="m_ylw-pushpin010">
		<Pair>
			<key>normal</key>
			<styleUrl>#s_ylw-pushpin001</styleUrl>
		</Pair>
		<Pair>
			<key>highlight</key>
			<styleUrl>#s_ylw-pushpin_hl41</styleUrl>
		</Pair>
	</StyleMap>
	<StyleMap id="msn_placemark_circle2">
		<Pair>
			<key>normal</key>
			<styleUrl>#sn_placemark_circle0</styleUrl>
		</Pair>
		<Pair>
			<key>highlight</key>
			<styleUrl>#sh_placemark_circle_highlight0</styleUrl>
		</Pair>
	</StyleMap>
	<Style id="sh_placemark_circle_highlight35">
		<IconStyle>
			<scale>0.6</scale>
			<Icon>
				<href>http://maps.google.com/mapfiles/kml/shapes/placemark_circle_highlight.png</href>
			</Icon>
		</IconStyle>
	</Style>
	<Style id="sn_placemark_circle21">
		<IconStyle>
			<scale>0.5</scale>
			<Icon>
				<href>http://maps.google.com/mapfiles/kml/shapes/placemark_circle.png</href>
			</Icon>
		</IconStyle>
	</Style>
	<StyleMap id="msn_placemark_circle160">
		<Pair>
			<key>normal</key>
			<styleUrl>#sn_placemark_circle190</styleUrl>
		</Pair>
		<Pair>
			<key>highlight</key>
			<styleUrl>#sh_placemark_circle_highlight190</styleUrl>
		</Pair>
	</StyleMap>
	<Style id="sh_placemark_circle_highlight160">
		<IconStyle>
			<scale>0.5</scale>
			<Icon>
				<href>http://maps.google.com/mapfiles/kml/shapes/placemark_circle_highlight.png</href>
			</Icon>
		</IconStyle>
	</Style>
	<StyleMap id="m_ylw-pushpin000">
		<Pair>
			<key>normal</key>
			<styleUrl>#s_ylw-pushpin000</styleUrl>
		</Pair>
		<Pair>
			<key>highlight</key>
			<styleUrl>#s_ylw-pushpin_hl40</styleUrl>
		</Pair>
	</StyleMap>
	<Style id="sn_placemark_circle20">
		<IconStyle>
			<scale>0.6</scale>
			<Icon>
				<href>http://maps.google.com/mapfiles/kml/shapes/placemark_circle.png</href>
			</Icon>
		</IconStyle>
	</Style>
	<Style id="sh_placemark_circle_highlight001">
		<IconStyle>
			<scale>0.590909</scale>
			<Icon>
				<href>http://maps.google.com/mapfiles/kml/shapes/placemark_circle_highlight.png</href>
			</Icon>
		</IconStyle>
	</Style>
	<StyleMap id="msn_placemark_circle11">
		<Pair>
			<key>normal</key>
			<styleUrl>#sn_placemark_circle10</styleUrl>
		</Pair>
		<Pair>
			<key>highlight</key>
			<styleUrl>#sh_placemark_circle_highlight50</styleUrl>
		</Pair>
	</StyleMap>
	<StyleMap id="msn_placemark_circle7">
		<Pair>
			<key>normal</key>
			<styleUrl>#sn_placemark_circle1</styleUrl>
		</Pair>
		<Pair>
			<key>highlight</key>
			<styleUrl>#sh_placemark_circle_highlight410</styleUrl>
		</Pair>
	</StyleMap>
	<StyleMap id="msn_placemark_circle6">
		<Pair>
			<key>normal</key>
			<styleUrl>#sn_placemark_circle2</styleUrl>
		</Pair>
		<Pair>
			<key>highlight</key>
			<styleUrl>#sh_placemark_circle_highlight6</styleUrl>
		</Pair>
	</StyleMap>
	<StyleMap id="msn_placemark_circle110">
		<Pair>
			<key>normal</key>
			<styleUrl>#sn_placemark_circle010</styleUrl>
		</Pair>
		<Pair>
			<key>highlight</key>
			<styleUrl>#sh_placemark_circle_highlight170</styleUrl>
		</Pair>
	</StyleMap>
	<Style id="sh_placemark_circle_highlight410">
		<IconStyle>
			<scale>0.5</scale>
			<Icon>
				<href>http://maps.google.com/mapfiles/kml/shapes/placemark_circle_highlight.png</href>
			</Icon>
		</IconStyle>
	</Style>
	<StyleMap id="msn_placemark_circle100">
		<Pair>
			<key>normal</key>
			<styleUrl>#sn_placemark_circle180</styleUrl>
		</Pair>
		<Pair>
			<key>highlight</key>
			<styleUrl>#sh_placemark_circle_highlight160</styleUrl>
		</Pair>
	</StyleMap>
	<StyleMap id="msn_placemark_circle17">
		<Pair>
			<key>normal</key>
			<styleUrl>#sn_placemark_circle1</styleUrl>
		</Pair>
		<Pair>
			<key>highlight</key>
			<styleUrl>#sh_placemark_circle_highlight1</styleUrl>
		</Pair>
	</StyleMap>
	<StyleMap id="msn_placemark_circle8">
		<Pair>
			<key>normal</key>
			<styleUrl>#sn_placemark_circle2</styleUrl>
		</Pair>
		<Pair>
			<key>highlight</key>
			<styleUrl>#sh_placemark_circle_highlight5</styleUrl>
		</Pair>
	</StyleMap>
	<Style id="s_ylw-pushpin21">
		<IconStyle>
			<scale>0.5</scale>
			<Icon>
				<href>http://maps.google.com/mapfiles/kml/shapes/placemark_circle.png</href>
			</Icon>
		</IconStyle>
	</Style>
	<StyleMap id="msn_placemark_circle60">
		<Pair>
			<key>normal</key>
			<styleUrl>#sn_placemark_circle180</styleUrl>
		</Pair>
		<Pair>
			<key>highlight</key>
			<styleUrl>#sh_placemark_circle_highlight240</styleUrl>
		</Pair>
	</StyleMap>
	<StyleMap id="msn_placemark_circle26">
		<Pair>
			<key>normal</key>
			<styleUrl>#sn_placemark_circle210</styleUrl>
		</Pair>
		<Pair>
			<key>highlight</key>
			<styleUrl>#sh_placemark_circle_highlight110</styleUrl>
		</Pair>
	</StyleMap>
	<Style id="sn_placemark_circle30">
		<IconStyle>
			<scale>0.5</scale>
			<Icon>
				<href>http://maps.google.com/mapfiles/kml/shapes/placemark_circle.png</href>
			</Icon>
		</IconStyle>
	</Style>
	<Style id="sh_placemark_circle_highlight23">
		<IconStyle>
			<scale>0.5</scale>
			<Icon>
				<href>http://maps.google.com/mapfiles/kml/shapes/placemark_circle_highlight.png</href>
			</Icon>
		</IconStyle>
	</Style>
	<Style id="sh_placemark_circle_highlight8">
		<IconStyle>
			<scale>0.590909</scale>
			<Icon>
				<href>http://maps.google.com/mapfiles/kml/shapes/placemark_circle_highlight.png</href>
			</Icon>
		</IconStyle>
		<BalloonStyle>
		</BalloonStyle>
	</Style>
	<StyleMap id="msn_placemark_circle13">
		<Pair>
			<key>normal</key>
			<styleUrl>#sn_placemark_circle10</styleUrl>
		</Pair>
		<Pair>
			<key>highlight</key>
			<styleUrl>#sh_placemark_circle_highlight</styleUrl>
		</Pair>
	</StyleMap>
	<Style id="sn_placemark_circle11">
		<IconStyle>
			<scale>0.5</scale>
			<Icon>
				<href>http://maps.google.com/mapfiles/kml/shapes/placemark_circle.png</href>
			</Icon>
		</IconStyle>
	</Style>
	<Style id="sn_placemark_circle5">
		<IconStyle>
			<scale>0.6</scale>
			<Icon>
				<href>http://maps.google.com/mapfiles/kml/shapes/placemark_circle.png</href>
			</Icon>
		</IconStyle>
	</Style>
	<Style id="sn_placemark_circle3">
		<IconStyle>
			<scale>0.5</scale>
			<Icon>
				<href>http://maps.google.com/mapfiles/kml/shapes/placemark_circle.png</href>
			</Icon>
		</IconStyle>
		<BalloonStyle>
		</BalloonStyle>
	</Style>
	<StyleMap id="msn_placemark_circle35">
		<Pair>
			<key>normal</key>
			<styleUrl>#sn_placemark_circle02</styleUrl>
		</Pair>
		<Pair>
			<key>highlight</key>
			<styleUrl>#sh_placemark_circle_highlight16</styleUrl>
		</Pair>
	</StyleMap>
	<StyleMap id="msn_placemark_circle180">
		<Pair>
			<key>normal</key>
			<styleUrl>#sn_placemark_circle20</styleUrl>
		</Pair>
		<Pair>
			<key>highlight</key>
			<styleUrl>#sh_placemark_circle_highlight21</styleUrl>
		</Pair>
	</StyleMap>
	<Style id="sn_placemark_circle6">
		<IconStyle>
			<scale>0.6</scale>
			<Icon>
				<href>http://maps.google.com/mapfiles/kml/shapes/placemark_circle.png</href>
			</Icon>
		</IconStyle>
	</Style>
	<Style id="s_ylw-pushpin_hl300">
		<IconStyle>
			<scale>0.590909</scale>
			<Icon>
				<href>http://maps.google.com/mapfiles/kml/shapes/placemark_circle_highlight.png</href>
			</Icon>
		</IconStyle>
	</Style>
	<StyleMap id="msn_placemark_circle19">
		<Pair>
			<key>normal</key>
			<styleUrl>#sn_placemark_circle31</styleUrl>
		</Pair>
		<Pair>
			<key>highlight</key>
			<styleUrl>#sh_placemark_circle_highlight2</styleUrl>
		</Pair>
	</StyleMap>
	<StyleMap id="msn_placemark_circle21">
		<Pair>
			<key>normal</key>
			<styleUrl>#sn_placemark_circle80</styleUrl>
		</Pair>
		<Pair>
			<key>highlight</key>
			<styleUrl>#sh_placemark_circle_highlight80</styleUrl>
		</Pair>
	</StyleMap>
	<Style id="sn_placemark_circle10">
		<IconStyle>
			<scale>0.5</scale>
			<Icon>
				<href>http://maps.google.com/mapfiles/kml/shapes/placemark_circle.png</href>
			</Icon>
		</IconStyle>
	</Style>
	<Style id="sh_placemark_circle_highlight80">
		<IconStyle>
			<scale>0.590909</scale>
			<Icon>
				<href>http://maps.google.com/mapfiles/kml/shapes/placemark_circle_highlight.png</href>
			</Icon>
		</IconStyle>
	</Style>
	<StyleMap id="msn_placemark_circle9">
		<Pair>
			<key>normal</key>
			<styleUrl>#sn_placemark_circle12</styleUrl>
		</Pair>
		<Pair>
			<key>highlight</key>
			<styleUrl>#sh_placemark_circle_highlight7</styleUrl>
		</Pair>
	</StyleMap>
	<Style id="sn_placemark_circle150">
		<IconStyle>
			<scale>0.6</scale>
			<Icon>
				<href>http://maps.google.com/mapfiles/kml/shapes/placemark_circle.png</href>
			</Icon>
		</IconStyle>
	</Style>
	<StyleMap id="msn_placemark_circle14">
		<Pair>
			<key>normal</key>
			<styleUrl>#sn_placemark_circle22</styleUrl>
		</Pair>
		<Pair>
			<key>highlight</key>
			<styleUrl>#sh_placemark_circle_highlight20</styleUrl>
		</Pair>
	</StyleMap>
	<StyleMap id="msn_placemark_circle31">
		<Pair>
			<key>normal</key>
			<styleUrl>#sn_placemark_circle12</styleUrl>
		</Pair>
		<Pair>
			<key>highlight</key>
			<styleUrl>#sh_placemark_circle_highlight28</styleUrl>
		</Pair>
	</StyleMap>
	<StyleMap id="msn_placemark_circle1300">
		<Pair>
			<key>normal</key>
			<styleUrl>#sn_placemark_circle700</styleUrl>
		</Pair>
		<Pair>
			<key>highlight</key>
			<styleUrl>#sh_placemark_circle_highlight700</styleUrl>
		</Pair>
	</StyleMap>
	<StyleMap id="msn_placemark_circle131">
		<Pair>
			<key>normal</key>
			<styleUrl>#sn_placemark_circle100</styleUrl>
		</Pair>
		<Pair>
			<key>highlight</key>
			<styleUrl>#sh_placemark_circle_highlight22</styleUrl>
		</Pair>
	</StyleMap>
	<Style id="sh_placemark_circle_highlight190">
		<IconStyle>
			<scale>0.590909</scale>
			<Icon>
				<href>http://maps.google.com/mapfiles/kml/shapes/placemark_circle_highlight.png</href>
			</Icon>
		</IconStyle>
	</Style>
	<Style id="sh_placemark_circle_highlight19">
		<IconStyle>
			<scale>0.6</scale>
			<Icon>
				<href>http://maps.google.com/mapfiles/kml/shapes/placemark_circle_highlight.png</href>
			</Icon>
		</IconStyle>
	</Style>
	<Style id="sh_placemark_circle_highlight20">
		<IconStyle>
			<scale>0.590909</scale>
			<Icon>
				<href>http://maps.google.com/mapfiles/kml/shapes/placemark_circle_highlight.png</href>
			</Icon>
		</IconStyle>
	</Style>
	<Style id="sn_placemark_circle14">
		<IconStyle>
			<scale>0.5</scale>
			<Icon>
				<href>http://maps.google.com/mapfiles/kml/shapes/placemark_circle.png</href>
			</Icon>
		</IconStyle>
	</Style>
	<StyleMap id="msn_placemark_circle230">
		<Pair>
			<key>normal</key>
			<styleUrl>#sn_placemark_circle8</styleUrl>
		</Pair>
		<Pair>
			<key>highlight</key>
			<styleUrl>#sh_placemark_circle_highlight25</styleUrl>
		</Pair>
	</StyleMap>
	<StyleMap id="m_ylw-pushpin6">
		<Pair>
			<key>normal</key>
			<styleUrl>#s_ylw-pushpin21</styleUrl>
		</Pair>
		<Pair>
			<key>highlight</key>
			<styleUrl>#s_ylw-pushpin_hl300</styleUrl>
		</Pair>
	</StyleMap>
	<Style id="sh_placemark_circle_highlight27">
		<IconStyle>
			<scale>0.590909</scale>
			<Icon>
				<href>http://maps.google.com/mapfiles/kml/shapes/placemark_circle_highlight.png</href>
			</Icon>
		</IconStyle>
	</Style>
	<Style id="sn_placemark_circle23">
		<IconStyle>
			<scale>0.5</scale>
			<Icon>
				<href>http://maps.google.com/mapfiles/kml/shapes/placemark_circle.png</href>
			</Icon>
		</IconStyle>
	</Style>
	<Style id="sn_placemark_circle12">
		<IconStyle>
			<scale>0.5</scale>
			<Icon>
				<href>http://maps.google.com/mapfiles/kml/shapes/placemark_circle.png</href>
			</Icon>
		</IconStyle>
	</Style>
	<Style id="sn_placemark_circle02">
		<IconStyle>
			<scale>0.6</scale>
			<Icon>
				<href>http://maps.google.com/mapfiles/kml/shapes/placemark_circle.png</href>
			</Icon>
		</IconStyle>
	</Style>
	<StyleMap id="msn_placemark_circle30">
		<Pair>
			<key>normal</key>
			<styleUrl>#sn_placemark_circle14</styleUrl>
		</Pair>
		<Pair>
			<key>highlight</key>
			<styleUrl>#sh_placemark_circle_highlight01</styleUrl>
		</Pair>
	</StyleMap>
	<Style id="sh_placemark_circle_highlight100">
		<IconStyle>
			<scale>0.6</scale>
			<Icon>
				<href>http://maps.google.com/mapfiles/kml/shapes/placemark_circle_highlight.png</href>
			</Icon>
		</IconStyle>
	</Style>
	<StyleMap id="msn_placemark_circle33">
		<Pair>
			<key>normal</key>
			<styleUrl>#sn_placemark_circle6</styleUrl>
		</Pair>
		<Pair>
			<key>highlight</key>
			<styleUrl>#sh_placemark_circle_highlight35</styleUrl>
		</Pair>
	</StyleMap>
	<StyleMap id="msn_placemark_circle101">
		<Pair>
			<key>normal</key>
			<styleUrl>#sn_placemark_circle14</styleUrl>
		</Pair>
		<Pair>
			<key>highlight</key>
			<styleUrl>#sh_placemark_circle_highlight24</styleUrl>
		</Pair>
	</StyleMap>
	<StyleMap id="msn_placemark_circle201">
		<Pair>
			<key>normal</key>
			<styleUrl>#sn_placemark_circle80</styleUrl>
		</Pair>
		<Pair>
			<key>highlight</key>
			<styleUrl>#sh_placemark_circle_highlight30</styleUrl>
		</Pair>
	</StyleMap>
	<Style id="sn_placemark_circle010">
		<IconStyle>
			<scale>0.5</scale>
			<Icon>
				<href>http://maps.google.com/mapfiles/kml/shapes/placemark_circle.png</href>
			</Icon>
		</IconStyle>
	</Style>
	<Style id="sn_placemark_circle180">
		<IconStyle>
			<scale>0.5</scale>
			<Icon>
				<href>http://maps.google.com/mapfiles/kml/shapes/placemark_circle.png</href>
			</Icon>
		</IconStyle>
	</Style>
	<Style id="sn_placemark_circle31">
		<IconStyle>
			<scale>0.6</scale>
			<Icon>
				<href>http://maps.google.com/mapfiles/kml/shapes/placemark_circle.png</href>
			</Icon>
		</IconStyle>
	</Style>
	<Style id="sh_placemark_circle_highlight110">
		<IconStyle>
			<scale>0.5</scale>
			<Icon>
				<href>http://maps.google.com/mapfiles/kml/shapes/placemark_circle_highlight.png</href>
			</Icon>
		</IconStyle>
	</Style>
	<Style id="sn_placemark_circle190">
		<IconStyle>
			<scale>0.5</scale>
			<Icon>
				<href>http://maps.google.com/mapfiles/kml/shapes/placemark_circle.png</href>
			</Icon>
		</IconStyle>
	</Style>
	<Style id="sh_placemark_circle_highlight24">
		<IconStyle>
			<scale>0.590909</scale>
			<Icon>
				<href>http://maps.google.com/mapfiles/kml/shapes/placemark_circle_highlight.png</href>
			</Icon>
		</IconStyle>
	</Style>
	<Folder>
		<name>Olivos</name>
		<open>1</open>
		<Style>
			<ListStyle>
				<listItemType>check</listItemType>
				<bgColor>00ffffff</bgColor>
				<maxSnippetLines>2</maxSnippetLines>
			</ListStyle>
		</Style>
		<Placemark>
			<name>1</name>
			<LookAt>
				<longitude>-71.09361733384333</longitude>
				<latitude>-28.50003879849217</latitude>
				<altitude>0</altitude>
				<heading>-2.297727052725875e-005</heading>
				<tilt>0</tilt>
				<range>95.7800042629668</range>
				<gx:altitudeMode>relativeToSeaFloor</gx:altitudeMode>
			</LookAt>
			<styleUrl>#m_ylw-pushpin000</styleUrl>
			<Point>
				<gx:drawOrder>1</gx:drawOrder>
				<coordinates>-71.09367536171206,-28.4999913501528,0</coordinates>
			</Point>
		</Placemark>
		<Placemark>
			<name>10</name>
			<LookAt>
				<longitude>-71.09390350556197</longitude>
				<latitude>-28.50077374648996</latitude>
				<altitude>0</altitude>
				<heading>0.0001135742843294527</heading>
				<tilt>0</tilt>
				<range>95.54158575526282</range>
				<gx:altitudeMode>relativeToSeaFloor</gx:altitudeMode>
			</LookAt>
			<styleUrl>#m_ylw-pushpin000</styleUrl>
			<Point>
				<gx:drawOrder>1</gx:drawOrder>
				<coordinates>-71.09391705980511,-28.50079801068372,0</coordinates>
			</Point>
		</Placemark>
		<Placemark>
			<name>100</name>
			<LookAt>
				<longitude>-71.09331799919673</longitude>
				<latitude>-28.50107597712045</latitude>
				<altitude>0</altitude>
				<heading>-0.0001338002570205467</heading>
				<tilt>0</tilt>
				<range>110.6062813360315</range>
				<gx:altitudeMode>relativeToSeaFloor</gx:altitudeMode>
			</LookAt>
			<styleUrl>#m_ylw-pushpin6</styleUrl>
			<Point>
				<gx:drawOrder>1</gx:drawOrder>
				<coordinates>-71.09349667279867,-28.5011726444067,0</coordinates>
			</Point>
		</Placemark>
		<Placemark>
			<name>101</name>
			<LookAt>
				<longitude>-71.09328655510893</longitude>
				<latitude>-28.50094599652697</latitude>
				<altitude>0</altitude>
				<heading>-0.0001488044232646256</heading>
				<tilt>0</tilt>
				<range>110.4167343676055</range>
				<gx:altitudeMode>relativeToSeaFloor</gx:altitudeMode>
			</LookAt>
			<styleUrl>#m_ylw-pushpin6</styleUrl>
			<Point>
				<gx:drawOrder>1</gx:drawOrder>
				<coordinates>-71.09346385569673,-28.50108341921235,0</coordinates>
			</Point>
		</Placemark>
		<Placemark>
			<name>102</name>
			<LookAt>
				<longitude>-71.09326910635592</longitude>
				<latitude>-28.50088465952744</latitude>
				<altitude>0</altitude>
				<heading>-0.0001571304414405162</heading>
				<tilt>0</tilt>
				<range>110.327316643873</range>
				<gx:altitudeMode>relativeToSeaFloor</gx:altitudeMode>
			</LookAt>
			<styleUrl>#m_ylw-pushpin6</styleUrl>
			<Point>
				<gx:drawOrder>1</gx:drawOrder>
				<coordinates>-71.09344272894016,-28.50100049931545,0</coordinates>
			</Point>
		</Placemark>
		<Placemark>
			<name>103</name>
			<LookAt>
				<longitude>-71.09320754905988</longitude>
				<latitude>-28.50074176016883</latitude>
				<altitude>0</altitude>
				<heading>-0.0001865036287630803</heading>
				<tilt>0</tilt>
				<range>110.118980884172</range>
				<gx:altitudeMode>relativeToSeaFloor</gx:altitudeMode>
			</LookAt>
			<styleUrl>#m_ylw-pushpin6</styleUrl>
			<Point>
				<gx:drawOrder>1</gx:drawOrder>
				<coordinates>-71.09340762300431,-28.5009022986999,0</coordinates>
			</Point>
		</Placemark>
		<Placemark>
			<name>104</name>
			<LookAt>
				<longitude>-71.09320754905988</longitude>
				<latitude>-28.50074176016883</latitude>
				<altitude>0</altitude>
				<heading>-0.0001865036287630803</heading>
				<tilt>0</tilt>
				<range>110.118980884172</range>
				<gx:altitudeMode>relativeToSeaFloor</gx:altitudeMode>
			</LookAt>
			<styleUrl>#m_ylw-pushpin6</styleUrl>
			<Point>
				<gx:drawOrder>1</gx:drawOrder>
				<coordinates>-71.09338190872988,-28.50081659352858,0</coordinates>
			</Point>
		</Placemark>
		<Placemark>
			<name>105</name>
			<LookAt>
				<longitude>-71.0931415023734</longitude>
				<latitude>-28.50055235603654</latitude>
				<altitude>0</altitude>
				<heading>-0.0002180186077896143</heading>
				<tilt>0</tilt>
				<range>109.8428297083544</range>
				<gx:altitudeMode>relativeToSeaFloor</gx:altitudeMode>
			</LookAt>
			<styleUrl>#m_ylw-pushpin6</styleUrl>
			<Point>
				<gx:drawOrder>1</gx:drawOrder>
				<coordinates>-71.09335504838201,-28.50072374905171,0</coordinates>
			</Point>
		</Placemark>
		<Placemark>
			<name>106</name>
			<LookAt>
				<longitude>-71.0931415023734</longitude>
				<latitude>-28.50055235603654</latitude>
				<altitude>0</altitude>
				<heading>-0.0002180186077896143</heading>
				<tilt>0</tilt>
				<range>109.8428297083544</range>
				<gx:altitudeMode>relativeToSeaFloor</gx:altitudeMode>
			</LookAt>
			<styleUrl>#m_ylw-pushpin6</styleUrl>
			<Point>
				<gx:drawOrder>1</gx:drawOrder>
				<coordinates>-71.09333433718965,-28.50063429044187,0</coordinates>
			</Point>
		</Placemark>
		<Placemark>
			<name>107</name>
			<LookAt>
				<longitude>-71.09318723504467</longitude>
				<latitude>-28.50048465802058</latitude>
				<altitude>0</altitude>
				<heading>-0.0001961976306249019</heading>
				<tilt>0</tilt>
				<range>109.9824434661934</range>
				<gx:altitudeMode>relativeToSeaFloor</gx:altitudeMode>
			</LookAt>
			<styleUrl>#m_ylw-pushpin6</styleUrl>
			<Point>
				<gx:drawOrder>1</gx:drawOrder>
				<coordinates>-71.09330600274336,-28.50054219167234,0</coordinates>
			</Point>
		</Placemark>
		<Placemark>
			<name>108</name>
			<LookAt>
				<longitude>-71.09312831498303</longitude>
				<latitude>-28.50030890320455</latitude>
				<altitude>0</altitude>
				<heading>-0.0002243121625257859</heading>
				<tilt>0</tilt>
				<range>110.0668761658979</range>
				<gx:altitudeMode>relativeToSeaFloor</gx:altitudeMode>
			</LookAt>
			<styleUrl>#m_ylw-pushpin6</styleUrl>
			<Point>
				<gx:drawOrder>1</gx:drawOrder>
				<coordinates>-71.09327725281989,-28.50046220190863,0</coordinates>
			</Point>
		</Placemark>
		<Placemark>
			<name>109</name>
			<LookAt>
				<longitude>-71.09310281205352</longitude>
				<latitude>-28.50019276420305</latitude>
				<altitude>0</altitude>
				<heading>-0.0002364809984399114</heading>
				<tilt>0</tilt>
				<range>110.1618394355831</range>
				<gx:altitudeMode>relativeToSeaFloor</gx:altitudeMode>
			</LookAt>
			<styleUrl>#m_ylw-pushpin6</styleUrl>
			<Point>
				<gx:drawOrder>1</gx:drawOrder>
				<coordinates>-71.09324832964803,-28.50037465494917,0</coordinates>
			</Point>
		</Placemark>
		<Placemark>
			<name>11</name>
			<LookAt>
				<longitude>-71.09399266591313</longitude>
				<latitude>-28.50089259905007</latitude>
				<altitude>0</altitude>
				<heading>0.0001561192641611371</heading>
				<tilt>0</tilt>
				<range>95.49828511363114</range>
				<gx:altitudeMode>relativeToSeaFloor</gx:altitudeMode>
			</LookAt>
			<styleUrl>#m_ylw-pushpin000</styleUrl>
			<Point>
				<gx:drawOrder>1</gx:drawOrder>
				<coordinates>-71.0939369950391,-28.5008789356901,0</coordinates>
			</Point>
		</Placemark>
		<Placemark>
			<name>110</name>
			<LookAt>
				<longitude>-71.0933529280821</longitude>
				<latitude>-28.50036520356983</latitude>
				<altitude>0</altitude>
				<heading>0.0003419070251820865</heading>
				<tilt>26.30099201042572</tilt>
				<range>96.23048247496637</range>
				<gx:altitudeMode>relativeToSeaFloor</gx:altitudeMode>
			</LookAt>
			<styleUrl>#m_ylw-pushpin010</styleUrl>
			<Point>
				<gx:drawOrder>1</gx:drawOrder>
				<coordinates>-71.09322990045543,-28.50029190871542,0</coordinates>
			</Point>
		</Placemark>
		<Placemark>
			<name>111</name>
			<LookAt>
				<longitude>-71.09309817588526</longitude>
				<latitude>-28.50011330918166</latitude>
				<altitude>0</altitude>
				<heading>-0.0002386930408314252</heading>
				<tilt>0</tilt>
				<range>110.2641785475913</range>
				<gx:altitudeMode>relativeToSeaFloor</gx:altitudeMode>
			</LookAt>
			<styleUrl>#m_ylw-pushpin6</styleUrl>
			<Point>
				<gx:drawOrder>1</gx:drawOrder>
				<coordinates>-71.09320437839516,-28.50020970241653,0</coordinates>
			</Point>
		</Placemark>
		<Placemark>
			<name>112</name>
			<LookAt>
				<longitude>-71.09309817588526</longitude>
				<latitude>-28.50011330918166</latitude>
				<altitude>0</altitude>
				<heading>-0.0002386930408314252</heading>
				<tilt>0</tilt>
				<range>110.2641785475913</range>
				<gx:altitudeMode>relativeToSeaFloor</gx:altitudeMode>
			</LookAt>
			<styleUrl>#m_ylw-pushpin6</styleUrl>
			<Point>
				<gx:drawOrder>1</gx:drawOrder>
				<coordinates>-71.09317889141413,-28.50011381980369,0</coordinates>
			</Point>
		</Placemark>
		<Placemark>
			<name>113</name>
			<LookAt>
				<longitude>-71.09318929708267</longitude>
				<latitude>-28.50036513422515</latitude>
				<altitude>0</altitude>
				<heading>0.0002585947329043213</heading>
				<tilt>25.78492256759887</tilt>
				<range>99.96397200769235</range>
				<gx:altitudeMode>relativeToSeaFloor</gx:altitudeMode>
			</LookAt>
			<styleUrl>#m_ylw-pushpin010</styleUrl>
			<Point>
				<gx:drawOrder>1</gx:drawOrder>
				<coordinates>-71.09307154598285,-28.50014956989348,0</coordinates>
			</Point>
		</Placemark>
		<Placemark>
			<name>114</name>
			<LookAt>
				<longitude>-71.09311504741777</longitude>
				<latitude>-28.50001362942409</latitude>
				<altitude>0</altitude>
				<heading>-0.000185098044456354</heading>
				<tilt>25.2084864128362</tilt>
				<range>107.1171034881667</range>
				<gx:altitudeMode>relativeToSeaFloor</gx:altitudeMode>
			</LookAt>
			<styleUrl>#m_ylw-pushpin6</styleUrl>
			<Point>
				<gx:drawOrder>1</gx:drawOrder>
				<coordinates>-71.09310741294485,-28.50022411480478,0</coordinates>
			</Point>
		</Placemark>
		<Placemark>
			<name>115</name>
			<LookAt>
				<longitude>-71.09306898735609</longitude>
				<latitude>-28.50019393408484</latitude>
				<altitude>0</altitude>
				<heading>-0.0002070764358867706</heading>
				<tilt>25.20848473321575</tilt>
				<range>106.6780874665058</range>
				<gx:altitudeMode>relativeToSeaFloor</gx:altitudeMode>
			</LookAt>
			<styleUrl>#m_ylw-pushpin6</styleUrl>
			<Point>
				<gx:drawOrder>1</gx:drawOrder>
				<coordinates>-71.09312625300134,-28.50029626889259,0</coordinates>
			</Point>
		</Placemark>
		<Placemark>
			<name>116</name>
			<LookAt>
				<longitude>-71.09302232920085</longitude>
				<latitude>-28.50024010154963</latitude>
				<altitude>0</altitude>
				<heading>-0.0002293403487325018</heading>
				<tilt>25.2084838731371</tilt>
				<range>106.4532989692069</range>
				<gx:altitudeMode>relativeToSeaFloor</gx:altitudeMode>
			</LookAt>
			<styleUrl>#m_ylw-pushpin6</styleUrl>
			<Point>
				<gx:drawOrder>1</gx:drawOrder>
				<coordinates>-71.09316051390383,-28.50039586621439,0</coordinates>
			</Point>
		</Placemark>
		<Placemark>
			<name>117</name>
			<LookAt>
				<longitude>-71.0929981499868</longitude>
				<latitude>-28.50036126228464</latitude>
				<altitude>0</altitude>
				<heading>-0.0002408778645194195</heading>
				<tilt>25.20848282819342</tilt>
				<range>106.180170858504</range>
				<gx:altitudeMode>relativeToSeaFloor</gx:altitudeMode>
			</LookAt>
			<styleUrl>#m_ylw-pushpin6</styleUrl>
			<Point>
				<gx:drawOrder>1</gx:drawOrder>
				<coordinates>-71.09317884713883,-28.5004807274063,0</coordinates>
			</Point>
		</Placemark>
		<Placemark>
			<name>118</name>
			<LookAt>
				<longitude>-71.09300412934472</longitude>
				<latitude>-28.5004026695004</latitude>
				<altitude>0</altitude>
				<heading>-0.0002380249675008483</heading>
				<tilt>25.20848288571092</tilt>
				<range>106.1952110705557</range>
				<gx:altitudeMode>relativeToSeaFloor</gx:altitudeMode>
			</LookAt>
			<styleUrl>#m_ylw-pushpin6</styleUrl>
			<Point>
				<gx:drawOrder>1</gx:drawOrder>
				<coordinates>-71.09320494744641,-28.5005548851185,0</coordinates>
			</Point>
		</Placemark>
		<Placemark>
			<name>119</name>
			<LookAt>
				<longitude>-71.09326677600372</longitude>
				<latitude>-28.5006000874137</latitude>
				<altitude>0</altitude>
				<heading>-0.0001126986637218493</heading>
				<tilt>25.20848466791869</tilt>
				<range>106.6610330359668</range>
				<gx:altitudeMode>relativeToSeaFloor</gx:altitudeMode>
			</LookAt>
			<styleUrl>#m_ylw-pushpin6</styleUrl>
			<Point>
				<gx:drawOrder>1</gx:drawOrder>
				<coordinates>-71.0932487301494,-28.50065396642252,0</coordinates>
			</Point>
		</Placemark>
		<Placemark>
			<name>12</name>
			<LookAt>
				<longitude>-71.0938635373887</longitude>
				<latitude>-28.50096017894378</latitude>
				<altitude>0</altitude>
				<heading>9.482497288035863e-005</heading>
				<tilt>24.87730309278047</tilt>
				<range>77.85830338573284</range>
				<gx:altitudeMode>relativeToSeaFloor</gx:altitudeMode>
			</LookAt>
			<styleUrl>#m_ylw-pushpin000</styleUrl>
			<Point>
				<gx:drawOrder>1</gx:drawOrder>
				<coordinates>-71.09396500985112,-28.50098335449806,0</coordinates>
			</Point>
		</Placemark>
		<Placemark>
			<name>120</name>
			<LookAt>
				<longitude>-71.09323066922586</longitude>
				<latitude>-28.5006171073947</latitude>
				<altitude>0</altitude>
				<heading>-0.0001299277868883806</heading>
				<tilt>25.20848420748976</tilt>
				<range>106.5407158378517</range>
				<gx:altitudeMode>relativeToSeaFloor</gx:altitudeMode>
			</LookAt>
			<styleUrl>#m_ylw-pushpin6</styleUrl>
			<Point>
				<gx:drawOrder>1</gx:drawOrder>
				<coordinates>-71.093272521874,-28.50074138614895,0</coordinates>
			</Point>
		</Placemark>
		<Placemark>
			<name>121</name>
			<LookAt>
				<longitude>-71.09322158261142</longitude>
				<latitude>-28.50068517817138</latitude>
				<altitude>0</altitude>
				<heading>-0.0001342635465022042</heading>
				<tilt>25.20848462740888</tilt>
				<range>106.6504332176813</range>
				<gx:altitudeMode>relativeToSeaFloor</gx:altitudeMode>
			</LookAt>
			<styleUrl>#m_ylw-pushpin6</styleUrl>
			<Point>
				<gx:drawOrder>1</gx:drawOrder>
				<coordinates>-71.09329767221115,-28.50083259376703,0</coordinates>
			</Point>
		</Placemark>
		<Placemark>
			<name>122</name>
			<LookAt>
				<longitude>-71.09319851053854</longitude>
				<latitude>-28.50078989358348</latitude>
				<altitude>0</altitude>
				<heading>-0.0001452730538788682</heading>
				<tilt>25.20848527311413</tilt>
				<range>106.8191874862434</range>
				<gx:altitudeMode>relativeToSeaFloor</gx:altitudeMode>
			</LookAt>
			<styleUrl>#m_ylw-pushpin6</styleUrl>
			<Point>
				<gx:drawOrder>1</gx:drawOrder>
				<coordinates>-71.09331548493616,-28.50092223355993,0</coordinates>
			</Point>
		</Placemark>
		<Placemark>
			<name>123</name>
			<LookAt>
				<longitude>-71.09333708408143</longitude>
				<latitude>-28.50090774164358</latitude>
				<altitude>0</altitude>
				<heading>-7.914935239837372e-005</heading>
				<tilt>25.20848599956919</tilt>
				<range>107.0090742158995</range>
				<gx:altitudeMode>relativeToSeaFloor</gx:altitudeMode>
			</LookAt>
			<styleUrl>#m_ylw-pushpin6</styleUrl>
			<Point>
				<gx:drawOrder>1</gx:drawOrder>
				<coordinates>-71.09334514049348,-28.50101196061736,0</coordinates>
			</Point>
		</Placemark>
		<Placemark>
			<name>124</name>
			<LookAt>
				<longitude>-71.09341178584907</longitude>
				<latitude>-28.50104361756073</latitude>
				<altitude>0</altitude>
				<heading>-4.350322296445096e-005</heading>
				<tilt>25.20848683740105</tilt>
				<range>107.2280552127687</range>
				<gx:altitudeMode>relativeToSeaFloor</gx:altitudeMode>
			</LookAt>
			<styleUrl>#m_ylw-pushpin6</styleUrl>
			<Point>
				<gx:drawOrder>1</gx:drawOrder>
				<coordinates>-71.0933761171772,-28.50110453745349,0</coordinates>
			</Point>
		</Placemark>
		<Placemark>
			<name>125</name>
			<LookAt>
				<longitude>-71.0936893001324</longitude>
				<latitude>-28.50115920923038</latitude>
				<altitude>0</altitude>
				<heading>0.0006527443001356697</heading>
				<tilt>27.77864365082628</tilt>
				<range>112.5428413308579</range>
				<gx:altitudeMode>relativeToSeaFloor</gx:altitudeMode>
			</LookAt>
			<styleUrl>#msn_placemark_circle32</styleUrl>
			<Point>
				<gx:drawOrder>1</gx:drawOrder>
				<coordinates>-71.09339084287804,-28.5011783000751,0</coordinates>
			</Point>
		</Placemark>
		<Placemark>
			<name>126</name>
			<LookAt>
				<longitude>-71.09320958976888</longitude>
				<latitude>-28.50132421581573</latitude>
				<altitude>0</altitude>
				<heading>0.000235262423350482</heading>
				<tilt>22.89121985855903</tilt>
				<range>72.84263556720343</range>
				<gx:altitudeMode>relativeToSeaFloor</gx:altitudeMode>
			</LookAt>
			<styleUrl>#msn_placemark_circle150</styleUrl>
			<Point>
				<gx:drawOrder>1</gx:drawOrder>
				<coordinates>-71.09343364635012,-28.50133802331259,0</coordinates>
			</Point>
		</Placemark>
		<Placemark>
			<name>127</name>
			<LookAt>
				<longitude>-71.09344895804892</longitude>
				<latitude>-28.50143822422184</latitude>
				<altitude>0</altitude>
				<heading>-2.576546844962094e-005</heading>
				<tilt>25.20848927039187</tilt>
				<range>107.8639620381212</range>
				<gx:altitudeMode>relativeToSeaFloor</gx:altitudeMode>
			</LookAt>
			<styleUrl>#m_ylw-pushpin6</styleUrl>
			<Point>
				<gx:drawOrder>1</gx:drawOrder>
				<coordinates>-71.09346752936777,-28.50145506576059,0</coordinates>
			</Point>
		</Placemark>
		<Placemark>
			<name>128</name>
			<LookAt>
				<longitude>-71.09344895804892</longitude>
				<latitude>-28.50143822422184</latitude>
				<altitude>0</altitude>
				<heading>-2.576546844962094e-005</heading>
				<tilt>25.20848927039187</tilt>
				<range>107.8639620381212</range>
				<gx:altitudeMode>relativeToSeaFloor</gx:altitudeMode>
			</LookAt>
			<styleUrl>#m_ylw-pushpin6</styleUrl>
			<Point>
				<gx:drawOrder>1</gx:drawOrder>
				<coordinates>-71.09349697110365,-28.50155123451747,0</coordinates>
			</Point>
		</Placemark>
		<Placemark>
			<name>129</name>
			<LookAt>
				<longitude>-71.09343102078783</longitude>
				<latitude>-28.50154076400853</latitude>
				<altitude>0</altitude>
				<heading>-3.585371797386078e-005</heading>
				<tilt>28.00328931406545</tilt>
				<range>82.41243115518859</range>
				<gx:altitudeMode>relativeToSeaFloor</gx:altitudeMode>
			</LookAt>
			<styleUrl>#m_ylw-pushpin6</styleUrl>
			<Point>
				<gx:drawOrder>1</gx:drawOrder>
				<coordinates>-71.09339040541804,-28.50156480263738,0</coordinates>
			</Point>
		</Placemark>
		<Placemark>
			<name>13</name>
			<LookAt>
				<longitude>-71.09393930086024</longitude>
				<latitude>-28.50100367565216</latitude>
				<altitude>0</altitude>
				<heading>0.0001309774268174868</heading>
				<tilt>24.87730352602228</tilt>
				<range>77.97293763890589</range>
				<gx:altitudeMode>relativeToSeaFloor</gx:altitudeMode>
			</LookAt>
			<styleUrl>#m_ylw-pushpin000</styleUrl>
			<Point>
				<gx:drawOrder>1</gx:drawOrder>
				<coordinates>-71.09398183126287,-28.50105338857346,0</coordinates>
			</Point>
		</Placemark>
		<Placemark>
			<name>130</name>
			<LookAt>
				<longitude>-71.09318980361852</longitude>
				<latitude>-28.50141057704625</latitude>
				<altitude>0</altitude>
				<heading>0.0002258207647028575</heading>
				<tilt>22.89122140068344</tilt>
				<range>73.2839925707454</range>
				<gx:altitudeMode>relativeToSeaFloor</gx:altitudeMode>
			</LookAt>
			<styleUrl>#msn_placemark_circle60</styleUrl>
			<Point>
				<gx:drawOrder>1</gx:drawOrder>
				<coordinates>-71.09336248074604,-28.50148175475589,0</coordinates>
			</Point>
		</Placemark>
		<Placemark>
			<name>131</name>
			<LookAt>
				<longitude>-71.09335381033128</longitude>
				<latitude>-28.5013119479742</latitude>
				<altitude>0</altitude>
				<heading>-7.269740795061993e-005</heading>
				<tilt>28.00328710818934</tilt>
				<range>81.88943441578083</range>
				<gx:altitudeMode>relativeToSeaFloor</gx:altitudeMode>
			</LookAt>
			<styleUrl>#m_ylw-pushpin6</styleUrl>
			<Point>
				<gx:drawOrder>1</gx:drawOrder>
				<coordinates>-71.09333334645594,-28.50135942058531,0</coordinates>
			</Point>
		</Placemark>
		<Placemark>
			<name>132</name>
			<LookAt>
				<longitude>-71.09340411105001</longitude>
				<latitude>-28.50120802342071</latitude>
				<altitude>0</altitude>
				<heading>-4.214101233833235e-005</heading>
				<tilt>26.93640315926279</tilt>
				<range>68.31050995311567</range>
				<gx:altitudeMode>relativeToSeaFloor</gx:altitudeMode>
			</LookAt>
			<styleUrl>#m_ylw-pushpin6</styleUrl>
			<Point>
				<gx:drawOrder>1</gx:drawOrder>
				<coordinates>-71.09331278525193,-28.50128349006342,0</coordinates>
			</Point>
		</Placemark>
		<Placemark>
			<name>133</name>
			<LookAt>
				<longitude>-71.0935062266897</longitude>
				<latitude>-28.50108963952262</latitude>
				<altitude>0</altitude>
				<heading>0.0005653885472379061</heading>
				<tilt>27.77864317074799</tilt>
				<range>112.4281789891253</range>
				<gx:altitudeMode>relativeToSeaFloor</gx:altitudeMode>
			</LookAt>
			<styleUrl>#msn_placemark_circle101</styleUrl>
			<Point>
				<gx:drawOrder>1</gx:drawOrder>
				<coordinates>-71.09327924570106,-28.50118289124219,0</coordinates>
			</Point>
		</Placemark>
		<Placemark>
			<name>134</name>
			<LookAt>
				<longitude>-71.09347897457799</longitude>
				<latitude>-28.50101147637805</latitude>
				<altitude>0</altitude>
				<heading>0.0005523840957181297</heading>
				<tilt>27.77864263146833</tilt>
				<range>112.2993653870946</range>
				<gx:altitudeMode>relativeToSeaFloor</gx:altitudeMode>
			</LookAt>
			<styleUrl>#msn_placemark_circle4</styleUrl>
			<Point>
				<gx:drawOrder>1</gx:drawOrder>
				<coordinates>-71.09326415249306,-28.50109926425573,0</coordinates>
			</Point>
		</Placemark>
		<Placemark>
			<name>135</name>
			<LookAt>
				<longitude>-71.09342713715832</longitude>
				<latitude>-28.5008613989301</latitude>
				<altitude>0</altitude>
				<heading>0.0005276479745801883</heading>
				<tilt>27.77864159614754</tilt>
				<range>112.0520647651317</range>
				<gx:altitudeMode>relativeToSeaFloor</gx:altitudeMode>
			</LookAt>
			<styleUrl>#msn_placemark_circle21</styleUrl>
			<Point>
				<gx:drawOrder>1</gx:drawOrder>
				<coordinates>-71.09324130995307,-28.5010144336443,0</coordinates>
			</Point>
		</Placemark>
		<Placemark>
			<name>136</name>
			<LookAt>
				<longitude>-71.09339006636459</longitude>
				<latitude>-28.50081649508082</latitude>
				<altitude>0</altitude>
				<heading>0.0005099584384011141</heading>
				<tilt>27.77864128629313</tilt>
				<range>111.9780725704369</range>
				<gx:altitudeMode>relativeToSeaFloor</gx:altitudeMode>
			</LookAt>
			<styleUrl>#msn_placemark_circle201</styleUrl>
			<Point>
				<gx:drawOrder>1</gx:drawOrder>
				<coordinates>-71.09321750947397,-28.50092942830162,0</coordinates>
			</Point>
		</Placemark>
		<Placemark>
			<name>137</name>
			<LookAt>
				<longitude>-71.09330885220203</longitude>
				<latitude>-28.5007351173772</latitude>
				<altitude>0</altitude>
				<heading>0.000471204887591319</heading>
				<tilt>27.77864072489103</tilt>
				<range>111.8439691965847</range>
				<gx:altitudeMode>relativeToSeaFloor</gx:altitudeMode>
			</LookAt>
			<styleUrl>#msn_placemark_circle201</styleUrl>
			<Point>
				<gx:drawOrder>1</gx:drawOrder>
				<coordinates>-71.09319556938763,-28.5008468700668,0</coordinates>
			</Point>
		</Placemark>
		<Placemark>
			<name>138</name>
			<LookAt>
				<longitude>-71.09328350896986</longitude>
				<latitude>-28.5006446964156</latitude>
				<altitude>0</altitude>
				<heading>0.0004591116381504815</heading>
				<tilt>27.77864034899556</tilt>
				<range>111.75416133002</range>
				<gx:altitudeMode>relativeToSeaFloor</gx:altitudeMode>
			</LookAt>
			<styleUrl>#msn_placemark_circle23</styleUrl>
			<Point>
				<gx:drawOrder>1</gx:drawOrder>
				<coordinates>-71.09317461826129,-28.5007523625975,0</coordinates>
			</Point>
		</Placemark>
		<Placemark>
			<name>139</name>
			<LookAt>
				<longitude>-71.09326391503572</longitude>
				<latitude>-28.50050618107887</latitude>
				<altitude>0</altitude>
				<heading>0.0004497616910163377</heading>
				<tilt>27.77864103406741</tilt>
				<range>111.9178340237289</range>
				<gx:altitudeMode>relativeToSeaFloor</gx:altitudeMode>
			</LookAt>
			<styleUrl>#msn_placemark_circle23</styleUrl>
			<Point>
				<gx:drawOrder>1</gx:drawOrder>
				<coordinates>-71.09315494629932,-28.50067224402728,0</coordinates>
			</Point>
		</Placemark>
		<Placemark>
			<name>14</name>
			<LookAt>
				<longitude>-71.09402069301657</longitude>
				<latitude>-28.50109172098572</latitude>
				<altitude>0</altitude>
				<heading>0.0001695418544259902</heading>
				<tilt>24.62326929652557</tilt>
				<range>71.31152121627974</range>
				<gx:altitudeMode>relativeToSeaFloor</gx:altitudeMode>
			</LookAt>
			<styleUrl>#m_ylw-pushpin000</styleUrl>
			<Point>
				<gx:drawOrder>1</gx:drawOrder>
				<coordinates>-71.09401083427096,-28.50112977876647,0</coordinates>
			</Point>
		</Placemark>
		<Placemark>
			<name>140</name>
			<LookAt>
				<longitude>-71.09326391503572</longitude>
				<latitude>-28.50050618107887</latitude>
				<altitude>0</altitude>
				<heading>0.0004497616910163377</heading>
				<tilt>27.77864103406741</tilt>
				<range>111.9178340237289</range>
				<gx:altitudeMode>relativeToSeaFloor</gx:altitudeMode>
			</LookAt>
			<styleUrl>#msn_placemark_circle23</styleUrl>
			<Point>
				<gx:drawOrder>1</gx:drawOrder>
				<coordinates>-71.09311481847591,-28.50057908169347,0</coordinates>
			</Point>
		</Placemark>
		<Placemark>
			<name>141</name>
			<LookAt>
				<longitude>-71.09326391503572</longitude>
				<latitude>-28.50050618107887</latitude>
				<altitude>0</altitude>
				<heading>0.0004497616910163377</heading>
				<tilt>27.77864103406741</tilt>
				<range>111.9178340237289</range>
				<gx:altitudeMode>relativeToSeaFloor</gx:altitudeMode>
			</LookAt>
			<styleUrl>#msn_placemark_circle23</styleUrl>
			<Point>
				<gx:drawOrder>1</gx:drawOrder>
				<coordinates>-71.09309769414806,-28.50048646711356,0</coordinates>
			</Point>
		</Placemark>
		<Placemark>
			<name>142</name>
			<LookAt>
				<longitude>-71.09289164381744</longitude>
				<latitude>-28.50040120156142</latitude>
				<altitude>0</altitude>
				<heading>-0.00425057972820147</heading>
				<tilt>4.6360940227569</tilt>
				<range>139.1123207824693</range>
				<gx:altitudeMode>relativeToSeaFloor</gx:altitudeMode>
			</LookAt>
			<styleUrl>#msn_placemark_circle230</styleUrl>
			<Point>
				<gx:drawOrder>1</gx:drawOrder>
				<coordinates>-71.09306919999089,-28.500421096892,0</coordinates>
			</Point>
		</Placemark>
		<Placemark>
			<name>143</name>
			<LookAt>
				<longitude>-71.0929585851863</longitude>
				<latitude>-28.50023379373228</latitude>
				<altitude>0</altitude>
				<heading>-0.004218637097972704</heading>
				<tilt>4.636094065654711</tilt>
				<range>139.1715060536406</range>
				<gx:altitudeMode>relativeToSeaFloor</gx:altitudeMode>
			</LookAt>
			<styleUrl>#msn_placemark_circle10</styleUrl>
			<Point>
				<gx:drawOrder>1</gx:drawOrder>
				<coordinates>-71.09305239285459,-28.5003356514597,0</coordinates>
			</Point>
		</Placemark>
		<Placemark>
			<name>144</name>
			<LookAt>
				<longitude>-71.09284939874614</longitude>
				<latitude>-28.50021006843997</latitude>
				<altitude>0</altitude>
				<heading>3.174617129748076e-006</heading>
				<tilt>0</tilt>
				<range>632.3383862454813</range>
				<gx:altitudeMode>relativeToSeaFloor</gx:altitudeMode>
			</LookAt>
			<styleUrl>#msn_placemark_circle10</styleUrl>
			<Point>
				<gx:drawOrder>1</gx:drawOrder>
				<coordinates>-71.09302991437096,-28.50028083258069,0</coordinates>
			</Point>
		</Placemark>
		<Placemark>
			<name>145</name>
			<LookAt>
				<longitude>-71.09299949911315</longitude>
				<latitude>-28.50020127296473</latitude>
				<altitude>0</altitude>
				<heading>-0.0002352111695037478</heading>
				<tilt>26.93639882010978</tilt>
				<range>67.24420347799845</range>
				<gx:altitudeMode>relativeToSeaFloor</gx:altitudeMode>
			</LookAt>
			<styleUrl>#m_ylw-pushpin6</styleUrl>
			<Point>
				<gx:drawOrder>1</gx:drawOrder>
				<coordinates>-71.09300606485461,-28.50023033406476,0</coordinates>
			</Point>
		</Placemark>
		<Placemark>
			<name>146</name>
			<LookAt>
				<longitude>-71.09289262891998</longitude>
				<latitude>-28.5001712762141</latitude>
				<altitude>0</altitude>
				<heading>-0.004250109705054884</heading>
				<tilt>4.636093992132584</tilt>
				<range>139.0700103123525</range>
				<gx:altitudeMode>relativeToSeaFloor</gx:altitudeMode>
			</LookAt>
			<styleUrl>#msn_placemark_circle0</styleUrl>
			<Point>
				<gx:drawOrder>1</gx:drawOrder>
				<coordinates>-71.0929916851543,-28.50014580966937,0</coordinates>
			</Point>
		</Placemark>
		<Placemark>
			<name>147</name>
			<LookAt>
				<longitude>-71.09292344284951</longitude>
				<latitude>-28.50016557265539</latitude>
				<altitude>0</altitude>
				<heading>1.094707571219174e-005</heading>
				<tilt>10.51927667815283</tilt>
				<range>79.66546781210354</range>
				<gx:altitudeMode>relativeToSeaFloor</gx:altitudeMode>
			</LookAt>
			<styleUrl>#msn_placemark_circle26</styleUrl>
			<Point>
				<gx:drawOrder>1</gx:drawOrder>
				<coordinates>-71.09290386672791,-28.5001817158102,0</coordinates>
			</Point>
		</Placemark>
		<Placemark>
			<name>148</name>
			<LookAt>
				<longitude>-71.09292436516891</longitude>
				<latitude>-28.50022366860286</latitude>
				<altitude>0</altitude>
				<heading>1.138729328798033e-005</heading>
				<tilt>10.51927654136713</tilt>
				<range>79.58203990348024</range>
				<gx:altitudeMode>relativeToSeaFloor</gx:altitudeMode>
			</LookAt>
			<styleUrl>#msn_placemark_circle26</styleUrl>
			<Point>
				<gx:drawOrder>1</gx:drawOrder>
				<coordinates>-71.09294471280494,-28.500252219448,0</coordinates>
			</Point>
		</Placemark>
		<Placemark>
			<name>149</name>
			<LookAt>
				<longitude>-71.09314942743495</longitude>
				<latitude>-28.50039743244388</latitude>
				<altitude>0</altitude>
				<heading>0.0003951305278110221</heading>
				<tilt>27.77864020471699</tilt>
				<range>111.719721384974</range>
				<gx:altitudeMode>relativeToSeaFloor</gx:altitudeMode>
			</LookAt>
			<styleUrl>#msn_placemark_circle30</styleUrl>
			<Point>
				<gx:drawOrder>1</gx:drawOrder>
				<coordinates>-71.09295023151442,-28.50034907246762,0</coordinates>
			</Point>
		</Placemark>
		<Placemark>
			<name>15</name>
			<LookAt>
				<longitude>-71.09409466630987</longitude>
				<latitude>-28.50125556320818</latitude>
				<altitude>0</altitude>
				<heading>0.0002048404043126527</heading>
				<tilt>24.62326875700858</tilt>
				<range>71.1673695097042</range>
				<gx:altitudeMode>relativeToSeaFloor</gx:altitudeMode>
			</LookAt>
			<styleUrl>#m_ylw-pushpin000</styleUrl>
			<Point>
				<gx:drawOrder>1</gx:drawOrder>
				<coordinates>-71.09404904761321,-28.50124227228934,0</coordinates>
			</Point>
		</Placemark>
		<Placemark>
			<name>150</name>
			<LookAt>
				<longitude>-71.09316346863706</longitude>
				<latitude>-28.50041626011077</latitude>
				<altitude>0</altitude>
				<heading>0.0004018306490769219</heading>
				<tilt>27.77864026860546</tilt>
				<range>111.7349737936883</range>
				<gx:altitudeMode>relativeToSeaFloor</gx:altitudeMode>
			</LookAt>
			<styleUrl>#msn_placemark_circle30</styleUrl>
			<Point>
				<gx:drawOrder>1</gx:drawOrder>
				<coordinates>-71.0929741068456,-28.5004402719746,0</coordinates>
			</Point>
		</Placemark>
		<Placemark>
			<name>151</name>
			<LookAt>
				<longitude>-71.09315335478672</longitude>
				<latitude>-28.50042690722653</latitude>
				<altitude>0</altitude>
				<heading>0.0003970045327755875</heading>
				<tilt>27.77864005549783</tilt>
				<range>111.6840910391727</range>
				<gx:altitudeMode>relativeToSeaFloor</gx:altitudeMode>
			</LookAt>
			<styleUrl>#msn_placemark_circle3</styleUrl>
			<Point>
				<gx:drawOrder>1</gx:drawOrder>
				<coordinates>-71.09298957694288,-28.50051219079643,0</coordinates>
			</Point>
		</Placemark>
		<Placemark>
			<name>152</name>
			<LookAt>
				<longitude>-71.09298959907267</longitude>
				<latitude>-28.50051168619452</latitude>
				<altitude>0</altitude>
				<heading>4.251452141823186e-005</heading>
				<tilt>10.51927685352288</tilt>
				<range>79.77236002202703</range>
				<gx:altitudeMode>relativeToSeaFloor</gx:altitudeMode>
			</LookAt>
			<styleUrl>#msn_placemark_circle26</styleUrl>
			<Point>
				<gx:drawOrder>1</gx:drawOrder>
				<coordinates>-71.0930031349691,-28.50060275564411,0</coordinates>
			</Point>
		</Placemark>
		<Placemark>
			<name>153</name>
			<LookAt>
				<longitude>-71.0929408597146</longitude>
				<latitude>-28.50067347223652</latitude>
				<altitude>0</altitude>
				<heading>1.925738317721088e-005</heading>
				<tilt>10.51927724691814</tilt>
				<range>80.0122602986357</range>
				<gx:altitudeMode>relativeToSeaFloor</gx:altitudeMode>
			</LookAt>
			<styleUrl>#msn_placemark_circle26</styleUrl>
			<Point>
				<gx:drawOrder>1</gx:drawOrder>
				<coordinates>-71.09304405117159,-28.50070066603325,0</coordinates>
			</Point>
		</Placemark>
		<Placemark>
			<name>154</name>
			<LookAt>
				<longitude>-71.09328753916645</longitude>
				<latitude>-28.500662542818</latitude>
				<altitude>0</altitude>
				<heading>0.0004610347769710262</heading>
				<tilt>27.77864028127888</tilt>
				<range>111.7380277332668</range>
				<gx:altitudeMode>relativeToSeaFloor</gx:altitudeMode>
			</LookAt>
			<styleUrl>#msn_placemark_circle5</styleUrl>
			<Point>
				<gx:drawOrder>1</gx:drawOrder>
				<coordinates>-71.09306210877381,-28.50077736141209,0</coordinates>
			</Point>
		</Placemark>
		<Placemark>
			<name>155</name>
			<LookAt>
				<longitude>-71.09305196267947</longitude>
				<latitude>-28.50083008931921</latitude>
				<altitude>0</altitude>
				<heading>0.0001600457707484922</heading>
				<tilt>22.89121662106501</tilt>
				<range>71.91612521867197</range>
				<gx:altitudeMode>relativeToSeaFloor</gx:altitudeMode>
			</LookAt>
			<styleUrl>#msn_placemark_circle120</styleUrl>
			<Point>
				<gx:drawOrder>1</gx:drawOrder>
				<coordinates>-71.09309323143243,-28.50085795334232,0</coordinates>
			</Point>
		</Placemark>
		<Placemark>
			<name>156</name>
			<LookAt>
				<longitude>-71.09326700287365</longitude>
				<latitude>-28.50085425926448</latitude>
				<altitude>0</altitude>
				<heading>0.0004512352854148766</heading>
				<tilt>27.7786415467944</tilt>
				<range>112.0402872934141</range>
				<gx:altitudeMode>relativeToSeaFloor</gx:altitudeMode>
			</LookAt>
			<styleUrl>#msn_placemark_circle34</styleUrl>
			<Point>
				<gx:drawOrder>1</gx:drawOrder>
				<coordinates>-71.09312097900011,-28.50094825421097,0</coordinates>
			</Point>
		</Placemark>
		<Placemark>
			<name>157</name>
			<LookAt>
				<longitude>-71.09329215862405</longitude>
				<latitude>-28.50092430615275</latitude>
				<altitude>0</altitude>
				<heading>0.0004632391661990083</heading>
				<tilt>27.77864202997224</tilt>
				<range>112.1556990693401</range>
				<gx:altitudeMode>relativeToSeaFloor</gx:altitudeMode>
			</LookAt>
			<styleUrl>#msn_placemark_circle34</styleUrl>
			<Point>
				<gx:drawOrder>1</gx:drawOrder>
				<coordinates>-71.09314386427657,-28.50103637037575,0</coordinates>
			</Point>
		</Placemark>
		<Placemark>
			<name>158</name>
			<LookAt>
				<longitude>-71.09347897457799</longitude>
				<latitude>-28.50101147637805</latitude>
				<altitude>0</altitude>
				<heading>0.0005523840957181297</heading>
				<tilt>27.77864263146833</tilt>
				<range>112.2993653870946</range>
				<gx:altitudeMode>relativeToSeaFloor</gx:altitudeMode>
			</LookAt>
			<styleUrl>#msn_placemark_circle22</styleUrl>
			<Point>
				<gx:drawOrder>1</gx:drawOrder>
				<coordinates>-71.09316631408512,-28.50110462180938,0</coordinates>
			</Point>
		</Placemark>
		<Placemark>
			<name>159</name>
			<LookAt>
				<longitude>-71.09319270303126</longitude>
				<latitude>-28.50124006007501</latitude>
				<altitude>0</altitude>
				<heading>0.0002272043021742296</heading>
				<tilt>22.89121888822606</tilt>
				<range>72.5649425934174</range>
				<gx:altitudeMode>relativeToSeaFloor</gx:altitudeMode>
			</LookAt>
			<styleUrl>#msn_placemark_circle22</styleUrl>
			<Point>
				<gx:drawOrder>1</gx:drawOrder>
				<coordinates>-71.0931946244679,-28.50122656993738,0</coordinates>
			</Point>
		</Placemark>
		<Placemark>
			<name>16</name>
			<LookAt>
				<longitude>-71.09417707415064</longitude>
				<latitude>-28.50122941160672</latitude>
				<altitude>0</altitude>
				<heading>0.0002437057757444759</heading>
				<tilt>24.62345741604138</tilt>
				<range>121.6998702960957</range>
				<gx:altitudeMode>relativeToSeaFloor</gx:altitudeMode>
			</LookAt>
			<styleUrl>#m_ylw-pushpin000</styleUrl>
			<Point>
				<gx:drawOrder>1</gx:drawOrder>
				<coordinates>-71.0940571220585,-28.50132592227848,0</coordinates>
			</Point>
		</Placemark>
		<Placemark>
			<name>160</name>
			<LookAt>
				<longitude>-71.09320085822264</longitude>
				<latitude>-28.50128279340136</latitude>
				<altitude>0</altitude>
				<heading>0.0002310958543416099</heading>
				<tilt>22.89121921953236</tilt>
				<range>72.65977092584636</range>
				<gx:altitudeMode>relativeToSeaFloor</gx:altitudeMode>
			</LookAt>
			<styleUrl>#msn_placemark_circle22</styleUrl>
			<Point>
				<gx:drawOrder>1</gx:drawOrder>
				<coordinates>-71.0932215553533,-28.50130871368328,0</coordinates>
			</Point>
		</Placemark>
		<Placemark>
			<name>161</name>
			<LookAt>
				<longitude>-71.09320958976888</longitude>
				<latitude>-28.50132421581573</latitude>
				<altitude>0</altitude>
				<heading>0.000235262423350482</heading>
				<tilt>22.89121985855903</tilt>
				<range>72.84263556720343</range>
				<gx:altitudeMode>relativeToSeaFloor</gx:altitudeMode>
			</LookAt>
			<styleUrl>#msn_placemark_circle100</styleUrl>
			<Point>
				<gx:drawOrder>1</gx:drawOrder>
				<coordinates>-71.09324027386326,-28.50138591541576,0</coordinates>
			</Point>
		</Placemark>
		<Placemark>
			<name>162</name>
			<LookAt>
				<longitude>-71.09318980361852</longitude>
				<latitude>-28.50141057704625</latitude>
				<altitude>0</altitude>
				<heading>0.0002258207647028575</heading>
				<tilt>22.89122140068344</tilt>
				<range>73.2839925707454</range>
				<gx:altitudeMode>relativeToSeaFloor</gx:altitudeMode>
			</LookAt>
			<styleUrl>#msn_placemark_circle100</styleUrl>
			<Point>
				<gx:drawOrder>1</gx:drawOrder>
				<coordinates>-71.09322907893362,-28.50146245744998,0</coordinates>
			</Point>
		</Placemark>
		<Placemark>
			<name>163</name>
			<LookAt>
				<longitude>-71.09320958976888</longitude>
				<latitude>-28.50132421581573</latitude>
				<altitude>0</altitude>
				<heading>0.000235262423350482</heading>
				<tilt>22.89121985855903</tilt>
				<range>72.84263556720343</range>
				<gx:altitudeMode>relativeToSeaFloor</gx:altitudeMode>
			</LookAt>
			<styleUrl>#msn_placemark_circle150</styleUrl>
			<Point>
				<gx:drawOrder>1</gx:drawOrder>
				<coordinates>-71.09313012090908,-28.50140729029276,0</coordinates>
			</Point>
		</Placemark>
		<Placemark>
			<name>164</name>
			<LookAt>
				<longitude>-71.09320085822264</longitude>
				<latitude>-28.50128279340136</latitude>
				<altitude>0</altitude>
				<heading>0.0002310958543416099</heading>
				<tilt>22.89121921953236</tilt>
				<range>72.65977092584636</range>
				<gx:altitudeMode>relativeToSeaFloor</gx:altitudeMode>
			</LookAt>
			<styleUrl>#msn_placemark_circle150</styleUrl>
			<Point>
				<gx:drawOrder>1</gx:drawOrder>
				<coordinates>-71.09311278142968,-28.50131994625414,0</coordinates>
			</Point>
		</Placemark>
		<Placemark>
			<name>165</name>
			<LookAt>
				<longitude>-71.09319270303126</longitude>
				<latitude>-28.50124006007501</latitude>
				<altitude>0</altitude>
				<heading>0.0002272043021742296</heading>
				<tilt>22.89121888822606</tilt>
				<range>72.5649425934174</range>
				<gx:altitudeMode>relativeToSeaFloor</gx:altitudeMode>
			</LookAt>
			<styleUrl>#msn_placemark_circle14</styleUrl>
			<Point>
				<gx:drawOrder>1</gx:drawOrder>
				<coordinates>-71.0930865072753,-28.50123343154576,0</coordinates>
			</Point>
		</Placemark>
		<Placemark>
			<name>166</name>
			<LookAt>
				<longitude>-71.09330071057423</longitude>
				<latitude>-28.50099071661041</latitude>
				<altitude>0</altitude>
				<heading>0.0004673200701036622</heading>
				<tilt>27.77864248817786</tilt>
				<range>112.2651548532244</range>
				<gx:altitudeMode>relativeToSeaFloor</gx:altitudeMode>
			</LookAt>
			<styleUrl>#msn_placemark_circle9</styleUrl>
			<Point>
				<gx:drawOrder>1</gx:drawOrder>
				<coordinates>-71.09306282202057,-28.50113388075424,0</coordinates>
			</Point>
		</Placemark>
		<Placemark>
			<name>167</name>
			<LookAt>
				<longitude>-71.09329215862405</longitude>
				<latitude>-28.50092430615275</latitude>
				<altitude>0</altitude>
				<heading>0.0004632391661990083</heading>
				<tilt>27.77864202997224</tilt>
				<range>112.1556990693401</range>
				<gx:altitudeMode>relativeToSeaFloor</gx:altitudeMode>
			</LookAt>
			<styleUrl>#msn_placemark_circle9</styleUrl>
			<Point>
				<gx:drawOrder>1</gx:drawOrder>
				<coordinates>-71.0930464395086,-28.50106429838078,0</coordinates>
			</Point>
		</Placemark>
		<Placemark>
			<name>168</name>
			<LookAt>
				<longitude>-71.09326700287365</longitude>
				<latitude>-28.50085425926448</latitude>
				<altitude>0</altitude>
				<heading>0.0004512352854148766</heading>
				<tilt>27.7786415467944</tilt>
				<range>112.0402872934141</range>
				<gx:altitudeMode>relativeToSeaFloor</gx:altitudeMode>
			</LookAt>
			<styleUrl>#msn_placemark_circle31</styleUrl>
			<Point>
				<gx:drawOrder>1</gx:drawOrder>
				<coordinates>-71.09301957360694,-28.50099614469563,0</coordinates>
			</Point>
		</Placemark>
		<Placemark>
			<name>169</name>
			<LookAt>
				<longitude>-71.09322505692418</longitude>
				<latitude>-28.50074574481912</latitude>
				<altitude>0</altitude>
				<heading>0.00043121953138472</heading>
				<tilt>27.77864079822189</tilt>
				<range>111.8614732111246</range>
				<gx:altitudeMode>relativeToSeaFloor</gx:altitudeMode>
			</LookAt>
			<styleUrl>#msn_placemark_circle31</styleUrl>
			<Point>
				<gx:drawOrder>1</gx:drawOrder>
				<coordinates>-71.09298770650531,-28.50090453208084,0</coordinates>
			</Point>
		</Placemark>
		<Placemark>
			<name>17</name>
			<LookAt>
				<longitude>-71.09418260929732</longitude>
				<latitude>-28.50133926254064</latitude>
				<altitude>0</altitude>
				<heading>0.0002689525785172307</heading>
				<tilt>29.91501091216327</tilt>
				<range>81.15622664765529</range>
				<gx:altitudeMode>relativeToSeaFloor</gx:altitudeMode>
			</LookAt>
			<styleUrl>#m_ylw-pushpin000</styleUrl>
			<Point>
				<gx:drawOrder>1</gx:drawOrder>
				<coordinates>-71.09408606036955,-28.50141600412669,0</coordinates>
			</Point>
		</Placemark>
		<Placemark>
			<name>170</name>
			<LookAt>
				<longitude>-71.09315079195071</longitude>
				<latitude>-28.50065743177758</latitude>
				<altitude>0</altitude>
				<heading>0.0003957820557323574</heading>
				<tilt>27.77864018886933</tilt>
				<range>111.7159364511725</range>
				<gx:altitudeMode>relativeToSeaFloor</gx:altitudeMode>
			</LookAt>
			<styleUrl>#msn_placemark_circle31</styleUrl>
			<Point>
				<gx:drawOrder>1</gx:drawOrder>
				<coordinates>-71.09296515946249,-28.50080598400616,0</coordinates>
			</Point>
		</Placemark>
		<Placemark>
			<name>171</name>
			<LookAt>
				<longitude>-71.09300813457122</longitude>
				<latitude>-28.50065830139325</latitude>
				<altitude>0</altitude>
				<heading>0.0001391318020551043</heading>
				<tilt>22.89121567099862</tilt>
				<range>71.64424756470882</range>
				<gx:altitudeMode>relativeToSeaFloor</gx:altitudeMode>
			</LookAt>
			<styleUrl>#msn_placemark_circle160</styleUrl>
			<Point>
				<gx:drawOrder>1</gx:drawOrder>
				<coordinates>-71.09293030065867,-28.50070856904753,0</coordinates>
			</Point>
		</Placemark>
		<Placemark>
			<name>172</name>
			<LookAt>
				<longitude>-71.09300236679761</longitude>
				<latitude>-28.50059934495887</latitude>
				<altitude>0</altitude>
				<heading>0.0001363794870838591</heading>
				<tilt>22.89121534496779</tilt>
				<range>71.55093162304306</range>
				<gx:altitudeMode>relativeToSeaFloor</gx:altitudeMode>
			</LookAt>
			<styleUrl>#msn_placemark_circle70</styleUrl>
			<Point>
				<gx:drawOrder>1</gx:drawOrder>
				<coordinates>-71.09290710679611,-28.50062360896511,0</coordinates>
			</Point>
		</Placemark>
		<Placemark>
			<name>173</name>
			<LookAt>
				<longitude>-71.09315335478672</longitude>
				<latitude>-28.50042690722653</latitude>
				<altitude>0</altitude>
				<heading>0.0003970045327755875</heading>
				<tilt>27.77864005549783</tilt>
				<range>111.6840910391727</range>
				<gx:altitudeMode>relativeToSeaFloor</gx:altitudeMode>
			</LookAt>
			<styleUrl>#msn_placemark_circle131</styleUrl>
			<Point>
				<gx:drawOrder>1</gx:drawOrder>
				<coordinates>-71.09288463551843,-28.50053647596706,0</coordinates>
			</Point>
		</Placemark>
		<Placemark>
			<name>174</name>
			<LookAt>
				<longitude>-71.09314942743495</longitude>
				<latitude>-28.50039743244388</latitude>
				<altitude>0</altitude>
				<heading>0.0003951305278110221</heading>
				<tilt>27.77864020471699</tilt>
				<range>111.719721384974</range>
				<gx:altitudeMode>relativeToSeaFloor</gx:altitudeMode>
			</LookAt>
			<styleUrl>#msn_placemark_circle18</styleUrl>
			<Point>
				<gx:drawOrder>1</gx:drawOrder>
				<coordinates>-71.09286853768958,-28.50045599844783,0</coordinates>
			</Point>
		</Placemark>
		<Placemark>
			<name>175</name>
			<LookAt>
				<longitude>-71.09292602381322</longitude>
				<latitude>-28.50035868310055</latitude>
				<altitude>0</altitude>
				<heading>9.995037002309757e-005</heading>
				<tilt>22.89121401412205</tilt>
				<range>71.17006934324918</range>
				<gx:altitudeMode>relativeToSeaFloor</gx:altitudeMode>
			</LookAt>
			<styleUrl>#msn_placemark_circle110</styleUrl>
			<Point>
				<gx:drawOrder>1</gx:drawOrder>
				<coordinates>-71.09283087027457,-28.50036257766661,0</coordinates>
			</Point>
		</Placemark>
		<Placemark>
			<name>176</name>
			<LookAt>
				<longitude>-71.0929095462416</longitude>
				<latitude>-28.5003414133459</latitude>
				<altitude>0</altitude>
				<heading>9.208781639933373e-005</heading>
				<tilt>22.89121391860929</tilt>
				<range>71.14273185671532</range>
				<gx:altitudeMode>relativeToSeaFloor</gx:altitudeMode>
			</LookAt>
			<styleUrl>#msn_placemark_circle110</styleUrl>
			<Point>
				<gx:drawOrder>1</gx:drawOrder>
				<coordinates>-71.0928103719925,-28.50027315556981,0</coordinates>
			</Point>
		</Placemark>
		<Placemark>
			<name>177</name>
			<LookAt>
				<longitude>-71.0929095462416</longitude>
				<latitude>-28.5003414133459</latitude>
				<altitude>0</altitude>
				<heading>9.208781639933373e-005</heading>
				<tilt>22.89121391860929</tilt>
				<range>71.14273185671532</range>
				<gx:altitudeMode>relativeToSeaFloor</gx:altitudeMode>
			</LookAt>
			<styleUrl>#msn_placemark_circle110</styleUrl>
			<Point>
				<gx:drawOrder>1</gx:drawOrder>
				<coordinates>-71.09278943701727,-28.50020291336456,0</coordinates>
			</Point>
		</Placemark>
		<Placemark>
			<name>178</name>
			<LookAt>
				<longitude>-71.09292602381322</longitude>
				<latitude>-28.50035868310055</latitude>
				<altitude>0</altitude>
				<heading>9.995037002309757e-005</heading>
				<tilt>22.89121401412205</tilt>
				<range>71.17006934324918</range>
				<gx:altitudeMode>relativeToSeaFloor</gx:altitudeMode>
			</LookAt>
			<styleUrl>#msn_placemark_circle180</styleUrl>
			<Point>
				<gx:drawOrder>1</gx:drawOrder>
				<coordinates>-71.09268520041793,-28.50021929975233,0</coordinates>
			</Point>
		</Placemark>
		<Placemark>
			<name>179</name>
			<LookAt>
				<longitude>-71.09292602381322</longitude>
				<latitude>-28.50035868310055</latitude>
				<altitude>0</altitude>
				<heading>9.995037002309757e-005</heading>
				<tilt>22.89121401412205</tilt>
				<range>71.17006934324918</range>
				<gx:altitudeMode>relativeToSeaFloor</gx:altitudeMode>
			</LookAt>
			<styleUrl>#msn_placemark_circle180</styleUrl>
			<Point>
				<gx:drawOrder>1</gx:drawOrder>
				<coordinates>-71.09271015894549,-28.5002972838854,0</coordinates>
			</Point>
		</Placemark>
		<Placemark>
			<name>18</name>
			<LookAt>
				<longitude>-71.09423369712096</longitude>
				<latitude>-28.50131584648969</latitude>
				<altitude>0</altitude>
				<heading>0.0002707254386734777</heading>
				<tilt>24.62345764651211</tilt>
				<range>121.7614466030828</range>
				<gx:altitudeMode>relativeToSeaFloor</gx:altitudeMode>
			</LookAt>
			<styleUrl>#m_ylw-pushpin000</styleUrl>
			<Point>
				<gx:drawOrder>1</gx:drawOrder>
				<coordinates>-71.09412423221529,-28.5015160782322,0</coordinates>
			</Point>
		</Placemark>
		<Placemark>
			<name>180</name>
			<LookAt>
				<longitude>-71.09314942743495</longitude>
				<latitude>-28.50039743244388</latitude>
				<altitude>0</altitude>
				<heading>0.0003951305278110221</heading>
				<tilt>27.77864020471699</tilt>
				<range>111.719721384974</range>
				<gx:altitudeMode>relativeToSeaFloor</gx:altitudeMode>
			</LookAt>
			<styleUrl>#msn_placemark_circle12</styleUrl>
			<Point>
				<gx:drawOrder>1</gx:drawOrder>
				<coordinates>-71.09273011994283,-28.50038704838982,0</coordinates>
			</Point>
		</Placemark>
		<Placemark>
			<name>181</name>
			<LookAt>
				<longitude>-71.09314942743495</longitude>
				<latitude>-28.50039743244388</latitude>
				<altitude>0</altitude>
				<heading>0.0003951305278110221</heading>
				<tilt>27.77864020471699</tilt>
				<range>111.719721384974</range>
				<gx:altitudeMode>relativeToSeaFloor</gx:altitudeMode>
			</LookAt>
			<styleUrl>#msn_placemark_circle19</styleUrl>
			<Point>
				<gx:drawOrder>1</gx:drawOrder>
				<coordinates>-71.09276245885016,-28.50046797730215,0</coordinates>
			</Point>
		</Placemark>
		<Placemark>
			<name>182</name>
			<LookAt>
				<longitude>-71.09315335478672</longitude>
				<latitude>-28.50042690722653</latitude>
				<altitude>0</altitude>
				<heading>0.0003970045327755875</heading>
				<tilt>27.77864005549783</tilt>
				<range>111.6840910391727</range>
				<gx:altitudeMode>relativeToSeaFloor</gx:altitudeMode>
			</LookAt>
			<styleUrl>#msn_placemark_circle33</styleUrl>
			<Point>
				<gx:drawOrder>1</gx:drawOrder>
				<coordinates>-71.09279321833903,-28.50056732668944,0</coordinates>
			</Point>
		</Placemark>
		<Placemark>
			<name>183</name>
			<LookAt>
				<longitude>-71.09300236679761</longitude>
				<latitude>-28.50059934495887</latitude>
				<altitude>0</altitude>
				<heading>0.0001363794870838591</heading>
				<tilt>22.89121534496779</tilt>
				<range>71.55093162304306</range>
				<gx:altitudeMode>relativeToSeaFloor</gx:altitudeMode>
			</LookAt>
			<styleUrl>#msn_placemark_circle250</styleUrl>
			<Point>
				<gx:drawOrder>1</gx:drawOrder>
				<coordinates>-71.09280550296677,-28.50064820239734,0</coordinates>
			</Point>
		</Placemark>
		<Placemark>
			<name>184</name>
			<LookAt>
				<longitude>-71.09314732169963</longitude>
				<latitude>-28.5005743306126</latitude>
				<altitude>0</altitude>
				<heading>0.000394126039013889</heading>
				<tilt>27.77863961548591</tilt>
				<range>111.5789852498395</range>
				<gx:altitudeMode>relativeToSeaFloor</gx:altitudeMode>
			</LookAt>
			<styleUrl>#msn_placemark_circle33</styleUrl>
			<Point>
				<gx:drawOrder>1</gx:drawOrder>
				<coordinates>-71.09283591797066,-28.50073570246687,0</coordinates>
			</Point>
		</Placemark>
		<Placemark>
			<name>185</name>
			<LookAt>
				<longitude>-71.09305196267947</longitude>
				<latitude>-28.50083008931921</latitude>
				<altitude>0</altitude>
				<heading>0.0001600457707484922</heading>
				<tilt>22.89121662106501</tilt>
				<range>71.91612521867197</range>
				<gx:altitudeMode>relativeToSeaFloor</gx:altitudeMode>
			</LookAt>
			<styleUrl>#msn_placemark_circle40</styleUrl>
			<Point>
				<gx:drawOrder>1</gx:drawOrder>
				<coordinates>-71.09287516101205,-28.50084888462637,0</coordinates>
			</Point>
		</Placemark>
		<Placemark>
			<name>186</name>
			<LookAt>
				<longitude>-71.09306223516489</longitude>
				<latitude>-28.50094316744775</latitude>
				<altitude>0</altitude>
				<heading>0.0001649476684118052</heading>
				<tilt>22.89121724621188</tilt>
				<range>72.09505253944354</range>
				<gx:altitudeMode>relativeToSeaFloor</gx:altitudeMode>
			</LookAt>
			<styleUrl>#msn_placemark_circle200</styleUrl>
			<Point>
				<gx:drawOrder>1</gx:drawOrder>
				<coordinates>-71.09289898143325,-28.50093558692488,0</coordinates>
			</Point>
		</Placemark>
		<Placemark>
			<name>187</name>
			<LookAt>
				<longitude>-71.09303131548188</longitude>
				<latitude>-28.50100469501398</latitude>
				<altitude>0</altitude>
				<heading>0.0001501936313389818</heading>
				<tilt>22.89121758664787</tilt>
				<range>72.19245829405524</range>
				<gx:altitudeMode>relativeToSeaFloor</gx:altitudeMode>
			</LookAt>
			<styleUrl>#msn_placemark_circle2300</styleUrl>
			<Point>
				<gx:drawOrder>1</gx:drawOrder>
				<coordinates>-71.09292726804702,-28.50102270640057,0</coordinates>
			</Point>
		</Placemark>
		<Placemark>
			<name>188</name>
			<LookAt>
				<longitude>-71.0930714493698</longitude>
				<latitude>-28.50103045488602</latitude>
				<altitude>0</altitude>
				<heading>0.0001693445887579179</heading>
				<tilt>22.89121772906055</tilt>
				<range>72.23322687182066</range>
				<gx:altitudeMode>relativeToSeaFloor</gx:altitudeMode>
			</LookAt>
			<styleUrl>#msn_placemark_circle80</styleUrl>
			<Point>
				<gx:drawOrder>1</gx:drawOrder>
				<coordinates>-71.09294479314954,-28.50108957765427,0</coordinates>
			</Point>
		</Placemark>
		<Placemark>
			<name>189</name>
			<LookAt>
				<longitude>-71.09296466593627</longitude>
				<latitude>-28.50118298590839</latitude>
				<altitude>0</altitude>
				<heading>9.365060845358644e-005</heading>
				<tilt>23.14450047575047</tilt>
				<range>92.20993246242195</range>
				<gx:altitudeMode>relativeToSeaFloor</gx:altitudeMode>
			</LookAt>
			<styleUrl>#msn_placemark_circle00</styleUrl>
			<Point>
				<gx:drawOrder>1</gx:drawOrder>
				<coordinates>-71.0929602675587,-28.50116402373583,0</coordinates>
			</Point>
		</Placemark>
		<Placemark>
			<name>19</name>
			<LookAt>
				<longitude>-71.0940777088224</longitude>
				<latitude>-28.50149645232288</latitude>
				<altitude>0</altitude>
				<heading>0.0001967001459606003</heading>
				<tilt>0</tilt>
				<range>95.36799404697328</range>
				<gx:altitudeMode>relativeToSeaFloor</gx:altitudeMode>
			</LookAt>
			<styleUrl>#m_ylw-pushpin000</styleUrl>
			<Point>
				<gx:drawOrder>1</gx:drawOrder>
				<coordinates>-71.09414051876081,-28.50160287248986,0</coordinates>
			</Point>
		</Placemark>
		<Placemark>
			<name>190</name>
			<LookAt>
				<longitude>-71.09296466593627</longitude>
				<latitude>-28.50118298590839</latitude>
				<altitude>0</altitude>
				<heading>9.365060845358644e-005</heading>
				<tilt>23.14450047575047</tilt>
				<range>92.20993246242195</range>
				<gx:altitudeMode>relativeToSeaFloor</gx:altitudeMode>
			</LookAt>
			<styleUrl>#msn_placemark_circle1300</styleUrl>
			<Point>
				<gx:drawOrder>1</gx:drawOrder>
				<coordinates>-71.09287347429481,-28.50121903271259,0</coordinates>
			</Point>
		</Placemark>
		<Placemark>
			<name>191</name>
			<LookAt>
				<longitude>-71.0929482122511</longitude>
				<latitude>-28.50113075612705</latitude>
				<altitude>0</altitude>
				<heading>8.579914610622728e-005</heading>
				<tilt>23.14449998305062</tilt>
				<range>92.07039264383873</range>
				<gx:altitudeMode>relativeToSeaFloor</gx:altitudeMode>
			</LookAt>
			<styleUrl>#msn_placemark_circle1300</styleUrl>
			<Point>
				<gx:drawOrder>1</gx:drawOrder>
				<coordinates>-71.09283897681503,-28.50110653973315,0</coordinates>
			</Point>
		</Placemark>
		<Placemark>
			<name>192</name>
			<LookAt>
				<longitude>-71.09293388464042</longitude>
				<latitude>-28.50104252245323</latitude>
				<altitude>0</altitude>
				<heading>7.896232590112008e-005</heading>
				<tilt>23.14449907533708</tilt>
				<range>91.81329899239653</range>
				<gx:altitudeMode>relativeToSeaFloor</gx:altitudeMode>
			</LookAt>
			<styleUrl>#msn_placemark_circle1300</styleUrl>
			<Point>
				<gx:drawOrder>1</gx:drawOrder>
				<coordinates>-71.09282140757509,-28.50104509364178,0</coordinates>
			</Point>
		</Placemark>
		<Placemark>
			<name>193</name>
			<LookAt>
				<longitude>-71.09293028421649</longitude>
				<latitude>-28.50098656324031</latitude>
				<altitude>0</altitude>
				<heading>7.724440979520793e-005</heading>
				<tilt>23.14449852213422</tilt>
				<range>91.65662563133787</range>
				<gx:altitudeMode>relativeToSeaFloor</gx:altitudeMode>
			</LookAt>
			<styleUrl>#msn_placemark_circle1300</styleUrl>
			<Point>
				<gx:drawOrder>1</gx:drawOrder>
				<coordinates>-71.09279511249726,-28.50096142314896,0</coordinates>
			</Point>
		</Placemark>
		<Placemark>
			<name>194</name>
			<LookAt>
				<longitude>-71.09290403251454</longitude>
				<latitude>-28.5009394220308</latitude>
				<altitude>0</altitude>
				<heading>6.4717512906436e-005</heading>
				<tilt>23.14449825813595</tilt>
				<range>91.58185531966905</range>
				<gx:altitudeMode>relativeToSeaFloor</gx:altitudeMode>
			</LookAt>
			<styleUrl>#msn_placemark_circle1300</styleUrl>
			<Point>
				<gx:drawOrder>1</gx:drawOrder>
				<coordinates>-71.09276764665522,-28.50085809267333,0</coordinates>
			</Point>
		</Placemark>
		<Placemark>
			<name>195</name>
			<LookAt>
				<longitude>-71.09280314473286</longitude>
				<latitude>-28.50083221590557</latitude>
				<altitude>0</altitude>
				<heading>1.657644622844734e-005</heading>
				<tilt>23.14449765806365</tilt>
				<range>91.41190598201416</range>
				<gx:altitudeMode>relativeToSeaFloor</gx:altitudeMode>
			</LookAt>
			<styleUrl>#msn_placemark_circle1300</styleUrl>
			<Point>
				<gx:drawOrder>1</gx:drawOrder>
				<coordinates>-71.09274223793611,-28.50076585822432,0</coordinates>
			</Point>
		</Placemark>
		<Placemark>
			<name>196</name>
			<LookAt>
				<longitude>-71.09281184229322</longitude>
				<latitude>-28.50069991153693</latitude>
				<altitude>0</altitude>
				<heading>2.072650566016257e-005</heading>
				<tilt>23.14449691739909</tilt>
				<range>91.20212424128096</range>
				<gx:altitudeMode>relativeToSeaFloor</gx:altitudeMode>
			</LookAt>
			<styleUrl>#msn_placemark_circle1300</styleUrl>
			<Point>
				<gx:drawOrder>1</gx:drawOrder>
				<coordinates>-71.09270934563671,-28.5006708258277,0</coordinates>
			</Point>
		</Placemark>
		<Placemark>
			<name>197</name>
			<LookAt>
				<longitude>-71.09279828286438</longitude>
				<latitude>-28.50067491973929</latitude>
				<altitude>0</altitude>
				<heading>1.425626999987851e-005</heading>
				<tilt>23.14449677743321</tilt>
				<range>91.16249337702114</range>
				<gx:altitudeMode>relativeToSeaFloor</gx:altitudeMode>
			</LookAt>
			<styleUrl>#msn_placemark_circle1300</styleUrl>
			<Point>
				<gx:drawOrder>1</gx:drawOrder>
				<coordinates>-71.09268689513296,-28.5005832971995,0</coordinates>
			</Point>
		</Placemark>
		<Placemark>
			<name>198</name>
			<LookAt>
				<longitude>-71.09292477922215</longitude>
				<latitude>-28.50053965783963</latitude>
				<altitude>0</altitude>
				<heading>0.0002879350866104994</heading>
				<tilt>27.77863937635067</tilt>
				<range>111.5218572653073</range>
				<gx:altitudeMode>relativeToSeaFloor</gx:altitudeMode>
			</LookAt>
			<styleUrl>#msn_placemark_circle35</styleUrl>
			<Point>
				<gx:drawOrder>1</gx:drawOrder>
				<coordinates>-71.09266331276361,-28.50050381874418,0</coordinates>
			</Point>
		</Placemark>
		<Placemark>
			<name>199</name>
			<LookAt>
				<longitude>-71.09272892421014</longitude>
				<latitude>-28.50045601234182</latitude>
				<altitude>0</altitude>
				<heading>-1.883950741096277e-005</heading>
				<tilt>23.14449555198101</tilt>
				<range>90.81540869981703</range>
				<gx:altitudeMode>relativeToSeaFloor</gx:altitudeMode>
			</LookAt>
			<styleUrl>#msn_placemark_circle1300</styleUrl>
			<Point>
				<gx:drawOrder>1</gx:drawOrder>
				<coordinates>-71.09264029201215,-28.5004242506471,0</coordinates>
			</Point>
		</Placemark>
		<Placemark>
			<name>2</name>
			<LookAt>
				<longitude>-71.09361733384333</longitude>
				<latitude>-28.50003879849217</latitude>
				<altitude>0</altitude>
				<heading>-2.297727052725875e-005</heading>
				<tilt>0</tilt>
				<range>95.7800042629668</range>
				<gx:altitudeMode>relativeToSeaFloor</gx:altitudeMode>
			</LookAt>
			<styleUrl>#m_ylw-pushpin000</styleUrl>
			<Point>
				<gx:drawOrder>1</gx:drawOrder>
				<coordinates>-71.09370862417232,-28.50008711229544,0</coordinates>
			</Point>
		</Placemark>
		<Placemark>
			<name>20</name>
			<LookAt>
				<longitude>-71.09402743271157</longitude>
				<latitude>-28.50154001360962</latitude>
				<altitude>0</altitude>
				<heading>-9.067173952700352e-005</heading>
				<tilt>28.87586242042547</tilt>
				<range>79.83476481359826</range>
				<gx:altitudeMode>relativeToSeaFloor</gx:altitudeMode>
			</LookAt>
			<styleUrl>#m_ylw-pushpin000</styleUrl>
			<Point>
				<gx:drawOrder>1</gx:drawOrder>
				<coordinates>-71.09405316891677,-28.50162622740087,0</coordinates>
			</Point>
		</Placemark>
		<Placemark>
			<name>200</name>
			<LookAt>
				<longitude>-71.09249593202642</longitude>
				<latitude>-28.50021816681556</latitude>
				<altitude>0</altitude>
				<heading>-0.0001266108748686608</heading>
				<tilt>26.30618145629151</tilt>
				<range>52.81566414324851</range>
				<gx:altitudeMode>relativeToSeaFloor</gx:altitudeMode>
			</LookAt>
			<styleUrl>#msn_placemark_circle1300</styleUrl>
			<Point>
				<gx:drawOrder>1</gx:drawOrder>
				<coordinates>-71.0926088656024,-28.50031684826896,0</coordinates>
			</Point>
		</Placemark>
		<Placemark>
			<name>201</name>
			<LookAt>
				<longitude>-71.09249593202642</longitude>
				<latitude>-28.50021816681556</latitude>
				<altitude>0</altitude>
				<heading>-0.0001266108748686608</heading>
				<tilt>26.30618145629151</tilt>
				<range>52.81566414324851</range>
				<gx:altitudeMode>relativeToSeaFloor</gx:altitudeMode>
			</LookAt>
			<styleUrl>#msn_placemark_circle1300</styleUrl>
			<Point>
				<gx:drawOrder>1</gx:drawOrder>
				<coordinates>-71.09258257476336,-28.50023493914491,0</coordinates>
			</Point>
		</Placemark>
		<Placemark>
			<name>202</name>
			<LookAt>
				<longitude>-71.0922688259097</longitude>
				<latitude>-28.50016488966515</latitude>
				<altitude>0</altitude>
				<heading>-0.00042476488849695</heading>
				<tilt>16.76780735992971</tilt>
				<range>109.124515430006</range>
				<gx:altitudeMode>relativeToSeaFloor</gx:altitudeMode>
			</LookAt>
			<styleUrl>#msn_placemark_circle130</styleUrl>
			<Point>
				<gx:drawOrder>1</gx:drawOrder>
				<coordinates>-71.09252952271156,-28.50014405265025,0</coordinates>
			</Point>
		</Placemark>
		<Placemark>
			<name>203</name>
			<LookAt>
				<longitude>-71.0922688259097</longitude>
				<latitude>-28.50016488966515</latitude>
				<altitude>0</altitude>
				<heading>-0.00042476488849695</heading>
				<tilt>16.76780735992971</tilt>
				<range>109.124515430006</range>
				<gx:altitudeMode>relativeToSeaFloor</gx:altitudeMode>
			</LookAt>
			<styleUrl>#msn_placemark_circle130</styleUrl>
			<Point>
				<gx:drawOrder>1</gx:drawOrder>
				<coordinates>-71.09242758737521,-28.50015464590066,0</coordinates>
			</Point>
		</Placemark>
		<Placemark>
			<name>204</name>
			<LookAt>
				<longitude>-71.09268506974972</longitude>
				<latitude>-28.50030256162744</latitude>
				<altitude>0</altitude>
				<heading>5.762901992736555e-005</heading>
				<tilt>8.065323589622924</tilt>
				<range>87.88097567665461</range>
				<gx:altitudeMode>relativeToSeaFloor</gx:altitudeMode>
			</LookAt>
			<styleUrl>#msn_placemark_circle000</styleUrl>
			<Point>
				<gx:drawOrder>1</gx:drawOrder>
				<coordinates>-71.09249536543267,-28.50024516251894,0</coordinates>
			</Point>
		</Placemark>
		<Placemark>
			<name>205</name>
			<LookAt>
				<longitude>-71.09268506974972</longitude>
				<latitude>-28.50030256162744</latitude>
				<altitude>0</altitude>
				<heading>5.762901992736555e-005</heading>
				<tilt>8.065323589622924</tilt>
				<range>87.88097567665461</range>
				<gx:altitudeMode>relativeToSeaFloor</gx:altitudeMode>
			</LookAt>
			<styleUrl>#msn_placemark_circle000</styleUrl>
			<Point>
				<gx:drawOrder>1</gx:drawOrder>
				<coordinates>-71.09252004667889,-28.50033147643504,0</coordinates>
			</Point>
		</Placemark>
		<Placemark>
			<name>206</name>
			<LookAt>
				<longitude>-71.09254452561854</longitude>
				<latitude>-28.50036935973893</latitude>
				<altitude>0</altitude>
				<heading>-9.43340218203936e-006</heading>
				<tilt>8.065323713548965</tilt>
				<range>87.97934396201957</range>
				<gx:altitudeMode>relativeToSeaFloor</gx:altitudeMode>
			</LookAt>
			<styleUrl>#msn_placemark_circle25</styleUrl>
			<Point>
				<gx:drawOrder>1</gx:drawOrder>
				<coordinates>-71.09255048702588,-28.50042014260372,0</coordinates>
			</Point>
		</Placemark>
		<Placemark>
			<name>207</name>
			<LookAt>
				<longitude>-71.09255918913955</longitude>
				<latitude>-28.50053589881413</latitude>
				<altitude>0</altitude>
				<heading>-0.00028621421331388</heading>
				<tilt>16.76780882414079</tilt>
				<range>109.6894631236276</range>
				<gx:altitudeMode>relativeToSeaFloor</gx:altitudeMode>
			</LookAt>
			<styleUrl>#msn_placemark_circle2</styleUrl>
			<Point>
				<gx:drawOrder>1</gx:drawOrder>
				<coordinates>-71.09256763413639,-28.50052244573802,0</coordinates>
			</Point>
		</Placemark>
		<Placemark>
			<name>208</name>
			<LookAt>
				<longitude>-71.09255918913955</longitude>
				<latitude>-28.50053589881413</latitude>
				<altitude>0</altitude>
				<heading>-0.00028621421331388</heading>
				<tilt>16.76780882414079</tilt>
				<range>109.6894631236276</range>
				<gx:altitudeMode>relativeToSeaFloor</gx:altitudeMode>
			</LookAt>
			<styleUrl>#msn_placemark_circle2</styleUrl>
			<Point>
				<gx:drawOrder>1</gx:drawOrder>
				<coordinates>-71.09257926980149,-28.50059445320312,0</coordinates>
			</Point>
		</Placemark>
		<Placemark>
			<name>209</name>
			<LookAt>
				<longitude>-71.09255087903146</longitude>
				<latitude>-28.50062679979563</latitude>
				<altitude>0</altitude>
				<heading>-0.000289911982596914</heading>
				<tilt>16.76789691698083</tilt>
				<range>143.5657911281323</range>
				<gx:altitudeMode>relativeToSeaFloor</gx:altitudeMode>
			</LookAt>
			<styleUrl>#msn_placemark_circle2</styleUrl>
			<Point>
				<gx:drawOrder>1</gx:drawOrder>
				<coordinates>-71.09261239649909,-28.50072026966325,0</coordinates>
			</Point>
		</Placemark>
		<Placemark>
			<name>21</name>
			<LookAt>
				<longitude>-71.093730539588</longitude>
				<latitude>-28.50140005398478</latitude>
				<altitude>0</altitude>
				<heading>0.0004619970718173181</heading>
				<tilt>21.96896709445352</tilt>
				<range>118.3047615316656</range>
				<gx:altitudeMode>relativeToSeaFloor</gx:altitudeMode>
			</LookAt>
			<styleUrl>#m_ylw-pushpin010</styleUrl>
			<Point>
				<gx:drawOrder>1</gx:drawOrder>
				<coordinates>-71.09402084066215,-28.50153653071475,0</coordinates>
			</Point>
		</Placemark>
		<Placemark>
			<name>210</name>
			<LookAt>
				<longitude>-71.09284304688224</longitude>
				<latitude>-28.50093270449387</latitude>
				<altitude>0</altitude>
				<heading>3.561688890266227e-005</heading>
				<tilt>23.14449835411795</tilt>
				<range>91.60904078383021</range>
				<gx:altitudeMode>relativeToSeaFloor</gx:altitudeMode>
			</LookAt>
			<styleUrl>#msn_placemark_circle1300</styleUrl>
			<Point>
				<gx:drawOrder>1</gx:drawOrder>
				<coordinates>-71.09266604537285,-28.50088465877738,0</coordinates>
			</Point>
		</Placemark>
		<Placemark>
			<name>211</name>
			<LookAt>
				<longitude>-71.09293028421649</longitude>
				<latitude>-28.50098656324031</latitude>
				<altitude>0</altitude>
				<heading>7.724440979520793e-005</heading>
				<tilt>23.14449852213422</tilt>
				<range>91.65662563133787</range>
				<gx:altitudeMode>relativeToSeaFloor</gx:altitudeMode>
			</LookAt>
			<styleUrl>#msn_placemark_circle1300</styleUrl>
			<Point>
				<gx:drawOrder>1</gx:drawOrder>
				<coordinates>-71.09270155176172,-28.50098489245104,0</coordinates>
			</Point>
		</Placemark>
		<Placemark>
			<name>212</name>
			<LookAt>
				<longitude>-71.09293388464042</longitude>
				<latitude>-28.50104252245323</latitude>
				<altitude>0</altitude>
				<heading>7.896232590112008e-005</heading>
				<tilt>23.14449907533708</tilt>
				<range>91.81329899239653</range>
				<gx:altitudeMode>relativeToSeaFloor</gx:altitudeMode>
			</LookAt>
			<styleUrl>#msn_placemark_circle1300</styleUrl>
			<Point>
				<gx:drawOrder>1</gx:drawOrder>
				<coordinates>-71.09272283322471,-28.50104728803112,0</coordinates>
			</Point>
		</Placemark>
		<Placemark>
			<name>213</name>
			<LookAt>
				<longitude>-71.09261058870165</longitude>
				<latitude>-28.50082623776014</latitude>
				<altitude>0</altitude>
				<heading>0.0001380143718900655</heading>
				<tilt>27.77864238741398</tilt>
				<range>112.2410619631616</range>
				<gx:altitudeMode>relativeToSeaFloor</gx:altitudeMode>
			</LookAt>
			<styleUrl>#msn_placemark_circle16</styleUrl>
			<Point>
				<gx:drawOrder>1</gx:drawOrder>
				<coordinates>-71.09260460344973,-28.50100267359065,0</coordinates>
			</Point>
		</Placemark>
		<Placemark>
			<name>214</name>
			<LookAt>
				<longitude>-71.09261058870165</longitude>
				<latitude>-28.50082623776014</latitude>
				<altitude>0</altitude>
				<heading>0.0001380143718900655</heading>
				<tilt>27.77864238741398</tilt>
				<range>112.2410619631616</range>
				<gx:altitudeMode>relativeToSeaFloor</gx:altitudeMode>
			</LookAt>
			<styleUrl>#msn_placemark_circle16</styleUrl>
			<Point>
				<gx:drawOrder>1</gx:drawOrder>
				<coordinates>-71.09258160514015,-28.50091011886233,0</coordinates>
			</Point>
		</Placemark>
		<Placemark>
			<name>215</name>
			<LookAt>
				<longitude>-71.09262073794643</longitude>
				<latitude>-28.50074807599544</latitude>
				<altitude>0</altitude>
				<heading>0.0001428573139648536</heading>
				<tilt>27.77864123895211</tilt>
				<range>111.9667399566167</range>
				<gx:altitudeMode>relativeToSeaFloor</gx:altitudeMode>
			</LookAt>
			<styleUrl>#msn_placemark_circle16</styleUrl>
			<Point>
				<gx:drawOrder>1</gx:drawOrder>
				<coordinates>-71.09254776542902,-28.50080331282864,0</coordinates>
			</Point>
		</Placemark>
		<Placemark>
			<name>216</name>
			<LookAt>
				<longitude>-71.09260840430473</longitude>
				<latitude>-28.50069385283506</latitude>
				<altitude>0</altitude>
				<heading>0.0001369717823012923</heading>
				<tilt>27.77864057577068</tilt>
				<range>111.8083501138573</range>
				<gx:altitudeMode>relativeToSeaFloor</gx:altitudeMode>
			</LookAt>
			<styleUrl>#msn_placemark_circle16</styleUrl>
			<Point>
				<gx:drawOrder>1</gx:drawOrder>
				<coordinates>-71.09252634991447,-28.50071779184355,0</coordinates>
			</Point>
		</Placemark>
		<Placemark>
			<name>217</name>
			<LookAt>
				<longitude>-71.09258380738508</longitude>
				<latitude>-28.50058610610108</latitude>
				<altitude>0</altitude>
				<heading>0.0001252348069888058</heading>
				<tilt>27.77863969673633</tilt>
				<range>111.5983845228152</range>
				<gx:altitudeMode>relativeToSeaFloor</gx:altitudeMode>
			</LookAt>
			<styleUrl>#msn_placemark_circle16</styleUrl>
			<Point>
				<gx:drawOrder>1</gx:drawOrder>
				<coordinates>-71.09249110279218,-28.50060107137631,0</coordinates>
			</Point>
		</Placemark>
		<Placemark>
			<name>218</name>
			<LookAt>
				<longitude>-71.09259651624427</longitude>
				<latitude>-28.50047607564148</latitude>
				<altitude>0</altitude>
				<heading>0.0001312988413044192</heading>
				<tilt>27.77863893777907</tilt>
				<range>111.4170978655837</range>
				<gx:altitudeMode>relativeToSeaFloor</gx:altitudeMode>
			</LookAt>
			<styleUrl>#msn_placemark_circle16</styleUrl>
			<Point>
				<gx:drawOrder>1</gx:drawOrder>
				<coordinates>-71.09246806872531,-28.50051187307579,0</coordinates>
			</Point>
		</Placemark>
		<Placemark>
			<name>219</name>
			<LookAt>
				<longitude>-71.09253093706693</longitude>
				<latitude>-28.50037800325401</latitude>
				<altitude>0</altitude>
				<heading>-1.591745630760202e-005</heading>
				<tilt>8.065323729577594</tilt>
				<range>87.99206921359439</range>
				<gx:altitudeMode>relativeToSeaFloor</gx:altitudeMode>
			</LookAt>
			<styleUrl>#msn_placemark_circle15</styleUrl>
			<Point>
				<gx:drawOrder>1</gx:drawOrder>
				<coordinates>-71.0924515006693,-28.50042153093469,0</coordinates>
			</Point>
		</Placemark>
		<Placemark>
			<name>22</name>
			<LookAt>
				<longitude>-71.09387215528059</longitude>
				<latitude>-28.50138659289749</latitude>
				<altitude>0</altitude>
				<heading>0.0005295698942909628</heading>
				<tilt>21.96896702332383</tilt>
				<range>118.2835861607376</range>
				<gx:altitudeMode>relativeToSeaFloor</gx:altitudeMode>
			</LookAt>
			<styleUrl>#m_ylw-pushpin010</styleUrl>
			<Point>
				<gx:drawOrder>1</gx:drawOrder>
				<coordinates>-71.09399205329798,-28.50145094893705,0</coordinates>
			</Point>
		</Placemark>
		<Placemark>
			<name>220</name>
			<LookAt>
				<longitude>-71.09268506974972</longitude>
				<latitude>-28.50030256162744</latitude>
				<altitude>0</altitude>
				<heading>5.762901992736555e-005</heading>
				<tilt>8.065323589622924</tilt>
				<range>87.88097567665461</range>
				<gx:altitudeMode>relativeToSeaFloor</gx:altitudeMode>
			</LookAt>
			<styleUrl>#msn_placemark_circle300</styleUrl>
			<Point>
				<gx:drawOrder>1</gx:drawOrder>
				<coordinates>-71.09241880337719,-28.50035006631563,0</coordinates>
			</Point>
		</Placemark>
		<Placemark>
			<name>221</name>
			<LookAt>
				<longitude>-71.09265371014486</longitude>
				<latitude>-28.50025668508773</latitude>
				<altitude>0</altitude>
				<heading>4.266508029889641e-005</heading>
				<tilt>8.065323504425686</tilt>
				<range>87.81340327420838</range>
				<gx:altitudeMode>relativeToSeaFloor</gx:altitudeMode>
			</LookAt>
			<styleUrl>#msn_placemark_circle300</styleUrl>
			<Point>
				<gx:drawOrder>1</gx:drawOrder>
				<coordinates>-71.09239801442598,-28.50026688937981,0</coordinates>
			</Point>
		</Placemark>
		<Placemark>
			<name>222</name>
			<LookAt>
				<longitude>-71.0922688259097</longitude>
				<latitude>-28.50016488966515</latitude>
				<altitude>0</altitude>
				<heading>-0.00042476488849695</heading>
				<tilt>16.76780735992971</tilt>
				<range>109.124515430006</range>
				<gx:altitudeMode>relativeToSeaFloor</gx:altitudeMode>
			</LookAt>
			<styleUrl>#msn_placemark_circle130</styleUrl>
			<Point>
				<gx:drawOrder>1</gx:drawOrder>
				<coordinates>-71.09232583002574,-28.50017425967005,0</coordinates>
			</Point>
		</Placemark>
		<Placemark>
			<name>223</name>
			<LookAt>
				<longitude>-71.0922688259097</longitude>
				<latitude>-28.50016488966515</latitude>
				<altitude>0</altitude>
				<heading>-0.00042476488849695</heading>
				<tilt>16.76780735992971</tilt>
				<range>109.124515430006</range>
				<gx:altitudeMode>relativeToSeaFloor</gx:altitudeMode>
			</LookAt>
			<styleUrl>#msn_placemark_circle1</styleUrl>
			<Point>
				<gx:drawOrder>1</gx:drawOrder>
				<coordinates>-71.09224467332341,-28.50020257946487,0</coordinates>
			</Point>
		</Placemark>
		<Placemark>
			<name>224</name>
			<LookAt>
				<longitude>-71.09265296344384</longitude>
				<latitude>-28.50042211551633</latitude>
				<altitude>0</altitude>
				<heading>0.0001582336452452711</heading>
				<tilt>27.77863856554658</tilt>
				<range>111.3281876041904</range>
				<gx:altitudeMode>relativeToSeaFloor</gx:altitudeMode>
			</LookAt>
			<styleUrl>#msn_placemark_circle16</styleUrl>
			<Point>
				<gx:drawOrder>1</gx:drawOrder>
				<coordinates>-71.09226939057791,-28.50029191179126,0</coordinates>
			</Point>
		</Placemark>
		<Placemark>
			<name>225</name>
			<LookAt>
				<longitude>-71.09271904334626</longitude>
				<latitude>-28.50040958002633</latitude>
				<altitude>0</altitude>
				<heading>0.0001897645909743107</heading>
				<tilt>27.77863847901005</tilt>
				<range>111.3075240141358</range>
				<gx:altitudeMode>relativeToSeaFloor</gx:altitudeMode>
			</LookAt>
			<styleUrl>#msn_placemark_circle16</styleUrl>
			<Point>
				<gx:drawOrder>1</gx:drawOrder>
				<coordinates>-71.09229220167985,-28.50037122685109,0</coordinates>
			</Point>
		</Placemark>
		<Placemark>
			<name>226</name>
			<LookAt>
				<longitude>-71.0926374813062</longitude>
				<latitude>-28.5003967941145</latitude>
				<altitude>0</altitude>
				<heading>0.000150845812751381</heading>
				<tilt>27.77863839087116</tilt>
				<range>111.2864591797601</range>
				<gx:altitudeMode>relativeToSeaFloor</gx:altitudeMode>
			</LookAt>
			<styleUrl>#msn_placemark_circle16</styleUrl>
			<Point>
				<gx:drawOrder>1</gx:drawOrder>
				<coordinates>-71.09231966140865,-28.50043746911819,0</coordinates>
			</Point>
		</Placemark>
		<Placemark>
			<name>227</name>
			<LookAt>
				<longitude>-71.09259651624427</longitude>
				<latitude>-28.50047607564148</latitude>
				<altitude>0</altitude>
				<heading>0.0001312988413044192</heading>
				<tilt>27.77863893777907</tilt>
				<range>111.4170978655837</range>
				<gx:altitudeMode>relativeToSeaFloor</gx:altitudeMode>
			</LookAt>
			<styleUrl>#msn_placemark_circle16</styleUrl>
			<Point>
				<gx:drawOrder>1</gx:drawOrder>
				<coordinates>-71.09234089841503,-28.50052377067114,0</coordinates>
			</Point>
		</Placemark>
		<Placemark>
			<name>228</name>
			<LookAt>
				<longitude>-71.09258380738508</longitude>
				<latitude>-28.50058610610108</latitude>
				<altitude>0</altitude>
				<heading>0.0001252348069888058</heading>
				<tilt>27.77863969673633</tilt>
				<range>111.5983845228152</range>
				<gx:altitudeMode>relativeToSeaFloor</gx:altitudeMode>
			</LookAt>
			<styleUrl>#msn_placemark_circle16</styleUrl>
			<Point>
				<gx:drawOrder>1</gx:drawOrder>
				<coordinates>-71.09237004493971,-28.50060968026823,0</coordinates>
			</Point>
		</Placemark>
		<Placemark>
			<name>229</name>
			<LookAt>
				<longitude>-71.09260840430473</longitude>
				<latitude>-28.50069385283506</latitude>
				<altitude>0</altitude>
				<heading>0.0001369717823012923</heading>
				<tilt>27.77864057577068</tilt>
				<range>111.8083501138573</range>
				<gx:altitudeMode>relativeToSeaFloor</gx:altitudeMode>
			</LookAt>
			<styleUrl>#msn_placemark_circle16</styleUrl>
			<Point>
				<gx:drawOrder>1</gx:drawOrder>
				<coordinates>-71.09241359651091,-28.50072535520079,0</coordinates>
			</Point>
		</Placemark>
		<Placemark>
			<name>23</name>
			<LookAt>
				<longitude>-71.09387215528059</longitude>
				<latitude>-28.50138659289749</latitude>
				<altitude>0</altitude>
				<heading>0.0005295698942909628</heading>
				<tilt>21.96896702332383</tilt>
				<range>118.2835861607376</range>
				<gx:altitudeMode>relativeToSeaFloor</gx:altitudeMode>
			</LookAt>
			<styleUrl>#m_ylw-pushpin010</styleUrl>
			<Point>
				<gx:drawOrder>1</gx:drawOrder>
				<coordinates>-71.0939606277139,-28.50136085306415,0</coordinates>
			</Point>
		</Placemark>
		<Placemark>
			<name>230</name>
			<LookAt>
				<longitude>-71.09262073794643</longitude>
				<latitude>-28.50074807599544</latitude>
				<altitude>0</altitude>
				<heading>0.0001428573139648536</heading>
				<tilt>27.77864123895211</tilt>
				<range>111.9667399566167</range>
				<gx:altitudeMode>relativeToSeaFloor</gx:altitudeMode>
			</LookAt>
			<styleUrl>#msn_placemark_circle16</styleUrl>
			<Point>
				<gx:drawOrder>1</gx:drawOrder>
				<coordinates>-71.09244784576043,-28.50080881297457,0</coordinates>
			</Point>
		</Placemark>
		<Placemark>
			<name>231</name>
			<LookAt>
				<longitude>-71.09261058870165</longitude>
				<latitude>-28.50082623776014</latitude>
				<altitude>0</altitude>
				<heading>0.0001380143718900655</heading>
				<tilt>27.77864238741398</tilt>
				<range>112.2410619631616</range>
				<gx:altitudeMode>relativeToSeaFloor</gx:altitudeMode>
			</LookAt>
			<styleUrl>#msn_placemark_circle16</styleUrl>
			<Point>
				<gx:drawOrder>1</gx:drawOrder>
				<coordinates>-71.09247336892423,-28.50092838404613,0</coordinates>
			</Point>
		</Placemark>
		<Placemark>
			<name>232</name>
			<LookAt>
				<longitude>-71.09228858523436</longitude>
				<latitude>-28.50037789874347</latitude>
				<altitude>0</altitude>
				<heading>-0.0004150698940108406</heading>
				<tilt>16.7678960805953</tilt>
				<range>143.2430236548803</range>
				<gx:altitudeMode>relativeToSeaFloor</gx:altitudeMode>
			</LookAt>
			<styleUrl>#msn_placemark_circle2</styleUrl>
			<Point>
				<gx:drawOrder>1</gx:drawOrder>
				<coordinates>-71.09223101484668,-28.5005456765601,0</coordinates>
			</Point>
		</Placemark>
		<Placemark>
			<name>233</name>
			<LookAt>
				<longitude>-71.09228858523436</longitude>
				<latitude>-28.50037789874347</latitude>
				<altitude>0</altitude>
				<heading>-0.0004150698940108406</heading>
				<tilt>16.7678960805953</tilt>
				<range>143.2430236548803</range>
				<gx:altitudeMode>relativeToSeaFloor</gx:altitudeMode>
			</LookAt>
			<styleUrl>#msn_placemark_circle2</styleUrl>
			<Point>
				<gx:drawOrder>1</gx:drawOrder>
				<coordinates>-71.09220916805471,-28.50047382629945,0</coordinates>
			</Point>
		</Placemark>
		<Placemark>
			<name>234</name>
			<LookAt>
				<longitude>-71.09220236450074</longitude>
				<latitude>-28.50028847817988</latitude>
				<altitude>0</altitude>
				<heading>-0.0004562114587562743</heading>
				<tilt>16.76789570253283</tilt>
				<range>143.0970897843984</range>
				<gx:altitudeMode>relativeToSeaFloor</gx:altitudeMode>
			</LookAt>
			<styleUrl>#msn_placemark_circle2</styleUrl>
			<Point>
				<gx:drawOrder>1</gx:drawOrder>
				<coordinates>-71.09218714329316,-28.50039295543809,0</coordinates>
			</Point>
		</Placemark>
		<Placemark>
			<name>235</name>
			<LookAt>
				<longitude>-71.09231006861542</longitude>
				<latitude>-28.500329559442</latitude>
				<altitude>0</altitude>
				<heading>-1.149093301878239e-005</heading>
				<tilt>25.11065374938134</tilt>
				<range>99.09484256270494</range>
				<gx:altitudeMode>relativeToSeaFloor</gx:altitudeMode>
			</LookAt>
			<styleUrl>#msn_placemark_circle16</styleUrl>
			<Point>
				<gx:drawOrder>1</gx:drawOrder>
				<coordinates>-71.09216127656488,-28.50031379368025,0</coordinates>
			</Point>
		</Placemark>
		<Placemark>
			<name>236</name>
			<LookAt>
				<longitude>-71.09219407578016</longitude>
				<latitude>-28.50008589803225</latitude>
				<altitude>0</altitude>
				<heading>-0.0004604329082537688</heading>
				<tilt>16.76780704818072</tilt>
				<range>109.0042348059579</range>
				<gx:altitudeMode>relativeToSeaFloor</gx:altitudeMode>
			</LookAt>
			<styleUrl>#msn_placemark_circle2</styleUrl>
			<Point>
				<gx:drawOrder>1</gx:drawOrder>
				<coordinates>-71.09213252654378,-28.5002133297462,0</coordinates>
			</Point>
		</Placemark>
		<Placemark>
			<name>237</name>
			<LookAt>
				<longitude>-71.09240077271011</longitude>
				<latitude>-28.50042190378126</latitude>
				<altitude>0</altitude>
				<heading>3.178973729986357e-005</heading>
				<tilt>25.11065431615733</tilt>
				<range>99.24353634646548</range>
				<gx:altitudeMode>relativeToSeaFloor</gx:altitudeMode>
			</LookAt>
			<styleUrl>#msn_placemark_circle27</styleUrl>
			<Point>
				<gx:drawOrder>1</gx:drawOrder>
				<coordinates>-71.09207747075341,-28.50033489450224,0</coordinates>
			</Point>
		</Placemark>
		<Placemark>
			<name>238</name>
			<LookAt>
				<longitude>-71.09240077271011</longitude>
				<latitude>-28.50042190378126</latitude>
				<altitude>0</altitude>
				<heading>3.178973729986357e-005</heading>
				<tilt>25.11065431615733</tilt>
				<range>99.24353634646548</range>
				<gx:altitudeMode>relativeToSeaFloor</gx:altitudeMode>
			</LookAt>
			<styleUrl>#msn_placemark_circle27</styleUrl>
			<Point>
				<gx:drawOrder>1</gx:drawOrder>
				<coordinates>-71.09209260825719,-28.50039901411367,0</coordinates>
			</Point>
		</Placemark>
		<Placemark>
			<name>239</name>
			<LookAt>
				<longitude>-71.09240077271011</longitude>
				<latitude>-28.50042190378126</latitude>
				<altitude>0</altitude>
				<heading>3.178973729986357e-005</heading>
				<tilt>25.11065431615733</tilt>
				<range>99.24353634646548</range>
				<gx:altitudeMode>relativeToSeaFloor</gx:altitudeMode>
			</LookAt>
			<styleUrl>#msn_placemark_circle27</styleUrl>
			<Point>
				<gx:drawOrder>1</gx:drawOrder>
				<coordinates>-71.09211430746778,-28.50046849147914,0</coordinates>
			</Point>
		</Placemark>
		<Placemark>
			<name>24</name>
			<LookAt>
				<longitude>-71.09378122881074</longitude>
				<latitude>-28.50118324220901</latitude>
				<altitude>0</altitude>
				<heading>0.0004861830051582351</heading>
				<tilt>21.96896594912739</tilt>
				<range>117.9639113059419</range>
				<gx:altitudeMode>relativeToSeaFloor</gx:altitudeMode>
			</LookAt>
			<styleUrl>#m_ylw-pushpin010</styleUrl>
			<Point>
				<gx:drawOrder>1</gx:drawOrder>
				<coordinates>-71.09392813598821,-28.50123606390327,0</coordinates>
			</Point>
		</Placemark>
		<Placemark>
			<name>240</name>
			<LookAt>
				<longitude>-71.09240077271011</longitude>
				<latitude>-28.50042190378126</latitude>
				<altitude>0</altitude>
				<heading>3.178973729986357e-005</heading>
				<tilt>25.11065431615733</tilt>
				<range>99.24353634646548</range>
				<gx:altitudeMode>relativeToSeaFloor</gx:altitudeMode>
			</LookAt>
			<styleUrl>#msn_placemark_circle27</styleUrl>
			<Point>
				<gx:drawOrder>1</gx:drawOrder>
				<coordinates>-71.09214184300852,-28.50054293645174,0</coordinates>
			</Point>
		</Placemark>
		<Placemark>
			<name>241</name>
			<LookAt>
				<longitude>-71.09187701349411</longitude>
				<latitude>-28.50032877170863</latitude>
				<altitude>0</altitude>
				<heading>-0.0006114565638003619</heading>
				<tilt>16.76789874724724</tilt>
				<range>144.2720086525501</range>
				<gx:altitudeMode>relativeToSeaFloor</gx:altitudeMode>
			</LookAt>
			<styleUrl>#msn_placemark_circle</styleUrl>
			<Point>
				<gx:drawOrder>1</gx:drawOrder>
				<coordinates>-71.09203699868935,-28.50054866415431,0</coordinates>
			</Point>
		</Placemark>
		<Placemark>
			<name>242</name>
			<LookAt>
				<longitude>-71.09187701349411</longitude>
				<latitude>-28.50032877170863</latitude>
				<altitude>0</altitude>
				<heading>-0.0006114565638003619</heading>
				<tilt>16.76789874724724</tilt>
				<range>144.2720086525501</range>
				<gx:altitudeMode>relativeToSeaFloor</gx:altitudeMode>
			</LookAt>
			<styleUrl>#msn_placemark_circle</styleUrl>
			<Point>
				<gx:drawOrder>1</gx:drawOrder>
				<coordinates>-71.09202536339674,-28.50047665662271,0</coordinates>
			</Point>
		</Placemark>
		<Placemark>
			<name>243</name>
			<LookAt>
				<longitude>-71.09186279142072</longitude>
				<latitude>-28.50022444354887</latitude>
				<altitude>0</altitude>
				<heading>-0.0006030726217931365</heading>
				<tilt>16.9989749163626</tilt>
				<range>145.4591842504819</range>
				<gx:altitudeMode>relativeToSeaFloor</gx:altitudeMode>
			</LookAt>
			<styleUrl>#msn_placemark_circle</styleUrl>
			<Point>
				<gx:drawOrder>1</gx:drawOrder>
				<coordinates>-71.09201355013569,-28.50039562849264,0</coordinates>
			</Point>
		</Placemark>
		<Placemark>
			<name>244</name>
			<LookAt>
				<longitude>-71.09187919664475</longitude>
				<latitude>-28.50026745917945</latitude>
				<altitude>0</altitude>
				<heading>-0.0005952445923696274</heading>
				<tilt>16.9989753015247</tilt>
				<range>145.6059011513984</range>
				<gx:altitudeMode>relativeToSeaFloor</gx:altitudeMode>
			</LookAt>
			<styleUrl>#msn_placemark_circle</styleUrl>
			<Point>
				<gx:drawOrder>1</gx:drawOrder>
				<coordinates>-71.091990991587,-28.5002876958014,0</coordinates>
			</Point>
		</Placemark>
		<Placemark>
			<name>245</name>
			<LookAt>
				<longitude>-71.09195429548814</longitude>
				<latitude>-28.50021928832581</latitude>
				<altitude>0</altitude>
				<heading>-0.0005745800547290594</heading>
				<tilt>16.76789684121459</tilt>
				<range>143.5364990331705</range>
				<gx:altitudeMode>relativeToSeaFloor</gx:altitudeMode>
			</LookAt>
			<styleUrl>#msn_placemark_circle</styleUrl>
			<Point>
				<gx:drawOrder>1</gx:drawOrder>
				<coordinates>-71.09195875569276,-28.50020698211912,0</coordinates>
			</Point>
		</Placemark>
		<Placemark>
			<name>246</name>
			<LookAt>
				<longitude>-71.09195429548814</longitude>
				<latitude>-28.50021928832581</latitude>
				<altitude>0</altitude>
				<heading>-0.0005745800547290594</heading>
				<tilt>16.76789684121459</tilt>
				<range>143.5364990331705</range>
				<gx:altitudeMode>relativeToSeaFloor</gx:altitudeMode>
			</LookAt>
			<styleUrl>#msn_placemark_circle</styleUrl>
			<Point>
				<gx:drawOrder>1</gx:drawOrder>
				<coordinates>-71.09189891143286,-28.50028009024138,0</coordinates>
			</Point>
		</Placemark>
		<Placemark>
			<name>247</name>
			<LookAt>
				<longitude>-71.09195429548814</longitude>
				<latitude>-28.50021928832581</latitude>
				<altitude>0</altitude>
				<heading>-0.0005745800547290594</heading>
				<tilt>16.76789684121459</tilt>
				<range>143.5364990331705</range>
				<gx:altitudeMode>relativeToSeaFloor</gx:altitudeMode>
			</LookAt>
			<styleUrl>#msn_placemark_circle</styleUrl>
			<Point>
				<gx:drawOrder>1</gx:drawOrder>
				<coordinates>-71.09192075796905,-28.50035194056697,0</coordinates>
			</Point>
		</Placemark>
		<Placemark>
			<name>248</name>
			<LookAt>
				<longitude>-71.09195429548814</longitude>
				<latitude>-28.50021928832581</latitude>
				<altitude>0</altitude>
				<heading>-0.0005745800547290594</heading>
				<tilt>16.76789684121459</tilt>
				<range>143.5364990331705</range>
				<gx:altitudeMode>relativeToSeaFloor</gx:altitudeMode>
			</LookAt>
			<styleUrl>#msn_placemark_circle</styleUrl>
			<Point>
				<gx:drawOrder>1</gx:drawOrder>
				<coordinates>-71.09191232639752,-28.50044230375671,0</coordinates>
			</Point>
		</Placemark>
		<Placemark>
			<name>249</name>
			<LookAt>
				<longitude>-71.09181489506868</longitude>
				<latitude>-28.50021064481822</latitude>
				<altitude>0</altitude>
				<heading>-0.0006193680996778041</heading>
				<tilt>24.37583786996033</tilt>
				<range>117.6630152886004</range>
				<gx:altitudeMode>relativeToSeaFloor</gx:altitudeMode>
			</LookAt>
			<styleUrl>#msn_placemark_circle</styleUrl>
			<Point>
				<gx:drawOrder>1</gx:drawOrder>
				<coordinates>-71.09184084681913,-28.50044340431027,0</coordinates>
			</Point>
		</Placemark>
		<Placemark>
			<name>25</name>
			<LookAt>
				<longitude>-71.09378122881074</longitude>
				<latitude>-28.50118324220901</latitude>
				<altitude>0</altitude>
				<heading>0.0004861830051582351</heading>
				<tilt>21.96896594912739</tilt>
				<range>117.9639113059419</range>
				<gx:altitudeMode>relativeToSeaFloor</gx:altitudeMode>
			</LookAt>
			<styleUrl>#m_ylw-pushpin010</styleUrl>
			<Point>
				<gx:drawOrder>1</gx:drawOrder>
				<coordinates>-71.09390968349737,-28.50116006973293,0</coordinates>
			</Point>
		</Placemark>
		<Placemark>
			<name>250</name>
			<LookAt>
				<longitude>-71.09181489506868</longitude>
				<latitude>-28.50021064481822</latitude>
				<altitude>0</altitude>
				<heading>-0.0006193680996778041</heading>
				<tilt>24.37583786996033</tilt>
				<range>117.6630152886004</range>
				<gx:altitudeMode>relativeToSeaFloor</gx:altitudeMode>
			</LookAt>
			<styleUrl>#msn_placemark_circle</styleUrl>
			<Point>
				<gx:drawOrder>1</gx:drawOrder>
				<coordinates>-71.09183924506436,-28.50036221893783,0</coordinates>
			</Point>
		</Placemark>
		<Placemark>
			<name>251</name>
			<LookAt>
				<longitude>-71.09201194894622</longitude>
				<latitude>-28.50040555765855</latitude>
				<altitude>0</altitude>
				<heading>2.276421049498632e-005</heading>
				<tilt>1.565923641406526</tilt>
				<range>94.32855988512601</range>
				<gx:altitudeMode>relativeToSeaFloor</gx:altitudeMode>
			</LookAt>
			<styleUrl>#msn_placemark_circle27</styleUrl>
			<Point>
				<gx:drawOrder>1</gx:drawOrder>
				<coordinates>-71.09181255560674,-28.5002862347352,0</coordinates>
			</Point>
		</Placemark>
		<Placemark>
			<name>252</name>
			<LookAt>
				<longitude>-71.09186057772533</longitude>
				<latitude>-28.50035827910683</latitude>
				<altitude>0</altitude>
				<heading>7.697850884801763e-006</heading>
				<tilt>0.1007267543523805</tilt>
				<range>48.73728542429827</range>
				<gx:altitudeMode>relativeToSeaFloor</gx:altitudeMode>
			</LookAt>
			<styleUrl>#msn_placemark_circle27</styleUrl>
			<Point>
				<gx:drawOrder>1</gx:drawOrder>
				<coordinates>-71.09175656526644,-28.50029324880126,0</coordinates>
			</Point>
		</Placemark>
		<Placemark>
			<name>253</name>
			<LookAt>
				<longitude>-71.09181489506868</longitude>
				<latitude>-28.50021064481822</latitude>
				<altitude>0</altitude>
				<heading>-0.0006193680996778041</heading>
				<tilt>24.37583786996033</tilt>
				<range>117.6630152886004</range>
				<gx:altitudeMode>relativeToSeaFloor</gx:altitudeMode>
			</LookAt>
			<styleUrl>#msn_placemark_circle</styleUrl>
			<Point>
				<gx:drawOrder>1</gx:drawOrder>
				<coordinates>-71.09175791010621,-28.50038151785802,0</coordinates>
			</Point>
		</Placemark>
		<Placemark>
			<name>254</name>
			<LookAt>
				<longitude>-71.09189078283185</longitude>
				<latitude>-28.50016831869912</latitude>
				<altitude>0</altitude>
				<heading>-0.0006048864610779108</heading>
				<tilt>16.76789673919947</tilt>
				<range>143.4971008307967</range>
				<gx:altitudeMode>relativeToSeaFloor</gx:altitudeMode>
			</LookAt>
			<styleUrl>#msn_placemark_circle</styleUrl>
			<Point>
				<gx:drawOrder>1</gx:drawOrder>
				<coordinates>-71.09178961200621,-28.50043516979978,0</coordinates>
			</Point>
		</Placemark>
		<Placemark>
			<name>255</name>
			<LookAt>
				<longitude>-71.09181489506868</longitude>
				<latitude>-28.50021064481822</latitude>
				<altitude>0</altitude>
				<heading>-0.0006193680996778041</heading>
				<tilt>24.37583786996033</tilt>
				<range>117.6630152886004</range>
				<gx:altitudeMode>relativeToSeaFloor</gx:altitudeMode>
			</LookAt>
			<styleUrl>#msn_placemark_circle</styleUrl>
			<Point>
				<gx:drawOrder>1</gx:drawOrder>
				<coordinates>-71.09169664192545,-28.50038246112051,0</coordinates>
			</Point>
		</Placemark>
		<Placemark>
			<name>256</name>
			<LookAt>
				<longitude>-71.09183396478699</longitude>
				<latitude>-28.50034883695217</latitude>
				<altitude>0</altitude>
				<heading>-5.01978257690275e-006</heading>
				<tilt>0.1007267543198153</tilt>
				<range>48.7355896280615</range>
				<gx:altitudeMode>relativeToSeaFloor</gx:altitudeMode>
			</LookAt>
			<styleUrl>#msn_placemark_circle27</styleUrl>
			<Point>
				<gx:drawOrder>1</gx:drawOrder>
				<coordinates>-71.09168782562007,-28.50031064902239,0</coordinates>
			</Point>
		</Placemark>
		<Placemark>
			<name>257</name>
			<LookAt>
				<longitude>-71.09179301069564</longitude>
				<latitude>-28.50035018721892</latitude>
				<altitude>0</altitude>
				<heading>-2.454078873394886e-005</heading>
				<tilt>0.1007267535310145</tilt>
				<range>48.6817890942792</range>
				<gx:altitudeMode>relativeToSeaFloor</gx:altitudeMode>
			</LookAt>
			<styleUrl>#msn_placemark_circle27</styleUrl>
			<Point>
				<gx:drawOrder>1</gx:drawOrder>
				<coordinates>-71.09162164444716,-28.50032096556183,0</coordinates>
			</Point>
		</Placemark>
		<Placemark>
			<name>258</name>
			<LookAt>
				<longitude>-71.09179301069564</longitude>
				<latitude>-28.50035018721892</latitude>
				<altitude>0</altitude>
				<heading>-2.454078873394886e-005</heading>
				<tilt>0.1007267535310145</tilt>
				<range>48.6817890942792</range>
				<gx:altitudeMode>relativeToSeaFloor</gx:altitudeMode>
			</LookAt>
			<styleUrl>#msn_placemark_circle27</styleUrl>
			<Point>
				<gx:drawOrder>1</gx:drawOrder>
				<coordinates>-71.09162322289437,-28.50035130942731,0</coordinates>
			</Point>
		</Placemark>
		<Placemark>
			<name>259</name>
			<LookAt>
				<longitude>-71.09173145214207</longitude>
				<latitude>-28.50035569735406</latitude>
				<altitude>0</altitude>
				<heading>-5.392785611628853e-005</heading>
				<tilt>0.1007267525070207</tilt>
				<range>48.61613982381422</range>
				<gx:altitudeMode>relativeToSeaFloor</gx:altitudeMode>
			</LookAt>
			<styleUrl>#msn_placemark_circle27</styleUrl>
			<Point>
				<gx:drawOrder>1</gx:drawOrder>
				<coordinates>-71.09155947110554,-28.50033985083018,0</coordinates>
			</Point>
		</Placemark>
		<Placemark>
			<name>26</name>
			<LookAt>
				<longitude>-71.09370749602144</longitude>
				<latitude>-28.50098956843412</latitude>
				<altitude>0</altitude>
				<heading>0.0004509998733921007</heading>
				<tilt>21.96896595153027</tilt>
				<range>117.9646443657019</range>
				<gx:altitudeMode>relativeToSeaFloor</gx:altitudeMode>
			</LookAt>
			<styleUrl>#m_ylw-pushpin010</styleUrl>
			<Point>
				<gx:drawOrder>1</gx:drawOrder>
				<coordinates>-71.09388303897867,-28.50107447686433,0</coordinates>
			</Point>
		</Placemark>
		<Placemark>
			<name>260</name>
			<LookAt>
				<longitude>-71.09159254920785</longitude>
				<latitude>-28.50036047775265</latitude>
				<altitude>0</altitude>
				<heading>-0.0001807616693495291</heading>
				<tilt>21.97241741418487</tilt>
				<range>84.53356621850662</range>
				<gx:altitudeMode>relativeToSeaFloor</gx:altitudeMode>
			</LookAt>
			<styleUrl>#m_ylw-pushpin13</styleUrl>
			<Point>
				<gx:drawOrder>1</gx:drawOrder>
				<coordinates>-71.09154132613742,-28.50035427713889,0</coordinates>
			</Point>
		</Placemark>
		<Placemark>
			<name>261</name>
			<LookAt>
				<longitude>-71.0930375134417</longitude>
				<latitude>-28.49998752964</latitude>
				<altitude>0</altitude>
				<heading>0.0005980056597663172</heading>
				<tilt>27.85567972357821</tilt>
				<range>65.94553370823057</range>
				<gx:altitudeMode>relativeToSeaFloor</gx:altitudeMode>
			</LookAt>
			<styleUrl>#msn_placemark_circle27</styleUrl>
			<Point>
				<gx:drawOrder>1</gx:drawOrder>
				<coordinates>-71.09298258723679,-28.50004788204956,0</coordinates>
			</Point>
		</Placemark>
		<Placemark>
			<name>262</name>
			<LookAt>
				<longitude>-71.09301605965993</longitude>
				<latitude>-28.49990380622627</latitude>
				<altitude>0</altitude>
				<heading>0.0005877687373614104</heading>
				<tilt>27.85568007034297</tilt>
				<range>66.02813846135612</range>
				<gx:altitudeMode>relativeToSeaFloor</gx:altitudeMode>
			</LookAt>
			<styleUrl>#msn_placemark_circle27</styleUrl>
			<Point>
				<gx:drawOrder>1</gx:drawOrder>
				<coordinates>-71.09295327957102,-28.49997800419698,0</coordinates>
			</Point>
		</Placemark>
		<Placemark>
			<name>263</name>
			<LookAt>
				<longitude>-71.09297632838107</longitude>
				<latitude>-28.49997153577209</latitude>
				<altitude>0</altitude>
				<heading>0.0005688111377114163</heading>
				<tilt>27.8556789873463</tilt>
				<range>65.77011095432575</range>
				<gx:altitudeMode>relativeToSeaFloor</gx:altitudeMode>
			</LookAt>
			<styleUrl>#msn_placemark_circle27</styleUrl>
			<Point>
				<gx:drawOrder>1</gx:drawOrder>
				<coordinates>-71.09293461732874,-28.49990858678504,0</coordinates>
			</Point>
		</Placemark>
		<Placemark>
			<name>264</name>
			<LookAt>
				<longitude>-71.09296201442173</longitude>
				<latitude>-28.49981010506645</latitude>
				<altitude>0</altitude>
				<heading>0.0005619810127310255</heading>
				<tilt>27.85568126790004</tilt>
				<range>66.31346351131182</range>
				<gx:altitudeMode>relativeToSeaFloor</gx:altitudeMode>
			</LookAt>
			<styleUrl>#msn_placemark_circle27</styleUrl>
			<Point>
				<gx:drawOrder>1</gx:drawOrder>
				<coordinates>-71.09289723518424,-28.49980142458441,0</coordinates>
			</Point>
		</Placemark>
		<Placemark>
			<name>266</name>
			<LookAt>
				<longitude>-71.09267296786651</longitude>
				<latitude>-28.49956466443519</latitude>
				<altitude>0</altitude>
				<heading>-0.0002001046252726278</heading>
				<tilt>30.00056904329395</tilt>
				<range>126.572773892911</range>
				<gx:altitudeMode>relativeToSeaFloor</gx:altitudeMode>
			</LookAt>
			<styleUrl>#msn_placemark_circle</styleUrl>
			<Point>
				<gx:drawOrder>1</gx:drawOrder>
				<coordinates>-71.09284684848181,-28.49966092827093,0</coordinates>
			</Point>
		</Placemark>
		<Placemark>
			<name>267</name>
			<LookAt>
				<longitude>-71.09289736925238</longitude>
				<latitude>-28.49968422266339</latitude>
				<altitude>0</altitude>
				<heading>0.000531134944278299</heading>
				<tilt>27.85568298693905</tilt>
				<range>66.72301419114068</range>
				<gx:altitudeMode>relativeToSeaFloor</gx:altitudeMode>
			</LookAt>
			<styleUrl>#msn_placemark_circle27</styleUrl>
			<Point>
				<gx:drawOrder>1</gx:drawOrder>
				<coordinates>-71.0928272258729,-28.49962445229832,0</coordinates>
			</Point>
		</Placemark>
		<Placemark>
			<name>268</name>
			<LookAt>
				<longitude>-71.09285425902039</longitude>
				<latitude>-28.49960107716189</latitude>
				<altitude>0</altitude>
				<heading>0.0005105647123790335</heading>
				<tilt>27.85568411655723</tilt>
				<range>66.99214543091486</range>
				<gx:altitudeMode>relativeToSeaFloor</gx:altitudeMode>
			</LookAt>
			<styleUrl>#msn_placemark_circle27</styleUrl>
			<Point>
				<gx:drawOrder>1</gx:drawOrder>
				<coordinates>-71.09280061578824,-28.49955479273525,0</coordinates>
			</Point>
		</Placemark>
		<Placemark>
			<name>269</name>
			<LookAt>
				<longitude>-71.09281889423696</longitude>
				<latitude>-28.49951893452037</latitude>
				<altitude>0</altitude>
				<heading>0.0004936902377361145</heading>
				<tilt>27.85568533270818</tilt>
				<range>67.28189564854208</range>
				<gx:altitudeMode>relativeToSeaFloor</gx:altitudeMode>
			</LookAt>
			<styleUrl>#msn_placemark_circle27</styleUrl>
			<Point>
				<gx:drawOrder>1</gx:drawOrder>
				<coordinates>-71.09278195971113,-28.49950016530876,0</coordinates>
			</Point>
		</Placemark>
		<Placemark>
			<name>27</name>
			<LookAt>
				<longitude>-71.09370749602144</longitude>
				<latitude>-28.50098956843412</latitude>
				<altitude>0</altitude>
				<heading>0.0004509998733921007</heading>
				<tilt>21.96896595153027</tilt>
				<range>117.9646443657019</range>
				<gx:altitudeMode>relativeToSeaFloor</gx:altitudeMode>
			</LookAt>
			<styleUrl>#m_ylw-pushpin010</styleUrl>
			<Point>
				<gx:drawOrder>1</gx:drawOrder>
				<coordinates>-71.09386277609269,-28.50100500806128,0</coordinates>
			</Point>
		</Placemark>
		<Placemark>
			<name>270</name>
			<LookAt>
				<longitude>-71.09276252456311</longitude>
				<latitude>-28.49951135645899</latitude>
				<altitude>0</altitude>
				<heading>0.0004667933879847574</heading>
				<tilt>27.85568470975268</tilt>
				<range>67.1334752545486</range>
				<gx:altitudeMode>relativeToSeaFloor</gx:altitudeMode>
			</LookAt>
			<styleUrl>#msn_placemark_circle27</styleUrl>
			<Point>
				<gx:drawOrder>1</gx:drawOrder>
				<coordinates>-71.09275309671905,-28.49942778856317,0</coordinates>
			</Point>
		</Placemark>
		<Placemark>
			<name>271</name>
			<LookAt>
				<longitude>-71.09274039697777</longitude>
				<latitude>-28.49941318789566</latitude>
				<altitude>0</altitude>
				<heading>0.0004562350524400897</heading>
				<tilt>27.85568630545227</tilt>
				<range>67.5136655096297</range>
				<gx:altitudeMode>relativeToSeaFloor</gx:altitudeMode>
			</LookAt>
			<styleUrl>#msn_placemark_circle27</styleUrl>
			<Point>
				<gx:drawOrder>1</gx:drawOrder>
				<coordinates>-71.09272602000095,-28.49936461429219,0</coordinates>
			</Point>
		</Placemark>
		<Placemark>
			<name>272</name>
			<LookAt>
				<longitude>-71.09250968748897</longitude>
				<latitude>-28.49926844278941</latitude>
				<altitude>0</altitude>
				<heading>-2.363081843953026e-005</heading>
				<tilt>0</tilt>
				<range>94.84103990217957</range>
				<gx:altitudeMode>relativeToSeaFloor</gx:altitudeMode>
			</LookAt>
			<styleUrl>#msn_placemark_circle27</styleUrl>
			<Point>
				<gx:drawOrder>1</gx:drawOrder>
				<coordinates>-71.09270315864944,-28.49929875755548,0</coordinates>
			</Point>
		</Placemark>
		<Placemark>
			<name>273</name>
			<LookAt>
				<longitude>-71.09250968748897</longitude>
				<latitude>-28.49926844278941</latitude>
				<altitude>0</altitude>
				<heading>-2.363081843953026e-005</heading>
				<tilt>0</tilt>
				<range>94.84103990217957</range>
				<gx:altitudeMode>relativeToSeaFloor</gx:altitudeMode>
			</LookAt>
			<styleUrl>#msn_placemark_circle27</styleUrl>
			<Point>
				<gx:drawOrder>1</gx:drawOrder>
				<coordinates>-71.09267642196423,-28.49923456039392,0</coordinates>
			</Point>
		</Placemark>
		<Placemark>
			<name>274</name>
			<LookAt>
				<longitude>-71.09249971702778</longitude>
				<latitude>-28.49921324011938</latitude>
				<altitude>0</altitude>
				<heading>-2.838818045801818e-005</heading>
				<tilt>0</tilt>
				<range>95.01596582309182</range>
				<gx:altitudeMode>relativeToSeaFloor</gx:altitudeMode>
			</LookAt>
			<styleUrl>#msn_placemark_circle27</styleUrl>
			<Point>
				<gx:drawOrder>1</gx:drawOrder>
				<coordinates>-71.09264641324911,-28.49916088006247,0</coordinates>
			</Point>
		</Placemark>
		<Placemark>
			<name>275</name>
			<LookAt>
				<longitude>-71.09249971702778</longitude>
				<latitude>-28.49921324011938</latitude>
				<altitude>0</altitude>
				<heading>-2.838818045801818e-005</heading>
				<tilt>0</tilt>
				<range>95.01596582309182</range>
				<gx:altitudeMode>relativeToSeaFloor</gx:altitudeMode>
			</LookAt>
			<styleUrl>#msn_placemark_circle27</styleUrl>
			<Point>
				<gx:drawOrder>1</gx:drawOrder>
				<coordinates>-71.09261631928099,-28.49910109171818,0</coordinates>
			</Point>
		</Placemark>
		<Placemark>
			<name>276</name>
			<LookAt>
				<longitude>-71.09249971702778</longitude>
				<latitude>-28.49921324011938</latitude>
				<altitude>0</altitude>
				<heading>-2.838818045801818e-005</heading>
				<tilt>0</tilt>
				<range>95.01596582309182</range>
				<gx:altitudeMode>relativeToSeaFloor</gx:altitudeMode>
			</LookAt>
			<styleUrl>#msn_placemark_circle27</styleUrl>
			<Point>
				<gx:drawOrder>1</gx:drawOrder>
				<coordinates>-71.09258224640479,-28.49904488542552,0</coordinates>
			</Point>
		</Placemark>
		<Placemark>
			<name>277</name>
			<LookAt>
				<longitude>-71.09246869052637</longitude>
				<latitude>-28.4992171956781</latitude>
				<altitude>0</altitude>
				<heading>-0.0002975752914016567</heading>
				<tilt>30.00057373185311</tilt>
				<range>127.6166368933709</range>
				<gx:altitudeMode>relativeToSeaFloor</gx:altitudeMode>
			</LookAt>
			<styleUrl>#msn_placemark_circle</styleUrl>
			<Point>
				<gx:drawOrder>1</gx:drawOrder>
				<coordinates>-71.0925181929755,-28.49905240350317,0</coordinates>
			</Point>
		</Placemark>
		<Placemark>
			<name>278</name>
			<LookAt>
				<longitude>-71.09246869052637</longitude>
				<latitude>-28.4992171956781</latitude>
				<altitude>0</altitude>
				<heading>-0.0002975752914016567</heading>
				<tilt>30.00057373185311</tilt>
				<range>127.6166368933709</range>
				<gx:altitudeMode>relativeToSeaFloor</gx:altitudeMode>
			</LookAt>
			<styleUrl>#msn_placemark_circle</styleUrl>
			<Point>
				<gx:drawOrder>1</gx:drawOrder>
				<coordinates>-71.09260397746633,-28.49925861903997,0</coordinates>
			</Point>
		</Placemark>
		<Placemark>
			<name>279</name>
			<LookAt>
				<longitude>-71.09246869052637</longitude>
				<latitude>-28.4992171956781</latitude>
				<altitude>0</altitude>
				<heading>-0.0002975752914016567</heading>
				<tilt>30.00057373185311</tilt>
				<range>127.6166368933709</range>
				<gx:altitudeMode>relativeToSeaFloor</gx:altitudeMode>
			</LookAt>
			<styleUrl>#msn_placemark_circle</styleUrl>
			<Point>
				<gx:drawOrder>1</gx:drawOrder>
				<coordinates>-71.09264660279528,-28.49934819588879,0</coordinates>
			</Point>
		</Placemark>
		<Placemark>
			<name>28</name>
			<LookAt>
				<longitude>-71.09372333601675</longitude>
				<latitude>-28.50096793903447</latitude>
				<altitude>0</altitude>
				<heading>0.0004585573548297802</heading>
				<tilt>21.96896623315583</tilt>
				<range>118.0484441306556</range>
				<gx:altitudeMode>relativeToSeaFloor</gx:altitudeMode>
			</LookAt>
			<styleUrl>#m_ylw-pushpin010</styleUrl>
			<Point>
				<gx:drawOrder>1</gx:drawOrder>
				<coordinates>-71.09383572050007,-28.50091048964871,0</coordinates>
			</Point>
		</Placemark>
		<Placemark>
			<name>280</name>
			<LookAt>
				<longitude>-71.09246869052637</longitude>
				<latitude>-28.4992171956781</latitude>
				<altitude>0</altitude>
				<heading>-0.0002975752914016567</heading>
				<tilt>30.00057373185311</tilt>
				<range>127.6166368933709</range>
				<gx:altitudeMode>relativeToSeaFloor</gx:altitudeMode>
			</LookAt>
			<styleUrl>#msn_placemark_circle</styleUrl>
			<Point>
				<gx:drawOrder>1</gx:drawOrder>
				<coordinates>-71.09267883889726,-28.4994289094035,0</coordinates>
			</Point>
		</Placemark>
		<Placemark>
			<name>281</name>
			<LookAt>
				<longitude>-71.09273369877236</longitude>
				<latitude>-28.49960291330486</latitude>
				<altitude>0</altitude>
				<heading>8.325657873882966e-005</heading>
				<tilt>0</tilt>
				<range>94.03129160705218</range>
				<gx:altitudeMode>relativeToSeaFloor</gx:altitudeMode>
			</LookAt>
			<styleUrl>#msn_placemark_circle27</styleUrl>
			<Point>
				<gx:drawOrder>1</gx:drawOrder>
				<coordinates>-71.09269949713872,-28.49951361353416,0</coordinates>
			</Point>
		</Placemark>
		<Placemark>
			<name>282</name>
			<LookAt>
				<longitude>-71.09273369877236</longitude>
				<latitude>-28.49960291330486</latitude>
				<altitude>0</altitude>
				<heading>8.325657873882966e-005</heading>
				<tilt>0</tilt>
				<range>94.03129160705218</range>
				<gx:altitudeMode>relativeToSeaFloor</gx:altitudeMode>
			</LookAt>
			<styleUrl>#msn_placemark_circle27</styleUrl>
			<Point>
				<gx:drawOrder>1</gx:drawOrder>
				<coordinates>-71.09272726869757,-28.49957813658028,0</coordinates>
			</Point>
		</Placemark>
		<Placemark>
			<name>283</name>
			<LookAt>
				<longitude>-71.09285425902039</longitude>
				<latitude>-28.49960107716189</latitude>
				<altitude>0</altitude>
				<heading>0.0005105647123790335</heading>
				<tilt>27.85568411655723</tilt>
				<range>66.99214543091486</range>
				<gx:altitudeMode>relativeToSeaFloor</gx:altitudeMode>
			</LookAt>
			<styleUrl>#msn_placemark_circle27</styleUrl>
			<Point>
				<gx:drawOrder>1</gx:drawOrder>
				<coordinates>-71.09274016973032,-28.49965533147293,0</coordinates>
			</Point>
		</Placemark>
		<Placemark>
			<name>284</name>
			<LookAt>
				<longitude>-71.09290384829598</longitude>
				<latitude>-28.49971820216032</latitude>
				<altitude>0</altitude>
				<heading>0.0005342265052079093</heading>
				<tilt>27.85568237104398</tilt>
				<range>66.5762822409674</range>
				<gx:altitudeMode>relativeToSeaFloor</gx:altitudeMode>
			</LookAt>
			<styleUrl>#msn_placemark_circle27</styleUrl>
			<Point>
				<gx:drawOrder>1</gx:drawOrder>
				<coordinates>-71.09277211678599,-28.49973228496485,0</coordinates>
			</Point>
		</Placemark>
		<Placemark>
			<name>285</name>
			<LookAt>
				<longitude>-71.09282254738679</longitude>
				<latitude>-28.49981137769213</latitude>
				<altitude>0</altitude>
				<heading>0.0001256515962250966</heading>
				<tilt>0</tilt>
				<range>93.37857303940893</range>
				<gx:altitudeMode>relativeToSeaFloor</gx:altitudeMode>
			</LookAt>
			<styleUrl>#msn_placemark_circle27</styleUrl>
			<Point>
				<gx:drawOrder>1</gx:drawOrder>
				<coordinates>-71.09280440371784,-28.49981439433687,0</coordinates>
			</Point>
		</Placemark>
		<Placemark>
			<name>286</name>
			<LookAt>
				<longitude>-71.09282741878782</longitude>
				<latitude>-28.49982764590137</latitude>
				<altitude>0</altitude>
				<heading>0.0001279760412017409</heading>
				<tilt>0</tilt>
				<range>93.3216173953536</range>
				<gx:altitudeMode>relativeToSeaFloor</gx:altitudeMode>
			</LookAt>
			<styleUrl>#msn_placemark_circle27</styleUrl>
			<Point>
				<gx:drawOrder>1</gx:drawOrder>
				<coordinates>-71.09282595374121,-28.49991736470472,0</coordinates>
			</Point>
		</Placemark>
		<Placemark>
			<name>287</name>
			<LookAt>
				<longitude>-71.09297632838107</longitude>
				<latitude>-28.49997153577209</latitude>
				<altitude>0</altitude>
				<heading>0.0005688111377114163</heading>
				<tilt>27.8556789873463</tilt>
				<range>65.77011095432575</range>
				<gx:altitudeMode>relativeToSeaFloor</gx:altitudeMode>
			</LookAt>
			<styleUrl>#msn_placemark_circle27</styleUrl>
			<Point>
				<gx:drawOrder>1</gx:drawOrder>
				<coordinates>-71.09285802547264,-28.49999646341484,0</coordinates>
			</Point>
		</Placemark>
		<Placemark>
			<name>288</name>
			<LookAt>
				<longitude>-71.09296546872689</longitude>
				<latitude>-28.50004529595834</latitude>
				<altitude>0</altitude>
				<heading>0.000563629513016405</heading>
				<tilt>27.85567832643754</tilt>
				<range>65.61266168728348</range>
				<gx:altitudeMode>relativeToSeaFloor</gx:altitudeMode>
			</LookAt>
			<styleUrl>#msn_placemark_circle27</styleUrl>
			<Point>
				<gx:drawOrder>1</gx:drawOrder>
				<coordinates>-71.09288999293617,-28.50006430345298,0</coordinates>
			</Point>
		</Placemark>
		<Placemark>
			<name>29</name>
			<LookAt>
				<longitude>-71.09376793130117</longitude>
				<latitude>-28.50074692702417</latitude>
				<altitude>0</altitude>
				<heading>-0.0002145002328462446</heading>
				<tilt>28.87586157100762</tilt>
				<range>79.63894265406223</range>
				<gx:altitudeMode>relativeToSeaFloor</gx:altitudeMode>
			</LookAt>
			<styleUrl>#m_ylw-pushpin000</styleUrl>
			<Point>
				<gx:drawOrder>1</gx:drawOrder>
				<coordinates>-71.09381157865312,-28.50081146459273,0</coordinates>
			</Point>
		</Placemark>
		<Placemark>
			<name>290</name>
			<LookAt>
				<longitude>-71.09280797385094</longitude>
				<latitude>-28.49987976678539</latitude>
				<altitude>0</altitude>
				<heading>0.0001186978042149953</heading>
				<tilt>0</tilt>
				<range>93.03693911310518</range>
				<gx:altitudeMode>relativeToSeaFloor</gx:altitudeMode>
			</LookAt>
			<styleUrl>#msn_placemark_circle27</styleUrl>
			<Point>
				<gx:drawOrder>1</gx:drawOrder>
				<coordinates>-71.09272760730218,-28.49990673376994,0</coordinates>
			</Point>
		</Placemark>
		<Placemark>
			<name>291</name>
			<LookAt>
				<longitude>-71.09282254738679</longitude>
				<latitude>-28.49981137769213</latitude>
				<altitude>0</altitude>
				<heading>0.0001256515962250966</heading>
				<tilt>0</tilt>
				<range>93.37857303940893</range>
				<gx:altitudeMode>relativeToSeaFloor</gx:altitudeMode>
			</LookAt>
			<styleUrl>#msn_placemark_circle27</styleUrl>
			<Point>
				<gx:drawOrder>1</gx:drawOrder>
				<coordinates>-71.09271847581711,-28.49983413547568,0</coordinates>
			</Point>
		</Placemark>
		<Placemark>
			<name>292</name>
			<LookAt>
				<longitude>-71.09278940105307</longitude>
				<latitude>-28.49971799169782</latitude>
				<altitude>0</altitude>
				<heading>0.0001098354198484397</heading>
				<tilt>0</tilt>
				<range>93.69038924750403</range>
				<gx:altitudeMode>relativeToSeaFloor</gx:altitudeMode>
			</LookAt>
			<styleUrl>#msn_placemark_circle27</styleUrl>
			<Point>
				<gx:drawOrder>1</gx:drawOrder>
				<coordinates>-71.09268794677396,-28.49974771180753,0</coordinates>
			</Point>
		</Placemark>
		<Placemark>
			<name>293</name>
			<LookAt>
				<longitude>-71.09276016006633</longitude>
				<latitude>-28.49965717427053</latitude>
				<altitude>0</altitude>
				<heading>9.588277862916382e-005</heading>
				<tilt>0</tilt>
				<range>93.87112981048665</range>
				<gx:altitudeMode>relativeToSeaFloor</gx:altitudeMode>
			</LookAt>
			<styleUrl>#msn_placemark_circle27</styleUrl>
			<Point>
				<gx:drawOrder>1</gx:drawOrder>
				<coordinates>-71.09265844873791,-28.49967401516384,0</coordinates>
			</Point>
		</Placemark>
		<Placemark>
			<name>294</name>
			<LookAt>
				<longitude>-71.09273369877236</longitude>
				<latitude>-28.49960291330486</latitude>
				<altitude>0</altitude>
				<heading>8.325657873882966e-005</heading>
				<tilt>0</tilt>
				<range>94.03129160705218</range>
				<gx:altitudeMode>relativeToSeaFloor</gx:altitudeMode>
			</LookAt>
			<styleUrl>#msn_placemark_circle27</styleUrl>
			<Point>
				<gx:drawOrder>1</gx:drawOrder>
				<coordinates>-71.09264449673935,-28.49960074785101,0</coordinates>
			</Point>
		</Placemark>
		<Placemark>
			<name>295</name>
			<LookAt>
				<longitude>-71.09273369877236</longitude>
				<latitude>-28.49960291330486</latitude>
				<altitude>0</altitude>
				<heading>8.325657873882966e-005</heading>
				<tilt>0</tilt>
				<range>94.03129160705218</range>
				<gx:altitudeMode>relativeToSeaFloor</gx:altitudeMode>
			</LookAt>
			<styleUrl>#msn_placemark_circle27</styleUrl>
			<Point>
				<gx:drawOrder>1</gx:drawOrder>
				<coordinates>-71.09262461292208,-28.49955389554556,0</coordinates>
			</Point>
		</Placemark>
		<Placemark>
			<name>296</name>
			<LookAt>
				<longitude>-71.09263485276932</longitude>
				<latitude>-28.49947004791004</latitude>
				<altitude>0</altitude>
				<heading>3.609191829827271e-005</heading>
				<tilt>0</tilt>
				<range>94.32422017183578</range>
				<gx:altitudeMode>relativeToSeaFloor</gx:altitudeMode>
			</LookAt>
			<styleUrl>#msn_placemark_circle27</styleUrl>
			<Point>
				<gx:drawOrder>1</gx:drawOrder>
				<coordinates>-71.09258980193464,-28.4994670024371,0</coordinates>
			</Point>
		</Placemark>
		<Placemark>
			<name>297</name>
			<LookAt>
				<longitude>-71.09258096877133</longitude>
				<latitude>-28.49944421826815</latitude>
				<altitude>0</altitude>
				<heading>1.038103209019843e-005</heading>
				<tilt>0</tilt>
				<range>94.28007619865886</range>
				<gx:altitudeMode>relativeToSeaFloor</gx:altitudeMode>
			</LookAt>
			<styleUrl>#msn_placemark_circle27</styleUrl>
			<Point>
				<gx:drawOrder>1</gx:drawOrder>
				<coordinates>-71.09257848807623,-28.49941238854421,0</coordinates>
			</Point>
		</Placemark>
		<Placemark>
			<name>298</name>
			<LookAt>
				<longitude>-71.09251562774853</longitude>
				<latitude>-28.49931194677128</latitude>
				<altitude>0</altitude>
				<heading>-2.0796433162049e-005</heading>
				<tilt>0</tilt>
				<range>94.66808544648205</range>
				<gx:altitudeMode>relativeToSeaFloor</gx:altitudeMode>
			</LookAt>
			<styleUrl>#msn_placemark_circle27</styleUrl>
			<Point>
				<gx:drawOrder>1</gx:drawOrder>
				<coordinates>-71.09254991821409,-28.49935780468957,0</coordinates>
			</Point>
		</Placemark>
		<Placemark>
			<name>299</name>
			<LookAt>
				<longitude>-71.09250968748897</longitude>
				<latitude>-28.49926844278941</latitude>
				<altitude>0</altitude>
				<heading>-2.363081843953026e-005</heading>
				<tilt>0</tilt>
				<range>94.84103990217957</range>
				<gx:altitudeMode>relativeToSeaFloor</gx:altitudeMode>
			</LookAt>
			<styleUrl>#msn_placemark_circle27</styleUrl>
			<Point>
				<gx:drawOrder>1</gx:drawOrder>
				<coordinates>-71.09253011944695,-28.49928464694731,0</coordinates>
			</Point>
		</Placemark>
		<Placemark>
			<name>3</name>
			<LookAt>
				<longitude>-71.09368249632883</longitude>
				<latitude>-28.50016848019246</latitude>
				<altitude>0</altitude>
				<heading>8.115896562642042e-006</heading>
				<tilt>0</tilt>
				<range>95.78093416090013</range>
				<gx:altitudeMode>relativeToSeaFloor</gx:altitudeMode>
			</LookAt>
			<styleUrl>#m_ylw-pushpin000</styleUrl>
			<Point>
				<gx:drawOrder>1</gx:drawOrder>
				<coordinates>-71.09372230409176,-28.50017600830179,0</coordinates>
			</Point>
		</Placemark>
		<Placemark>
			<name>30</name>
			<LookAt>
				<longitude>-71.09375229924916</longitude>
				<latitude>-28.50065669464009</latitude>
				<altitude>0</altitude>
				<heading>-0.0002219594708187742</heading>
				<tilt>28.8758619968519</tilt>
				<range>79.73711687983125</range>
				<gx:altitudeMode>relativeToSeaFloor</gx:altitudeMode>
			</LookAt>
			<styleUrl>#m_ylw-pushpin000</styleUrl>
			<Point>
				<gx:drawOrder>1</gx:drawOrder>
				<coordinates>-71.0937999644151,-28.50072281174214,0</coordinates>
			</Point>
		</Placemark>
		<Placemark>
			<name>300</name>
			<LookAt>
				<longitude>-71.09249971702778</longitude>
				<latitude>-28.49921324011938</latitude>
				<altitude>0</altitude>
				<heading>-2.838818045801818e-005</heading>
				<tilt>0</tilt>
				<range>95.01596582309182</range>
				<gx:altitudeMode>relativeToSeaFloor</gx:altitudeMode>
			</LookAt>
			<styleUrl>#msn_placemark_circle27</styleUrl>
			<Point>
				<gx:drawOrder>1</gx:drawOrder>
				<coordinates>-71.09249222895851,-28.49919525288117,0</coordinates>
			</Point>
		</Placemark>
		<Placemark>
			<name>301</name>
			<LookAt>
				<longitude>-71.09249971702778</longitude>
				<latitude>-28.49921324011938</latitude>
				<altitude>0</altitude>
				<heading>-2.838818045801818e-005</heading>
				<tilt>0</tilt>
				<range>95.01596582309182</range>
				<gx:altitudeMode>relativeToSeaFloor</gx:altitudeMode>
			</LookAt>
			<styleUrl>#msn_placemark_circle27</styleUrl>
			<Point>
				<gx:drawOrder>1</gx:drawOrder>
				<coordinates>-71.09247327468064,-28.49912511023329,0</coordinates>
			</Point>
		</Placemark>
		<Placemark>
			<name>302</name>
			<LookAt>
				<longitude>-71.09250122957285</longitude>
				<latitude>-28.49928733537245</latitude>
				<altitude>0</altitude>
				<heading>-2.766710895638707e-005</heading>
				<tilt>0</tilt>
				<range>94.73374766965985</range>
				<gx:altitudeMode>relativeToSeaFloor</gx:altitudeMode>
			</LookAt>
			<styleUrl>#msn_placemark_circle27</styleUrl>
			<Point>
				<gx:drawOrder>1</gx:drawOrder>
				<coordinates>-71.09238232237955,-28.49913036889306,0</coordinates>
			</Point>
		</Placemark>
		<Placemark>
			<name>303</name>
			<LookAt>
				<longitude>-71.09248834356262</longitude>
				<latitude>-28.49935702476506</latitude>
				<altitude>0</altitude>
				<heading>-3.381545650539116e-005</heading>
				<tilt>0</tilt>
				<range>94.39136519091596</range>
				<gx:altitudeMode>relativeToSeaFloor</gx:altitudeMode>
			</LookAt>
			<styleUrl>#msn_placemark_circle27</styleUrl>
			<Point>
				<gx:drawOrder>1</gx:drawOrder>
				<coordinates>-71.09240817910373,-28.49921831164791,0</coordinates>
			</Point>
		</Placemark>
		<Placemark>
			<name>304</name>
			<LookAt>
				<longitude>-71.09248834356262</longitude>
				<latitude>-28.49935702476506</latitude>
				<altitude>0</altitude>
				<heading>-3.381545650539116e-005</heading>
				<tilt>0</tilt>
				<range>94.39136519091596</range>
				<gx:altitudeMode>relativeToSeaFloor</gx:altitudeMode>
			</LookAt>
			<styleUrl>#msn_placemark_circle27</styleUrl>
			<Point>
				<gx:drawOrder>1</gx:drawOrder>
				<coordinates>-71.09243224237387,-28.49930074074785,0</coordinates>
			</Point>
		</Placemark>
		<Placemark>
			<name>305</name>
			<LookAt>
				<longitude>-71.09256947651608</longitude>
				<latitude>-28.49948571515</latitude>
				<altitude>0</altitude>
				<heading>4.897211127102188e-006</heading>
				<tilt>0</tilt>
				<range>94.06505338141155</range>
				<gx:altitudeMode>relativeToSeaFloor</gx:altitudeMode>
			</LookAt>
			<styleUrl>#msn_placemark_circle27</styleUrl>
			<Point>
				<gx:drawOrder>1</gx:drawOrder>
				<coordinates>-71.0924461407933,-28.49935991281992,0</coordinates>
			</Point>
		</Placemark>
		<Placemark>
			<name>306</name>
			<LookAt>
				<longitude>-71.09230099470321</longitude>
				<latitude>-28.49932613888075</latitude>
				<altitude>0</altitude>
				<heading>-0.0003775920085239449</heading>
				<tilt>30.00056882885063</tilt>
				<range>126.5250466901646</range>
				<gx:altitudeMode>relativeToSeaFloor</gx:altitudeMode>
			</LookAt>
			<styleUrl>#msn_placemark_circle</styleUrl>
			<Point>
				<gx:drawOrder>1</gx:drawOrder>
				<coordinates>-71.09245401301892,-28.49942334871965,0</coordinates>
			</Point>
		</Placemark>
		<Placemark>
			<name>307</name>
			<LookAt>
				<longitude>-71.09262993195007</longitude>
				<latitude>-28.4995153283817</latitude>
				<altitude>0</altitude>
				<heading>3.374353355053229e-005</heading>
				<tilt>0</tilt>
				<range>94.1118079762126</range>
				<gx:altitudeMode>relativeToSeaFloor</gx:altitudeMode>
			</LookAt>
			<styleUrl>#msn_placemark_circle27</styleUrl>
			<Point>
				<gx:drawOrder>1</gx:drawOrder>
				<coordinates>-71.09248842724031,-28.49948716385589,0</coordinates>
			</Point>
		</Placemark>
		<Placemark>
			<name>308</name>
			<LookAt>
				<longitude>-71.09241304520074</longitude>
				<latitude>-28.49947589717241</latitude>
				<altitude>0</altitude>
				<heading>-0.0003241270390758365</heading>
				<tilt>30.00056712611111</tilt>
				<range>126.1459465377067</range>
				<gx:altitudeMode>relativeToSeaFloor</gx:altitudeMode>
			</LookAt>
			<styleUrl>#msn_placemark_circle</styleUrl>
			<Point>
				<gx:drawOrder>1</gx:drawOrder>
				<coordinates>-71.09250809573673,-28.49957591251202,0</coordinates>
			</Point>
		</Placemark>
		<Placemark>
			<name>309</name>
			<LookAt>
				<longitude>-71.09241304520074</longitude>
				<latitude>-28.49947589717241</latitude>
				<altitude>0</altitude>
				<heading>-0.0003241270390758365</heading>
				<tilt>30.00056712611111</tilt>
				<range>126.1459465377067</range>
				<gx:altitudeMode>relativeToSeaFloor</gx:altitudeMode>
			</LookAt>
			<styleUrl>#msn_placemark_circle</styleUrl>
			<Point>
				<gx:drawOrder>1</gx:drawOrder>
				<coordinates>-71.09256057636435,-28.499647290928,0</coordinates>
			</Point>
		</Placemark>
		<Placemark>
			<name>31</name>
			<LookAt>
				<longitude>-71.09362768751527</longitude>
				<latitude>-28.50053554843965</latitude>
				<altitude>0</altitude>
				<heading>-0.0002814202152906382</heading>
				<tilt>28.87586107175364</tilt>
				<range>79.52386357512771</range>
				<gx:altitudeMode>relativeToSeaFloor</gx:altitudeMode>
			</LookAt>
			<styleUrl>#m_ylw-pushpin000</styleUrl>
			<Point>
				<gx:drawOrder>1</gx:drawOrder>
				<coordinates>-71.09376539714104,-28.50063805129953,0</coordinates>
			</Point>
		</Placemark>
		<Placemark>
			<name>310</name>
			<LookAt>
				<longitude>-71.09243203155458</longitude>
				<latitude>-28.49963686677353</latitude>
				<altitude>0</altitude>
				<heading>-0.0003150682296489662</heading>
				<tilt>30.00056376154353</tilt>
				<range>125.3968716391113</range>
				<gx:altitudeMode>relativeToSeaFloor</gx:altitudeMode>
			</LookAt>
			<styleUrl>#msn_placemark_circle</styleUrl>
			<Point>
				<gx:drawOrder>1</gx:drawOrder>
				<coordinates>-71.09258349136914,-28.49977326469782,0</coordinates>
			</Point>
		</Placemark>
		<Placemark>
			<name>311</name>
			<LookAt>
				<longitude>-71.09243408578617</longitude>
				<latitude>-28.49971327854583</latitude>
				<altitude>0</altitude>
				<heading>-0.0003140881159200182</heading>
				<tilt>30.00056205928685</tilt>
				<range>125.0178747212623</range>
				<gx:altitudeMode>relativeToSeaFloor</gx:altitudeMode>
			</LookAt>
			<styleUrl>#msn_placemark_circle</styleUrl>
			<Point>
				<gx:drawOrder>1</gx:drawOrder>
				<coordinates>-71.09259512692846,-28.49984527217271,0</coordinates>
			</Point>
		</Placemark>
		<Placemark>
			<name>312</name>
			<LookAt>
				<longitude>-71.09242697506069</longitude>
				<latitude>-28.49979080804235</latitude>
				<altitude>0</altitude>
				<heading>-0.0003174812030147701</heading>
				<tilt>30.0005601930097</tilt>
				<range>124.6023697316505</range>
				<gx:altitudeMode>relativeToSeaFloor</gx:altitudeMode>
			</LookAt>
			<styleUrl>#msn_placemark_circle</styleUrl>
			<Point>
				<gx:drawOrder>1</gx:drawOrder>
				<coordinates>-71.09261732989035,-28.4999351635567,0</coordinates>
			</Point>
		</Placemark>
		<Placemark>
			<name>313</name>
			<LookAt>
				<longitude>-71.09278188330357</longitude>
				<latitude>-28.49999652354558</latitude>
				<altitude>0</altitude>
				<heading>0.0001062488270722045</heading>
				<tilt>0</tilt>
				<range>92.70701476557915</range>
				<gx:altitudeMode>relativeToSeaFloor</gx:altitudeMode>
			</LookAt>
			<styleUrl>#msn_placemark_circle27</styleUrl>
			<Point>
				<gx:drawOrder>1</gx:drawOrder>
				<coordinates>-71.09266878969142,-28.50000633449121,0</coordinates>
			</Point>
		</Placemark>
		<Placemark>
			<name>314</name>
			<LookAt>
				<longitude>-71.09246201405288</longitude>
				<latitude>-28.49981399302472</latitude>
				<altitude>0</altitude>
				<heading>-0.0003007610316324815</heading>
				<tilt>30.00056019680662</tilt>
				<range>124.6032327178237</range>
				<gx:altitudeMode>relativeToSeaFloor</gx:altitudeMode>
			</LookAt>
			<styleUrl>#msn_placemark_circle</styleUrl>
			<Point>
				<gx:drawOrder>1</gx:drawOrder>
				<coordinates>-71.09251521674,-28.49993673626869,0</coordinates>
			</Point>
		</Placemark>
		<Placemark>
			<name>315</name>
			<LookAt>
				<longitude>-71.09243760259035</longitude>
				<latitude>-28.49962327928815</latitude>
				<altitude>0</altitude>
				<heading>-0.0003124089143955472</heading>
				<tilt>30.00056415405897</tilt>
				<range>125.4842541516459</range>
				<gx:altitudeMode>relativeToSeaFloor</gx:altitudeMode>
			</LookAt>
			<styleUrl>#msn_placemark_circle</styleUrl>
			<Point>
				<gx:drawOrder>1</gx:drawOrder>
				<coordinates>-71.09250233504594,-28.49980158462848,0</coordinates>
			</Point>
		</Placemark>
		<Placemark>
			<name>316</name>
			<LookAt>
				<longitude>-71.09243174656088</longitude>
				<latitude>-28.49956025648427</latitude>
				<altitude>0</altitude>
				<heading>-0.0003152031806079569</heading>
				<tilt>30.00056549511648</tilt>
				<range>125.7828246758414</range>
				<gx:altitudeMode>relativeToSeaFloor</gx:altitudeMode>
			</LookAt>
			<styleUrl>#msn_placemark_circle</styleUrl>
			<Point>
				<gx:drawOrder>1</gx:drawOrder>
				<coordinates>-71.09245970962775,-28.49971200774312,0</coordinates>
			</Point>
		</Placemark>
		<Placemark>
			<name>317</name>
			<LookAt>
				<longitude>-71.09244669359627</longitude>
				<latitude>-28.49961264622791</latitude>
				<altitude>0</altitude>
				<heading>-5.368749057838829e-005</heading>
				<tilt>0</tilt>
				<range>93.1518255794779</range>
				<gx:altitudeMode>relativeToSeaFloor</gx:altitudeMode>
			</LookAt>
			<styleUrl>#msn_placemark_circle27</styleUrl>
			<Point>
				<gx:drawOrder>1</gx:drawOrder>
				<coordinates>-71.09242174986768,-28.4996147953439,0</coordinates>
			</Point>
		</Placemark>
		<Placemark>
			<name>318</name>
			<LookAt>
				<longitude>-71.09247522835817</longitude>
				<latitude>-28.49955312399981</latitude>
				<altitude>0</altitude>
				<heading>-4.007213491570016e-005</heading>
				<tilt>0</tilt>
				<range>93.49536951389514</range>
				<gx:altitudeMode>relativeToSeaFloor</gx:altitudeMode>
			</LookAt>
			<styleUrl>#msn_placemark_circle27</styleUrl>
			<Point>
				<gx:drawOrder>1</gx:drawOrder>
				<coordinates>-71.09239439442754,-28.49956130410828,0</coordinates>
			</Point>
		</Placemark>
		<Placemark>
			<name>319</name>
			<LookAt>
				<longitude>-71.09252531673688</longitude>
				<latitude>-28.49957901730319</latitude>
				<altitude>0</altitude>
				<heading>-1.617235526448724e-005</heading>
				<tilt>0</tilt>
				<range>93.52816578481125</range>
				<gx:altitudeMode>relativeToSeaFloor</gx:altitudeMode>
			</LookAt>
			<styleUrl>#msn_placemark_circle27</styleUrl>
			<Point>
				<gx:drawOrder>1</gx:drawOrder>
				<coordinates>-71.09237358803524,-28.49949832137829,0</coordinates>
			</Point>
		</Placemark>
		<Placemark>
			<name>32</name>
			<LookAt>
				<longitude>-71.09362855462555</longitude>
				<latitude>-28.50046549075689</latitude>
				<altitude>0</altitude>
				<heading>-0.0002810062912586187</heading>
				<tilt>28.87586159035105</tilt>
				<range>79.64341013977996</range>
				<gx:altitudeMode>relativeToSeaFloor</gx:altitudeMode>
			</LookAt>
			<styleUrl>#m_ylw-pushpin000</styleUrl>
			<Point>
				<gx:drawOrder>1</gx:drawOrder>
				<coordinates>-71.09374052122138,-28.50054985188091,0</coordinates>
			</Point>
		</Placemark>
		<Placemark>
			<name>320</name>
			<LookAt>
				<longitude>-71.09252531673688</longitude>
				<latitude>-28.49957901730319</latitude>
				<altitude>0</altitude>
				<heading>-1.617235526448724e-005</heading>
				<tilt>0</tilt>
				<range>93.52816578481125</range>
				<gx:altitudeMode>relativeToSeaFloor</gx:altitudeMode>
			</LookAt>
			<styleUrl>#msn_placemark_circle27</styleUrl>
			<Point>
				<gx:drawOrder>1</gx:drawOrder>
				<coordinates>-71.09235250397416,-28.49942714551079,0</coordinates>
			</Point>
		</Placemark>
		<Placemark>
			<name>321</name>
			<LookAt>
				<longitude>-71.09253023030917</longitude>
				<latitude>-28.49947192515043</latitude>
				<altitude>0</altitude>
				<heading>-1.38281683368574e-005</heading>
				<tilt>0</tilt>
				<range>94.01092785210416</range>
				<gx:altitudeMode>relativeToSeaFloor</gx:altitudeMode>
			</LookAt>
			<styleUrl>#msn_placemark_circle27</styleUrl>
			<Point>
				<gx:drawOrder>1</gx:drawOrder>
				<coordinates>-71.09233635192025,-28.49937350941934,0</coordinates>
			</Point>
		</Placemark>
		<Placemark>
			<name>322</name>
			<LookAt>
				<longitude>-71.09253023030917</longitude>
				<latitude>-28.49947192515043</latitude>
				<altitude>0</altitude>
				<heading>-1.38281683368574e-005</heading>
				<tilt>0</tilt>
				<range>94.01092785210416</range>
				<gx:altitudeMode>relativeToSeaFloor</gx:altitudeMode>
			</LookAt>
			<styleUrl>#msn_placemark_circle27</styleUrl>
			<Point>
				<gx:drawOrder>1</gx:drawOrder>
				<coordinates>-71.09232201480823,-28.49930980326504,0</coordinates>
			</Point>
		</Placemark>
		<Placemark>
			<name>323</name>
			<LookAt>
				<longitude>-71.09253023030917</longitude>
				<latitude>-28.49947192515043</latitude>
				<altitude>0</altitude>
				<heading>-1.38281683368574e-005</heading>
				<tilt>0</tilt>
				<range>94.01092785210416</range>
				<gx:altitudeMode>relativeToSeaFloor</gx:altitudeMode>
			</LookAt>
			<styleUrl>#msn_placemark_circle27</styleUrl>
			<Point>
				<gx:drawOrder>1</gx:drawOrder>
				<coordinates>-71.09230155843797,-28.49923260111659,0</coordinates>
			</Point>
		</Placemark>
		<Placemark>
			<name>324</name>
			<LookAt>
				<longitude>-71.09246878787474</longitude>
				<latitude>-28.499301067691</latitude>
				<altitude>0</altitude>
				<heading>-4.3145580959413e-005</heading>
				<tilt>0</tilt>
				<range>94.57909100084576</range>
				<gx:altitudeMode>relativeToSeaFloor</gx:altitudeMode>
			</LookAt>
			<styleUrl>#msn_placemark_circle27</styleUrl>
			<Point>
				<gx:drawOrder>1</gx:drawOrder>
				<coordinates>-71.09227884528124,-28.49915418966991,0</coordinates>
			</Point>
		</Placemark>
		<Placemark>
			<name>325</name>
			<LookAt>
				<longitude>-71.09246878787474</longitude>
				<latitude>-28.499301067691</latitude>
				<altitude>0</altitude>
				<heading>-4.3145580959413e-005</heading>
				<tilt>0</tilt>
				<range>94.57909100084576</range>
				<gx:altitudeMode>relativeToSeaFloor</gx:altitudeMode>
			</LookAt>
			<styleUrl>#msn_placemark_circle27</styleUrl>
			<Point>
				<gx:drawOrder>1</gx:drawOrder>
				<coordinates>-71.09217759653318,-28.49917463488706,0</coordinates>
			</Point>
		</Placemark>
		<Placemark>
			<name>326</name>
			<LookAt>
				<longitude>-71.09246878787474</longitude>
				<latitude>-28.499301067691</latitude>
				<altitude>0</altitude>
				<heading>-4.3145580959413e-005</heading>
				<tilt>0</tilt>
				<range>94.57909100084576</range>
				<gx:altitudeMode>relativeToSeaFloor</gx:altitudeMode>
			</LookAt>
			<styleUrl>#msn_placemark_circle27</styleUrl>
			<Point>
				<gx:drawOrder>1</gx:drawOrder>
				<coordinates>-71.09220425310409,-28.49923632059437,0</coordinates>
			</Point>
		</Placemark>
		<Placemark>
			<name>327</name>
			<LookAt>
				<longitude>-71.09247467442241</longitude>
				<latitude>-28.49934590350981</latitude>
				<altitude>0</altitude>
				<heading>-4.0336631283802e-005</heading>
				<tilt>0</tilt>
				<range>94.40015047011801</range>
				<gx:altitudeMode>relativeToSeaFloor</gx:altitudeMode>
			</LookAt>
			<styleUrl>#msn_placemark_circle27</styleUrl>
			<Point>
				<gx:drawOrder>1</gx:drawOrder>
				<coordinates>-71.0922326205617,-28.49931947526136,0</coordinates>
			</Point>
		</Placemark>
		<Placemark>
			<name>328</name>
			<LookAt>
				<longitude>-71.09239050632628</longitude>
				<latitude>-28.4993985626222</latitude>
				<altitude>0</altitude>
				<heading>-8.049706092283989e-005</heading>
				<tilt>0</tilt>
				<range>93.92439687028355</range>
				<gx:altitudeMode>relativeToSeaFloor</gx:altitudeMode>
			</LookAt>
			<styleUrl>#msn_placemark_circle27</styleUrl>
			<Point>
				<gx:drawOrder>1</gx:drawOrder>
				<coordinates>-71.09225527253291,-28.49938775815133,0</coordinates>
			</Point>
		</Placemark>
		<Placemark>
			<name>329</name>
			<LookAt>
				<longitude>-71.09244530038625</longitude>
				<latitude>-28.49950772816804</latitude>
				<altitude>0</altitude>
				<heading>-5.435177576814667e-005</heading>
				<tilt>0</tilt>
				<range>93.60667213849726</range>
				<gx:altitudeMode>relativeToSeaFloor</gx:altitudeMode>
			</LookAt>
			<styleUrl>#msn_placemark_circle27</styleUrl>
			<Point>
				<gx:drawOrder>1</gx:drawOrder>
				<coordinates>-71.09227888508441,-28.49944085868946,0</coordinates>
			</Point>
		</Placemark>
		<Placemark>
			<name>33</name>
			<LookAt>
				<longitude>-71.09359364937254</longitude>
				<latitude>-28.50037390095291</latitude>
				<altitude>0</altitude>
				<heading>-0.0002976618575507563</heading>
				<tilt>28.87586174759272</tilt>
				<range>79.67966296019226</range>
				<gx:altitudeMode>relativeToSeaFloor</gx:altitudeMode>
			</LookAt>
			<styleUrl>#m_ylw-pushpin000</styleUrl>
			<Point>
				<gx:drawOrder>1</gx:drawOrder>
				<coordinates>-71.09372600729128,-28.50045354133855,0</coordinates>
			</Point>
		</Placemark>
		<Placemark>
			<name>330</name>
			<LookAt>
				<longitude>-71.09233133052584</longitude>
				<latitude>-28.49938504870519</latitude>
				<altitude>0</altitude>
				<heading>-0.0003631159587618661</heading>
				<tilt>30.00056795128445</tilt>
				<range>126.3296629027374</range>
				<gx:altitudeMode>relativeToSeaFloor</gx:altitudeMode>
			</LookAt>
			<styleUrl>#msn_placemark_circle</styleUrl>
			<Point>
				<gx:drawOrder>1</gx:drawOrder>
				<coordinates>-71.09229276879763,-28.49953411193119,0</coordinates>
			</Point>
		</Placemark>
		<Placemark>
			<name>331</name>
			<LookAt>
				<longitude>-71.09233133052584</longitude>
				<latitude>-28.49938504870519</latitude>
				<altitude>0</altitude>
				<heading>-0.0003631159587618661</heading>
				<tilt>30.00056795128445</tilt>
				<range>126.3296629027374</range>
				<gx:altitudeMode>relativeToSeaFloor</gx:altitudeMode>
			</LookAt>
			<styleUrl>#msn_placemark_circle</styleUrl>
			<Point>
				<gx:drawOrder>1</gx:drawOrder>
				<coordinates>-71.09232447067771,-28.49958776375341,0</coordinates>
			</Point>
		</Placemark>
		<Placemark>
			<name>332</name>
			<LookAt>
				<longitude>-71.09233817304164</longitude>
				<latitude>-28.49947132384167</latitude>
				<altitude>0</altitude>
				<heading>-0.000359851187669378</heading>
				<tilt>30.00056609765301</tilt>
				<range>125.9169515736156</range>
				<gx:altitudeMode>relativeToSeaFloor</gx:altitudeMode>
			</LookAt>
			<styleUrl>#msn_placemark_circle</styleUrl>
			<Point>
				<gx:drawOrder>1</gx:drawOrder>
				<coordinates>-71.09236709592739,-28.49967734069136,0</coordinates>
			</Point>
		</Placemark>
		<Placemark>
			<name>333</name>
			<LookAt>
				<longitude>-71.09233817304164</longitude>
				<latitude>-28.49947132384167</latitude>
				<altitude>0</altitude>
				<heading>-0.000359851187669378</heading>
				<tilt>30.00056609765301</tilt>
				<range>125.9169515736156</range>
				<gx:altitudeMode>relativeToSeaFloor</gx:altitudeMode>
			</LookAt>
			<styleUrl>#msn_placemark_circle</styleUrl>
			<Point>
				<gx:drawOrder>1</gx:drawOrder>
				<coordinates>-71.09237890933974,-28.49975836878869,0</coordinates>
			</Point>
		</Placemark>
		<Placemark>
			<name>334</name>
			<LookAt>
				<longitude>-71.09233817129751</longitude>
				<latitude>-28.49967546914927</latitude>
				<altitude>0</altitude>
				<heading>-0.0003598518039145699</heading>
				<tilt>30.00056146643161</tilt>
				<range>124.8858902580943</range>
				<gx:altitudeMode>relativeToSeaFloor</gx:altitudeMode>
			</LookAt>
			<styleUrl>#msn_placemark_circle</styleUrl>
			<Point>
				<gx:drawOrder>1</gx:drawOrder>
				<coordinates>-71.09239072277427,-28.49983939688315,0</coordinates>
			</Point>
		</Placemark>
		<Placemark>
			<name>335</name>
			<LookAt>
				<longitude>-71.09233817129751</longitude>
				<latitude>-28.49967546914927</latitude>
				<altitude>0</altitude>
				<heading>-0.0003598518039145699</heading>
				<tilt>30.00056146643161</tilt>
				<range>124.8858902580943</range>
				<gx:altitudeMode>relativeToSeaFloor</gx:altitudeMode>
			</LookAt>
			<styleUrl>#msn_placemark_circle</styleUrl>
			<Point>
				<gx:drawOrder>1</gx:drawOrder>
				<coordinates>-71.09240307028236,-28.49994748675766,0</coordinates>
			</Point>
		</Placemark>
		<Placemark>
			<name>336</name>
			<LookAt>
				<longitude>-71.09237784967814</longitude>
				<latitude>-28.49993091542056</latitude>
				<altitude>0</altitude>
				<heading>-0.0003409189354250848</heading>
				<tilt>30.00055924163636</tilt>
				<range>124.3905524966056</range>
				<gx:altitudeMode>relativeToSeaFloor</gx:altitudeMode>
			</LookAt>
			<styleUrl>#msn_placemark_circle</styleUrl>
			<Point>
				<gx:drawOrder>1</gx:drawOrder>
				<coordinates>-71.09245608510994,-28.50004592698627,0</coordinates>
			</Point>
		</Placemark>
		<Placemark>
			<name>337</name>
			<LookAt>
				<longitude>-71.09230133119311</longitude>
				<latitude>-28.49983736510795</latitude>
				<altitude>0</altitude>
				<heading>-0.0003774297414092376</heading>
				<tilt>30.00055960916275</tilt>
				<range>124.4724015881333</range>
				<gx:altitudeMode>relativeToSeaFloor</gx:altitudeMode>
			</LookAt>
			<styleUrl>#msn_placemark_circle</styleUrl>
			<Point>
				<gx:drawOrder>1</gx:drawOrder>
				<coordinates>-71.09233194708241,-28.49996662874124,0</coordinates>
			</Point>
		</Placemark>
		<Placemark>
			<name>338</name>
			<LookAt>
				<longitude>-71.09226940528185</longitude>
				<latitude>-28.49973465005787</latitude>
				<altitude>0</altitude>
				<heading>-0.0003926634684290191</heading>
				<tilt>30.00056038600922</tilt>
				<range>124.6453400854896</range>
				<gx:altitudeMode>relativeToSeaFloor</gx:altitudeMode>
			</LookAt>
			<styleUrl>#msn_placemark_circle</styleUrl>
			<Point>
				<gx:drawOrder>1</gx:drawOrder>
				<coordinates>-71.09229810897918,-28.4998047297896,0</coordinates>
			</Point>
		</Placemark>
		<Placemark>
			<name>339</name>
			<LookAt>
				<longitude>-71.09242627976617</longitude>
				<latitude>-28.49951575400245</latitude>
				<altitude>0</altitude>
				<heading>-6.342773049332168e-005</heading>
				<tilt>0</tilt>
				<range>93.51610271700365</range>
				<gx:altitudeMode>relativeToSeaFloor</gx:altitudeMode>
			</LookAt>
			<styleUrl>#msn_placemark_circle17</styleUrl>
			<Point>
				<gx:drawOrder>1</gx:drawOrder>
				<coordinates>-71.09226845611431,-28.49969712856606,0</coordinates>
			</Point>
		</Placemark>
		<Placemark>
			<name>34</name>
			<LookAt>
				<longitude>-71.09367488204659</longitude>
				<latitude>-28.5003433596078</latitude>
				<altitude>0</altitude>
				<heading>-0.0002589004219655777</heading>
				<tilt>28.875863141768</tilt>
				<range>80.00102980768784</range>
				<gx:altitudeMode>relativeToSeaFloor</gx:altitudeMode>
			</LookAt>
			<styleUrl>#m_ylw-pushpin000</styleUrl>
			<Point>
				<gx:drawOrder>1</gx:drawOrder>
				<coordinates>-71.09368027456486,-28.50036298981864,0</coordinates>
			</Point>
		</Placemark>
		<Placemark>
			<name>340</name>
			<LookAt>
				<longitude>-71.0921191471045</longitude>
				<latitude>-28.49948744467331</latitude>
				<altitude>0</altitude>
				<heading>-0.0003282381953272124</heading>
				<tilt>31.62541880740292</tilt>
				<range>72.12837724619907</range>
				<gx:altitudeMode>relativeToSeaFloor</gx:altitudeMode>
			</LookAt>
			<styleUrl>#msn_placemark_circle13</styleUrl>
			<Point>
				<gx:drawOrder>1</gx:drawOrder>
				<coordinates>-71.0922123245571,-28.499598514067,0</coordinates>
			</Point>
		</Placemark>
		<Placemark>
			<name>341</name>
			<LookAt>
				<longitude>-71.09210827862411</longitude>
				<latitude>-28.49944590209825</latitude>
				<altitude>0</altitude>
				<heading>-0.0003334240261656787</heading>
				<tilt>31.62541963733058</tilt>
				<range>72.30456400138947</range>
				<gx:altitudeMode>relativeToSeaFloor</gx:altitudeMode>
			</LookAt>
			<styleUrl>#msn_placemark_circle13</styleUrl>
			<Point>
				<gx:drawOrder>1</gx:drawOrder>
				<coordinates>-71.09219012202405,-28.49950862259092,0</coordinates>
			</Point>
		</Placemark>
		<Placemark>
			<name>342</name>
			<LookAt>
				<longitude>-71.09210039678433</longitude>
				<latitude>-28.49938404206666</latitude>
				<altitude>0</altitude>
				<heading>-0.0003371848813103304</heading>
				<tilt>31.62542100698064</tilt>
				<range>72.59533834340792</range>
				<gx:altitudeMode>relativeToSeaFloor</gx:altitudeMode>
			</LookAt>
			<styleUrl>#msn_placemark_circle13</styleUrl>
			<Point>
				<gx:drawOrder>1</gx:drawOrder>
				<coordinates>-71.09215788625819,-28.49942790894282,0</coordinates>
			</Point>
		</Placemark>
		<Placemark>
			<name>343</name>
			<LookAt>
				<longitude>-71.09210039678433</longitude>
				<latitude>-28.49938404206666</latitude>
				<altitude>0</altitude>
				<heading>-0.0003371848813103304</heading>
				<tilt>31.62542100698064</tilt>
				<range>72.59533834340792</range>
				<gx:altitudeMode>relativeToSeaFloor</gx:altitudeMode>
			</LookAt>
			<styleUrl>#msn_placemark_circle13</styleUrl>
			<Point>
				<gx:drawOrder>1</gx:drawOrder>
				<coordinates>-71.0921356838162,-28.49933801745143,0</coordinates>
			</Point>
		</Placemark>
		<Placemark>
			<name>344</name>
			<LookAt>
				<longitude>-71.09210039678433</longitude>
				<latitude>-28.49938404206666</latitude>
				<altitude>0</altitude>
				<heading>-0.0003371848813103304</heading>
				<tilt>31.62542100698064</tilt>
				<range>72.59533834340792</range>
				<gx:altitudeMode>relativeToSeaFloor</gx:altitudeMode>
			</LookAt>
			<styleUrl>#msn_placemark_circle11</styleUrl>
			<Point>
				<gx:drawOrder>1</gx:drawOrder>
				<coordinates>-71.09211365940426,-28.49925714655021,0</coordinates>
			</Point>
		</Placemark>
		<Placemark>
			<name>345</name>
			<LookAt>
				<longitude>-71.09223951329695</longitude>
				<latitude>-28.49927454292599</latitude>
				<altitude>0</altitude>
				<heading>-0.0001525435119858814</heading>
				<tilt>0</tilt>
				<range>94.02654499824904</range>
				<gx:altitudeMode>relativeToSeaFloor</gx:altitudeMode>
			</LookAt>
			<styleUrl>#msn_placemark_circle27</styleUrl>
			<Point>
				<gx:drawOrder>1</gx:drawOrder>
				<coordinates>-71.09209404840324,-28.49918137225058,0</coordinates>
			</Point>
		</Placemark>
		<Placemark>
			<name>346</name>
			<LookAt>
				<longitude>-71.09188034904385</longitude>
				<latitude>-28.4989511218712</latitude>
				<altitude>0</altitude>
				<heading>-0.0004305969742390598</heading>
				<tilt>29.41537974569053</tilt>
				<range>86.86689606855909</range>
				<gx:altitudeMode>relativeToSeaFloor</gx:altitudeMode>
			</LookAt>
			<styleUrl>#msn_placemark_circle26</styleUrl>
			<Point>
				<gx:drawOrder>1</gx:drawOrder>
				<coordinates>-71.09173340824488,-28.49876854991591,0</coordinates>
			</Point>
		</Placemark>
		<Placemark>
			<name>347</name>
			<LookAt>
				<longitude>-71.09188034904385</longitude>
				<latitude>-28.4989511218712</latitude>
				<altitude>0</altitude>
				<heading>-0.0004305969742390598</heading>
				<tilt>29.41537974569053</tilt>
				<range>86.86689606855909</range>
				<gx:altitudeMode>relativeToSeaFloor</gx:altitudeMode>
			</LookAt>
			<styleUrl>#msn_placemark_circle26</styleUrl>
			<Point>
				<gx:drawOrder>1</gx:drawOrder>
				<coordinates>-71.09176480783167,-28.49885559528858,0</coordinates>
			</Point>
		</Placemark>
		<Placemark>
			<name>348</name>
			<LookAt>
				<longitude>-71.09188034904385</longitude>
				<latitude>-28.4989511218712</latitude>
				<altitude>0</altitude>
				<heading>-0.0004305969742390598</heading>
				<tilt>29.41537974569053</tilt>
				<range>86.86689606855909</range>
				<gx:altitudeMode>relativeToSeaFloor</gx:altitudeMode>
			</LookAt>
			<styleUrl>#msn_placemark_circle26</styleUrl>
			<Point>
				<gx:drawOrder>1</gx:drawOrder>
				<coordinates>-71.09179392165237,-28.49894660394627,0</coordinates>
			</Point>
		</Placemark>
		<Placemark>
			<name>349</name>
			<LookAt>
				<longitude>-71.09188034904385</longitude>
				<latitude>-28.4989511218712</latitude>
				<altitude>0</altitude>
				<heading>-0.0004305969742390598</heading>
				<tilt>29.41537974569053</tilt>
				<range>86.86689606855909</range>
				<gx:altitudeMode>relativeToSeaFloor</gx:altitudeMode>
			</LookAt>
			<styleUrl>#msn_placemark_circle26</styleUrl>
			<Point>
				<gx:drawOrder>1</gx:drawOrder>
				<coordinates>-71.091825585872,-28.49903738148808,0</coordinates>
			</Point>
		</Placemark>
		<Placemark>
			<name>35</name>
			<LookAt>
				<longitude>-71.0935662616255</longitude>
				<latitude>-28.50020767221657</latitude>
				<altitude>0</altitude>
				<heading>-0.0003107303410735633</heading>
				<tilt>28.87586255255737</tilt>
				<range>79.86521266350383</range>
				<gx:altitudeMode>relativeToSeaFloor</gx:altitudeMode>
			</LookAt>
			<styleUrl>#m_ylw-pushpin000</styleUrl>
			<Point>
				<gx:drawOrder>1</gx:drawOrder>
				<coordinates>-71.09365288183747,-28.5002826779536,0</coordinates>
			</Point>
		</Placemark>
		<Placemark>
			<name>350</name>
			<LookAt>
				<longitude>-71.09191273715896</longitude>
				<latitude>-28.49907820118531</latitude>
				<altitude>0</altitude>
				<heading>0.0001864092087176398</heading>
				<tilt>19.62526118276895</tilt>
				<range>140.2634914423476</range>
				<gx:altitudeMode>relativeToSeaFloor</gx:altitudeMode>
			</LookAt>
			<styleUrl>#msn_placemark_circle26</styleUrl>
			<Point>
				<gx:drawOrder>1</gx:drawOrder>
				<coordinates>-71.09186863471606,-28.4991467448765,0</coordinates>
			</Point>
		</Placemark>
		<Placemark>
			<name>351</name>
			<LookAt>
				<longitude>-71.09191273715896</longitude>
				<latitude>-28.49907820118531</latitude>
				<altitude>0</altitude>
				<heading>0.0001864092087176398</heading>
				<tilt>19.62526118276895</tilt>
				<range>140.2634914423476</range>
				<gx:altitudeMode>relativeToSeaFloor</gx:altitudeMode>
			</LookAt>
			<styleUrl>#msn_placemark_circle26</styleUrl>
			<Point>
				<gx:drawOrder>1</gx:drawOrder>
				<coordinates>-71.0918736853601,-28.49921305020548,0</coordinates>
			</Point>
		</Placemark>
		<Placemark>
			<name>352</name>
			<LookAt>
				<longitude>-71.09191273715896</longitude>
				<latitude>-28.49907820118531</latitude>
				<altitude>0</altitude>
				<heading>0.0001864092087176398</heading>
				<tilt>19.62526118276895</tilt>
				<range>140.2634914423476</range>
				<gx:altitudeMode>relativeToSeaFloor</gx:altitudeMode>
			</LookAt>
			<styleUrl>#msn_placemark_circle26</styleUrl>
			<Point>
				<gx:drawOrder>1</gx:drawOrder>
				<coordinates>-71.09188552265432,-28.49927115533612,0</coordinates>
			</Point>
		</Placemark>
		<Placemark>
			<name>353</name>
			<LookAt>
				<longitude>-71.09194257468175</longitude>
				<latitude>-28.49934998407448</latitude>
				<altitude>0</altitude>
				<heading>-0.0002979987356941787</heading>
				<tilt>13.57082214311979</tilt>
				<range>137.2930814978953</range>
				<gx:altitudeMode>relativeToSeaFloor</gx:altitudeMode>
			</LookAt>
			<styleUrl>#msn_placemark_circle7</styleUrl>
			<Point>
				<gx:drawOrder>1</gx:drawOrder>
				<coordinates>-71.09191874370082,-28.49934539943797,0</coordinates>
			</Point>
		</Placemark>
		<Placemark>
			<name>354</name>
			<LookAt>
				<longitude>-71.09201858505504</longitude>
				<latitude>-28.49941951438764</latitude>
				<altitude>0</altitude>
				<heading>-0.0002617298531634077</heading>
				<tilt>13.57082192343147</tilt>
				<range>137.1888052487486</range>
				<gx:altitudeMode>relativeToSeaFloor</gx:altitudeMode>
			</LookAt>
			<styleUrl>#msn_placemark_circle7</styleUrl>
			<Point>
				<gx:drawOrder>1</gx:drawOrder>
				<coordinates>-71.09195037288676,-28.49943970115488,0</coordinates>
			</Point>
		</Placemark>
		<Placemark>
			<name>355</name>
			<LookAt>
				<longitude>-71.09210549882907</longitude>
				<latitude>-28.49944130942398</latitude>
				<altitude>0</altitude>
				<heading>-0.000220258778241805</heading>
				<tilt>13.57082212856618</tilt>
				<range>137.2861182911983</range>
				<gx:altitudeMode>relativeToSeaFloor</gx:altitudeMode>
			</LookAt>
			<styleUrl>#msn_placemark_circle7</styleUrl>
			<Point>
				<gx:drawOrder>1</gx:drawOrder>
				<coordinates>-71.09197724444317,-28.49952576943797,0</coordinates>
			</Point>
		</Placemark>
		<Placemark>
			<name>356</name>
			<LookAt>
				<longitude>-71.09213501910914</longitude>
				<latitude>-28.49948695588922</latitude>
				<altitude>0</altitude>
				<heading>-0.0002061731723278155</heading>
				<tilt>13.57082188226259</tilt>
				<range>137.1692696734731</range>
				<gx:altitudeMode>relativeToSeaFloor</gx:altitudeMode>
			</LookAt>
			<styleUrl>#msn_placemark_circle7</styleUrl>
			<Point>
				<gx:drawOrder>1</gx:drawOrder>
				<coordinates>-71.09201234404051,-28.49962127232888,0</coordinates>
			</Point>
		</Placemark>
		<Placemark>
			<name>357</name>
			<LookAt>
				<longitude>-71.09216429184926</longitude>
				<latitude>-28.4995881140444</latitude>
				<altitude>0</altitude>
				<heading>-0.000192205353542885</heading>
				<tilt>13.57082139038209</tilt>
				<range>136.9358919593809</range>
				<gx:altitudeMode>relativeToSeaFloor</gx:altitudeMode>
			</LookAt>
			<styleUrl>#msn_placemark_circle7</styleUrl>
			<Point>
				<gx:drawOrder>1</gx:drawOrder>
				<coordinates>-71.09204409264852,-28.49970350017209,0</coordinates>
			</Point>
		</Placemark>
		<Placemark>
			<name>358</name>
			<LookAt>
				<longitude>-71.0921756454502</longitude>
				<latitude>-28.4996833572026</latitude>
				<altitude>0</altitude>
				<heading>-0.0001867877342463084</heading>
				<tilt>13.5708210892907</tilt>
				<range>136.7930581560802</range>
				<gx:altitudeMode>relativeToSeaFloor</gx:altitudeMode>
			</LookAt>
			<styleUrl>#msn_placemark_circle7</styleUrl>
			<Point>
				<gx:drawOrder>1</gx:drawOrder>
				<coordinates>-71.09205789734642,-28.49977863536874,0</coordinates>
			</Point>
		</Placemark>
		<Placemark>
			<name>359</name>
			<LookAt>
				<longitude>-71.09219836114893</longitude>
				<latitude>-28.49977589886899</latitude>
				<altitude>0</altitude>
				<heading>-0.0001759485451784265</heading>
				<tilt>13.57082079672286</tilt>
				<range>136.6542614555126</range>
				<gx:altitudeMode>relativeToSeaFloor</gx:altitudeMode>
			</LookAt>
			<styleUrl>#msn_placemark_circle7</styleUrl>
			<Point>
				<gx:drawOrder>1</gx:drawOrder>
				<coordinates>-71.09210191300544,-28.49987358532885,0</coordinates>
			</Point>
		</Placemark>
		<Placemark>
			<name>36</name>
			<LookAt>
				<longitude>-71.09357172538101</longitude>
				<latitude>-28.50013463822125</latitude>
				<altitude>0</altitude>
				<heading>-0.0003081232568875349</heading>
				<tilt>28.87586315903559</tilt>
				<range>80.00502285245297</range>
				<gx:altitudeMode>relativeToSeaFloor</gx:altitudeMode>
			</LookAt>
			<styleUrl>#m_ylw-pushpin000</styleUrl>
			<Point>
				<gx:drawOrder>1</gx:drawOrder>
				<coordinates>-71.09363073222367,-28.50020316891483,0</coordinates>
			</Point>
		</Placemark>
		<Placemark>
			<name>360</name>
			<LookAt>
				<longitude>-71.0922280648317</longitude>
				<latitude>-28.4998440204957</latitude>
				<altitude>0</altitude>
				<heading>-0.0001617749307926666</heading>
				<tilt>13.57082058147242</tilt>
				<range>136.5520893542023</range>
				<gx:altitudeMode>relativeToSeaFloor</gx:altitudeMode>
			</LookAt>
			<styleUrl>#msn_placemark_circle7</styleUrl>
			<Point>
				<gx:drawOrder>1</gx:drawOrder>
				<coordinates>-71.09212666256735,-28.4999774065087,0</coordinates>
			</Point>
		</Placemark>
		<Placemark>
			<name>361</name>
			<LookAt>
				<longitude>-71.0922280648317</longitude>
				<latitude>-28.4998440204957</latitude>
				<altitude>0</altitude>
				<heading>-0.0001617749307926666</heading>
				<tilt>13.57082058147242</tilt>
				<range>136.5520893542023</range>
				<gx:altitudeMode>relativeToSeaFloor</gx:altitudeMode>
			</LookAt>
			<styleUrl>#msn_placemark_circle7</styleUrl>
			<Point>
				<gx:drawOrder>1</gx:drawOrder>
				<coordinates>-71.09215010880899,-28.50005021537392,0</coordinates>
			</Point>
		</Placemark>
		<Placemark>
			<name>362</name>
			<LookAt>
				<longitude>-71.0922280648317</longitude>
				<latitude>-28.4998440204957</latitude>
				<altitude>0</altitude>
				<heading>-0.0001617749307926666</heading>
				<tilt>13.57082058147242</tilt>
				<range>136.5520893542023</range>
				<gx:altitudeMode>relativeToSeaFloor</gx:altitudeMode>
			</LookAt>
			<styleUrl>#msn_placemark_circle7</styleUrl>
			<Point>
				<gx:drawOrder>1</gx:drawOrder>
				<coordinates>-71.09205537314736,-28.50006454128295,0</coordinates>
			</Point>
		</Placemark>
		<Placemark>
			<name>363</name>
			<LookAt>
				<longitude>-71.0922280648317</longitude>
				<latitude>-28.4998440204957</latitude>
				<altitude>0</altitude>
				<heading>-0.0001617749307926666</heading>
				<tilt>13.57082058147242</tilt>
				<range>136.5520893542023</range>
				<gx:altitudeMode>relativeToSeaFloor</gx:altitudeMode>
			</LookAt>
			<styleUrl>#msn_placemark_circle7</styleUrl>
			<Point>
				<gx:drawOrder>1</gx:drawOrder>
				<coordinates>-71.09200902599301,-28.49997371325101,0</coordinates>
			</Point>
		</Placemark>
		<Placemark>
			<name>364</name>
			<LookAt>
				<longitude>-71.09202927364893</longitude>
				<latitude>-28.49977275596043</latitude>
				<altitude>0</altitude>
				<heading>-0.0005072427984614615</heading>
				<tilt>30.00056009785422</tilt>
				<range>124.5811918448</range>
				<gx:altitudeMode>relativeToSeaFloor</gx:altitudeMode>
			</LookAt>
			<styleUrl>#msn_placemark_circle8</styleUrl>
			<Point>
				<gx:drawOrder>1</gx:drawOrder>
				<coordinates>-71.0919835163003,-28.49990883074877,0</coordinates>
			</Point>
		</Placemark>
		<Placemark>
			<name>365</name>
			<LookAt>
				<longitude>-71.09200147374361</longitude>
				<latitude>-28.49967880642731</latitude>
				<altitude>0</altitude>
				<heading>-0.000520507805778768</heading>
				<tilt>30.00056080821265</tilt>
				<range>124.739348722349</range>
				<gx:altitudeMode>relativeToSeaFloor</gx:altitudeMode>
			</LookAt>
			<styleUrl>#msn_placemark_circle8</styleUrl>
			<Point>
				<gx:drawOrder>1</gx:drawOrder>
				<coordinates>-71.09196095791882,-28.49980089803829,0</coordinates>
			</Point>
		</Placemark>
		<Placemark>
			<name>366</name>
			<LookAt>
				<longitude>-71.09203068932398</longitude>
				<latitude>-28.49964598469146</latitude>
				<altitude>0</altitude>
				<heading>0.0002690338760393336</heading>
				<tilt>30.0003549802252</tilt>
				<range>79.03883725011234</range>
				<gx:altitudeMode>relativeToSeaFloor</gx:altitudeMode>
			</LookAt>
			<styleUrl>#msn_placemark_circle26</styleUrl>
			<Point>
				<gx:drawOrder>1</gx:drawOrder>
				<coordinates>-71.0919302146206,-28.49969633006285,0</coordinates>
			</Point>
		</Placemark>
		<Placemark>
			<name>367</name>
			<LookAt>
				<longitude>-71.09198020377757</longitude>
				<latitude>-28.4995731651077</latitude>
				<altitude>0</altitude>
				<heading>0.0002449443113669276</heading>
				<tilt>30.00035553078289</tilt>
				<range>79.16140862777506</range>
				<gx:altitudeMode>relativeToSeaFloor</gx:altitudeMode>
			</LookAt>
			<styleUrl>#msn_placemark_circle26</styleUrl>
			<Point>
				<gx:drawOrder>1</gx:drawOrder>
				<coordinates>-71.09190236768748,-28.49961563995449,0</coordinates>
			</Point>
		</Placemark>
		<Placemark>
			<name>368</name>
			<LookAt>
				<longitude>-71.09198020377757</longitude>
				<latitude>-28.4995731651077</latitude>
				<altitude>0</altitude>
				<heading>0.0002449443113669276</heading>
				<tilt>30.00035553078289</tilt>
				<range>79.16140862777506</range>
				<gx:altitudeMode>relativeToSeaFloor</gx:altitudeMode>
			</LookAt>
			<styleUrl>#msn_placemark_circle26</styleUrl>
			<Point>
				<gx:drawOrder>1</gx:drawOrder>
				<coordinates>-71.09187812496083,-28.49953604411666,0</coordinates>
			</Point>
		</Placemark>
		<Placemark>
			<name>369</name>
			<LookAt>
				<longitude>-71.09194590006823</longitude>
				<latitude>-28.49950465811336</latitude>
				<altitude>0</altitude>
				<heading>0.0002285760945059962</heading>
				<tilt>30.00035604889184</tilt>
				<range>79.27676027662176</range>
				<gx:altitudeMode>relativeToSeaFloor</gx:altitudeMode>
			</LookAt>
			<styleUrl>#msn_placemark_circle26</styleUrl>
			<Point>
				<gx:drawOrder>1</gx:drawOrder>
				<coordinates>-71.09184071069242,-28.49945023076506,0</coordinates>
			</Point>
		</Placemark>
		<Placemark>
			<name>37</name>
			<LookAt>
				<longitude>-71.09358316227777</longitude>
				<latitude>-28.50004472521904</latitude>
				<altitude>0</altitude>
				<heading>-0.0003026660692722362</heading>
				<tilt>28.87586397373957</tilt>
				<range>80.19281959594115</range>
				<gx:altitudeMode>relativeToSeaFloor</gx:altitudeMode>
			</LookAt>
			<styleUrl>#m_ylw-pushpin000</styleUrl>
			<Point>
				<gx:drawOrder>1</gx:drawOrder>
				<coordinates>-71.09360938104494,-28.50010836326528,0</coordinates>
			</Point>
		</Placemark>
		<Placemark>
			<name>370</name>
			<LookAt>
				<longitude>-71.09192747002585</longitude>
				<latitude>-28.49933155035475</latitude>
				<altitude>0</altitude>
				<heading>0.0002197819606747381</heading>
				<tilt>30.0003573579186</tilt>
				<range>79.56820845496891</range>
				<gx:altitudeMode>relativeToSeaFloor</gx:altitudeMode>
			</LookAt>
			<styleUrl>#msn_placemark_circle26</styleUrl>
			<Point>
				<gx:drawOrder>1</gx:drawOrder>
				<coordinates>-71.0918121308558,-28.49935654562234,0</coordinates>
			</Point>
		</Placemark>
		<Placemark>
			<name>371</name>
			<LookAt>
				<longitude>-71.09182638465197</longitude>
				<latitude>-28.49915238331112</latitude>
				<altitude>0</altitude>
				<heading>0.0001715489800897752</heading>
				<tilt>30.00035818774371</tilt>
				<range>79.75295614665131</range>
				<gx:altitudeMode>relativeToSeaFloor</gx:altitudeMode>
			</LookAt>
			<styleUrl>#msn_placemark_circle26</styleUrl>
			<Point>
				<gx:drawOrder>1</gx:drawOrder>
				<coordinates>-71.09179318697986,-28.49927825908519,0</coordinates>
			</Point>
		</Placemark>
		<Placemark>
			<name>372</name>
			<LookAt>
				<longitude>-71.09182715547571</longitude>
				<latitude>-28.49914968605206</latitude>
				<altitude>0</altitude>
				<heading>0.0001719167777013293</heading>
				<tilt>30.00035818774274</tilt>
				<range>79.75295500702391</range>
				<gx:altitudeMode>relativeToSeaFloor</gx:altitudeMode>
			</LookAt>
			<styleUrl>#msn_placemark_circle26</styleUrl>
			<Point>
				<gx:drawOrder>1</gx:drawOrder>
				<coordinates>-71.09177589124096,-28.49922238134226,0</coordinates>
			</Point>
		</Placemark>
		<Placemark>
			<name>373</name>
			<LookAt>
				<longitude>-71.09182792381274</longitude>
				<latitude>-28.49914699705175</latitude>
				<altitude>0</altitude>
				<heading>0.0001722833690668468</heading>
				<tilt>30.00035818778052</tilt>
				<range>79.75295899443856</range>
				<gx:altitudeMode>relativeToSeaFloor</gx:altitudeMode>
			</LookAt>
			<styleUrl>#msn_placemark_circle26</styleUrl>
			<Point>
				<gx:drawOrder>1</gx:drawOrder>
				<coordinates>-71.09175715980244,-28.49916442743968,0</coordinates>
			</Point>
		</Placemark>
		<Placemark>
			<name>374</name>
			<LookAt>
				<longitude>-71.09176587353328</longitude>
				<latitude>-28.4989526557136</latitude>
				<altitude>0</altitude>
				<heading>0.0001426762556067094</heading>
				<tilt>30.00035818773332</tilt>
				<range>79.75295896636314</range>
				<gx:altitudeMode>relativeToSeaFloor</gx:altitudeMode>
			</LookAt>
			<styleUrl>#msn_placemark_circle26</styleUrl>
			<Point>
				<gx:drawOrder>1</gx:drawOrder>
				<coordinates>-71.09172688820561,-28.49906585797384,0</coordinates>
			</Point>
		</Placemark>
		<Placemark>
			<name>375</name>
			<LookAt>
				<longitude>-71.09176587353328</longitude>
				<latitude>-28.4989526557136</latitude>
				<altitude>0</altitude>
				<heading>0.0001426762556067094</heading>
				<tilt>30.00035818773332</tilt>
				<range>79.75295896636314</range>
				<gx:altitudeMode>relativeToSeaFloor</gx:altitudeMode>
			</LookAt>
			<styleUrl>#msn_placemark_circle26</styleUrl>
			<Point>
				<gx:drawOrder>1</gx:drawOrder>
				<coordinates>-71.0916945741123,-28.49897649489117,0</coordinates>
			</Point>
		</Placemark>
		<Placemark>
			<name>376</name>
			<LookAt>
				<longitude>-71.09176563947366</longitude>
				<latitude>-28.49883972676757</latitude>
				<altitude>0</altitude>
				<heading>0.0001425643140922649</heading>
				<tilt>30.00035818772791</tilt>
				<range>79.75295211559416</range>
				<gx:altitudeMode>relativeToSeaFloor</gx:altitudeMode>
			</LookAt>
			<styleUrl>#msn_placemark_circle26</styleUrl>
			<Point>
				<gx:drawOrder>1</gx:drawOrder>
				<coordinates>-71.09166443575555,-28.49888303429302,0</coordinates>
			</Point>
		</Placemark>
		<Placemark>
			<name>377</name>
			<LookAt>
				<longitude>-71.09173861740372</longitude>
				<latitude>-28.49910207668481</latitude>
				<altitude>0</altitude>
				<heading>0.0001033319461672098</heading>
				<tilt>19.62526052809713</tilt>
				<range>140.0465170905998</range>
				<gx:altitudeMode>relativeToSeaFloor</gx:altitudeMode>
			</LookAt>
			<styleUrl>#msn_placemark_circle26</styleUrl>
			<Point>
				<gx:drawOrder>1</gx:drawOrder>
				<coordinates>-71.09159576259462,-28.49899993628363,0</coordinates>
			</Point>
		</Placemark>
		<Placemark>
			<name>378</name>
			<LookAt>
				<longitude>-71.09173861740372</longitude>
				<latitude>-28.49910207668481</latitude>
				<altitude>0</altitude>
				<heading>0.0001033319461672098</heading>
				<tilt>19.62526052809713</tilt>
				<range>140.0465170905998</range>
				<gx:altitudeMode>relativeToSeaFloor</gx:altitudeMode>
			</LookAt>
			<styleUrl>#msn_placemark_circle26</styleUrl>
			<Point>
				<gx:drawOrder>1</gx:drawOrder>
				<coordinates>-71.0916360066437,-28.4990879526162,0</coordinates>
			</Point>
		</Placemark>
		<Placemark>
			<name>379</name>
			<LookAt>
				<longitude>-71.09173861740372</longitude>
				<latitude>-28.49910207668481</latitude>
				<altitude>0</altitude>
				<heading>0.0001033319461672098</heading>
				<tilt>19.62526052809713</tilt>
				<range>140.0465170905998</range>
				<gx:altitudeMode>relativeToSeaFloor</gx:altitudeMode>
			</LookAt>
			<styleUrl>#msn_placemark_circle26</styleUrl>
			<Point>
				<gx:drawOrder>1</gx:drawOrder>
				<coordinates>-71.09165589348005,-28.49918128567702,0</coordinates>
			</Point>
		</Placemark>
		<Placemark>
			<name>38</name>
			<LookAt>
				<longitude>-71.09356838530219</longitude>
				<latitude>-28.49994151671503</latitude>
				<altitude>0</altitude>
				<heading>-0.0003097170630378061</heading>
				<tilt>28.87586450575974</tilt>
				<range>80.31543986580486</range>
				<gx:altitudeMode>relativeToSeaFloor</gx:altitudeMode>
			</LookAt>
			<styleUrl>#m_ylw-pushpin000</styleUrl>
			<Point>
				<gx:drawOrder>1</gx:drawOrder>
				<coordinates>-71.09358961367406,-28.5000169259393,0</coordinates>
			</Point>
		</Placemark>
		<Placemark>
			<name>380</name>
			<LookAt>
				<longitude>-71.09173861740372</longitude>
				<latitude>-28.49910207668481</latitude>
				<altitude>0</altitude>
				<heading>0.0001033319461672098</heading>
				<tilt>19.62526052809713</tilt>
				<range>140.0465170905998</range>
				<gx:altitudeMode>relativeToSeaFloor</gx:altitudeMode>
			</LookAt>
			<styleUrl>#msn_placemark_circle26</styleUrl>
			<Point>
				<gx:drawOrder>1</gx:drawOrder>
				<coordinates>-71.09167144778309,-28.49924216718917,0</coordinates>
			</Point>
		</Placemark>
		<Placemark>
			<name>381</name>
			<LookAt>
				<longitude>-71.09173861740372</longitude>
				<latitude>-28.49910207668481</latitude>
				<altitude>0</altitude>
				<heading>0.0001033319461672098</heading>
				<tilt>19.62526052809713</tilt>
				<range>140.0465170905998</range>
				<gx:altitudeMode>relativeToSeaFloor</gx:altitudeMode>
			</LookAt>
			<styleUrl>#msn_placemark_circle26</styleUrl>
			<Point>
				<gx:drawOrder>1</gx:drawOrder>
				<coordinates>-71.09168644195958,-28.49929853841897,0</coordinates>
			</Point>
		</Placemark>
		<Placemark>
			<name>382</name>
			<LookAt>
				<longitude>-71.09184719674754</longitude>
				<latitude>-28.49942817097442</latitude>
				<altitude>0</altitude>
				<heading>0.0001551399061272218</heading>
				<tilt>19.62525956404419</tilt>
				<range>139.7270549348428</range>
				<gx:altitudeMode>relativeToSeaFloor</gx:altitudeMode>
			</LookAt>
			<styleUrl>#msn_placemark_circle26</styleUrl>
			<Point>
				<gx:drawOrder>1</gx:drawOrder>
				<coordinates>-71.09170496396078,-28.49937227431157,0</coordinates>
			</Point>
		</Placemark>
		<Placemark>
			<name>383</name>
			<LookAt>
				<longitude>-71.09184719674754</longitude>
				<latitude>-28.49942817097442</latitude>
				<altitude>0</altitude>
				<heading>0.0001551399061272218</heading>
				<tilt>19.62525956404419</tilt>
				<range>139.7270549348428</range>
				<gx:altitudeMode>relativeToSeaFloor</gx:altitudeMode>
			</LookAt>
			<styleUrl>#msn_placemark_circle26</styleUrl>
			<Point>
				<gx:drawOrder>1</gx:drawOrder>
				<coordinates>-71.09172890278099,-28.49946612111132,0</coordinates>
			</Point>
		</Placemark>
		<Placemark>
			<name>384</name>
			<LookAt>
				<longitude>-71.09184719674754</longitude>
				<latitude>-28.49942817097442</latitude>
				<altitude>0</altitude>
				<heading>0.0001551399061272218</heading>
				<tilt>19.62525956404419</tilt>
				<range>139.7270549348428</range>
				<gx:altitudeMode>relativeToSeaFloor</gx:altitudeMode>
			</LookAt>
			<styleUrl>#msn_placemark_circle26</styleUrl>
			<Point>
				<gx:drawOrder>1</gx:drawOrder>
				<coordinates>-71.0917569778767,-28.49954244447002,0</coordinates>
			</Point>
		</Placemark>
		<Placemark>
			<name>385</name>
			<LookAt>
				<longitude>-71.09183164925292</longitude>
				<latitude>-28.49967375832069</latitude>
				<altitude>0</altitude>
				<heading>0.0001477216189157995</heading>
				<tilt>19.62525836585593</tilt>
				<range>139.3298838398569</range>
				<gx:altitudeMode>relativeToSeaFloor</gx:altitudeMode>
			</LookAt>
			<styleUrl>#msn_placemark_circle26</styleUrl>
			<Point>
				<gx:drawOrder>1</gx:drawOrder>
				<coordinates>-71.09179096948792,-28.499635816216,0</coordinates>
			</Point>
		</Placemark>
		<Placemark>
			<name>386</name>
			<LookAt>
				<longitude>-71.09189087192264</longitude>
				<latitude>-28.49957428951607</latitude>
				<altitude>0</altitude>
				<heading>-0.0003226657479835982</heading>
				<tilt>13.5708214340858</tilt>
				<range>136.956626605905</range>
				<gx:altitudeMode>relativeToSeaFloor</gx:altitudeMode>
			</LookAt>
			<styleUrl>#msn_placemark_circle7</styleUrl>
			<Point>
				<gx:drawOrder>1</gx:drawOrder>
				<coordinates>-71.09181730059555,-28.49970463850211,0</coordinates>
			</Point>
		</Placemark>
		<Placemark>
			<name>387</name>
			<LookAt>
				<longitude>-71.09193405672242</longitude>
				<latitude>-28.49973172900799</latitude>
				<altitude>0</altitude>
				<heading>-0.0003020595144465831</heading>
				<tilt>13.5708209365041</tilt>
				<range>136.7205294135869</range>
				<gx:altitudeMode>relativeToSeaFloor</gx:altitudeMode>
			</LookAt>
			<styleUrl>#msn_placemark_circle7</styleUrl>
			<Point>
				<gx:drawOrder>1</gx:drawOrder>
				<coordinates>-71.09185403347274,-28.49980301911496,0</coordinates>
			</Point>
		</Placemark>
		<Placemark>
			<name>388</name>
			<LookAt>
				<longitude>-71.09196693460152</longitude>
				<latitude>-28.49981971256305</latitude>
				<altitude>0</altitude>
				<heading>0.0002222613735839383</heading>
				<tilt>26.17954432608728</tilt>
				<range>120.0639900657279</range>
				<gx:altitudeMode>relativeToSeaFloor</gx:altitudeMode>
			</LookAt>
			<styleUrl>#msn_placemark_circle26</styleUrl>
			<Point>
				<gx:drawOrder>1</gx:drawOrder>
				<coordinates>-71.09188949391856,-28.49989964661971,0</coordinates>
			</Point>
		</Placemark>
		<Placemark>
			<name>389</name>
			<LookAt>
				<longitude>-71.09201686043625</longitude>
				<latitude>-28.50007086285325</latitude>
				<altitude>0</altitude>
				<heading>0.0002316303444916542</heading>
				<tilt>11.69832230894381</tilt>
				<range>124.0794528300459</range>
				<gx:altitudeMode>relativeToSeaFloor</gx:altitudeMode>
			</LookAt>
			<styleUrl>#msn_placemark_circle26</styleUrl>
			<Point>
				<gx:drawOrder>1</gx:drawOrder>
				<coordinates>-71.09193830026702,-28.50011038455857,0</coordinates>
			</Point>
		</Placemark>
		<Placemark>
			<name>39</name>
			<LookAt>
				<longitude>-71.09350134307583</longitude>
				<latitude>-28.4999328811838</latitude>
				<altitude>0</altitude>
				<heading>-0.0003417070530321372</heading>
				<tilt>28.8758635995519</tilt>
				<range>80.10657008484549</range>
				<gx:altitudeMode>relativeToSeaFloor</gx:altitudeMode>
			</LookAt>
			<styleUrl>#m_ylw-pushpin000</styleUrl>
			<Point>
				<gx:drawOrder>1</gx:drawOrder>
				<coordinates>-71.09348766079131,-28.50003621712666,0</coordinates>
			</Point>
		</Placemark>
		<Placemark>
			<name>390</name>
			<LookAt>
				<longitude>-71.09199481819549</longitude>
				<latitude>-28.50009409246185</latitude>
				<altitude>0</altitude>
				<heading>0.0002211133665521585</heading>
				<tilt>11.69832255352171</tilt>
				<range>124.2137268216228</range>
				<gx:altitudeMode>relativeToSeaFloor</gx:altitudeMode>
			</LookAt>
			<styleUrl>#msn_placemark_circle26</styleUrl>
			<Point>
				<gx:drawOrder>1</gx:drawOrder>
				<coordinates>-71.09189802007678,-28.50004960714665,0</coordinates>
			</Point>
		</Placemark>
		<Placemark>
			<name>391</name>
			<LookAt>
				<longitude>-71.09199481819549</longitude>
				<latitude>-28.50009409246185</latitude>
				<altitude>0</altitude>
				<heading>0.0002211133665521585</heading>
				<tilt>11.69832255352171</tilt>
				<range>124.2137268216228</range>
				<gx:altitudeMode>relativeToSeaFloor</gx:altitudeMode>
			</LookAt>
			<styleUrl>#msn_placemark_circle26</styleUrl>
			<Point>
				<gx:drawOrder>1</gx:drawOrder>
				<coordinates>-71.09184174468273,-28.49995462848087,0</coordinates>
			</Point>
		</Placemark>
		<Placemark>
			<name>392</name>
			<LookAt>
				<longitude>-71.09194574148577</longitude>
				<latitude>-28.49993559941558</latitude>
				<altitude>0</altitude>
				<heading>-0.000296484456691353</heading>
				<tilt>13.57082046357023</tilt>
				<range>136.4961797572848</range>
				<gx:altitudeMode>relativeToSeaFloor</gx:altitudeMode>
			</LookAt>
			<styleUrl>#msn_placemark_circle7</styleUrl>
			<Point>
				<gx:drawOrder>1</gx:drawOrder>
				<coordinates>-71.09181072295966,-28.49989854746968,0</coordinates>
			</Point>
		</Placemark>
		<Placemark>
			<name>393</name>
			<LookAt>
				<longitude>-71.09193405672242</longitude>
				<latitude>-28.49973172900799</latitude>
				<altitude>0</altitude>
				<heading>-0.0003020595144465831</heading>
				<tilt>13.5708209365041</tilt>
				<range>136.7205294135869</range>
				<gx:altitudeMode>relativeToSeaFloor</gx:altitudeMode>
			</LookAt>
			<styleUrl>#msn_placemark_circle7</styleUrl>
			<Point>
				<gx:drawOrder>1</gx:drawOrder>
				<coordinates>-71.09177379741307,-28.49981454269172,0</coordinates>
			</Point>
		</Placemark>
		<Placemark>
			<name>394</name>
			<LookAt>
				<longitude>-71.09189087192264</longitude>
				<latitude>-28.49957428951607</latitude>
				<altitude>0</altitude>
				<heading>-0.0003226657479835982</heading>
				<tilt>13.5708214340858</tilt>
				<range>136.956626605905</range>
				<gx:altitudeMode>relativeToSeaFloor</gx:altitudeMode>
			</LookAt>
			<styleUrl>#msn_placemark_circle7</styleUrl>
			<Point>
				<gx:drawOrder>1</gx:drawOrder>
				<coordinates>-71.09172252925723,-28.49971467338861,0</coordinates>
			</Point>
		</Placemark>
		<Placemark>
			<name>395</name>
			<LookAt>
				<longitude>-71.09156953667757</longitude>
				<latitude>-28.49951025295751</latitude>
				<altitude>0</altitude>
				<heading>1.818860564226268e-005</heading>
				<tilt>11.69832220760725</tilt>
				<range>124.0238316442316</range>
				<gx:altitudeMode>relativeToSeaFloor</gx:altitudeMode>
			</LookAt>
			<styleUrl>#msn_placemark_circle26</styleUrl>
			<Point>
				<gx:drawOrder>1</gx:drawOrder>
				<coordinates>-71.09167871781362,-28.49962199812085,0</coordinates>
			</Point>
		</Placemark>
		<Placemark>
			<name>396</name>
			<LookAt>
				<longitude>-71.09189185114214</longitude>
				<latitude>-28.49945302340795</latitude>
				<altitude>0</altitude>
				<heading>-0.0003221983410448995</heading>
				<tilt>13.57082181751226</tilt>
				<range>137.138529042657</range>
				<gx:altitudeMode>relativeToSeaFloor</gx:altitudeMode>
			</LookAt>
			<styleUrl>#msn_placemark_circle7</styleUrl>
			<Point>
				<gx:drawOrder>1</gx:drawOrder>
				<coordinates>-71.09163015104809,-28.4995477375102,0</coordinates>
			</Point>
		</Placemark>
		<Placemark>
			<name>397</name>
			<LookAt>
				<longitude>-71.0914985647083</longitude>
				<latitude>-28.49947306783917</latitude>
				<altitude>0</altitude>
				<heading>-1.567532354856252e-005</heading>
				<tilt>11.69832211608681</tilt>
				<range>123.973530162621</range>
				<gx:altitudeMode>relativeToSeaFloor</gx:altitudeMode>
			</LookAt>
			<styleUrl>#msn_placemark_circle26</styleUrl>
			<Point>
				<gx:drawOrder>1</gx:drawOrder>
				<coordinates>-71.09159747298428,-28.4994509891252,0</coordinates>
			</Point>
		</Placemark>
		<Placemark>
			<name>398</name>
			<LookAt>
				<longitude>-71.09135030685022</longitude>
				<latitude>-28.49936373262396</latitude>
				<altitude>0</altitude>
				<heading>-8.641585545540823e-005</heading>
				<tilt>11.698322010511</tilt>
				<range>123.9156043701566</range>
				<gx:altitudeMode>relativeToSeaFloor</gx:altitudeMode>
			</LookAt>
			<styleUrl>#msn_placemark_circle26</styleUrl>
			<Point>
				<gx:drawOrder>1</gx:drawOrder>
				<coordinates>-71.09155782572469,-28.49938131614006,0</coordinates>
			</Point>
		</Placemark>
		<Placemark>
			<name>399</name>
			<LookAt>
				<longitude>-71.09172191956751</longitude>
				<latitude>-28.49917771183155</latitude>
				<altitude>0</altitude>
				<heading>-0.0006538976387011132</heading>
				<tilt>30.00056368440623</tilt>
				<range>125.3796967954977</range>
				<gx:altitudeMode>relativeToSeaFloor</gx:altitudeMode>
			</LookAt>
			<styleUrl>#msn_placemark_circle8</styleUrl>
			<Point>
				<gx:drawOrder>1</gx:drawOrder>
				<coordinates>-71.09152176248752,-28.49928430602117,0</coordinates>
			</Point>
		</Placemark>
		<Placemark>
			<name>4</name>
			<LookAt>
				<longitude>-71.09371772978733</longitude>
				<latitude>-28.50028525743521</latitude>
				<altitude>0</altitude>
				<heading>2.492793810127328e-005</heading>
				<tilt>0</tilt>
				<range>95.71340404396165</range>
				<gx:altitudeMode>relativeToSeaFloor</gx:altitudeMode>
			</LookAt>
			<styleUrl>#m_ylw-pushpin000</styleUrl>
			<Point>
				<gx:drawOrder>1</gx:drawOrder>
				<coordinates>-71.0937524889831,-28.5002547107591,0</coordinates>
			</Point>
		</Placemark>
		<Placemark>
			<name>40</name>
			<LookAt>
				<longitude>-71.09356902993669</longitude>
				<latitude>-28.50015903358146</latitude>
				<altitude>0</altitude>
				<heading>-0.0003094092714009039</heading>
				<tilt>28.87586294387948</tilt>
				<range>79.95542475681268</range>
				<gx:altitudeMode>relativeToSeaFloor</gx:altitudeMode>
			</LookAt>
			<styleUrl>#m_ylw-pushpin000</styleUrl>
			<Point>
				<gx:drawOrder>1</gx:drawOrder>
				<coordinates>-71.09352467832682,-28.50012093762349,0</coordinates>
			</Point>
		</Placemark>
		<Placemark>
			<name>400</name>
			<LookAt>
				<longitude>-71.09172191956751</longitude>
				<latitude>-28.49917771183155</latitude>
				<altitude>0</altitude>
				<heading>-0.0006538976387011132</heading>
				<tilt>30.00056368440623</tilt>
				<range>125.3796967954977</range>
				<gx:altitudeMode>relativeToSeaFloor</gx:altitudeMode>
			</LookAt>
			<styleUrl>#msn_placemark_circle8</styleUrl>
			<Point>
				<gx:drawOrder>1</gx:drawOrder>
				<coordinates>-71.09148952729979,-28.49920359218164,0</coordinates>
			</Point>
		</Placemark>
		<Placemark>
			<name>401</name>
			<LookAt>
				<longitude>-71.09172191956751</longitude>
				<latitude>-28.49917771183155</latitude>
				<altitude>0</altitude>
				<heading>-0.0006538976387011132</heading>
				<tilt>30.00056368440623</tilt>
				<range>125.3796967954977</range>
				<gx:altitudeMode>relativeToSeaFloor</gx:altitudeMode>
			</LookAt>
			<styleUrl>#msn_placemark_circle8</styleUrl>
			<Point>
				<gx:drawOrder>1</gx:drawOrder>
				<coordinates>-71.09143704760564,-28.49913221329802,0</coordinates>
			</Point>
		</Placemark>
		<Placemark>
			<name>402</name>
			<LookAt>
				<longitude>-71.09167436084366</longitude>
				<latitude>-28.49910240985426</latitude>
				<altitude>0</altitude>
				<heading>-0.0005288800077908153</heading>
				<tilt>29.41537882798204</tilt>
				<range>86.65888255246841</range>
				<gx:altitudeMode>relativeToSeaFloor</gx:altitudeMode>
			</LookAt>
			<styleUrl>#msn_placemark_circle26</styleUrl>
			<Point>
				<gx:drawOrder>1</gx:drawOrder>
				<coordinates>-71.09153358196372,-28.49910851825818,0</coordinates>
			</Point>
		</Placemark>
		<Placemark>
			<name>403</name>
			<LookAt>
				<longitude>-71.09167436084366</longitude>
				<latitude>-28.49910240985426</latitude>
				<altitude>0</altitude>
				<heading>-0.0005288800077908153</heading>
				<tilt>29.41537882798204</tilt>
				<range>86.65888255246841</range>
				<gx:altitudeMode>relativeToSeaFloor</gx:altitudeMode>
			</LookAt>
			<styleUrl>#msn_placemark_circle26</styleUrl>
			<Point>
				<gx:drawOrder>1</gx:drawOrder>
				<coordinates>-71.09156638753917,-28.49919734077254,0</coordinates>
			</Point>
		</Placemark>
		<Placemark>
			<name>404</name>
			<LookAt>
				<longitude>-71.09171829754475</longitude>
				<latitude>-28.49919270614614</latitude>
				<altitude>0</altitude>
				<heading>-0.0005079155157485743</heading>
				<tilt>29.4153784855943</tilt>
				<range>86.58126914656089</range>
				<gx:altitudeMode>relativeToSeaFloor</gx:altitudeMode>
			</LookAt>
			<styleUrl>#msn_placemark_circle26</styleUrl>
			<Point>
				<gx:drawOrder>1</gx:drawOrder>
				<coordinates>-71.0915879365029,-28.49925438585366,0</coordinates>
			</Point>
		</Placemark>
		<Placemark>
			<name>405</name>
			<LookAt>
				<longitude>-71.09171829754475</longitude>
				<latitude>-28.49919270614614</latitude>
				<altitude>0</altitude>
				<heading>-0.0005079155157485743</heading>
				<tilt>29.4153784855943</tilt>
				<range>86.58126914656089</range>
				<gx:altitudeMode>relativeToSeaFloor</gx:altitudeMode>
			</LookAt>
			<styleUrl>#msn_placemark_circle26</styleUrl>
			<Point>
				<gx:drawOrder>1</gx:drawOrder>
				<coordinates>-71.09160753092206,-28.4993052563437,0</coordinates>
			</Point>
		</Placemark>
		<Placemark>
			<name>406</name>
			<LookAt>
				<longitude>-71.09174666760285</longitude>
				<latitude>-28.49938262272677</latitude>
				<altitude>0</altitude>
				<heading>-0.000494378751965267</heading>
				<tilt>29.41537729264062</tilt>
				<range>86.31088356675471</range>
				<gx:altitudeMode>relativeToSeaFloor</gx:altitudeMode>
			</LookAt>
			<styleUrl>#msn_placemark_circle26</styleUrl>
			<Point>
				<gx:drawOrder>1</gx:drawOrder>
				<coordinates>-71.09163401017962,-28.4993839208025,0</coordinates>
			</Point>
		</Placemark>
		<Placemark>
			<name>407</name>
			<LookAt>
				<longitude>-71.0918293563721</longitude>
				<latitude>-28.49942429648749</latitude>
				<altitude>0</altitude>
				<heading>-0.00035201789134301</heading>
				<tilt>13.57082186626938</tilt>
				<range>137.1616731964214</range>
				<gx:altitudeMode>relativeToSeaFloor</gx:altitudeMode>
			</LookAt>
			<styleUrl>#msn_placemark_circle7</styleUrl>
			<Point>
				<gx:drawOrder>1</gx:drawOrder>
				<coordinates>-71.09166589752122,-28.49946430288749,0</coordinates>
			</Point>
		</Placemark>
		<Placemark>
			<name>408</name>
			<LookAt>
				<longitude>-71.09136374747176</longitude>
				<latitude>-28.49950279846606</latitude>
				<altitude>0</altitude>
				<heading>-8.000652283567873e-005</heading>
				<tilt>11.69832166982854</tilt>
				<range>123.7285391064494</range>
				<gx:altitudeMode>relativeToSeaFloor</gx:altitudeMode>
			</LookAt>
			<styleUrl>#msn_placemark_circle26</styleUrl>
			<Point>
				<gx:drawOrder>1</gx:drawOrder>
				<coordinates>-71.09138224138941,-28.49922845664819,0</coordinates>
			</Point>
		</Placemark>
		<Placemark>
			<name>409</name>
			<LookAt>
				<longitude>-71.09136374747176</longitude>
				<latitude>-28.49950279846606</latitude>
				<altitude>0</altitude>
				<heading>-8.000652283567873e-005</heading>
				<tilt>11.69832166982854</tilt>
				<range>123.7285391064494</range>
				<gx:altitudeMode>relativeToSeaFloor</gx:altitudeMode>
			</LookAt>
			<styleUrl>#msn_placemark_circle26</styleUrl>
			<Point>
				<gx:drawOrder>1</gx:drawOrder>
				<coordinates>-71.09142255161655,-28.49930252389857,0</coordinates>
			</Point>
		</Placemark>
		<Placemark>
			<name>41</name>
			<LookAt>
				<longitude>-71.09356902993669</longitude>
				<latitude>-28.50015903358146</latitude>
				<altitude>0</altitude>
				<heading>-0.0003094092714009039</heading>
				<tilt>28.87586294387948</tilt>
				<range>79.95542475681268</range>
				<gx:altitudeMode>relativeToSeaFloor</gx:altitudeMode>
			</LookAt>
			<styleUrl>#m_ylw-pushpin000</styleUrl>
			<Point>
				<gx:drawOrder>1</gx:drawOrder>
				<coordinates>-71.09354695443483,-28.50022305571079,0</coordinates>
			</Point>
		</Placemark>
		<Placemark>
			<name>410</name>
			<LookAt>
				<longitude>-71.09136374747176</longitude>
				<latitude>-28.49950279846606</latitude>
				<altitude>0</altitude>
				<heading>-8.000652283567873e-005</heading>
				<tilt>11.69832166982854</tilt>
				<range>123.7285391064494</range>
				<gx:altitudeMode>relativeToSeaFloor</gx:altitudeMode>
			</LookAt>
			<styleUrl>#msn_placemark_circle26</styleUrl>
			<Point>
				<gx:drawOrder>1</gx:drawOrder>
				<coordinates>-71.09146183469788,-28.49937343096966,0</coordinates>
			</Point>
		</Placemark>
		<Placemark>
			<name>411</name>
			<LookAt>
				<longitude>-71.09136374747176</longitude>
				<latitude>-28.49950279846606</latitude>
				<altitude>0</altitude>
				<heading>-8.000652283567873e-005</heading>
				<tilt>11.69832166982854</tilt>
				<range>123.7285391064494</range>
				<gx:altitudeMode>relativeToSeaFloor</gx:altitudeMode>
			</LookAt>
			<styleUrl>#msn_placemark_circle26</styleUrl>
			<Point>
				<gx:drawOrder>1</gx:drawOrder>
				<coordinates>-71.09149818704786,-28.499466433255,0</coordinates>
			</Point>
		</Placemark>
		<Placemark>
			<name>412</name>
			<LookAt>
				<longitude>-71.09136374747176</longitude>
				<latitude>-28.49950279846606</latitude>
				<altitude>0</altitude>
				<heading>-8.000652283567873e-005</heading>
				<tilt>11.69832166982854</tilt>
				<range>123.7285391064494</range>
				<gx:altitudeMode>relativeToSeaFloor</gx:altitudeMode>
			</LookAt>
			<styleUrl>#msn_placemark_circle26</styleUrl>
			<Point>
				<gx:drawOrder>1</gx:drawOrder>
				<coordinates>-71.09154118547509,-28.49955283202883,0</coordinates>
			</Point>
		</Placemark>
		<Placemark>
			<name>413</name>
			<LookAt>
				<longitude>-71.09162310270045</longitude>
				<latitude>-28.49954135770689</latitude>
				<altitude>0</altitude>
				<heading>4.374594415314131e-005</heading>
				<tilt>11.69832226846951</tilt>
				<range>124.0572644748833</range>
				<gx:altitudeMode>relativeToSeaFloor</gx:altitudeMode>
			</LookAt>
			<styleUrl>#msn_placemark_circle26</styleUrl>
			<Point>
				<gx:drawOrder>1</gx:drawOrder>
				<coordinates>-71.09159948927143,-28.49964882019674,0</coordinates>
			</Point>
		</Placemark>
		<Placemark>
			<name>414</name>
			<LookAt>
				<longitude>-71.0917019616771</longitude>
				<latitude>-28.49964786322536</latitude>
				<altitude>0</altitude>
				<heading>8.137382278979549e-005</heading>
				<tilt>11.69832219364114</tilt>
				<range>124.0161193877166</range>
				<gx:altitudeMode>relativeToSeaFloor</gx:altitudeMode>
			</LookAt>
			<styleUrl>#msn_placemark_circle26</styleUrl>
			<Point>
				<gx:drawOrder>1</gx:drawOrder>
				<coordinates>-71.09162945967783,-28.49972369818097,0</coordinates>
			</Point>
		</Placemark>
		<Placemark>
			<name>415</name>
			<LookAt>
				<longitude>-71.09179950138679</longitude>
				<latitude>-28.49984987315428</latitude>
				<altitude>0</altitude>
				<heading>0.0001279153097028062</heading>
				<tilt>11.69832191026054</tilt>
				<range>123.8605685928507</range>
				<gx:altitudeMode>relativeToSeaFloor</gx:altitudeMode>
			</LookAt>
			<styleUrl>#msn_placemark_circle26</styleUrl>
			<Point>
				<gx:drawOrder>1</gx:drawOrder>
				<coordinates>-71.09167572273641,-28.49981072298671,0</coordinates>
			</Point>
		</Placemark>
		<Placemark>
			<name>416</name>
			<LookAt>
				<longitude>-71.09179950138679</longitude>
				<latitude>-28.49984987315428</latitude>
				<altitude>0</altitude>
				<heading>0.0001279153097028062</heading>
				<tilt>11.69832191026054</tilt>
				<range>123.8605685928507</range>
				<gx:altitudeMode>relativeToSeaFloor</gx:altitudeMode>
			</LookAt>
			<styleUrl>#msn_placemark_circle26</styleUrl>
			<Point>
				<gx:drawOrder>1</gx:drawOrder>
				<coordinates>-71.09170990646314,-28.49989478045029,0</coordinates>
			</Point>
		</Placemark>
		<Placemark>
			<name>417</name>
			<LookAt>
				<longitude>-71.09179950138679</longitude>
				<latitude>-28.49984987315428</latitude>
				<altitude>0</altitude>
				<heading>0.0001279153097028062</heading>
				<tilt>11.69832191026054</tilt>
				<range>123.8605685928507</range>
				<gx:altitudeMode>relativeToSeaFloor</gx:altitudeMode>
			</LookAt>
			<styleUrl>#msn_placemark_circle26</styleUrl>
			<Point>
				<gx:drawOrder>1</gx:drawOrder>
				<coordinates>-71.09175431900202,-28.49997922327525,0</coordinates>
			</Point>
		</Placemark>
		<Placemark>
			<name>418</name>
			<LookAt>
				<longitude>-71.09186514450985</longitude>
				<latitude>-28.500136599518</latitude>
				<altitude>0</altitude>
				<heading>0.0001592377435354708</heading>
				<tilt>11.69832360265914</tilt>
				<range>124.7897232269529</range>
				<gx:altitudeMode>relativeToSeaFloor</gx:altitudeMode>
			</LookAt>
			<styleUrl>#msn_placemark_circle26</styleUrl>
			<Point>
				<gx:drawOrder>1</gx:drawOrder>
				<coordinates>-71.09179021978076,-28.50006047678224,0</coordinates>
			</Point>
		</Placemark>
		<Placemark>
			<name>419</name>
			<LookAt>
				<longitude>-71.09186514450985</longitude>
				<latitude>-28.500136599518</latitude>
				<altitude>0</altitude>
				<heading>0.0001592377435354708</heading>
				<tilt>11.69832360265914</tilt>
				<range>124.7897232269529</range>
				<gx:altitudeMode>relativeToSeaFloor</gx:altitudeMode>
			</LookAt>
			<styleUrl>#msn_placemark_circle26</styleUrl>
			<Point>
				<gx:drawOrder>1</gx:drawOrder>
				<coordinates>-71.09182646292933,-28.50014060766923,0</coordinates>
			</Point>
		</Placemark>
		<Placemark>
			<name>42</name>
			<LookAt>
				<longitude>-71.09356902993669</longitude>
				<latitude>-28.50015903358146</latitude>
				<altitude>0</altitude>
				<heading>-0.0003094092714009039</heading>
				<tilt>28.87586294387948</tilt>
				<range>79.95542475681268</range>
				<gx:altitudeMode>relativeToSeaFloor</gx:altitudeMode>
			</LookAt>
			<styleUrl>#m_ylw-pushpin000</styleUrl>
			<Point>
				<gx:drawOrder>1</gx:drawOrder>
				<coordinates>-71.09357168135821,-28.50030186599987,0</coordinates>
			</Point>
		</Placemark>
		<Placemark>
			<name>420</name>
			<LookAt>
				<longitude>-71.09177989517995</longitude>
				<latitude>-28.50016977662936</latitude>
				<altitude>0</altitude>
				<heading>0.0001185593892248473</heading>
				<tilt>11.69832382436831</tilt>
				<range>124.9114555815002</range>
				<gx:altitudeMode>relativeToSeaFloor</gx:altitudeMode>
			</LookAt>
			<styleUrl>#msn_placemark_circle26</styleUrl>
			<Point>
				<gx:drawOrder>1</gx:drawOrder>
				<coordinates>-71.09186157484176,-28.50020286627866,0</coordinates>
			</Point>
		</Placemark>
		<Placemark>
			<name>421</name>
			<LookAt>
				<longitude>-71.09167494228653</longitude>
				<latitude>-28.50007531609574</latitude>
				<altitude>0</altitude>
				<heading>-0.0006198588465572765</heading>
				<tilt>26.68461508820178</tilt>
				<range>95.02048010271037</range>
				<gx:altitudeMode>relativeToSeaFloor</gx:altitudeMode>
			</LookAt>
			<styleUrl>#msn_placemark_circle26</styleUrl>
			<Point>
				<gx:drawOrder>1</gx:drawOrder>
				<coordinates>-71.09176922526267,-28.50022208983146,0</coordinates>
			</Point>
		</Placemark>
		<Placemark>
			<name>422</name>
			<LookAt>
				<longitude>-71.09167494228653</longitude>
				<latitude>-28.50007531609574</latitude>
				<altitude>0</altitude>
				<heading>-0.0006198588465572765</heading>
				<tilt>26.68461508820178</tilt>
				<range>95.02048010271037</range>
				<gx:altitudeMode>relativeToSeaFloor</gx:altitudeMode>
			</LookAt>
			<styleUrl>#msn_placemark_circle26</styleUrl>
			<Point>
				<gx:drawOrder>1</gx:drawOrder>
				<coordinates>-71.09173155698363,-28.50014075814292,0</coordinates>
			</Point>
		</Placemark>
		<Placemark>
			<name>423</name>
			<LookAt>
				<longitude>-71.09167494228653</longitude>
				<latitude>-28.50007531609574</latitude>
				<altitude>0</altitude>
				<heading>-0.0006198588465572765</heading>
				<tilt>26.68461508820178</tilt>
				<range>95.02048010271037</range>
				<gx:altitudeMode>relativeToSeaFloor</gx:altitudeMode>
			</LookAt>
			<styleUrl>#msn_placemark_circle26</styleUrl>
			<Point>
				<gx:drawOrder>1</gx:drawOrder>
				<coordinates>-71.0916964571244,-28.5000717989552,0</coordinates>
			</Point>
		</Placemark>
		<Placemark>
			<name>424</name>
			<LookAt>
				<longitude>-71.09166150621466</longitude>
				<latitude>-28.49993188238428</latitude>
				<altitude>0</altitude>
				<heading>-0.000626269797941357</heading>
				<tilt>26.68461216716713</tilt>
				<range>94.29638508886745</range>
				<gx:altitudeMode>relativeToSeaFloor</gx:altitudeMode>
			</LookAt>
			<styleUrl>#msn_placemark_circle26</styleUrl>
			<Point>
				<gx:drawOrder>1</gx:drawOrder>
				<coordinates>-71.09165429148419,-28.49999177530027,0</coordinates>
			</Point>
		</Placemark>
		<Placemark>
			<name>425</name>
			<LookAt>
				<longitude>-71.09166150621466</longitude>
				<latitude>-28.49993188238428</latitude>
				<altitude>0</altitude>
				<heading>-0.000626269797941357</heading>
				<tilt>26.68461216716713</tilt>
				<range>94.29638508886745</range>
				<gx:altitudeMode>relativeToSeaFloor</gx:altitudeMode>
			</LookAt>
			<styleUrl>#msn_placemark_circle26</styleUrl>
			<Point>
				<gx:drawOrder>1</gx:drawOrder>
				<coordinates>-71.09161819322213,-28.49992111770557,0</coordinates>
			</Point>
		</Placemark>
		<Placemark>
			<name>426</name>
			<LookAt>
				<longitude>-71.0915802868364</longitude>
				<latitude>-28.49977867227149</latitude>
				<altitude>0</altitude>
				<heading>-0.0006650243652622391</heading>
				<tilt>26.68461202404509</tilt>
				<range>94.26091098955349</range>
				<gx:altitudeMode>relativeToSeaFloor</gx:altitudeMode>
			</LookAt>
			<styleUrl>#msn_placemark_circle26</styleUrl>
			<Point>
				<gx:drawOrder>1</gx:drawOrder>
				<coordinates>-71.09157691932981,-28.49983156478393,0</coordinates>
			</Point>
		</Placemark>
		<Placemark>
			<name>427</name>
			<LookAt>
				<longitude>-71.09155221092887</longitude>
				<latitude>-28.49968257958789</latitude>
				<altitude>0</altitude>
				<heading>-0.0006784209079189851</heading>
				<tilt>26.68461247176371</tilt>
				<range>94.37189335475809</range>
				<gx:altitudeMode>relativeToSeaFloor</gx:altitudeMode>
			</LookAt>
			<styleUrl>#msn_placemark_circle26</styleUrl>
			<Point>
				<gx:drawOrder>1</gx:drawOrder>
				<coordinates>-71.0915344499726,-28.49974115558251,0</coordinates>
			</Point>
		</Placemark>
		<Placemark>
			<name>428</name>
			<LookAt>
				<longitude>-71.09155221092887</longitude>
				<latitude>-28.49968257958789</latitude>
				<altitude>0</altitude>
				<heading>-0.0006784209079189851</heading>
				<tilt>26.68461247176371</tilt>
				<range>94.37189335475809</range>
				<gx:altitudeMode>relativeToSeaFloor</gx:altitudeMode>
			</LookAt>
			<styleUrl>#msn_placemark_circle26</styleUrl>
			<Point>
				<gx:drawOrder>1</gx:drawOrder>
				<coordinates>-71.09148887393071,-28.49967065505301,0</coordinates>
			</Point>
		</Placemark>
		<Placemark>
			<name>429</name>
			<LookAt>
				<longitude>-71.09136374897867</longitude>
				<latitude>-28.49945792205241</latitude>
				<altitude>0</altitude>
				<heading>-0.0007683464459023331</heading>
				<tilt>26.68461271002314</tilt>
				<range>94.43096029266842</range>
				<gx:altitudeMode>relativeToSeaFloor</gx:altitudeMode>
			</LookAt>
			<styleUrl>#msn_placemark_circle26</styleUrl>
			<Point>
				<gx:drawOrder>1</gx:drawOrder>
				<coordinates>-71.09144424142724,-28.49957485906054,0</coordinates>
			</Point>
		</Placemark>
		<Placemark>
			<name>43</name>
			<LookAt>
				<longitude>-71.09358039469538</longitude>
				<latitude>-28.50037506598037</latitude>
				<altitude>0</altitude>
				<heading>-0.0003039862565445261</heading>
				<tilt>28.8758615477947</tilt>
				<range>79.63358719801235</range>
				<gx:altitudeMode>relativeToSeaFloor</gx:altitudeMode>
			</LookAt>
			<styleUrl>#m_ylw-pushpin000</styleUrl>
			<Point>
				<gx:drawOrder>1</gx:drawOrder>
				<coordinates>-71.09359165637693,-28.50038038356484,0</coordinates>
			</Point>
		</Placemark>
		<Placemark>
			<name>430</name>
			<LookAt>
				<longitude>-71.09136374897867</longitude>
				<latitude>-28.49945792205241</latitude>
				<altitude>0</altitude>
				<heading>-0.0007683464459023331</heading>
				<tilt>26.68461271002314</tilt>
				<range>94.43096029266842</range>
				<gx:altitudeMode>relativeToSeaFloor</gx:altitudeMode>
			</LookAt>
			<styleUrl>#msn_placemark_circle26</styleUrl>
			<Point>
				<gx:drawOrder>1</gx:drawOrder>
				<coordinates>-71.09141015010854,-28.49948808120951,0</coordinates>
			</Point>
		</Placemark>
		<Placemark>
			<name>431</name>
			<LookAt>
				<longitude>-71.09152158376334</longitude>
				<latitude>-28.49934869937431</latitude>
				<altitude>0</altitude>
				<heading>-0.0006930353853814525</heading>
				<tilt>26.68461446803108</tilt>
				<range>94.86672897981873</range>
				<gx:altitudeMode>relativeToSeaFloor</gx:altitudeMode>
			</LookAt>
			<styleUrl>#msn_placemark_circle26</styleUrl>
			<Point>
				<gx:drawOrder>1</gx:drawOrder>
				<coordinates>-71.09136649443387,-28.49941295517712,0</coordinates>
			</Point>
		</Placemark>
		<Placemark>
			<name>432</name>
			<LookAt>
				<longitude>-71.09152158376334</longitude>
				<latitude>-28.49934869937431</latitude>
				<altitude>0</altitude>
				<heading>-0.0006930353853814525</heading>
				<tilt>26.68461446803108</tilt>
				<range>94.86672897981873</range>
				<gx:altitudeMode>relativeToSeaFloor</gx:altitudeMode>
			</LookAt>
			<styleUrl>#msn_placemark_circle26</styleUrl>
			<Point>
				<gx:drawOrder>1</gx:drawOrder>
				<coordinates>-71.09132945380246,-28.49932251194673,0</coordinates>
			</Point>
		</Placemark>
		<Placemark>
			<name>433</name>
			<LookAt>
				<longitude>-71.09136503648864</longitude>
				<latitude>-28.49941309628215</latitude>
				<altitude>0</altitude>
				<heading>-0.0006721765729085945</heading>
				<tilt>30.00044519470574</tilt>
				<range>98.61411946559434</range>
				<gx:altitudeMode>relativeToSeaFloor</gx:altitudeMode>
			</LookAt>
			<styleUrl>#msn_placemark_circle26</styleUrl>
			<Point>
				<gx:drawOrder>1</gx:drawOrder>
				<coordinates>-71.09122518534214,-28.49935115398086,0</coordinates>
			</Point>
		</Placemark>
		<Placemark>
			<name>434</name>
			<LookAt>
				<longitude>-71.09143123204586</longitude>
				<latitude>-28.49938415088419</latitude>
				<altitude>0</altitude>
				<heading>-0.0006405907631103099</heading>
				<tilt>30.00044591404504</tilt>
				<range>98.77428176248229</range>
				<gx:altitudeMode>relativeToSeaFloor</gx:altitudeMode>
			</LookAt>
			<styleUrl>#msn_placemark_circle26</styleUrl>
			<Point>
				<gx:drawOrder>1</gx:drawOrder>
				<coordinates>-71.09125924064122,-28.49943929664058,0</coordinates>
			</Point>
		</Placemark>
		<Placemark>
			<name>435</name>
			<LookAt>
				<longitude>-71.09143123204586</longitude>
				<latitude>-28.49938415088419</latitude>
				<altitude>0</altitude>
				<heading>-0.0006405907631103099</heading>
				<tilt>30.00044591404504</tilt>
				<range>98.77428176248229</range>
				<gx:altitudeMode>relativeToSeaFloor</gx:altitudeMode>
			</LookAt>
			<styleUrl>#msn_placemark_circle26</styleUrl>
			<Point>
				<gx:drawOrder>1</gx:drawOrder>
				<coordinates>-71.09130593268857,-28.49952394208821,0</coordinates>
			</Point>
		</Placemark>
		<Placemark>
			<name>436</name>
			<LookAt>
				<longitude>-71.09156053268318</longitude>
				<latitude>-28.49951942463159</latitude>
				<altitude>0</altitude>
				<heading>-0.0005788944821147582</heading>
				<tilt>30.00044586880157</tilt>
				<range>98.76420048956966</range>
				<gx:altitudeMode>relativeToSeaFloor</gx:altitudeMode>
			</LookAt>
			<styleUrl>#msn_placemark_circle26</styleUrl>
			<Point>
				<gx:drawOrder>1</gx:drawOrder>
				<coordinates>-71.0913439575036,-28.49960794721755,0</coordinates>
			</Point>
		</Placemark>
		<Placemark>
			<name>437</name>
			<LookAt>
				<longitude>-71.09159266705395</longitude>
				<latitude>-28.49958126602316</latitude>
				<altitude>0</altitude>
				<heading>-0.0005635612311700838</heading>
				<tilt>30.00044564411507</tilt>
				<range>98.7141802089853</range>
				<gx:altitudeMode>relativeToSeaFloor</gx:altitudeMode>
			</LookAt>
			<styleUrl>#msn_placemark_circle26</styleUrl>
			<Point>
				<gx:drawOrder>1</gx:drawOrder>
				<coordinates>-71.09138266670648,-28.49968948541346,0</coordinates>
			</Point>
		</Placemark>
		<Placemark>
			<name>438</name>
			<LookAt>
				<longitude>-71.09161494483585</longitude>
				<latitude>-28.49967517311375</latitude>
				<altitude>0</altitude>
				<heading>-0.0005529309019857478</heading>
				<tilt>30.00044510263234</tilt>
				<range>98.59362568160381</range>
				<gx:altitudeMode>relativeToSeaFloor</gx:altitudeMode>
			</LookAt>
			<styleUrl>#msn_placemark_circle26</styleUrl>
			<Point>
				<gx:drawOrder>1</gx:drawOrder>
				<coordinates>-71.09143001980985,-28.49976335159599,0</coordinates>
			</Point>
		</Placemark>
		<Placemark>
			<name>439</name>
			<LookAt>
				<longitude>-71.09164209901493</longitude>
				<latitude>-28.49976372174202</latitude>
				<altitude>0</altitude>
				<heading>-0.0005399738899816435</heading>
				<tilt>30.00044463840306</tilt>
				<range>98.49027139255227</range>
				<gx:altitudeMode>relativeToSeaFloor</gx:altitudeMode>
			</LookAt>
			<styleUrl>#msn_placemark_circle26</styleUrl>
			<Point>
				<gx:drawOrder>1</gx:drawOrder>
				<coordinates>-71.09146987054083,-28.49984982528382,0</coordinates>
			</Point>
		</Placemark>
		<Placemark>
			<name>44</name>
			<LookAt>
				<longitude>-71.09367570798376</longitude>
				<latitude>-28.50053068618069</latitude>
				<altitude>0</altitude>
				<heading>-0.0002585058573512872</heading>
				<tilt>28.87586180063212</tilt>
				<range>79.69187682991306</range>
				<gx:altitudeMode>relativeToSeaFloor</gx:altitudeMode>
			</LookAt>
			<styleUrl>#m_ylw-pushpin000</styleUrl>
			<Point>
				<gx:drawOrder>1</gx:drawOrder>
				<coordinates>-71.09362764390005,-28.5004792955368,0</coordinates>
			</Point>
		</Placemark>
		<Placemark>
			<name>440</name>
			<LookAt>
				<longitude>-71.091668100059</longitude>
				<latitude>-28.49985431216826</latitude>
				<altitude>0</altitude>
				<heading>-0.0005275670730562242</heading>
				<tilt>30.00044414995748</tilt>
				<range>98.38152086258127</range>
				<gx:altitudeMode>relativeToSeaFloor</gx:altitudeMode>
			</LookAt>
			<styleUrl>#msn_placemark_circle26</styleUrl>
			<Point>
				<gx:drawOrder>1</gx:drawOrder>
				<coordinates>-71.09151202711202,-28.49993572157256,0</coordinates>
			</Point>
		</Placemark>
		<Placemark>
			<name>441</name>
			<LookAt>
				<longitude>-71.0916835774579</longitude>
				<latitude>-28.49994242620161</latitude>
				<altitude>0</altitude>
				<heading>-0.0005201816082067138</heading>
				<tilt>30.00044462832442</tilt>
				<range>98.4880375981984</range>
				<gx:altitudeMode>relativeToSeaFloor</gx:altitudeMode>
			</LookAt>
			<styleUrl>#msn_placemark_circle26</styleUrl>
			<Point>
				<gx:drawOrder>1</gx:drawOrder>
				<coordinates>-71.09154926256574,-28.50001964723443,0</coordinates>
			</Point>
		</Placemark>
		<Placemark>
			<name>442</name>
			<LookAt>
				<longitude>-71.09170948580297</longitude>
				<latitude>-28.50005157064299</latitude>
				<altitude>0</altitude>
				<heading>-0.0005078189819541976</heading>
				<tilt>30.00044730034051</tilt>
				<range>99.08292017886178</range>
				<gx:altitudeMode>relativeToSeaFloor</gx:altitudeMode>
			</LookAt>
			<styleUrl>#msn_placemark_circle26</styleUrl>
			<Point>
				<gx:drawOrder>1</gx:drawOrder>
				<coordinates>-71.09159446941756,-28.50010018338994,0</coordinates>
			</Point>
		</Placemark>
		<Placemark>
			<name>443</name>
			<LookAt>
				<longitude>-71.09172421029042</longitude>
				<latitude>-28.5001504877455</latitude>
				<altitude>0</altitude>
				<heading>-0.0005007929887524673</heading>
				<tilt>30.00044965564425</tilt>
				<range>99.60729338332378</range>
				<gx:altitudeMode>relativeToSeaFloor</gx:altitudeMode>
			</LookAt>
			<styleUrl>#msn_placemark_circle26</styleUrl>
			<Point>
				<gx:drawOrder>1</gx:drawOrder>
				<coordinates>-71.09164052234848,-28.50018523986852,0</coordinates>
			</Point>
		</Placemark>
		<Placemark>
			<name>444</name>
			<LookAt>
				<longitude>-71.09172421029042</longitude>
				<latitude>-28.5001504877455</latitude>
				<altitude>0</altitude>
				<heading>-0.0005007929887524673</heading>
				<tilt>30.00044965564425</tilt>
				<range>99.60729338332378</range>
				<gx:altitudeMode>relativeToSeaFloor</gx:altitudeMode>
			</LookAt>
			<styleUrl>#msn_placemark_circle26</styleUrl>
			<Point>
				<gx:drawOrder>1</gx:drawOrder>
				<coordinates>-71.09166920968545,-28.50025168611094,0</coordinates>
			</Point>
		</Placemark>
		<Placemark>
			<name>445</name>
			<LookAt>
				<longitude>-71.09146798177895</longitude>
				<latitude>-28.50009654719393</latitude>
				<altitude>0</altitude>
				<heading>-0.0007091689076393194</heading>
				<tilt>25.79734348054666</tilt>
				<range>105.0781024913773</range>
				<gx:altitudeMode>relativeToSeaFloor</gx:altitudeMode>
			</LookAt>
			<styleUrl>#msn_placemark_circle26</styleUrl>
			<Point>
				<gx:drawOrder>1</gx:drawOrder>
				<coordinates>-71.09155633532684,-28.50027651901471,0</coordinates>
			</Point>
		</Placemark>
		<Placemark>
			<name>446</name>
			<LookAt>
				<longitude>-71.09146798177895</longitude>
				<latitude>-28.50009654719393</latitude>
				<altitude>0</altitude>
				<heading>-0.0007091689076393194</heading>
				<tilt>25.79734348054666</tilt>
				<range>105.0781024913773</range>
				<gx:altitudeMode>relativeToSeaFloor</gx:altitudeMode>
			</LookAt>
			<styleUrl>#msn_placemark_circle26</styleUrl>
			<Point>
				<gx:drawOrder>1</gx:drawOrder>
				<coordinates>-71.09153273357593,-28.50020859878585,0</coordinates>
			</Point>
		</Placemark>
		<Placemark>
			<name>447</name>
			<LookAt>
				<longitude>-71.09138040881517</longitude>
				<latitude>-28.50002844920759</latitude>
				<altitude>0</altitude>
				<heading>-0.0007509554498589022</heading>
				<tilt>25.79734163291529</tilt>
				<range>104.6054752539424</range>
				<gx:altitudeMode>relativeToSeaFloor</gx:altitudeMode>
			</LookAt>
			<styleUrl>#msn_placemark_circle26</styleUrl>
			<Point>
				<gx:drawOrder>1</gx:drawOrder>
				<coordinates>-71.0914941879341,-28.50011949642617,0</coordinates>
			</Point>
		</Placemark>
		<Placemark>
			<name>448</name>
			<LookAt>
				<longitude>-71.09138040881517</longitude>
				<latitude>-28.50002844920759</latitude>
				<altitude>0</altitude>
				<heading>-0.0007509554498589022</heading>
				<tilt>25.79734163291529</tilt>
				<range>104.6054752539424</range>
				<gx:altitudeMode>relativeToSeaFloor</gx:altitudeMode>
			</LookAt>
			<styleUrl>#msn_placemark_circle26</styleUrl>
			<Point>
				<gx:drawOrder>1</gx:drawOrder>
				<coordinates>-71.09145352040397,-28.50003062789738,0</coordinates>
			</Point>
		</Placemark>
		<Placemark>
			<name>449</name>
			<LookAt>
				<longitude>-71.09143121761321</longitude>
				<latitude>-28.49991342920537</latitude>
				<altitude>0</altitude>
				<heading>-0.0007267113219332354</heading>
				<tilt>25.79733977000082</tilt>
				<range>104.1289413527971</range>
				<gx:altitudeMode>relativeToSeaFloor</gx:altitudeMode>
			</LookAt>
			<styleUrl>#msn_placemark_circle26</styleUrl>
			<Point>
				<gx:drawOrder>1</gx:drawOrder>
				<coordinates>-71.09141447216098,-28.49994302693223,0</coordinates>
			</Point>
		</Placemark>
		<Placemark>
			<name>45</name>
			<LookAt>
				<longitude>-71.09369552245011</longitude>
				<latitude>-28.50051463427648</latitude>
				<altitude>0</altitude>
				<heading>-0.0002490510825239246</heading>
				<tilt>28.87586220276839</tilt>
				<range>79.78458770255287</range>
				<gx:altitudeMode>relativeToSeaFloor</gx:altitudeMode>
			</LookAt>
			<styleUrl>#m_ylw-pushpin000</styleUrl>
			<Point>
				<gx:drawOrder>1</gx:drawOrder>
				<coordinates>-71.09364759196116,-28.50056948406427,0</coordinates>
			</Point>
		</Placemark>
		<Placemark>
			<name>450</name>
			<LookAt>
				<longitude>-71.09143121761321</longitude>
				<latitude>-28.49991342920537</latitude>
				<altitude>0</altitude>
				<heading>-0.0007267113219332354</heading>
				<tilt>25.79733977000082</tilt>
				<range>104.1289413527971</range>
				<gx:altitudeMode>relativeToSeaFloor</gx:altitudeMode>
			</LookAt>
			<styleUrl>#msn_placemark_circle26</styleUrl>
			<Point>
				<gx:drawOrder>1</gx:drawOrder>
				<coordinates>-71.09137140254191,-28.49986616240585,0</coordinates>
			</Point>
		</Placemark>
		<Placemark>
			<name>451</name>
			<LookAt>
				<longitude>-71.09138669332741</longitude>
				<latitude>-28.49978313696567</latitude>
				<altitude>0</altitude>
				<heading>-0.0007479567888523537</heading>
				<tilt>25.7973401868423</tilt>
				<range>104.2355877651233</range>
				<gx:altitudeMode>relativeToSeaFloor</gx:altitudeMode>
			</LookAt>
			<styleUrl>#msn_placemark_circle26</styleUrl>
			<Point>
				<gx:drawOrder>1</gx:drawOrder>
				<coordinates>-71.09132615033884,-28.49979048775207,0</coordinates>
			</Point>
		</Placemark>
		<Placemark>
			<name>452</name>
			<LookAt>
				<longitude>-71.09138669332741</longitude>
				<latitude>-28.49978313696567</latitude>
				<altitude>0</altitude>
				<heading>-0.0007479567888523537</heading>
				<tilt>25.7973401868423</tilt>
				<range>104.2355877651233</range>
				<gx:altitudeMode>relativeToSeaFloor</gx:altitudeMode>
			</LookAt>
			<styleUrl>#msn_placemark_circle26</styleUrl>
			<Point>
				<gx:drawOrder>1</gx:drawOrder>
				<coordinates>-71.09128263184448,-28.49970057013043,0</coordinates>
			</Point>
		</Placemark>
		<Placemark>
			<name>453</name>
			<LookAt>
				<longitude>-71.0915933092821</longitude>
				<latitude>-28.49950503168458</latitude>
				<altitude>0</altitude>
				<heading>-0.000649369469033415</heading>
				<tilt>25.79734325540778</tilt>
				<range>105.0205077999593</range>
				<gx:altitudeMode>relativeToSeaFloor</gx:altitudeMode>
			</LookAt>
			<styleUrl>#msn_placemark_circle26</styleUrl>
			<Point>
				<gx:drawOrder>1</gx:drawOrder>
				<coordinates>-71.09124410002684,-28.49961614756561,0</coordinates>
			</Point>
		</Placemark>
		<Placemark>
			<name>454</name>
			<LookAt>
				<longitude>-71.0915933092821</longitude>
				<latitude>-28.49950503168458</latitude>
				<altitude>0</altitude>
				<heading>-0.000649369469033415</heading>
				<tilt>25.79734325540778</tilt>
				<range>105.0205077999593</range>
				<gx:altitudeMode>relativeToSeaFloor</gx:altitudeMode>
			</LookAt>
			<styleUrl>#msn_placemark_circle26</styleUrl>
			<Point>
				<gx:drawOrder>1</gx:drawOrder>
				<coordinates>-71.09120595189739,-28.49953357566136,0</coordinates>
			</Point>
		</Placemark>
		<Placemark>
			<name>455</name>
			<LookAt>
				<longitude>-71.09136838486667</longitude>
				<latitude>-28.49943825207575</latitude>
				<altitude>0</altitude>
				<heading>-0.0007566928304414428</heading>
				<tilt>25.7973422543321</tilt>
				<range>104.7644402329705</range>
				<gx:altitudeMode>relativeToSeaFloor</gx:altitudeMode>
			</LookAt>
			<styleUrl>#msn_placemark_circle26</styleUrl>
			<Point>
				<gx:drawOrder>1</gx:drawOrder>
				<coordinates>-71.09116953735439,-28.49945503805809,0</coordinates>
			</Point>
		</Placemark>
		<Placemark>
			<name>456</name>
			<LookAt>
				<longitude>-71.0911849244475</longitude>
				<latitude>-28.49953832259837</latitude>
				<altitude>0</altitude>
				<heading>-0.0003762504612507091</heading>
				<tilt>0.3899446038079205</tilt>
				<range>68.23613877132748</range>
				<gx:altitudeMode>relativeToSeaFloor</gx:altitudeMode>
			</LookAt>
			<styleUrl>#msn_placemark_circle7</styleUrl>
			<Point>
				<gx:drawOrder>1</gx:drawOrder>
				<coordinates>-71.09107755858246,-28.49947678172309,0</coordinates>
			</Point>
		</Placemark>
		<Placemark>
			<name>457</name>
			<LookAt>
				<longitude>-71.0911849244475</longitude>
				<latitude>-28.49953832259837</latitude>
				<altitude>0</altitude>
				<heading>-0.0003762504612507091</heading>
				<tilt>0.3899446038079205</tilt>
				<range>68.23613877132748</range>
				<gx:altitudeMode>relativeToSeaFloor</gx:altitudeMode>
			</LookAt>
			<styleUrl>#msn_placemark_circle7</styleUrl>
			<Point>
				<gx:drawOrder>1</gx:drawOrder>
				<coordinates>-71.09111865834142,-28.49955312178341,0</coordinates>
			</Point>
		</Placemark>
		<Placemark>
			<name>458</name>
			<LookAt>
				<longitude>-71.09122784691668</longitude>
				<latitude>-28.49957788719896</latitude>
				<altitude>0</altitude>
				<heading>-0.0003557784512399584</heading>
				<tilt>0.389944604077104</tilt>
				<range>68.24103363478375</range>
				<gx:altitudeMode>relativeToSeaFloor</gx:altitudeMode>
			</LookAt>
			<styleUrl>#msn_placemark_circle7</styleUrl>
			<Point>
				<gx:drawOrder>1</gx:drawOrder>
				<coordinates>-71.09115602486187,-28.49964164696934,0</coordinates>
			</Point>
		</Placemark>
		<Placemark>
			<name>459</name>
			<LookAt>
				<longitude>-71.09127339603407</longitude>
				<latitude>-28.49963961084331</latitude>
				<altitude>0</altitude>
				<heading>-0.0003340410389652305</heading>
				<tilt>0.3899446026339813</tilt>
				<range>68.21747464854325</range>
				<gx:altitudeMode>relativeToSeaFloor</gx:altitudeMode>
			</LookAt>
			<styleUrl>#msn_placemark_circle7</styleUrl>
			<Point>
				<gx:drawOrder>1</gx:drawOrder>
				<coordinates>-71.09119524044897,-28.4997271295353,0</coordinates>
			</Point>
		</Placemark>
		<Placemark>
			<name>46</name>
			<LookAt>
				<longitude>-71.09372129337559</longitude>
				<latitude>-28.50058959479924</latitude>
				<altitude>0</altitude>
				<heading>-0.0002367538438372071</heading>
				<tilt>28.87586203346801</tilt>
				<range>79.74557155530485</range>
				<gx:altitudeMode>relativeToSeaFloor</gx:altitudeMode>
			</LookAt>
			<styleUrl>#m_ylw-pushpin000</styleUrl>
			<Point>
				<gx:drawOrder>1</gx:drawOrder>
				<coordinates>-71.09366926721427,-28.5006630173074,0</coordinates>
			</Point>
		</Placemark>
		<Placemark>
			<name>460</name>
			<LookAt>
				<longitude>-71.09130546341845</longitude>
				<latitude>-28.4997022218368</latitude>
				<altitude>0</altitude>
				<heading>-0.0003187344793838525</heading>
				<tilt>0.3899445999561664</tilt>
				<range>68.17295655481595</range>
				<gx:altitudeMode>relativeToSeaFloor</gx:altitudeMode>
			</LookAt>
			<styleUrl>#msn_placemark_circle7</styleUrl>
			<Point>
				<gx:drawOrder>1</gx:drawOrder>
				<coordinates>-71.09123594937299,-28.49980906915919,0</coordinates>
			</Point>
		</Placemark>
		<Placemark>
			<name>461</name>
			<LookAt>
				<longitude>-71.09136970453658</longitude>
				<latitude>-28.49979987632453</latitude>
				<altitude>0</altitude>
				<heading>-0.0002880782495135942</heading>
				<tilt>0.3899445969624347</tilt>
				<range>68.12423563982731</range>
				<gx:altitudeMode>relativeToSeaFloor</gx:altitudeMode>
			</LookAt>
			<styleUrl>#msn_placemark_circle7</styleUrl>
			<Point>
				<gx:drawOrder>1</gx:drawOrder>
				<coordinates>-71.09127673631815,-28.49989349234935,0</coordinates>
			</Point>
		</Placemark>
		<Placemark>
			<name>462</name>
			<LookAt>
				<longitude>-71.09141618448194</longitude>
				<latitude>-28.4998782496888</latitude>
				<altitude>0</altitude>
				<heading>-0.0002659026126258103</heading>
				<tilt>0.3899445941631133</tilt>
				<range>68.07771544707906</range>
				<gx:altitudeMode>relativeToSeaFloor</gx:altitudeMode>
			</LookAt>
			<styleUrl>#msn_placemark_circle7</styleUrl>
			<Point>
				<gx:drawOrder>1</gx:drawOrder>
				<coordinates>-71.09131988183515,-28.49997860764698,0</coordinates>
			</Point>
		</Placemark>
		<Placemark>
			<name>463</name>
			<LookAt>
				<longitude>-71.09147296263569</longitude>
				<latitude>-28.49995078351004</latitude>
				<altitude>0</altitude>
				<heading>-0.0002388145355887242</heading>
				<tilt>0.3899446078073516</tilt>
				<range>68.30164333002779</range>
				<gx:altitudeMode>relativeToSeaFloor</gx:altitudeMode>
			</LookAt>
			<styleUrl>#msn_placemark_circle7</styleUrl>
			<Point>
				<gx:drawOrder>1</gx:drawOrder>
				<coordinates>-71.09135810431272,-28.50005613719608,0</coordinates>
			</Point>
		</Placemark>
		<Placemark>
			<name>464</name>
			<LookAt>
				<longitude>-71.09156725595902</longitude>
				<latitude>-28.50011101892587</latitude>
				<altitude>0</altitude>
				<heading>-0.0001938151255178655</heading>
				<tilt>0.3899446589905321</tilt>
				<range>69.14001773457638</range>
				<gx:altitudeMode>relativeToSeaFloor</gx:altitudeMode>
			</LookAt>
			<styleUrl>#msn_placemark_circle7</styleUrl>
			<Point>
				<gx:drawOrder>1</gx:drawOrder>
				<coordinates>-71.09139794106932,-28.50013811018682,0</coordinates>
			</Point>
		</Placemark>
		<Placemark>
			<name>465</name>
			<LookAt>
				<longitude>-71.09159948543237</longitude>
				<latitude>-28.50022465945843</latitude>
				<altitude>0</altitude>
				<heading>-0.0001784402124976413</heading>
				<tilt>0.3899446923169376</tilt>
				<range>69.68405861416194</range>
				<gx:altitudeMode>relativeToSeaFloor</gx:altitudeMode>
			</LookAt>
			<styleUrl>#msn_placemark_circle7</styleUrl>
			<Point>
				<gx:drawOrder>1</gx:drawOrder>
				<coordinates>-71.09143264375688,-28.50021921835871,0</coordinates>
			</Point>
		</Placemark>
		<Placemark>
			<name>466</name>
			<LookAt>
				<longitude>-71.0913894414461</longitude>
				<latitude>-28.49998832042022</latitude>
				<altitude>0</altitude>
				<heading>-0.0008125395705503018</heading>
				<tilt>30.00055745659529</tilt>
				<range>123.9931486407692</range>
				<gx:altitudeMode>relativeToSeaFloor</gx:altitudeMode>
			</LookAt>
			<styleUrl>#msn_placemark_circle8</styleUrl>
			<Point>
				<gx:drawOrder>1</gx:drawOrder>
				<coordinates>-71.09128427296585,-28.50019029562577,0</coordinates>
			</Point>
		</Placemark>
		<Placemark>
			<name>467</name>
			<LookAt>
				<longitude>-71.0913894414461</longitude>
				<latitude>-28.49998832042022</latitude>
				<altitude>0</altitude>
				<heading>-0.0008125395705503018</heading>
				<tilt>30.00055745659529</tilt>
				<range>123.9931486407692</range>
				<gx:altitudeMode>relativeToSeaFloor</gx:altitudeMode>
			</LookAt>
			<styleUrl>#msn_placemark_circle8</styleUrl>
			<Point>
				<gx:drawOrder>1</gx:drawOrder>
				<coordinates>-71.09125185971274,-28.50010056114414,0</coordinates>
			</Point>
		</Placemark>
		<Placemark>
			<name>468</name>
			<LookAt>
				<longitude>-71.09134081250637</longitude>
				<latitude>-28.49989082317469</latitude>
				<altitude>0</altitude>
				<heading>-0.0008357435054307649</heading>
				<tilt>30.0005554100626</tilt>
				<range>123.5375252877508</range>
				<gx:altitudeMode>relativeToSeaFloor</gx:altitudeMode>
			</LookAt>
			<styleUrl>#msn_placemark_circle8</styleUrl>
			<Point>
				<gx:drawOrder>1</gx:drawOrder>
				<coordinates>-71.09121944651912,-28.5000108266508,0</coordinates>
			</Point>
		</Placemark>
		<Placemark>
			<name>469</name>
			<LookAt>
				<longitude>-71.09130484535504</longitude>
				<latitude>-28.49977793015676</latitude>
				<altitude>0</altitude>
				<heading>-0.0008529056567485332</heading>
				<tilt>30.00055599185412</tilt>
				<range>123.667056513359</range>
				<gx:altitudeMode>relativeToSeaFloor</gx:altitudeMode>
			</LookAt>
			<styleUrl>#msn_placemark_circle8</styleUrl>
			<Point>
				<gx:drawOrder>1</gx:drawOrder>
				<coordinates>-71.09117699997515,-28.49993026991426,0</coordinates>
			</Point>
		</Placemark>
		<Placemark>
			<name>47</name>
			<LookAt>
				<longitude>-71.09371289638995</longitude>
				<latitude>-28.5007155918482</latitude>
				<altitude>0</altitude>
				<heading>-0.0002407604717600697</heading>
				<tilt>28.87586100228145</tilt>
				<range>79.50784754584856</range>
				<gx:altitudeMode>relativeToSeaFloor</gx:altitudeMode>
			</LookAt>
			<styleUrl>#m_ylw-pushpin000</styleUrl>
			<Point>
				<gx:drawOrder>1</gx:drawOrder>
				<coordinates>-71.09368642554207,-28.50075096935469,0</coordinates>
			</Point>
		</Placemark>
		<Placemark>
			<name>470</name>
			<LookAt>
				<longitude>-71.09124538383006</longitude>
				<latitude>-28.49967928317497</latitude>
				<altitude>0</altitude>
				<heading>-0.0008812784425713502</heading>
				<tilt>30.00055628820576</tilt>
				<range>123.7330232848788</range>
				<gx:altitudeMode>relativeToSeaFloor</gx:altitudeMode>
			</LookAt>
			<styleUrl>#msn_placemark_circle8</styleUrl>
			<Point>
				<gx:drawOrder>1</gx:drawOrder>
				<coordinates>-71.0911343755903,-28.49984069255842,0</coordinates>
			</Point>
		</Placemark>
		<Placemark>
			<name>471</name>
			<LookAt>
				<longitude>-71.09124453416149</longitude>
				<latitude>-28.49965852280465</latitude>
				<altitude>0</altitude>
				<heading>-0.0008816838915272489</heading>
				<tilt>30.00055643882434</tilt>
				<range>123.7665454522746</range>
				<gx:altitudeMode>relativeToSeaFloor</gx:altitudeMode>
			</LookAt>
			<styleUrl>#msn_placemark_circle8</styleUrl>
			<Point>
				<gx:drawOrder>1</gx:drawOrder>
				<coordinates>-71.09110196258855,-28.49975095802445,0</coordinates>
			</Point>
		</Placemark>
		<Placemark>
			<name>472</name>
			<LookAt>
				<longitude>-71.09124453416149</longitude>
				<latitude>-28.49965852280465</latitude>
				<altitude>0</altitude>
				<heading>-0.0008816838915272489</heading>
				<tilt>30.00055643882434</tilt>
				<range>123.7665454522746</range>
				<gx:altitudeMode>relativeToSeaFloor</gx:altitudeMode>
			</LookAt>
			<styleUrl>#msn_placemark_circle8</styleUrl>
			<Point>
				<gx:drawOrder>1</gx:drawOrder>
				<coordinates>-71.09106990544993,-28.49967926468346,0</coordinates>
			</Point>
		</Placemark>
		<Placemark>
			<name>473</name>
			<LookAt>
				<longitude>-71.09101126751015</longitude>
				<latitude>-28.4997748595625</latitude>
				<altitude>0</altitude>
				<heading>-0.0009054099511532184</heading>
				<tilt>26.66178063661703</tilt>
				<range>83.54762376505718</range>
				<gx:altitudeMode>relativeToSeaFloor</gx:altitudeMode>
			</LookAt>
			<styleUrl>#msn_placemark_circle26</styleUrl>
			<Point>
				<gx:drawOrder>1</gx:drawOrder>
				<coordinates>-71.09095611754931,-28.49968371244922,0</coordinates>
			</Point>
		</Placemark>
		<Placemark>
			<name>474</name>
			<LookAt>
				<longitude>-71.09101126751015</longitude>
				<latitude>-28.4997748595625</latitude>
				<altitude>0</altitude>
				<heading>-0.0009054099511532184</heading>
				<tilt>26.66178063661703</tilt>
				<range>83.54762376505718</range>
				<gx:altitudeMode>relativeToSeaFloor</gx:altitudeMode>
			</LookAt>
			<styleUrl>#msn_placemark_circle26</styleUrl>
			<Point>
				<gx:drawOrder>1</gx:drawOrder>
				<coordinates>-71.0910002008704,-28.49976130837998,0</coordinates>
			</Point>
		</Placemark>
		<Placemark>
			<name>475</name>
			<LookAt>
				<longitude>-71.09101126751015</longitude>
				<latitude>-28.4997748595625</latitude>
				<altitude>0</altitude>
				<heading>-0.0009054099511532184</heading>
				<tilt>26.66178063661703</tilt>
				<range>83.54762376505718</range>
				<gx:altitudeMode>relativeToSeaFloor</gx:altitudeMode>
			</LookAt>
			<styleUrl>#msn_placemark_circle26</styleUrl>
			<Point>
				<gx:drawOrder>1</gx:drawOrder>
				<coordinates>-71.09105419469114,-28.49985970495313,0</coordinates>
			</Point>
		</Placemark>
		<Placemark>
			<name>476</name>
			<LookAt>
				<longitude>-71.09112235296627</longitude>
				<latitude>-28.499913517517</latitude>
				<altitude>0</altitude>
				<heading>-0.0008524046744003821</heading>
				<tilt>26.66178018728002</tilt>
				<range>83.43614832174887</range>
				<gx:altitudeMode>relativeToSeaFloor</gx:altitudeMode>
			</LookAt>
			<styleUrl>#msn_placemark_circle26</styleUrl>
			<Point>
				<gx:drawOrder>1</gx:drawOrder>
				<coordinates>-71.09107665559678,-28.4999300290776,0</coordinates>
			</Point>
		</Placemark>
		<Placemark>
			<name>477</name>
			<LookAt>
				<longitude>-71.0911484598719</longitude>
				<latitude>-28.49997787262488</latitude>
				<altitude>0</altitude>
				<heading>-0.0008399475202950735</heading>
				<tilt>26.66178153680635</tilt>
				<range>83.77094561991309</range>
				<gx:altitudeMode>relativeToSeaFloor</gx:altitudeMode>
			</LookAt>
			<styleUrl>#msn_placemark_circle26</styleUrl>
			<Point>
				<gx:drawOrder>1</gx:drawOrder>
				<coordinates>-71.09110669648651,-28.50002147893038,0</coordinates>
			</Point>
		</Placemark>
		<Placemark>
			<name>478</name>
			<LookAt>
				<longitude>-71.09116915264559</longitude>
				<latitude>-28.50003378496587</latitude>
				<altitude>0</altitude>
				<heading>-0.0008300738290007514</heading>
				<tilt>26.66178290841175</tilt>
				<range>84.11120980349624</range>
				<gx:altitudeMode>relativeToSeaFloor</gx:altitudeMode>
			</LookAt>
			<styleUrl>#msn_placemark_circle26</styleUrl>
			<Point>
				<gx:drawOrder>1</gx:drawOrder>
				<coordinates>-71.09113797969602,-28.50009861044808,0</coordinates>
			</Point>
		</Placemark>
		<Placemark>
			<name>479</name>
			<LookAt>
				<longitude>-71.09116915264559</longitude>
				<latitude>-28.50003378496587</latitude>
				<altitude>0</altitude>
				<heading>-0.0008300738290007514</heading>
				<tilt>26.66178290841175</tilt>
				<range>84.11120980349624</range>
				<gx:altitudeMode>relativeToSeaFloor</gx:altitudeMode>
			</LookAt>
			<styleUrl>#msn_placemark_circle26</styleUrl>
			<Point>
				<gx:drawOrder>1</gx:drawOrder>
				<coordinates>-71.09118979268412,-28.50019239385939,0</coordinates>
			</Point>
		</Placemark>
		<Placemark>
			<name>48</name>
			<LookAt>
				<longitude>-71.09370624094467</longitude>
				<latitude>-28.50084786501077</latitude>
				<altitude>0</altitude>
				<heading>-0.0002439361987253189</heading>
				<tilt>28.87585995070114</tilt>
				<range>79.26543799762473</range>
				<gx:altitudeMode>relativeToSeaFloor</gx:altitudeMode>
			</LookAt>
			<styleUrl>#m_ylw-pushpin000</styleUrl>
			<Point>
				<gx:drawOrder>1</gx:drawOrder>
				<coordinates>-71.09371924874608,-28.5008379197528,0</coordinates>
			</Point>
		</Placemark>
		<Placemark>
			<name>480</name>
			<LookAt>
				<longitude>-71.09119517258917</longitude>
				<latitude>-28.50012413937536</latitude>
				<altitude>0</altitude>
				<heading>-0.0008176575563491297</heading>
				<tilt>26.66178528512925</tilt>
				<range>84.70084609524986</range>
				<gx:altitudeMode>relativeToSeaFloor</gx:altitudeMode>
			</LookAt>
			<styleUrl>#msn_placemark_circle26</styleUrl>
			<Point>
				<gx:drawOrder>1</gx:drawOrder>
				<coordinates>-71.0910510117871,-28.50013681892758,0</coordinates>
			</Point>
		</Placemark>
		<Placemark>
			<name>481</name>
			<LookAt>
				<longitude>-71.09119517258917</longitude>
				<latitude>-28.50012413937536</latitude>
				<altitude>0</altitude>
				<heading>-0.0008176575563491297</heading>
				<tilt>26.66178528512925</tilt>
				<range>84.70084609524986</range>
				<gx:altitudeMode>relativeToSeaFloor</gx:altitudeMode>
			</LookAt>
			<styleUrl>#msn_placemark_circle26</styleUrl>
			<Point>
				<gx:drawOrder>1</gx:drawOrder>
				<coordinates>-71.09100733651636,-28.50005335207998,0</coordinates>
			</Point>
		</Placemark>
		<Placemark>
			<name>482</name>
			<LookAt>
				<longitude>-71.09110699017866</longitude>
				<latitude>-28.49987909859961</latitude>
				<altitude>0</altitude>
				<heading>-0.0008597351311055472</heading>
				<tilt>26.66178006298967</tilt>
				<range>83.40531864939483</range>
				<gx:altitudeMode>relativeToSeaFloor</gx:altitudeMode>
			</LookAt>
			<styleUrl>#msn_placemark_circle26</styleUrl>
			<Point>
				<gx:drawOrder>1</gx:drawOrder>
				<coordinates>-71.09097953198642,-28.49995904344721,0</coordinates>
			</Point>
		</Placemark>
		<Placemark>
			<name>483</name>
			<LookAt>
				<longitude>-71.09110699017866</longitude>
				<latitude>-28.49987909859961</latitude>
				<altitude>0</altitude>
				<heading>-0.0008597351311055472</heading>
				<tilt>26.66178006298967</tilt>
				<range>83.40531864939483</range>
				<gx:altitudeMode>relativeToSeaFloor</gx:altitudeMode>
			</LookAt>
			<styleUrl>#msn_placemark_circle26</styleUrl>
			<Point>
				<gx:drawOrder>1</gx:drawOrder>
				<coordinates>-71.09093121874328,-28.49987981364701,0</coordinates>
			</Point>
		</Placemark>
		<Placemark>
			<name>484</name>
			<LookAt>
				<longitude>-71.09110699017866</longitude>
				<latitude>-28.49987909859961</latitude>
				<altitude>0</altitude>
				<heading>-0.0008597351311055472</heading>
				<tilt>26.66178006298967</tilt>
				<range>83.40531864939483</range>
				<gx:altitudeMode>relativeToSeaFloor</gx:altitudeMode>
			</LookAt>
			<styleUrl>#msn_placemark_circle26</styleUrl>
			<Point>
				<gx:drawOrder>1</gx:drawOrder>
				<coordinates>-71.09088962988612,-28.49980006298874,0</coordinates>
			</Point>
		</Placemark>
		<Placemark>
			<name>485</name>
			<LookAt>
				<longitude>-71.09093005108625</longitude>
				<latitude>-28.50003210163728</latitude>
				<altitude>0</altitude>
				<heading>-0.0009441633436911082</heading>
				<tilt>26.66178583597137</tilt>
				<range>84.83750176010818</range>
				<gx:altitudeMode>relativeToSeaFloor</gx:altitudeMode>
			</LookAt>
			<styleUrl>#msn_placemark_circle26</styleUrl>
			<Point>
				<gx:drawOrder>1</gx:drawOrder>
				<coordinates>-71.09082377887863,-28.49989078859922,0</coordinates>
			</Point>
		</Placemark>
		<Placemark>
			<name>486</name>
			<LookAt>
				<longitude>-71.09093005108625</longitude>
				<latitude>-28.50003210163728</latitude>
				<altitude>0</altitude>
				<heading>-0.0009441633436911082</heading>
				<tilt>26.66178583597137</tilt>
				<range>84.83750176010818</range>
				<gx:altitudeMode>relativeToSeaFloor</gx:altitudeMode>
			</LookAt>
			<styleUrl>#msn_placemark_circle26</styleUrl>
			<Point>
				<gx:drawOrder>1</gx:drawOrder>
				<coordinates>-71.09087031896007,-28.49999245164019,0</coordinates>
			</Point>
		</Placemark>
		<Placemark>
			<name>487</name>
			<LookAt>
				<longitude>-71.09093005108625</longitude>
				<latitude>-28.50003210163728</latitude>
				<altitude>0</altitude>
				<heading>-0.0009441633436911082</heading>
				<tilt>26.66178583597137</tilt>
				<range>84.83750176010818</range>
				<gx:altitudeMode>relativeToSeaFloor</gx:altitudeMode>
			</LookAt>
			<styleUrl>#msn_placemark_circle26</styleUrl>
			<Point>
				<gx:drawOrder>1</gx:drawOrder>
				<coordinates>-71.09091118519559,-28.50006338866497,0</coordinates>
			</Point>
		</Placemark>
		<Placemark>
			<name>488</name>
			<LookAt>
				<longitude>-71.09093005108625</longitude>
				<latitude>-28.50003210163728</latitude>
				<altitude>0</altitude>
				<heading>-0.0009441633436911082</heading>
				<tilt>26.66178583597137</tilt>
				<range>84.83750176010818</range>
				<gx:altitudeMode>relativeToSeaFloor</gx:altitudeMode>
			</LookAt>
			<styleUrl>#msn_placemark_circle26</styleUrl>
			<Point>
				<gx:drawOrder>1</gx:drawOrder>
				<coordinates>-71.0909666944106,-28.50017499113317,0</coordinates>
			</Point>
		</Placemark>
		<Placemark>
			<name>489</name>
			<LookAt>
				<longitude>-71.09084632225779</longitude>
				<latitude>-28.50005998009926</latitude>
				<altitude>0</altitude>
				<heading>-0.0009841154024891011</heading>
				<tilt>26.66178767058345</tilt>
				<range>85.29262653036052</range>
				<gx:altitudeMode>relativeToSeaFloor</gx:altitudeMode>
			</LookAt>
			<styleUrl>#msn_placemark_circle26</styleUrl>
			<Point>
				<gx:drawOrder>1</gx:drawOrder>
				<coordinates>-71.09080370625441,-28.50010026696043,0</coordinates>
			</Point>
		</Placemark>
		<Placemark>
			<name>49</name>
			<LookAt>
				<longitude>-71.09371997910378</longitude>
				<latitude>-28.50089501703728</latitude>
				<altitude>0</altitude>
				<heading>-0.000237380729703464</heading>
				<tilt>28.87585980848765</tilt>
				<range>79.23266226333809</range>
				<gx:altitudeMode>relativeToSeaFloor</gx:altitudeMode>
			</LookAt>
			<styleUrl>#m_ylw-pushpin000</styleUrl>
			<Point>
				<gx:drawOrder>1</gx:drawOrder>
				<coordinates>-71.0937414826016,-28.50093284793892,0</coordinates>
			</Point>
		</Placemark>
		<Placemark>
			<name>490</name>
			<LookAt>
				<longitude>-71.09084632225779</longitude>
				<latitude>-28.50005998009926</latitude>
				<altitude>0</altitude>
				<heading>-0.0009841154024891011</heading>
				<tilt>26.66178767058345</tilt>
				<range>85.29262653036052</range>
				<gx:altitudeMode>relativeToSeaFloor</gx:altitudeMode>
			</LookAt>
			<styleUrl>#msn_placemark_circle26</styleUrl>
			<Point>
				<gx:drawOrder>1</gx:drawOrder>
				<coordinates>-71.09075814603693,-28.50000797947119,0</coordinates>
			</Point>
		</Placemark>
		<Placemark>
			<name>491</name>
			<LookAt>
				<longitude>-71.09084632225779</longitude>
				<latitude>-28.50005998009926</latitude>
				<altitude>0</altitude>
				<heading>-0.0009841154024891011</heading>
				<tilt>26.66178767058345</tilt>
				<range>85.29262653036052</range>
				<gx:altitudeMode>relativeToSeaFloor</gx:altitudeMode>
			</LookAt>
			<styleUrl>#msn_placemark_circle26</styleUrl>
			<Point>
				<gx:drawOrder>1</gx:drawOrder>
				<coordinates>-71.09072623524544,-28.49992211773462,0</coordinates>
			</Point>
		</Placemark>
		<Placemark>
			<name>492</name>
			<LookAt>
				<longitude>-71.09084632225779</longitude>
				<latitude>-28.50005998009926</latitude>
				<altitude>0</altitude>
				<heading>-0.0009841154024891011</heading>
				<tilt>26.66178767058345</tilt>
				<range>85.29262653036052</range>
				<gx:altitudeMode>relativeToSeaFloor</gx:altitudeMode>
			</LookAt>
			<styleUrl>#msn_placemark_circle26</styleUrl>
			<Point>
				<gx:drawOrder>1</gx:drawOrder>
				<coordinates>-71.09066778631549,-28.50002470848394,0</coordinates>
			</Point>
		</Placemark>
		<Placemark>
			<name>493</name>
			<LookAt>
				<longitude>-71.09234732032579</longitude>
				<latitude>-28.50009657167898</latitude>
				<altitude>0</altitude>
				<heading>-0.0001048743170630197</heading>
				<tilt>13.57082097245553</tilt>
				<range>136.7376266211079</range>
				<gx:altitudeMode>relativeToSeaFloor</gx:altitudeMode>
			</LookAt>
			<styleUrl>#msn_placemark_circle7</styleUrl>
			<Point>
				<gx:drawOrder>1</gx:drawOrder>
				<coordinates>-71.09225514460267,-28.50004097379279,0</coordinates>
			</Point>
		</Placemark>
		<Placemark>
			<name>494</name>
			<LookAt>
				<longitude>-71.09234732032579</longitude>
				<latitude>-28.50009657167898</latitude>
				<altitude>0</altitude>
				<heading>-0.0001048743170630197</heading>
				<tilt>13.57082097245553</tilt>
				<range>136.7376266211079</range>
				<gx:altitudeMode>relativeToSeaFloor</gx:altitudeMode>
			</LookAt>
			<styleUrl>#msn_placemark_circle7</styleUrl>
			<Point>
				<gx:drawOrder>1</gx:drawOrder>
				<coordinates>-71.09222598738344,-28.49996734392654,0</coordinates>
			</Point>
		</Placemark>
		<Placemark>
			<name>495</name>
			<LookAt>
				<longitude>-71.09231184128791</longitude>
				<latitude>-28.50003280550108</latitude>
				<altitude>0</altitude>
				<heading>-0.0001218032530635302</heading>
				<tilt>13.57082077079548</tilt>
				<range>136.6419847913633</range>
				<gx:altitudeMode>relativeToSeaFloor</gx:altitudeMode>
			</LookAt>
			<styleUrl>#msn_placemark_circle7</styleUrl>
			<Point>
				<gx:drawOrder>1</gx:drawOrder>
				<coordinates>-71.09219561467597,-28.49986641643853,0</coordinates>
			</Point>
		</Placemark>
		<Placemark>
			<name>496</name>
			<LookAt>
				<longitude>-71.09231184128791</longitude>
				<latitude>-28.50003280550108</latitude>
				<altitude>0</altitude>
				<heading>-0.0001218032530635302</heading>
				<tilt>13.57082077079548</tilt>
				<range>136.6419847913633</range>
				<gx:altitudeMode>relativeToSeaFloor</gx:altitudeMode>
			</LookAt>
			<styleUrl>#msn_placemark_circle7</styleUrl>
			<Point>
				<gx:drawOrder>1</gx:drawOrder>
				<coordinates>-71.09217254284226,-28.49977887729813,0</coordinates>
			</Point>
		</Placemark>
		<Placemark>
			<name>497</name>
			<LookAt>
				<longitude>-71.09213612115686</longitude>
				<latitude>-28.49970670781033</latitude>
				<altitude>0</altitude>
				<heading>-0.0002056492451465497</heading>
				<tilt>13.57082101552022</tilt>
				<range>136.75804165973</range>
				<gx:altitudeMode>relativeToSeaFloor</gx:altitudeMode>
			</LookAt>
			<styleUrl>#msn_placemark_circle7</styleUrl>
			<Point>
				<gx:drawOrder>1</gx:drawOrder>
				<coordinates>-71.09213252072193,-28.49969691168474,0</coordinates>
			</Point>
		</Placemark>
		<Placemark>
			<name>498</name>
			<LookAt>
				<longitude>-71.09213612115686</longitude>
				<latitude>-28.49970670781033</latitude>
				<altitude>0</altitude>
				<heading>-0.0002056492451465497</heading>
				<tilt>13.57082101552022</tilt>
				<range>136.75804165973</range>
				<gx:altitudeMode>relativeToSeaFloor</gx:altitudeMode>
			</LookAt>
			<styleUrl>#msn_placemark_circle7</styleUrl>
			<Point>
				<gx:drawOrder>1</gx:drawOrder>
				<coordinates>-71.09211050712946,-28.49961577730336,0</coordinates>
			</Point>
		</Placemark>
		<Placemark>
			<name>499</name>
			<LookAt>
				<longitude>-71.09213612115686</longitude>
				<latitude>-28.49970670781033</latitude>
				<altitude>0</altitude>
				<heading>-0.0002056492451465497</heading>
				<tilt>13.57082101552022</tilt>
				<range>136.75804165973</range>
				<gx:altitudeMode>relativeToSeaFloor</gx:altitudeMode>
			</LookAt>
			<styleUrl>#msn_placemark_circle7</styleUrl>
			<Point>
				<gx:drawOrder>1</gx:drawOrder>
				<coordinates>-71.09208220736355,-28.49956939595871,0</coordinates>
			</Point>
		</Placemark>
		<Placemark>
			<name>5</name>
			<LookAt>
				<longitude>-71.09371772978733</longitude>
				<latitude>-28.50028525743521</latitude>
				<altitude>0</altitude>
				<heading>2.492793810127328e-005</heading>
				<tilt>0</tilt>
				<range>95.71340404396165</range>
				<gx:altitudeMode>relativeToSeaFloor</gx:altitudeMode>
			</LookAt>
			<styleUrl>#m_ylw-pushpin000</styleUrl>
			<Point>
				<gx:drawOrder>1</gx:drawOrder>
				<coordinates>-71.09378471296047,-28.50033527125496,0</coordinates>
			</Point>
		</Placemark>
		<Placemark>
			<name>50</name>
			<LookAt>
				<longitude>-71.09371006028623</longitude>
				<latitude>-28.50096047992103</latitude>
				<altitude>0</altitude>
				<heading>-0.0002421137301520908</heading>
				<tilt>28.87585919241273</tilt>
				<range>79.09063614064878</range>
				<gx:altitudeMode>relativeToSeaFloor</gx:altitudeMode>
			</LookAt>
			<styleUrl>#m_ylw-pushpin6</styleUrl>
			<Point>
				<gx:drawOrder>1</gx:drawOrder>
				<coordinates>-71.09376169610768,-28.50101597333998,0</coordinates>
			</Point>
		</Placemark>
		<Placemark>
			<name>500</name>
			<LookAt>
				<longitude>-71.09213612115686</longitude>
				<latitude>-28.49970670781033</latitude>
				<altitude>0</altitude>
				<heading>-0.0002056492451465497</heading>
				<tilt>13.57082101552022</tilt>
				<range>136.75804165973</range>
				<gx:altitudeMode>relativeToSeaFloor</gx:altitudeMode>
			</LookAt>
			<styleUrl>#msn_placemark_circle7</styleUrl>
			<Point>
				<gx:drawOrder>1</gx:drawOrder>
				<coordinates>-71.09208024808336,-28.49952495891433,0</coordinates>
			</Point>
		</Placemark>
		<Placemark>
			<name>501</name>
			<LookAt>
				<longitude>-71.09204255315676</longitude>
				<latitude>-28.49923686060906</latitude>
				<altitude>0</altitude>
				<heading>-0.0005009029297727641</heading>
				<tilt>30.00056694558883</tilt>
				<range>126.1057505322874</range>
				<gx:altitudeMode>relativeToSeaFloor</gx:altitudeMode>
			</LookAt>
			<styleUrl>#msn_placemark_circle6</styleUrl>
			<Point>
				<gx:drawOrder>1</gx:drawOrder>
				<coordinates>-71.09204556229645,-28.49942963851405,0</coordinates>
			</Point>
		</Placemark>
		<Placemark>
			<name>502</name>
			<LookAt>
				<longitude>-71.09200544833718</longitude>
				<latitude>-28.49912635461428</latitude>
				<altitude>0</altitude>
				<heading>-0.0005186073955088844</heading>
				<tilt>30.00056672607748</tilt>
				<range>126.0568922034721</range>
				<gx:altitudeMode>relativeToSeaFloor</gx:altitudeMode>
			</LookAt>
			<styleUrl>#msn_placemark_circle6</styleUrl>
			<Point>
				<gx:drawOrder>1</gx:drawOrder>
				<coordinates>-71.09203374919058,-28.49934861036877,0</coordinates>
			</Point>
		</Placemark>
		<Placemark>
			<name>503</name>
			<LookAt>
				<longitude>-71.09200544833718</longitude>
				<latitude>-28.49912635461428</latitude>
				<altitude>0</altitude>
				<heading>-0.0005186073955088844</heading>
				<tilt>30.00056672607748</tilt>
				<range>126.0568922034721</range>
				<gx:altitudeMode>relativeToSeaFloor</gx:altitudeMode>
			</LookAt>
			<styleUrl>#msn_placemark_circle6</styleUrl>
			<Point>
				<gx:drawOrder>1</gx:drawOrder>
				<coordinates>-71.09201172485258,-28.49926773944717,0</coordinates>
			</Point>
		</Placemark>
		<Placemark>
			<name>505</name>
			<LookAt>
				<longitude>-71.09200544833718</longitude>
				<latitude>-28.49912635461428</latitude>
				<altitude>0</altitude>
				<heading>-0.0005186073955088844</heading>
				<tilt>30.00056672607748</tilt>
				<range>126.0568922034721</range>
				<gx:altitudeMode>relativeToSeaFloor</gx:altitudeMode>
			</LookAt>
			<styleUrl>#msn_placemark_circle8</styleUrl>
			<Point>
				<gx:drawOrder>1</gx:drawOrder>
				<coordinates>-71.09196838818583,-28.49914207997687,0</coordinates>
			</Point>
		</Placemark>
		<Placemark>
			<name>51</name>
			<LookAt>
				<longitude>-71.09381367101815</longitude>
				<latitude>-28.50101459293493</latitude>
				<altitude>0</altitude>
				<heading>-0.0001928502567234386</heading>
				<tilt>28.18291720755822</tilt>
				<range>100.5984998474107</range>
				<gx:altitudeMode>relativeToSeaFloor</gx:altitudeMode>
			</LookAt>
			<styleUrl>#m_ylw-pushpin6</styleUrl>
			<Point>
				<gx:drawOrder>1</gx:drawOrder>
				<coordinates>-71.09378138235415,-28.50107011055551,0</coordinates>
			</Point>
		</Placemark>
		<Placemark>
			<name>52</name>
			<LookAt>
				<longitude>-71.09375961510608</longitude>
				<latitude>-28.50125860469436</latitude>
				<altitude>0</altitude>
				<heading>-0.0002186442828982171</heading>
				<tilt>28.18291641841357</tilt>
				<range>100.4125058167353</range>
				<gx:altitudeMode>relativeToSeaFloor</gx:altitudeMode>
			</LookAt>
			<styleUrl>#m_ylw-pushpin6</styleUrl>
			<Point>
				<gx:drawOrder>1</gx:drawOrder>
				<coordinates>-71.09381092674744,-28.50117038418043,0</coordinates>
			</Point>
		</Placemark>
		<Placemark>
			<name>53</name>
			<LookAt>
				<longitude>-71.09374869598641</longitude>
				<latitude>-28.50119728892814</latitude>
				<altitude>0</altitude>
				<heading>-0.000223854616249638</heading>
				<tilt>28.18291598825766</tilt>
				<range>100.3111049523751</range>
				<gx:altitudeMode>relativeToSeaFloor</gx:altitudeMode>
			</LookAt>
			<styleUrl>#m_ylw-pushpin6</styleUrl>
			<Point>
				<gx:drawOrder>1</gx:drawOrder>
				<coordinates>-71.09383477560279,-28.50126335075535,0</coordinates>
			</Point>
		</Placemark>
		<Placemark>
			<name>54</name>
			<LookAt>
				<longitude>-71.0937838947762</longitude>
				<latitude>-28.50126336913084</latitude>
				<altitude>0</altitude>
				<heading>-0.0002070585429496531</heading>
				<tilt>28.18291645183638</tilt>
				<range>100.4203847532633</range>
				<gx:altitudeMode>relativeToSeaFloor</gx:altitudeMode>
			</LookAt>
			<styleUrl>#m_ylw-pushpin6</styleUrl>
			<Point>
				<gx:drawOrder>1</gx:drawOrder>
				<coordinates>-71.09386950292328,-28.501385361481,0</coordinates>
			</Point>
		</Placemark>
		<Placemark>
			<name>55</name>
			<LookAt>
				<longitude>-71.0937838947762</longitude>
				<latitude>-28.50126336913084</latitude>
				<altitude>0</altitude>
				<heading>-0.0002070585429496531</heading>
				<tilt>28.18291645183638</tilt>
				<range>100.4203847532633</range>
				<gx:altitudeMode>relativeToSeaFloor</gx:altitudeMode>
			</LookAt>
			<styleUrl>#m_ylw-pushpin6</styleUrl>
			<Point>
				<gx:drawOrder>1</gx:drawOrder>
				<coordinates>-71.09389364500517,-28.50145858085165,0</coordinates>
			</Point>
		</Placemark>
		<Placemark>
			<name>56</name>
			<LookAt>
				<longitude>-71.0939096099583</longitude>
				<latitude>-28.50145201200636</latitude>
				<altitude>0</altitude>
				<heading>-0.0001470697396624563</heading>
				<tilt>28.1829178250053</tilt>
				<range>100.7440377342899</range>
				<gx:altitudeMode>relativeToSeaFloor</gx:altitudeMode>
			</LookAt>
			<styleUrl>#m_ylw-pushpin6</styleUrl>
			<Point>
				<gx:drawOrder>1</gx:drawOrder>
				<coordinates>-71.09393799095686,-28.50156963380823,0</coordinates>
			</Point>
		</Placemark>
		<Placemark>
			<name>57</name>
			<LookAt>
				<longitude>-71.09398582488343</longitude>
				<latitude>-28.50148538947536</latitude>
				<altitude>0</altitude>
				<heading>-0.0001107012781441981</heading>
				<tilt>28.18291859410227</tilt>
				<range>100.9253175033264</range>
				<gx:altitudeMode>relativeToSeaFloor</gx:altitudeMode>
			</LookAt>
			<styleUrl>#m_ylw-pushpin6</styleUrl>
			<Point>
				<gx:drawOrder>1</gx:drawOrder>
				<coordinates>-71.09396686133349,-28.50164871570291,0</coordinates>
			</Point>
		</Placemark>
		<Placemark>
			<name>58</name>
			<LookAt>
				<longitude>-71.09387262413442</longitude>
				<latitude>-28.50157056775004</latitude>
				<altitude>0</altitude>
				<heading>-0.0001717473054789105</heading>
				<tilt>30.00034760855156</tilt>
				<range>77.04164864470306</range>
				<gx:altitudeMode>relativeToSeaFloor</gx:altitudeMode>
			</LookAt>
			<styleUrl>#m_ylw-pushpin6</styleUrl>
			<Point>
				<gx:drawOrder>1</gx:drawOrder>
				<coordinates>-71.09385628241572,-28.50165745139304,0</coordinates>
			</Point>
		</Placemark>
		<Placemark>
			<name>59</name>
			<LookAt>
				<longitude>-71.09380318895408</longitude>
				<latitude>-28.50147050492214</latitude>
				<altitude>0</altitude>
				<heading>0.0004966647504749253</heading>
				<tilt>21.96896746678153</tilt>
				<range>118.4155189644311</range>
				<gx:altitudeMode>relativeToSeaFloor</gx:altitudeMode>
			</LookAt>
			<styleUrl>#m_ylw-pushpin010</styleUrl>
			<Point>
				<gx:drawOrder>1</gx:drawOrder>
				<coordinates>-71.09382905622286,-28.5015685991356,0</coordinates>
			</Point>
		</Placemark>
		<Placemark>
			<name>6</name>
			<LookAt>
				<longitude>-71.09376699492719</longitude>
				<latitude>-28.50051965789509</latitude>
				<altitude>0</altitude>
				<heading>4.843567550094594e-005</heading>
				<tilt>0</tilt>
				<range>95.51533158968925</range>
				<gx:altitudeMode>relativeToSeaFloor</gx:altitudeMode>
			</LookAt>
			<styleUrl>#m_ylw-pushpin000</styleUrl>
			<Point>
				<gx:drawOrder>1</gx:drawOrder>
				<coordinates>-71.09381783718129,-28.50043339283638,0</coordinates>
			</Point>
		</Placemark>
		<Placemark>
			<name>60</name>
			<LookAt>
				<longitude>-71.09375629298397</longitude>
				<latitude>-28.50140667187368</latitude>
				<altitude>0</altitude>
				<heading>-0.0002272585667912751</heading>
				<tilt>30.00034636931025</tilt>
				<range>76.76574675174295</range>
				<gx:altitudeMode>relativeToSeaFloor</gx:altitudeMode>
			</LookAt>
			<styleUrl>#m_ylw-pushpin6</styleUrl>
			<Point>
				<gx:drawOrder>1</gx:drawOrder>
				<coordinates>-71.09379976928696,-28.50149538900192,0</coordinates>
			</Point>
		</Placemark>
		<Placemark>
			<name>61</name>
			<LookAt>
				<longitude>-71.09368021141185</longitude>
				<latitude>-28.50130706436843</latitude>
				<altitude>0</altitude>
				<heading>-0.0002635630769508635</heading>
				<tilt>30.00034561603425</tilt>
				<range>76.59803815143101</range>
				<gx:altitudeMode>relativeToSeaFloor</gx:altitudeMode>
			</LookAt>
			<styleUrl>#m_ylw-pushpin6</styleUrl>
			<Point>
				<gx:drawOrder>1</gx:drawOrder>
				<coordinates>-71.09376935913755,-28.50141037397753,0</coordinates>
			</Point>
		</Placemark>
		<Placemark>
			<name>62</name>
			<LookAt>
				<longitude>-71.09364651999806</longitude>
				<latitude>-28.50122128615963</latitude>
				<altitude>0</altitude>
				<heading>-0.0002796399041109582</heading>
				<tilt>30.00034496750289</tilt>
				<range>76.45363927845091</range>
				<gx:altitudeMode>relativeToSeaFloor</gx:altitudeMode>
			</LookAt>
			<styleUrl>#m_ylw-pushpin6</styleUrl>
			<Point>
				<gx:drawOrder>1</gx:drawOrder>
				<coordinates>-71.09373005953361,-28.50129236113855,0</coordinates>
			</Point>
		</Placemark>
		<Placemark>
			<name>63</name>
			<LookAt>
				<longitude>-71.09362947438275</longitude>
				<latitude>-28.5011295004629</latitude>
				<altitude>0</altitude>
				<heading>-0.0002877736347419307</heading>
				<tilt>30.00034427344344</tilt>
				<range>76.29912014829219</range>
				<gx:altitudeMode>relativeToSeaFloor</gx:altitudeMode>
			</LookAt>
			<styleUrl>#m_ylw-pushpin6</styleUrl>
			<Point>
				<gx:drawOrder>1</gx:drawOrder>
				<coordinates>-71.09370862297394,-28.50119458188175,0</coordinates>
			</Point>
		</Placemark>
		<Placemark>
			<name>64</name>
			<LookAt>
				<longitude>-71.09361831673803</longitude>
				<latitude>-28.50104211309698</latitude>
				<altitude>0</altitude>
				<heading>-0.0002930978195245505</heading>
				<tilt>30.00034361260506</tilt>
				<range>76.15199258944128</range>
				<gx:altitudeMode>relativeToSeaFloor</gx:altitudeMode>
			</LookAt>
			<styleUrl>#m_ylw-pushpin6</styleUrl>
			<Point>
				<gx:drawOrder>1</gx:drawOrder>
				<coordinates>-71.09368934593933,-28.50109895649585,0</coordinates>
			</Point>
		</Placemark>
		<Placemark>
			<name>65</name>
			<LookAt>
				<longitude>-71.09358460142043</longitude>
				<latitude>-28.50094711820165</latitude>
				<altitude>0</altitude>
				<heading>-0.0003091856722047122</heading>
				<tilt>30.00034314570836</tilt>
				<range>76.04803843858056</range>
				<gx:altitudeMode>relativeToSeaFloor</gx:altitudeMode>
			</LookAt>
			<styleUrl>#m_ylw-pushpin6</styleUrl>
			<Point>
				<gx:drawOrder>1</gx:drawOrder>
				<coordinates>-71.09367372385631,-28.50102996709822,0</coordinates>
			</Point>
		</Placemark>
		<Placemark>
			<name>66</name>
			<LookAt>
				<longitude>-71.09356246981331</longitude>
				<latitude>-28.50087937578445</latitude>
				<altitude>0</altitude>
				<heading>-0.0003197463668381663</heading>
				<tilt>30.00034332323119</tilt>
				<range>76.08757387356796</range>
				<gx:altitudeMode>relativeToSeaFloor</gx:altitudeMode>
			</LookAt>
			<styleUrl>#m_ylw-pushpin6</styleUrl>
			<Point>
				<gx:drawOrder>1</gx:drawOrder>
				<coordinates>-71.09364784361434,-28.50095140292748,0</coordinates>
			</Point>
		</Placemark>
		<Placemark>
			<name>67</name>
			<LookAt>
				<longitude>-71.09353354521134</longitude>
				<latitude>-28.50079589631422</latitude>
				<altitude>0</altitude>
				<heading>-0.000333548302240124</heading>
				<tilt>30.00034351721551</tilt>
				<range>76.13074802748518</range>
				<gx:altitudeMode>relativeToSeaFloor</gx:altitudeMode>
			</LookAt>
			<styleUrl>#m_ylw-pushpin6</styleUrl>
			<Point>
				<gx:drawOrder>1</gx:drawOrder>
				<coordinates>-71.09361649675003,-28.50085912584551,0</coordinates>
			</Point>
		</Placemark>
		<Placemark>
			<name>68</name>
			<LookAt>
				<longitude>-71.09348185321828</longitude>
				<latitude>-28.50066897117763</latitude>
				<altitude>0</altitude>
				<heading>-0.0003582140971818684</heading>
				<tilt>30.00034369522835</tilt>
				<range>76.17038151425101</range>
				<gx:altitudeMode>relativeToSeaFloor</gx:altitudeMode>
			</LookAt>
			<styleUrl>#m_ylw-pushpin6</styleUrl>
			<Point>
				<gx:drawOrder>1</gx:drawOrder>
				<coordinates>-71.09359456667683,-28.50076029656005,0</coordinates>
			</Point>
		</Placemark>
		<Placemark>
			<name>69</name>
			<LookAt>
				<longitude>-71.09346955322255</longitude>
				<latitude>-28.50062121142148</latitude>
				<altitude>0</altitude>
				<heading>-0.0003640832178035806</heading>
				<tilt>30.00034387023406</tilt>
				<range>76.20935626081904</range>
				<gx:altitudeMode>relativeToSeaFloor</gx:altitudeMode>
			</LookAt>
			<styleUrl>#m_ylw-pushpin6</styleUrl>
			<Point>
				<gx:drawOrder>1</gx:drawOrder>
				<coordinates>-71.09357765151673,-28.50068791410973,0</coordinates>
			</Point>
		</Placemark>
		<Placemark>
			<name>7</name>
			<LookAt>
				<longitude>-71.09381216277431</longitude>
				<latitude>-28.50061139510807</latitude>
				<altitude>0</altitude>
				<heading>6.998828700635006e-005</heading>
				<tilt>0</tilt>
				<range>95.51326873249049</range>
				<gx:altitudeMode>relativeToSeaFloor</gx:altitudeMode>
			</LookAt>
			<styleUrl>#m_ylw-pushpin000</styleUrl>
			<Point>
				<gx:drawOrder>1</gx:drawOrder>
				<coordinates>-71.09383177575447,-28.50052521398732,0</coordinates>
			</Point>
		</Placemark>
		<Placemark>
			<name>70</name>
			<LookAt>
				<longitude>-71.09345726140418</longitude>
				<latitude>-28.50053897922773</latitude>
				<altitude>0</altitude>
				<heading>-0.0003699484300308915</heading>
				<tilt>30.00034430619752</tilt>
				<range>76.30641957243016</range>
				<gx:altitudeMode>relativeToSeaFloor</gx:altitudeMode>
			</LookAt>
			<styleUrl>#m_ylw-pushpin6</styleUrl>
			<Point>
				<gx:drawOrder>1</gx:drawOrder>
				<coordinates>-71.09354817899096,-28.50059020793495,0</coordinates>
			</Point>
		</Placemark>
		<Placemark>
			<name>71</name>
			<LookAt>
				<longitude>-71.09351905402791</longitude>
				<latitude>-28.50044297246831</latitude>
				<altitude>0</altitude>
				<heading>-0.0003404631191512209</heading>
				<tilt>30.00034596676135</tilt>
				<range>76.67611459874806</range>
				<gx:altitudeMode>relativeToSeaFloor</gx:altitudeMode>
			</LookAt>
			<styleUrl>#m_ylw-pushpin6</styleUrl>
			<Point>
				<gx:drawOrder>1</gx:drawOrder>
				<coordinates>-71.09351477019463,-28.50048803118136,0</coordinates>
			</Point>
		</Placemark>
		<Placemark>
			<name>72</name>
			<LookAt>
				<longitude>-71.09344732620544</longitude>
				<latitude>-28.50029466817799</latitude>
				<altitude>0</altitude>
				<heading>-0.0003746893762303377</heading>
				<tilt>30.00034600328604</tilt>
				<range>76.68425748772815</range>
				<gx:altitudeMode>relativeToSeaFloor</gx:altitudeMode>
			</LookAt>
			<styleUrl>#m_ylw-pushpin6</styleUrl>
			<Point>
				<gx:drawOrder>1</gx:drawOrder>
				<coordinates>-71.09348395793444,-28.50040648081907,0</coordinates>
			</Point>
		</Placemark>
		<Placemark>
			<name>73</name>
			<LookAt>
				<longitude>-71.09350075500748</longitude>
				<latitude>-28.50025398301906</latitude>
				<altitude>0</altitude>
				<heading>-0.0003491951042316498</heading>
				<tilt>30.00034711892667</tilt>
				<range>76.93263961158505</range>
				<gx:altitudeMode>relativeToSeaFloor</gx:altitudeMode>
			</LookAt>
			<styleUrl>#m_ylw-pushpin6</styleUrl>
			<Point>
				<gx:drawOrder>1</gx:drawOrder>
				<coordinates>-71.09345421725284,-28.50033864137304,0</coordinates>
			</Point>
		</Placemark>
		<Placemark>
			<name>74</name>
			<LookAt>
				<longitude>-71.09341022066037</longitude>
				<latitude>-28.50031473932783</latitude>
				<altitude>0</altitude>
				<heading>0.0003091502423426848</heading>
				<tilt>21.96896637568572</tilt>
				<range>118.0908526863112</range>
				<gx:altitudeMode>relativeToSeaFloor</gx:altitudeMode>
			</LookAt>
			<styleUrl>#m_ylw-pushpin010</styleUrl>
			<Point>
				<gx:drawOrder>1</gx:drawOrder>
				<coordinates>-71.09343245588012,-28.50025095297155,0</coordinates>
			</Point>
		</Placemark>
		<Placemark>
			<name>75</name>
			<LookAt>
				<longitude>-71.0934172152392</longitude>
				<latitude>-28.5002166576725</latitude>
				<altitude>0</altitude>
				<heading>-0.0003890572994245169</heading>
				<tilt>30.0003461378137</tilt>
				<range>76.71420702564474</range>
				<gx:altitudeMode>relativeToSeaFloor</gx:altitudeMode>
			</LookAt>
			<styleUrl>#m_ylw-pushpin6</styleUrl>
			<Point>
				<gx:drawOrder>1</gx:drawOrder>
				<coordinates>-71.09340003177724,-28.50016249321795,0</coordinates>
			</Point>
		</Placemark>
		<Placemark>
			<name>76</name>
			<LookAt>
				<longitude>-71.09334392100328</longitude>
				<latitude>-28.50003511225463</latitude>
				<altitude>0</altitude>
				<heading>-0.0004240304919119749</heading>
				<tilt>30.00034640233031</tilt>
				<range>76.7730958104693</range>
				<gx:altitudeMode>relativeToSeaFloor</gx:altitudeMode>
			</LookAt>
			<styleUrl>#m_ylw-pushpin6</styleUrl>
			<Point>
				<gx:drawOrder>1</gx:drawOrder>
				<coordinates>-71.09339506705464,-28.50006068461939,0</coordinates>
			</Point>
		</Placemark>
		<Placemark>
			<name>77</name>
			<LookAt>
				<longitude>-71.0932999784916</longitude>
				<latitude>-28.50007833524093</latitude>
				<altitude>0</altitude>
				<heading>-0.0004449981344317267</heading>
				<tilt>30.00034541089068</tilt>
				<range>76.55235639056171</range>
				<gx:altitudeMode>relativeToSeaFloor</gx:altitudeMode>
			</LookAt>
			<styleUrl>#m_ylw-pushpin6</styleUrl>
			<Point>
				<gx:drawOrder>1</gx:drawOrder>
				<coordinates>-71.0932795984544,-28.50008640912318,0</coordinates>
			</Point>
		</Placemark>
		<Placemark>
			<name>78</name>
			<LookAt>
				<longitude>-71.09329696963438</longitude>
				<latitude>-28.50009133975847</latitude>
				<altitude>0</altitude>
				<heading>-0.0004464338590279767</heading>
				<tilt>30.00034526698739</tilt>
				<range>76.52032770220373</range>
				<gx:altitudeMode>relativeToSeaFloor</gx:altitudeMode>
			</LookAt>
			<styleUrl>#m_ylw-pushpin6</styleUrl>
			<Point>
				<gx:drawOrder>1</gx:drawOrder>
				<coordinates>-71.09330258152063,-28.50018499266028,0</coordinates>
			</Point>
		</Placemark>
		<Placemark>
			<name>79</name>
			<LookAt>
				<longitude>-71.09328280270336</longitude>
				<latitude>-28.50014915967783</latitude>
				<altitude>0</altitude>
				<heading>-0.0004531937591244941</heading>
				<tilt>30.00034461551117</tilt>
				<range>76.37527879139817</range>
				<gx:altitudeMode>relativeToSeaFloor</gx:altitudeMode>
			</LookAt>
			<styleUrl>#m_ylw-pushpin6</styleUrl>
			<Point>
				<gx:drawOrder>1</gx:drawOrder>
				<coordinates>-71.0933270868568,-28.50026936157273,0</coordinates>
			</Point>
		</Placemark>
		<Placemark>
			<name>8</name>
			<LookAt>
				<longitude>-71.09385730115147</longitude>
				<latitude>-28.5006616413574</latitude>
				<altitude>0</altitude>
				<heading>9.152693451066422e-005</heading>
				<tilt>0</tilt>
				<range>95.57163578127458</range>
				<gx:altitudeMode>relativeToSeaFloor</gx:altitudeMode>
			</LookAt>
			<styleUrl>#m_ylw-pushpin000</styleUrl>
			<Point>
				<gx:drawOrder>1</gx:drawOrder>
				<coordinates>-71.09386081991254,-28.50061083792556,0</coordinates>
			</Point>
		</Placemark>
		<Placemark>
			<name>80</name>
			<LookAt>
				<longitude>-71.09328988478124</longitude>
				<latitude>-28.50032053804889</latitude>
				<altitude>0</altitude>
				<heading>-0.0004498145516506729</heading>
				<tilt>30.00034342670641</tilt>
				<range>76.11060590591373</range>
				<gx:altitudeMode>relativeToSeaFloor</gx:altitudeMode>
			</LookAt>
			<styleUrl>#m_ylw-pushpin6</styleUrl>
			<Point>
				<gx:drawOrder>1</gx:drawOrder>
				<coordinates>-71.09335078302708,-28.5003636349825,0</coordinates>
			</Point>
		</Placemark>
		<Placemark>
			<name>81</name>
			<LookAt>
				<longitude>-71.09328988478124</longitude>
				<latitude>-28.50032053804889</latitude>
				<altitude>0</altitude>
				<heading>-0.0004498145516506729</heading>
				<tilt>30.00034342670641</tilt>
				<range>76.11060590591373</range>
				<gx:altitudeMode>relativeToSeaFloor</gx:altitudeMode>
			</LookAt>
			<styleUrl>#m_ylw-pushpin6</styleUrl>
			<Point>
				<gx:drawOrder>1</gx:drawOrder>
				<coordinates>-71.09337771185028,-28.50043305257442,0</coordinates>
			</Point>
		</Placemark>
		<Placemark>
			<name>82</name>
			<LookAt>
				<longitude>-71.09349043039661</longitude>
				<latitude>-28.50047209529647</latitude>
				<altitude>0</altitude>
				<heading>-0.0003541209779721689</heading>
				<tilt>30.0003453136229</tilt>
				<range>76.5307064868077</range>
				<gx:altitudeMode>relativeToSeaFloor</gx:altitudeMode>
			</LookAt>
			<styleUrl>#m_ylw-pushpin6</styleUrl>
			<Point>
				<gx:drawOrder>1</gx:drawOrder>
				<coordinates>-71.09340991381997,-28.50051269593354,0</coordinates>
			</Point>
		</Placemark>
		<Placemark>
			<name>83</name>
			<LookAt>
				<longitude>-71.09341278146721</longitude>
				<latitude>-28.50055241775302</latitude>
				<altitude>0</altitude>
				<heading>-0.000391172415867247</heading>
				<tilt>30.00034353193483</tilt>
				<range>76.13403069621623</range>
				<gx:altitudeMode>relativeToSeaFloor</gx:altitudeMode>
			</LookAt>
			<styleUrl>#m_ylw-pushpin6</styleUrl>
			<Point>
				<gx:drawOrder>1</gx:drawOrder>
				<coordinates>-71.0934307803235,-28.5006104892199,0</coordinates>
			</Point>
		</Placemark>
		<Placemark>
			<name>84</name>
			<LookAt>
				<longitude>-71.0934246177919</longitude>
				<latitude>-28.50059445726709</latitude>
				<altitude>0</altitude>
				<heading>-0.0003855244585232615</heading>
				<tilt>30.00034339300479</tilt>
				<range>76.10309488046102</range>
				<gx:altitudeMode>relativeToSeaFloor</gx:altitudeMode>
			</LookAt>
			<styleUrl>#m_ylw-pushpin6</styleUrl>
			<Point>
				<gx:drawOrder>1</gx:drawOrder>
				<coordinates>-71.09345519148069,-28.50070133845684,0</coordinates>
			</Point>
		</Placemark>
		<Placemark>
			<name>85</name>
			<LookAt>
				<longitude>-71.09340184208068</longitude>
				<latitude>-28.50071894321581</latitude>
				<altitude>0</altitude>
				<heading>-0.0003963924924218246</heading>
				<tilt>30.00034210739504</tilt>
				<range>75.81686494126075</range>
				<gx:altitudeMode>relativeToSeaFloor</gx:altitudeMode>
			</LookAt>
			<styleUrl>#m_ylw-pushpin6</styleUrl>
			<Point>
				<gx:drawOrder>1</gx:drawOrder>
				<coordinates>-71.09348944357599,-28.50078701820571,0</coordinates>
			</Point>
		</Placemark>
		<Placemark>
			<name>86</name>
			<LookAt>
				<longitude>-71.09345880512534</longitude>
				<latitude>-28.50078914933526</latitude>
				<altitude>0</altitude>
				<heading>-0.0003692114129964607</heading>
				<tilt>30.00034243790244</tilt>
				<range>75.89046221384562</range>
				<gx:altitudeMode>relativeToSeaFloor</gx:altitudeMode>
			</LookAt>
			<styleUrl>#m_ylw-pushpin6</styleUrl>
			<Point>
				<gx:drawOrder>1</gx:drawOrder>
				<coordinates>-71.09350891802109,-28.50088365648507,0</coordinates>
			</Point>
		</Placemark>
		<Placemark>
			<name>87</name>
			<LookAt>
				<longitude>-71.09347420980406</longitude>
				<latitude>-28.50090451355259</latitude>
				<altitude>0</altitude>
				<heading>-0.0003618608209699703</heading>
				<tilt>30.00034257199935</tilt>
				<range>75.92031681881379</range>
				<gx:altitudeMode>relativeToSeaFloor</gx:altitudeMode>
			</LookAt>
			<styleUrl>#m_ylw-pushpin6</styleUrl>
			<Point>
				<gx:drawOrder>1</gx:drawOrder>
				<coordinates>-71.09353340866969,-28.50096413645719,0</coordinates>
			</Point>
		</Placemark>
		<Placemark>
			<name>88</name>
			<LookAt>
				<longitude>-71.09351795618004</longitude>
				<latitude>-28.50101130917826</latitude>
				<altitude>0</altitude>
				<heading>-0.0003409862970892262</heading>
				<tilt>30.00034337958909</tilt>
				<range>76.10011668534955</range>
				<gx:altitudeMode>relativeToSeaFloor</gx:altitudeMode>
			</LookAt>
			<styleUrl>#m_ylw-pushpin6</styleUrl>
			<Point>
				<gx:drawOrder>1</gx:drawOrder>
				<coordinates>-71.09356404688138,-28.50105538936408,0</coordinates>
			</Point>
		</Placemark>
		<Placemark>
			<name>89</name>
			<LookAt>
				<longitude>-71.09356224548083</longitude>
				<latitude>-28.50113359490496</latitude>
				<altitude>0</altitude>
				<heading>-0.000319852544875835</heading>
				<tilt>30.00034430430965</tilt>
				<range>76.30599638933651</range>
				<gx:altitudeMode>relativeToSeaFloor</gx:altitudeMode>
			</LookAt>
			<styleUrl>#m_ylw-pushpin6</styleUrl>
			<Point>
				<gx:drawOrder>1</gx:drawOrder>
				<coordinates>-71.0935848874456,-28.50114679722487,0</coordinates>
			</Point>
		</Placemark>
		<Placemark>
			<name>9</name>
			<LookAt>
				<longitude>-71.09390350562472</longitude>
				<latitude>-28.50077462854175</latitude>
				<altitude>0</altitude>
				<heading>0.0001135743144222708</heading>
				<tilt>0</tilt>
				<range>95.54030034927123</range>
				<gx:altitudeMode>relativeToSeaFloor</gx:altitudeMode>
			</LookAt>
			<styleUrl>#m_ylw-pushpin000</styleUrl>
			<Point>
				<gx:drawOrder>1</gx:drawOrder>
				<coordinates>-71.09387889457207,-28.50070268142452,0</coordinates>
			</Point>
		</Placemark>
		<Placemark>
			<name>90</name>
			<LookAt>
				<longitude>-71.0935912025251</longitude>
				<latitude>-28.50113293938488</latitude>
				<altitude>0</altitude>
				<heading>-0.0003060348963044846</heading>
				<tilt>30.00034429940908</tilt>
				<range>76.30490142932463</range>
				<gx:altitudeMode>relativeToSeaFloor</gx:altitudeMode>
			</LookAt>
			<styleUrl>#m_ylw-pushpin6</styleUrl>
			<Point>
				<gx:drawOrder>1</gx:drawOrder>
				<coordinates>-71.09361474944735,-28.50122817938537,0</coordinates>
			</Point>
		</Placemark>
		<Placemark>
			<name>91</name>
			<LookAt>
				<longitude>-71.09356430338724</longitude>
				<latitude>-28.50125855846046</latitude>
				<altitude>0</altitude>
				<heading>-0.0003188706251563759</heading>
				<tilt>30.0003452492047</tilt>
				<range>76.51635742669342</range>
				<gx:altitudeMode>relativeToSeaFloor</gx:altitudeMode>
			</LookAt>
			<styleUrl>#m_ylw-pushpin6</styleUrl>
			<Point>
				<gx:drawOrder>1</gx:drawOrder>
				<coordinates>-71.09364026000154,-28.50131641904492,0</coordinates>
			</Point>
		</Placemark>
		<Placemark>
			<name>92</name>
			<LookAt>
				<longitude>-71.09362786011454</longitude>
				<latitude>-28.50130079074307</latitude>
				<altitude>0</altitude>
				<heading>-0.0002885427368907465</heading>
				<tilt>30.00034556855459</tilt>
				<range>76.58746662285688</range>
				<gx:altitudeMode>relativeToSeaFloor</gx:altitudeMode>
			</LookAt>
			<styleUrl>#m_ylw-pushpin6</styleUrl>
			<Point>
				<gx:drawOrder>1</gx:drawOrder>
				<coordinates>-71.09367165668124,-28.50142125981399,0</coordinates>
			</Point>
		</Placemark>
		<Placemark>
			<name>93</name>
			<LookAt>
				<longitude>-71.0936124841876</longitude>
				<latitude>-28.50146932214915</latitude>
				<altitude>0</altitude>
				<heading>-0.000295880051559672</heading>
				<tilt>30.00034684301802</tilt>
				<range>76.87121306774284</range>
				<gx:altitudeMode>relativeToSeaFloor</gx:altitudeMode>
			</LookAt>
			<styleUrl>#m_ylw-pushpin6</styleUrl>
			<Point>
				<gx:drawOrder>1</gx:drawOrder>
				<coordinates>-71.09368858311386,-28.50153118149935,0</coordinates>
			</Point>
		</Placemark>
		<Placemark>
			<name>94</name>
			<LookAt>
				<longitude>-71.09366814286238</longitude>
				<latitude>-28.50156258346645</latitude>
				<altitude>0</altitude>
				<heading>-0.0002693208245742752</heading>
				<tilt>30.00034754817255</tilt>
				<range>77.02820868606888</range>
				<gx:altitudeMode>relativeToSeaFloor</gx:altitudeMode>
			</LookAt>
			<styleUrl>#m_ylw-pushpin6</styleUrl>
			<Point>
				<gx:drawOrder>1</gx:drawOrder>
				<coordinates>-71.09371403748986,-28.50160643602462,0</coordinates>
			</Point>
		</Placemark>
		<Placemark>
			<name>95</name>
			<LookAt>
				<longitude>-71.09366814286238</longitude>
				<latitude>-28.50156258346645</latitude>
				<altitude>0</altitude>
				<heading>-0.0002693208245742752</heading>
				<tilt>30.00034754817255</tilt>
				<range>77.02820868606888</range>
				<gx:altitudeMode>relativeToSeaFloor</gx:altitudeMode>
			</LookAt>
			<styleUrl>#m_ylw-pushpin6</styleUrl>
			<Point>
				<gx:drawOrder>1</gx:drawOrder>
				<coordinates>-71.09376409788622,-28.50169254938341,0</coordinates>
			</Point>
		</Placemark>
		<Placemark>
			<name>96</name>
			<LookAt>
				<longitude>-71.09346504432361</longitude>
				<latitude>-28.50135604757594</latitude>
				<altitude>0</altitude>
				<heading>-6.363370967897076e-005</heading>
				<tilt>0</tilt>
				<range>111.0146118681175</range>
				<gx:altitudeMode>relativeToSeaFloor</gx:altitudeMode>
			</LookAt>
			<styleUrl>#m_ylw-pushpin6</styleUrl>
			<Point>
				<gx:drawOrder>1</gx:drawOrder>
				<coordinates>-71.09360246376859,-28.50153334102803,0</coordinates>
			</Point>
		</Placemark>
		<Placemark>
			<name>97</name>
			<LookAt>
				<longitude>-71.09346504432361</longitude>
				<latitude>-28.50135604757594</latitude>
				<altitude>0</altitude>
				<heading>-6.363370967897076e-005</heading>
				<tilt>0</tilt>
				<range>111.0146118681175</range>
				<gx:altitudeMode>relativeToSeaFloor</gx:altitudeMode>
			</LookAt>
			<styleUrl>#m_ylw-pushpin6</styleUrl>
			<Point>
				<gx:drawOrder>1</gx:drawOrder>
				<coordinates>-71.09357776521868,-28.50143970961097,0</coordinates>
			</Point>
		</Placemark>
		<Placemark>
			<name>98</name>
			<LookAt>
				<longitude>-71.09341830695952</longitude>
				<latitude>-28.50122872044001</latitude>
				<altitude>0</altitude>
				<heading>-8.593569501723525e-005</heading>
				<tilt>0</tilt>
				<range>110.8289702069946</range>
				<gx:altitudeMode>relativeToSeaFloor</gx:altitudeMode>
			</LookAt>
			<styleUrl>#m_ylw-pushpin6</styleUrl>
			<Point>
				<gx:drawOrder>1</gx:drawOrder>
				<coordinates>-71.09354485830403,-28.50132763470191,0</coordinates>
			</Point>
		</Placemark>
		<Placemark>
			<name>99</name>
			<LookAt>
				<longitude>-71.09337861762056</longitude>
				<latitude>-28.50115690997199</latitude>
				<altitude>0</altitude>
				<heading>-0.0001048745554233292</heading>
				<tilt>0</tilt>
				<range>110.7242843339314</range>
				<gx:altitudeMode>relativeToSeaFloor</gx:altitudeMode>
			</LookAt>
			<styleUrl>#m_ylw-pushpin6</styleUrl>
			<Point>
				<gx:drawOrder>1</gx:drawOrder>
				<coordinates>-71.09351434416104,-28.50124035320268,0</coordinates>
			</Point>
		</Placemark>
		<Placemark>
			<name>265</name>
			<LookAt>
				<longitude>-71.09267296786651</longitude>
				<latitude>-28.49956466443519</latitude>
				<altitude>0</altitude>
				<heading>-0.0002001046252726278</heading>
				<tilt>30.00056904329395</tilt>
				<range>126.572773892911</range>
				<gx:altitudeMode>relativeToSeaFloor</gx:altitudeMode>
			</LookAt>
			<styleUrl>#msn_placemark_circle</styleUrl>
			<Point>
				<gx:drawOrder>1</gx:drawOrder>
				<coordinates>-71.09286869549463,-28.49973277842311,0</coordinates>
			</Point>
		</Placemark>
		<Placemark>
			<name>289</name>
			<LookAt>
				<longitude>-71.09267759856357</longitude>
				<latitude>-28.49983465358808</latitude>
				<altitude>0</altitude>
				<heading>-0.0001978950864563273</heading>
				<tilt>30.00056298863271</tilt>
				<range>125.2247906666993</range>
				<gx:altitudeMode>relativeToSeaFloor</gx:altitudeMode>
			</LookAt>
			<styleUrl>#msn_placemark_circle</styleUrl>
			<Point>
				<gx:drawOrder>1</gx:drawOrder>
				<coordinates>-71.09275150134951,-28.50000528365456,0</coordinates>
			</Point>
		</Placemark>
	</Folder>
</Document>
</kml>
