"","X","Idshp","Produccion","Kg.arbol","Campo","Marco","Lon","Lat","DEM","slope","aspect","tri","tpi","roughness","flowdir","NDVISep","gNDVISep","SAVISep","NDVIEne","gNDVIEne","SAVIEne","DifNDVISepEne","DifgNDVISepEne","DifSAVISepEne","DG10ABRNOV","DG10ABROCT","DG10AGOOCT","DG10MAYNOV","DG10MAYOCT","DG12ABRNOV","DG12ABROCT","DG12AGOOCT","DG12MAYNOV","DG12MAYOCT","DG15ABRNOV","DG15ABROCT","DG15AGOOCT","DG15MAYNOV","DG15MAYOCT","CH10ABRNOV","CH10ABROCT","CH10AGOOCT","CH10MAYNOV","CH10MAYOCT","CH12ABRNOV","CH12ABROCT","CH12AGOOCT","CH12MAYNOV","CH12MAYOCT","CH15ABRNOV","CH15ABROCT","CH15AGOOCT","CH15MAYNOV","CH15MAYOCT","CH10ago","CH12ago","CH15ago","CH10sep","CH12sep","CH15sep","CH10oct","CH12oct","CH15oct","CH10nov","CH12nov","CH15nov"
"1",1,1,2020,94.4428213131313,"Freirina",100,-71.09367049,-28.49999126,81,2.298403281,288.4349488,2,2,4,16,0.467801622,0.626076281,0.24616982,0.482960419,0.611672282,0.266223907,0.015158797,-0.014403999,0.020054087,828.282772,660.5463619,300.7380975,693.1771618,525.4407517,526.3966199,404.8920962,186.6029387,435.984419,314.4798953,207.205014,146.4497588,70.81470595,168.8583232,108.103068,2136.958652,2016.112498,838.764076,1930.499403,1809.653249,2416.768623,2248.024366,929.6279164,2166.872965,1998.128708,2811.378466,2592.392796,1079.786209,2505.916578,2286.930907,293.9444696,320.6251605,367.3316724,308.5190296,343.6565975,400.9375748,236.3005769,265.3461584,311.5169613,120.8461545,168.7442565,218.9856705
"2",2,2,2020,99.7253159523809,"Freirina",100,-71.0937133,-28.50008985,81,2.298403281,288.4349488,2,2,4,16,0.529364783,0.666521609,0.264894068,0.521613837,0.635941088,0.279320985,-0.007750946,-0.030580521,0.014426917,828.282772,660.5463619,300.7380975,693.1771618,525.4407517,526.3966199,404.8920962,186.6029387,435.984419,314.4798953,207.205014,146.4497588,70.81470595,168.8583232,108.103068,2136.958652,2016.112498,838.764076,1930.499403,1809.653249,2416.768623,2248.024366,929.6279164,2166.872965,1998.128708,2811.378466,2592.392796,1079.786209,2505.916578,2286.930907,293.9444696,320.6251605,367.3316724,308.5190296,343.6565975,400.9375748,236.3005769,265.3461584,311.5169613,120.8461545,168.7442565,218.9856705
"3",3,3,2020,100.586034593301,"Freirina",100,-71.09372529,-28.5001799,81,2.298403281,288.4349488,2,2,4,16,0.512016284,0.667565167,0.252917498,0.532690255,0.635531843,0.286767542,0.020673971,-0.032033324,0.033850044,828.282772,660.5463619,300.7380975,693.1771618,525.4407517,526.3966199,404.8920962,186.6029387,435.984419,314.4798953,207.205014,146.4497588,70.81470595,168.8583232,108.103068,2136.958652,2016.112498,838.764076,1930.499403,1809.653249,2416.768623,2248.024366,929.6279164,2166.872965,1998.128708,2811.378466,2592.392796,1079.786209,2505.916578,2286.930907,293.9444696,320.6251605,367.3316724,308.5190296,343.6565975,400.9375748,236.3005769,265.3461584,311.5169613,120.8461545,168.7442565,218.9856705
"4",4,4,2020,102.612069759796,"Freirina",100,-71.09375735,-28.5002516,80,1.71353711,261.8698976,0.75,0.5,3,16,0.523922507,0.66767633,0.263979286,0.550139282,0.64159292,0.301067084,0.026216775,-0.02608341,0.037087798,828.282772,660.5463619,300.7380975,693.1771618,525.4407517,526.3966199,404.8920962,186.6029387,435.984419,314.4798953,207.205014,146.4497588,70.81470595,168.8583232,108.103068,2136.958652,2016.112498,838.764076,1930.499403,1809.653249,2416.768623,2248.024366,929.6279164,2166.872965,1998.128708,2811.378466,2592.392796,1079.786209,2505.916578,2286.930907,293.9444696,320.6251605,367.3316724,308.5190296,343.6565975,400.9375748,236.3005769,265.3461584,311.5169613,120.8461545,168.7442565,218.9856705
"5",5,5,2020,97.3682455251677,"Freirina",100,-71.09378959,-28.50033231,80,1.71353711,261.8698976,0.75,0.5,3,16,0.526717561,0.681415975,0.262585133,0.522651919,0.636579573,0.275891125,-0.004065642,-0.044836402,0.013305992,828.282772,660.5463619,300.7380975,693.1771618,525.4407517,526.3966199,404.8920962,186.6029387,435.984419,314.4798953,207.205014,146.4497588,70.81470595,168.8583232,108.103068,2136.958652,2016.112498,838.764076,1930.499403,1809.653249,2416.768623,2248.024366,929.6279164,2166.872965,1998.128708,2811.378466,2592.392796,1079.786209,2505.916578,2286.930907,293.9444696,320.6251605,367.3316724,308.5190296,343.6565975,400.9375748,236.3005769,265.3461584,311.5169613,120.8461545,168.7442565,218.9856705
"6",6,6,2020,102.332719801809,"Freirina",100,-71.09382218,-28.50043106,80,1.71353711,261.8698976,0.75,0.5,3,16,0.464025876,0.649362445,0.230398715,0.504593625,0.633921742,0.273563206,0.040567749,-0.015440702,0.043164492,828.282772,660.5463619,300.7380975,693.1771618,525.4407517,526.3966199,404.8920962,186.6029387,435.984419,314.4798953,207.205014,146.4497588,70.81470595,168.8583232,108.103068,2136.958652,2016.112498,838.764076,1930.499403,1809.653249,2416.768623,2248.024366,929.6279164,2166.872965,1998.128708,2811.378466,2592.392796,1079.786209,2505.916578,2286.930907,293.9444696,320.6251605,367.3316724,308.5190296,343.6565975,400.9375748,236.3005769,265.3461584,311.5169613,120.8461545,168.7442565,218.9856705
"7",7,7,2020,84.6046336330767,"Freirina",100,-71.09383417,-28.50052111,80,1.454105826,270,0.75,0.5,3,32,0.430740026,0.598134816,0.222986251,0.5651633,0.65363127,0.331771135,0.134423274,0.055496454,0.108784884,828.282772,660.5463619,300.7380975,693.1771618,525.4407517,526.3966199,404.8920962,186.6029387,435.984419,314.4798953,207.205014,146.4497588,70.81470595,168.8583232,108.103068,2136.958652,2016.112498,838.764076,1930.499403,1809.653249,2416.768623,2248.024366,929.6279164,2166.872965,1998.128708,2811.378466,2592.392796,1079.786209,2505.916578,2286.930907,293.9444696,320.6251605,367.3316724,308.5190296,343.6565975,400.9375748,236.3005769,265.3461584,311.5169613,120.8461545,168.7442565,218.9856705
"8",8,8,2020,88.703281245471,"Freirina",100,-71.09385638,-28.500611,80,1.454105826,270,0.75,0.5,3,32,0.385708973,0.589699566,0.201550916,0.612238891,0.671751082,0.371651381,0.226529918,0.082051516,0.170100465,828.282772,660.5463619,300.7380975,693.1771618,525.4407517,526.3966199,404.8920962,186.6029387,435.984419,314.4798953,207.205014,146.4497588,70.81470595,168.8583232,108.103068,2136.958652,2016.112498,838.764076,1930.499403,1809.653249,2416.768623,2248.024366,929.6279164,2166.872965,1998.128708,2811.378466,2592.392796,1079.786209,2505.916578,2286.930907,293.9444696,320.6251605,367.3316724,308.5190296,343.6565975,400.9375748,236.3005769,265.3461584,311.5169613,120.8461545,168.7442565,218.9856705
"9",9,9,2020,92.0532431761117,"Freirina",100,-71.09387858,-28.50070089,80,1.454105826,270,0.75,0.5,3,32,0.422875117,0.610451341,0.230754539,0.521808343,0.633629501,0.301989913,0.098933226,0.02317816,0.071235374,828.282772,660.5463619,300.7380975,693.1771618,525.4407517,526.3966199,404.8920962,186.6029387,435.984419,314.4798953,207.205014,146.4497588,70.81470595,168.8583232,108.103068,2136.958652,2016.112498,838.764076,1930.499403,1809.653249,2416.768623,2248.024366,929.6279164,2166.872965,1998.128708,2811.378466,2592.392796,1079.786209,2505.916578,2286.930907,293.9444696,320.6251605,367.3316724,308.5190296,343.6565975,400.9375748,236.3005769,265.3461584,311.5169613,120.8461545,168.7442565,218.9856705
"10",10,10,2020,99.2954250306361,"Freirina",100,-71.09392139,-28.50079949,79,1.845447935,293.1985905,1.125,-1.125,3,16,0.517411192,0.657955468,0.281333685,0.542688915,0.643778324,0.308861852,0.025277723,-0.014177144,0.027528167,828.282772,660.5463619,300.7380975,693.1771618,525.4407517,526.3966199,404.8920962,186.6029387,435.984419,314.4798953,207.205014,146.4497588,70.81470595,168.8583232,108.103068,2136.958652,2016.112498,838.764076,1930.499403,1809.653249,2416.768623,2248.024366,929.6279164,2166.872965,1998.128708,2811.378466,2592.392796,1079.786209,2505.916578,2286.930907,293.9444696,320.6251605,367.3316724,308.5190296,343.6565975,400.9375748,236.3005769,265.3461584,311.5169613,120.8461545,168.7442565,218.9856705
"11",11,11,2020,107.514318463203,"Freirina",100,-71.0939332,-28.50088052,79,1.845447935,293.1985905,1.125,-1.125,3,16,0.560172485,0.675789475,0.283869684,0.514541383,0.621556878,0.269461066,-0.045631102,-0.054232597,-0.014408618,828.282772,660.5463619,300.7380975,693.1771618,525.4407517,526.3966199,404.8920962,186.6029387,435.984419,314.4798953,207.205014,146.4497588,70.81470595,168.8583232,108.103068,2136.958652,2016.112498,838.764076,1930.499403,1809.653249,2416.768623,2248.024366,929.6279164,2166.872965,1998.128708,2811.378466,2592.392796,1079.786209,2505.916578,2286.930907,293.9444696,320.6251605,367.3316724,308.5190296,343.6565975,400.9375748,236.3005769,265.3461584,311.5169613,120.8461545,168.7442565,218.9856705
"12",12,12,2020,96.2731184042347,"Freirina",100,-71.0939658,-28.50097927,79,1.845447935,293.1985905,1.125,-1.125,3,16,0.542296689,0.690860212,0.267288834,0.521954946,0.634946704,0.269129813,-0.020341743,-0.055913508,0.001840979,828.282772,660.5463619,300.7380975,693.1771618,525.4407517,526.3966199,404.8920962,186.6029387,435.984419,314.4798953,207.205014,146.4497588,70.81470595,168.8583232,108.103068,2136.958652,2016.112498,838.764076,1930.499403,1809.653249,2416.768623,2248.024366,929.6279164,2166.872965,1998.128708,2811.378466,2592.392796,1079.786209,2505.916578,2286.930907,293.9444696,320.6251605,367.3316724,308.5190296,343.6565975,400.9375748,236.3005769,265.3461584,311.5169613,120.8461545,168.7442565,218.9856705
"13",13,13,2020,82.6004070470305,"Freirina",100,-71.09397743,-28.50105128,80,1.454105826,270,0.75,0.5,3,32,0.540124744,0.680580795,0.263133019,0.537164738,0.636882901,0.276346892,-0.002960006,-0.043697894,0.013213873,828.282772,660.5463619,300.7380975,693.1771618,525.4407517,526.3966199,404.8920962,186.6029387,435.984419,314.4798953,207.205014,146.4497588,70.81470595,168.8583232,108.103068,2136.958652,2016.112498,838.764076,1930.499403,1809.653249,2416.768623,2248.024366,929.6279164,2166.872965,1998.128708,2811.378466,2592.392796,1079.786209,2505.916578,2286.930907,293.9444696,320.6251605,367.3316724,308.5190296,343.6565975,400.9375748,236.3005769,265.3461584,311.5169613,120.8461545,168.7442565,218.9856705
"14",14,14,2020,84.1711509308457,"Freirina",100,-71.09400967,-28.50113199,80,1.454105826,270,0.75,0.5,3,32,0.535439798,0.684309125,0.256197214,0.546493907,0.644912839,0.282135367,0.011054109,-0.039396286,0.025938153,828.282772,660.5463619,300.7380975,693.1771618,525.4407517,526.3966199,404.8920962,186.6029387,435.984419,314.4798953,207.205014,146.4497588,70.81470595,168.8583232,108.103068,2136.958652,2016.112498,838.764076,1930.499403,1809.653249,2416.768623,2248.024366,929.6279164,2166.872965,1998.128708,2811.378466,2592.392796,1079.786209,2505.916578,2286.930907,293.9444696,320.6251605,367.3316724,308.5190296,343.6565975,400.9375748,236.3005769,265.3461584,311.5169613,120.8461545,168.7442565,218.9856705
"15",15,15,2020,87.9037502218552,"Freirina",100,-71.09405265,-28.50123961,80,1.454105826,270,0.75,0.5,3,32,0.537662339,0.696275055,0.254856348,0.550246487,0.647722721,0.284994096,0.012584148,-0.048552334,0.030137748,828.282772,660.5463619,300.7380975,693.1771618,525.4407517,526.3966199,404.8920962,186.6029387,435.984419,314.4798953,207.205014,146.4497588,70.81470595,168.8583232,108.103068,2136.958652,2016.112498,838.764076,1930.499403,1809.653249,2416.768623,2248.024366,929.6279164,2166.872965,1998.128708,2811.378466,2592.392796,1079.786209,2505.916578,2286.930907,293.9444696,320.6251605,367.3316724,308.5190296,343.6565975,400.9375748,236.3005769,265.3461584,311.5169613,120.8461545,168.7442565,218.9856705
"16",16,16,2020,82.776108696768,"Freirina",100,-71.09405444,-28.50132982,80,1.454105826,270,0.75,0.5,3,32,0.542980549,0.701762736,0.257758021,0.550841254,0.652377248,0.292086899,0.007860705,-0.049385488,0.034328878,828.282772,660.5463619,300.7380975,693.1771618,525.4407517,526.3966199,404.8920962,186.6029387,435.984419,314.4798953,207.205014,146.4497588,70.81470595,168.8583232,108.103068,2136.958652,2016.112498,838.764076,1930.499403,1809.653249,2416.768623,2248.024366,929.6279164,2166.872965,1998.128708,2811.378466,2592.392796,1079.786209,2505.916578,2286.930907,293.9444696,320.6251605,367.3316724,308.5190296,343.6565975,400.9375748,236.3005769,265.3461584,311.5169613,120.8461545,168.7442565,218.9856705
"17",17,17,2020,89.5830312710778,"Freirina",100,-71.09408685,-28.50141955,80,1.454105826,270,0.75,0.5,3,32,0.525167048,0.67596674,0.244099393,0.567704555,0.650152445,0.303014696,0.042537507,-0.025814295,0.058915302,828.282772,660.5463619,300.7380975,693.1771618,525.4407517,526.3966199,404.8920962,186.6029387,435.984419,314.4798953,207.205014,146.4497588,70.81470595,168.8583232,108.103068,2136.958652,2016.112498,838.764076,1930.499403,1809.653249,2416.768623,2248.024366,929.6279164,2166.872965,1998.128708,2811.378466,2592.392796,1079.786209,2505.916578,2286.930907,293.9444696,320.6251605,367.3316724,308.5190296,343.6565975,400.9375748,236.3005769,265.3461584,311.5169613,120.8461545,168.7442565,218.9856705
"18",18,18,2020,87.2700403783298,"Freirina",100,-71.09411945,-28.5015183,80,1.454105826,270,0.75,0.5,3,32,0.541966422,0.685452223,0.271127701,0.552631582,0.637659431,0.29838711,0.01066516,-0.047792792,0.027259409,828.282772,660.5463619,300.7380975,693.1771618,525.4407517,526.3966199,404.8920962,186.6029387,435.984419,314.4798953,207.205014,146.4497588,70.81470595,168.8583232,108.103068,2136.958652,2016.112498,838.764076,1930.499403,1809.653249,2416.768623,2248.024366,929.6279164,2166.872965,1998.128708,2811.378466,2592.392796,1079.786209,2505.916578,2286.930907,293.9444696,320.6251605,367.3316724,308.5190296,343.6565975,400.9375748,236.3005769,265.3461584,311.5169613,120.8461545,168.7442565,218.9856705
"19",19,19,2020,93.4168099137217,"Freirina",100,-71.09414147,-28.50159918,80,1.454105826,270,0.75,0.5,3,32,0.476491843,0.662932813,0.219217956,0.492187474,0.629945695,0.26599282,0.015695631,-0.032987118,0.046774864,828.282772,660.5463619,300.7380975,693.1771618,525.4407517,526.3966199,404.8920962,186.6029387,435.984419,314.4798953,207.205014,146.4497588,70.81470595,168.8583232,108.103068,2136.958652,2016.112498,838.764076,1930.499403,1809.653249,2416.768623,2248.024366,929.6279164,2166.872965,1998.128708,2811.378466,2592.392796,1079.786209,2505.916578,2286.930907,293.9444696,320.6251605,367.3316724,308.5190296,343.6565975,400.9375748,236.3005769,265.3461584,311.5169613,120.8461545,168.7442565,218.9856705
"20",20,20,2020,89.5891903117019,"Freirina",100,-71.0940501,-28.50162765,80,1.454105826,270,0.75,0.5,3,32,0.425327503,0.635270536,0.200411528,0.502363245,0.630036592,0.280331552,0.077035742,-0.005233943,0.079920024,828.282772,660.5463619,300.7380975,693.1771618,525.4407517,526.3966199,404.8920962,186.6029387,435.984419,314.4798953,207.205014,146.4497588,70.81470595,168.8583232,108.103068,2136.958652,2016.112498,838.764076,1930.499403,1809.653249,2416.768623,2248.024366,929.6279164,2166.872965,1998.128708,2811.378466,2592.392796,1079.786209,2505.916578,2286.930907,293.9444696,320.6251605,367.3316724,308.5190296,343.6565975,400.9375748,236.3005769,265.3461584,311.5169613,120.8461545,168.7442565,218.9856705
"21",21,21,2020,82.3589747439188,"Freirina",100,-71.09401769,-28.50153792,80,1.454105826,270,0.75,0.5,3,32,0.529711373,0.683325589,0.254486144,0.566240041,0.650145769,0.311177284,0.036528668,-0.03317982,0.05669114,828.282772,660.5463619,300.7380975,693.1771618,525.4407517,526.3966199,404.8920962,186.6029387,435.984419,314.4798953,207.205014,146.4497588,70.81470595,168.8583232,108.103068,2136.958652,2016.112498,838.764076,1930.499403,1809.653249,2416.768623,2248.024366,929.6279164,2166.872965,1998.128708,2811.378466,2592.392796,1079.786209,2505.916578,2286.930907,293.9444696,320.6251605,367.3316724,308.5190296,343.6565975,400.9375748,236.3005769,265.3461584,311.5169613,120.8461545,168.7442565,218.9856705
"22",22,22,2020,82.6662494215001,"Freirina",100,-71.09399548,-28.50144803,80,1.454105826,270,0.75,0.5,3,32,0.529711373,0.683325589,0.254486144,0.566240041,0.650145769,0.311177284,0.036528668,-0.03317982,0.05669114,828.282772,660.5463619,300.7380975,693.1771618,525.4407517,526.3966199,404.8920962,186.6029387,435.984419,314.4798953,207.205014,146.4497588,70.81470595,168.8583232,108.103068,2136.958652,2016.112498,838.764076,1930.499403,1809.653249,2416.768623,2248.024366,929.6279164,2166.872965,1998.128708,2811.378466,2592.392796,1079.786209,2505.916578,2286.930907,293.9444696,320.6251605,367.3316724,308.5190296,343.6565975,400.9375748,236.3005769,265.3461584,311.5169613,120.8461545,168.7442565,218.9856705
"23",23,23,2020,83.6788350467086,"Freirina",100,-71.09396307,-28.5013583,80,1.454105826,270,0.75,0.5,3,32,0.518229152,0.676090121,0.245208099,0.55604884,0.64104563,0.292678177,0.037819688,-0.035044491,0.047470078,828.282772,660.5463619,300.7380975,693.1771618,525.4407517,526.3966199,404.8920962,186.6029387,435.984419,314.4798953,207.205014,146.4497588,70.81470595,168.8583232,108.103068,2136.958652,2016.112498,838.764076,1930.499403,1809.653249,2416.768623,2248.024366,929.6279164,2166.872965,1998.128708,2811.378466,2592.392796,1079.786209,2505.916578,2286.930907,293.9444696,320.6251605,367.3316724,308.5190296,343.6565975,400.9375748,236.3005769,265.3461584,311.5169613,120.8461545,168.7442565,218.9856705
"24",24,24,2020,89.5397862272953,"Freirina",100,-71.09392994,-28.50123248,80,1.454105826,270,0.75,0.5,3,32,0.513490353,0.694964051,0.245194271,0.550415612,0.65573138,0.294129014,0.036925259,-0.039232671,0.048934743,828.282772,660.5463619,300.7380975,693.1771618,525.4407517,526.3966199,404.8920962,186.6029387,435.984419,314.4798953,207.205014,146.4497588,70.81470595,168.8583232,108.103068,2136.958652,2016.112498,838.764076,1930.499403,1809.653249,2416.768623,2248.024366,929.6279164,2166.872965,1998.128708,2811.378466,2592.392796,1079.786209,2505.916578,2286.930907,293.9444696,320.6251605,367.3316724,308.5190296,343.6565975,400.9375748,236.3005769,265.3461584,311.5169613,120.8461545,168.7442565,218.9856705
"25",25,25,2020,102.569743611111,"Freirina",100,-71.09390809,-28.50116063,80,2.084309673,305.5376778,0.875,-0.375,3,64,0.528877862,0.678442001,0.259024769,0.574319612,0.671111166,0.31388253,0.04544175,-0.007330835,0.054857761,828.282772,660.5463619,300.7380975,693.1771618,525.4407517,526.3966199,404.8920962,186.6029387,435.984419,314.4798953,207.205014,146.4497588,70.81470595,168.8583232,108.103068,2136.958652,2016.112498,838.764076,1930.499403,1809.653249,2416.768623,2248.024366,929.6279164,2166.872965,1998.128708,2811.378466,2592.392796,1079.786209,2505.916578,2286.930907,293.9444696,320.6251605,367.3316724,308.5190296,343.6565975,400.9375748,236.3005769,265.3461584,311.5169613,120.8461545,168.7442565,218.9856705
"26",26,26,2020,96.6518167014652,"Freirina",100,-71.09388589,-28.50107074,80,2.084309673,305.5376778,0.875,-0.375,3,64,0.52124181,0.660276413,0.25698173,0.570870332,0.665536761,0.308445305,0.049628522,0.005260348,0.051463574,828.282772,660.5463619,300.7380975,693.1771618,525.4407517,526.3966199,404.8920962,186.6029387,435.984419,314.4798953,207.205014,146.4497588,70.81470595,168.8583232,108.103068,2136.958652,2016.112498,838.764076,1930.499403,1809.653249,2416.768623,2248.024366,929.6279164,2166.872965,1998.128708,2811.378466,2592.392796,1079.786209,2505.916578,2286.930907,293.9444696,320.6251605,367.3316724,308.5190296,343.6565975,400.9375748,236.3005769,265.3461584,311.5169613,120.8461545,168.7442565,218.9856705
"27",27,27,2020,103.512906151515,"Freirina",100,-71.09386422,-28.50100791,79,1.845447935,293.1985905,1.125,-1.125,3,16,0.500406158,0.666215599,0.247654781,0.580792158,0.669751942,0.316503257,0.080386,0.003536344,0.068848476,828.282772,660.5463619,300.7380975,693.1771618,525.4407517,526.3966199,404.8920962,186.6029387,435.984419,314.4798953,207.205014,146.4497588,70.81470595,168.8583232,108.103068,2136.958652,2016.112498,838.764076,1930.499403,1809.653249,2416.768623,2248.024366,929.6279164,2166.872965,1998.128708,2811.378466,2592.392796,1079.786209,2505.916578,2286.930907,293.9444696,320.6251605,367.3316724,308.5190296,343.6565975,400.9375748,236.3005769,265.3461584,311.5169613,120.8461545,168.7442565,218.9856705
"28",28,28,2020,101.930224516705,"Freirina",100,-71.09383162,-28.50090915,79,1.845447935,293.1985905,1.125,-1.125,3,16,0.539056463,0.675789475,0.275639325,0.546316561,0.652377248,0.290235072,0.007260098,-0.023412228,0.014595747,828.282772,660.5463619,300.7380975,693.1771618,525.4407517,526.3966199,404.8920962,186.6029387,435.984419,314.4798953,207.205014,146.4497588,70.81470595,168.8583232,108.103068,2136.958652,2016.112498,838.764076,1930.499403,1809.653249,2416.768623,2248.024366,929.6279164,2166.872965,1998.128708,2811.378466,2592.392796,1079.786209,2505.916578,2286.930907,293.9444696,320.6251605,367.3316724,308.5190296,343.6565975,400.9375748,236.3005769,265.3461584,311.5169613,120.8461545,168.7442565,218.9856705
"29",29,29,2020,98.1219104848485,"Freirina",100,-71.09380924,-28.50081024,79,1.845447935,293.1985905,1.125,-1.125,3,16,0.497981631,0.636728168,0.263495147,0.605590064,0.680754244,0.355839431,0.107608433,0.044026077,0.092344284,828.282772,660.5463619,300.7380975,693.1771618,525.4407517,526.3966199,404.8920962,186.6029387,435.984419,314.4798953,207.205014,146.4497588,70.81470595,168.8583232,108.103068,2136.958652,2016.112498,838.764076,1930.499403,1809.653249,2416.768623,2248.024366,929.6279164,2166.872965,1998.128708,2811.378466,2592.392796,1079.786209,2505.916578,2286.930907,293.9444696,320.6251605,367.3316724,308.5190296,343.6565975,400.9375748,236.3005769,265.3461584,311.5169613,120.8461545,168.7442565,218.9856705
"30",30,30,2020,90.7891411180901,"Freirina",100,-71.09379725,-28.50072019,80,1.454105826,270,0.75,0.5,3,32,0.430581292,0.605317891,0.226529032,0.610791169,0.66896987,0.364200532,0.180209877,0.063651979,0.1376715,828.282772,660.5463619,300.7380975,693.1771618,525.4407517,526.3966199,404.8920962,186.6029387,435.984419,314.4798953,207.205014,146.4497588,70.81470595,168.8583232,108.103068,2136.958652,2016.112498,838.764076,1930.499403,1809.653249,2416.768623,2248.024366,929.6279164,2166.872965,1998.128708,2811.378466,2592.392796,1079.786209,2505.916578,2286.930907,293.9444696,320.6251605,367.3316724,308.5190296,343.6565975,400.9375748,236.3005769,265.3461584,311.5169613,120.8461545,168.7442565,218.9856705
"31",31,31,2020,91.2784687957835,"Freirina",100,-71.09376501,-28.50063948,80,1.454105826,270,0.75,0.5,3,32,0.385708973,0.589699566,0.201550916,0.612238891,0.671751082,0.371651381,0.226529918,0.082051516,0.170100465,828.282772,660.5463619,300.7380975,693.1771618,525.4407517,526.3966199,404.8920962,186.6029387,435.984419,314.4798953,207.205014,146.4497588,70.81470595,168.8583232,108.103068,2136.958652,2016.112498,838.764076,1930.499403,1809.653249,2416.768623,2248.024366,929.6279164,2166.872965,1998.128708,2811.378466,2592.392796,1079.786209,2505.916578,2286.930907,293.9444696,320.6251605,367.3316724,308.5190296,343.6565975,400.9375748,236.3005769,265.3461584,311.5169613,120.8461545,168.7442565,218.9856705
"32",32,32,2020,92.5763122853387,"Freirina",100,-71.09374281,-28.50054959,80,1.454105826,270,0.75,0.5,3,32,0.370415141,0.584342957,0.184266806,0.647159093,0.718435109,0.401056349,0.276743952,0.134092152,0.216789544,828.282772,660.5463619,300.7380975,693.1771618,525.4407517,526.3966199,404.8920962,186.6029387,435.984419,314.4798953,207.205014,146.4497588,70.81470595,168.8583232,108.103068,2136.958652,2016.112498,838.764076,1930.499403,1809.653249,2416.768623,2248.024366,929.6279164,2166.872965,1998.128708,2811.378466,2592.392796,1079.786209,2505.916578,2286.930907,293.9444696,320.6251605,367.3316724,308.5190296,343.6565975,400.9375748,236.3005769,265.3461584,311.5169613,120.8461545,168.7442565,218.9856705
"33",33,33,2020,105.112235842269,"Freirina",100,-71.09373064,-28.50045052,80,1.71353711,261.8698976,0.75,0.5,3,16,0.438240281,0.634615421,0.211026624,0.512263488,0.630525172,0.27922079,0.074023207,-0.00409025,0.068194166,828.282772,660.5463619,300.7380975,693.1771618,525.4407517,526.3966199,404.8920962,186.6029387,435.984419,314.4798953,207.205014,146.4497588,70.81470595,168.8583232,108.103068,2136.958652,2016.112498,838.764076,1930.499403,1809.653249,2416.768623,2248.024366,929.6279164,2166.872965,1998.128708,2811.378466,2592.392796,1079.786209,2505.916578,2286.930907,293.9444696,320.6251605,367.3316724,308.5190296,343.6565975,400.9375748,236.3005769,265.3461584,311.5169613,120.8461545,168.7442565,218.9856705
"34",34,34,2020,95.6232018494284,"Freirina",100,-71.0936778,-28.5003611,80,1.71353711,261.8698976,0.75,0.5,3,16,0.502546685,0.670599341,0.241435558,0.539009628,0.659623504,0.290700674,0.036462943,-0.010975838,0.049265116,828.282772,660.5463619,300.7380975,693.1771618,525.4407517,526.3966199,404.8920962,186.6029387,435.984419,314.4798953,207.205014,146.4497588,70.81470595,168.8583232,108.103068,2136.958652,2016.112498,838.764076,1930.499403,1809.653249,2416.768623,2248.024366,929.6279164,2166.872965,1998.128708,2811.378466,2592.392796,1079.786209,2505.916578,2286.930907,293.9444696,320.6251605,367.3316724,308.5190296,343.6565975,400.9375748,236.3005769,265.3461584,311.5169613,120.8461545,168.7442565,218.9856705
"35",35,35,2020,92.2098091810966,"Freirina",100,-71.09365577,-28.50028023,80,1.71353711,261.8698976,0.75,0.5,3,16,0.506528592,0.667995989,0.233693391,0.530402954,0.652689874,0.28098321,0.023874362,-0.015306115,0.047289819,828.282772,660.5463619,300.7380975,693.1771618,525.4407517,526.3966199,404.8920962,186.6029387,435.984419,314.4798953,207.205014,146.4497588,70.81470595,168.8583232,108.103068,2136.958652,2016.112498,838.764076,1930.499403,1809.653249,2416.768623,2248.024366,929.6279164,2166.872965,1998.128708,2811.378466,2592.392796,1079.786209,2505.916578,2286.930907,293.9444696,320.6251605,367.3316724,308.5190296,343.6565975,400.9375748,236.3005769,265.3461584,311.5169613,120.8461545,168.7442565,218.9856705
"36",36,36,2020,97.4287413888889,"Freirina",100,-71.09363375,-28.50019936,81,2.298403281,288.4349488,2,2,4,16,0.521032909,0.683725238,0.253546834,0.55068879,0.659735382,0.29862088,0.029655881,-0.023989856,0.045074046,828.282772,660.5463619,300.7380975,693.1771618,525.4407517,526.3966199,404.8920962,186.6029387,435.984419,314.4798953,207.205014,146.4497588,70.81470595,168.8583232,108.103068,2136.958652,2016.112498,838.764076,1930.499403,1809.653249,2416.768623,2248.024366,929.6279164,2166.872965,1998.128708,2811.378466,2592.392796,1079.786209,2505.916578,2286.930907,293.9444696,320.6251605,367.3316724,308.5190296,343.6565975,400.9375748,236.3005769,265.3461584,311.5169613,120.8461545,168.7442565,218.9856705
"37",37,37,2020,100.955611223156,"Freirina",100,-71.09361154,-28.50010947,81,2.298403281,288.4349488,2,2,4,16,0.533466932,0.697426796,0.266377598,0.555634292,0.660991311,0.300690353,0.02216736,-0.036435485,0.034312755,828.282772,660.5463619,300.7380975,693.1771618,525.4407517,526.3966199,404.8920962,186.6029387,435.984419,314.4798953,207.205014,146.4497588,70.81470595,168.8583232,108.103068,2136.958652,2016.112498,838.764076,1930.499403,1809.653249,2416.768623,2248.024366,929.6279164,2166.872965,1998.128708,2811.378466,2592.392796,1079.786209,2505.916578,2286.930907,293.9444696,320.6251605,367.3316724,308.5190296,343.6565975,400.9375748,236.3005769,265.3461584,311.5169613,120.8461545,168.7442565,218.9856705
"38",38,38,2020,97.3324648857809,"Freirina",100,-71.09358934,-28.50001958,81,2.298403281,288.4349488,2,2,4,16,0.516430034,0.668005347,0.25579372,0.531440888,0.643022358,0.285044312,0.015010854,-0.024982989,0.029250592,828.282772,660.5463619,300.7380975,693.1771618,525.4407517,526.3966199,404.8920962,186.6029387,435.984419,314.4798953,207.205014,146.4497588,70.81470595,168.8583232,108.103068,2136.958652,2016.112498,838.764076,1930.499403,1809.653249,2416.768623,2248.024366,929.6279164,2166.872965,1998.128708,2811.378466,2592.392796,1079.786209,2505.916578,2286.930907,293.9444696,320.6251605,367.3316724,308.5190296,343.6565975,400.9375748,236.3005769,265.3461584,311.5169613,120.8461545,168.7442565,218.9856705
"39",39,39,2020,94.2869417802507,"Freirina",100,-71.09348758,-28.50003919,80,0.342805543,315,0.375,-0.125,2,32,0.50370369,0.660909057,0.247106314,0.527836503,0.645540833,0.286680281,0.024132813,-0.015368223,0.039573967,828.282772,660.5463619,300.7380975,693.1771618,525.4407517,526.3966199,404.8920962,186.6029387,435.984419,314.4798953,207.205014,146.4497588,70.81470595,168.8583232,108.103068,2136.958652,2016.112498,838.764076,1930.499403,1809.653249,2416.768623,2248.024366,929.6279164,2166.872965,1998.128708,2811.378466,2592.392796,1079.786209,2505.916578,2286.930907,293.9444696,320.6251605,367.3316724,308.5190296,343.6565975,400.9375748,236.3005769,265.3461584,311.5169613,120.8461545,168.7442565,218.9856705
"40",40,40,2020,94.9876611854703,"Freirina",100,-71.09351982,-28.50011991,80,0.342805543,315,0.375,-0.125,2,32,0.532573288,0.681858838,0.263143778,0.544905948,0.637321293,0.294550359,0.01233266,-0.044537544,0.031406581,828.282772,660.5463619,300.7380975,693.1771618,525.4407517,526.3966199,404.8920962,186.6029387,435.984419,314.4798953,207.205014,146.4497588,70.81470595,168.8583232,108.103068,2136.958652,2016.112498,838.764076,1930.499403,1809.653249,2416.768623,2248.024366,929.6279164,2166.872965,1998.128708,2811.378466,2592.392796,1079.786209,2505.916578,2286.930907,293.9444696,320.6251605,367.3316724,308.5190296,343.6565975,400.9375748,236.3005769,265.3461584,311.5169613,120.8461545,168.7442565,218.9856705
"41",41,41,2020,99.5262412103407,"Freirina",100,-71.0935422,-28.50021882,80,0.342805543,315,0.375,-0.125,2,32,0.525525518,0.690114081,0.250647932,0.538628922,0.654446185,0.287159979,0.013103404,-0.035667896,0.036512047,828.282772,660.5463619,300.7380975,693.1771618,525.4407517,526.3966199,404.8920962,186.6029387,435.984419,314.4798953,207.205014,146.4497588,70.81470595,168.8583232,108.103068,2136.958652,2016.112498,838.764076,1930.499403,1809.653249,2416.768623,2248.024366,929.6279164,2166.872965,1998.128708,2811.378466,2592.392796,1079.786209,2505.916578,2286.930907,293.9444696,320.6251605,367.3316724,308.5190296,343.6565975,400.9375748,236.3005769,265.3461584,311.5169613,120.8461545,168.7442565,218.9856705
"42",42,42,2020,92.857785338216,"Freirina",100,-71.09357444,-28.50029953,80,0.342805543,225,0.375,-0.375,1,16,0.506528592,0.667995989,0.233693391,0.530402954,0.652689874,0.28098321,0.023874362,-0.015306115,0.047289819,828.282772,660.5463619,300.7380975,693.1771618,525.4407517,526.3966199,404.8920962,186.6029387,435.984419,314.4798953,207.205014,146.4497588,70.81470595,168.8583232,108.103068,2136.958652,2016.112498,838.764076,1930.499403,1809.653249,2416.768623,2248.024366,929.6279164,2166.872965,1998.128708,2811.378466,2592.392796,1079.786209,2505.916578,2286.930907,293.9444696,320.6251605,367.3316724,308.5190296,343.6565975,400.9375748,236.3005769,265.3461584,311.5169613,120.8461545,168.7442565,218.9856705
"43",43,43,2020,90.171469627835,"Freirina",100,-71.09359646,-28.5003804,80,0.342805543,225,0.375,-0.375,1,16,0.432809771,0.624134541,0.204059243,0.498746859,0.61996901,0.268125236,0.065937088,-0.00416553,0.064065993,828.282772,660.5463619,300.7380975,693.1771618,525.4407517,526.3966199,404.8920962,186.6029387,435.984419,314.4798953,207.205014,146.4497588,70.81470595,168.8583232,108.103068,2136.958652,2016.112498,838.764076,1930.499403,1809.653249,2416.768623,2248.024366,929.6279164,2166.872965,1998.128708,2811.378466,2592.392796,1079.786209,2505.916578,2286.930907,293.9444696,320.6251605,367.3316724,308.5190296,343.6565975,400.9375748,236.3005769,265.3461584,311.5169613,120.8461545,168.7442565,218.9856705
"44",44,44,2020,91.2865161164548,"Freirina",100,-71.09362906,-28.50047916,80,1.71353711,261.8698976,0.75,0.5,3,16,0.400774848,0.612487674,0.190700531,0.542011024,0.648141325,0.298709512,0.141236176,0.035653651,0.108008981,828.282772,660.5463619,300.7380975,693.1771618,525.4407517,526.3966199,404.8920962,186.6029387,435.984419,314.4798953,207.205014,146.4497588,70.81470595,168.8583232,108.103068,2136.958652,2016.112498,838.764076,1930.499403,1809.653249,2416.768623,2248.024366,929.6279164,2166.872965,1998.128708,2811.378466,2592.392796,1079.786209,2505.916578,2286.930907,293.9444696,320.6251605,367.3316724,308.5190296,343.6565975,400.9375748,236.3005769,265.3461584,311.5169613,120.8461545,168.7442565,218.9856705
"45",45,45,2020,89.3859993508533,"Freirina",100,-71.09365126,-28.50056905,80,1.454105826,270,0.75,0.5,3,32,0.378064504,0.608433723,0.179999992,0.588556713,0.693045557,0.338614225,0.210492209,0.084611833,0.158614233,828.282772,660.5463619,300.7380975,693.1771618,525.4407517,526.3966199,404.8920962,186.6029387,435.984419,314.4798953,207.205014,146.4497588,70.81470595,168.8583232,108.103068,2136.958652,2016.112498,838.764076,1930.499403,1809.653249,2416.768623,2248.024366,929.6279164,2166.872965,1998.128708,2811.378466,2592.392796,1079.786209,2505.916578,2286.930907,293.9444696,320.6251605,367.3316724,308.5190296,343.6565975,400.9375748,236.3005769,265.3461584,311.5169613,120.8461545,168.7442565,218.9856705
"46",46,46,2020,93.710339046807,"Freirina",100,-71.09367346,-28.50065894,80,1.454105826,270,0.75,0.5,3,32,0.415558271,0.613970578,0.20672372,0.648409904,0.719287455,0.393401623,0.232851633,0.105316877,0.186677903,828.282772,660.5463619,300.7380975,693.1771618,525.4407517,526.3966199,404.8920962,186.6029387,435.984419,314.4798953,207.205014,146.4497588,70.81470595,168.8583232,108.103068,2136.958652,2016.112498,838.764076,1930.499403,1809.653249,2416.768623,2248.024366,929.6279164,2166.872965,1998.128708,2811.378466,2592.392796,1079.786209,2505.916578,2286.930907,293.9444696,320.6251605,367.3316724,308.5190296,343.6565975,400.9375748,236.3005769,265.3461584,311.5169613,120.8461545,168.7442565,218.9856705
"47",47,47,2020,91.2664101211326,"Freirina",100,-71.09368546,-28.50074899,80,1.454105826,270,0.75,0.5,3,32,0.472383137,0.629756272,0.241731435,0.627149314,0.704804063,0.375045091,0.154766177,0.075047791,0.133313656,828.282772,660.5463619,300.7380975,693.1771618,525.4407517,526.3966199,404.8920962,186.6029387,435.984419,314.4798953,207.205014,146.4497588,70.81470595,168.8583232,108.103068,2136.958652,2016.112498,838.764076,1930.499403,1809.653249,2416.768623,2248.024366,929.6279164,2166.872965,1998.128708,2811.378466,2592.392796,1079.786209,2505.916578,2286.930907,293.9444696,320.6251605,367.3316724,308.5190296,343.6565975,400.9375748,236.3005769,265.3461584,311.5169613,120.8461545,168.7442565,218.9856705
"48",48,48,2020,99.1230225714286,"Freirina",100,-71.09371787,-28.50083872,79,1.845447935,293.1985905,1.125,-1.125,3,16,0.529661006,0.662955821,0.287282944,0.594663263,0.676686704,0.34462443,0.065002257,0.013730884,0.057341486,828.282772,660.5463619,300.7380975,693.1771618,525.4407517,526.3966199,404.8920962,186.6029387,435.984419,314.4798953,207.205014,146.4497588,70.81470595,168.8583232,108.103068,2136.958652,2016.112498,838.764076,1930.499403,1809.653249,2416.768623,2248.024366,929.6279164,2166.872965,1998.128708,2811.378466,2592.392796,1079.786209,2505.916578,2286.930907,293.9444696,320.6251605,367.3316724,308.5190296,343.6565975,400.9375748,236.3005769,265.3461584,311.5169613,120.8461545,168.7442565,218.9856705
"49",49,49,2020,103.952180668815,"Freirina",100,-71.09374008,-28.50092861,79,1.845447935,293.1985905,1.125,-1.125,3,16,0.523531548,0.66573596,0.278064847,0.579939415,0.668681145,0.324237853,0.056407867,0.002945185,0.046173006,828.282772,660.5463619,300.7380975,693.1771618,525.4407517,526.3966199,404.8920962,186.6029387,435.984419,314.4798953,207.205014,146.4497588,70.81470595,168.8583232,108.103068,2136.958652,2016.112498,838.764076,1930.499403,1809.653249,2416.768623,2248.024366,929.6279164,2166.872965,1998.128708,2811.378466,2592.392796,1079.786209,2505.916578,2286.930907,293.9444696,320.6251605,367.3316724,308.5190296,343.6565975,400.9375748,236.3005769,265.3461584,311.5169613,120.8461545,168.7442565,218.9856705
"50",50,50,2020,99.650731904762,"Freirina",100,-71.09376228,-28.5010185,79,1.845447935,293.1985905,1.125,-1.125,3,16,0.482911149,0.649373889,0.240617082,0.581538454,0.674267113,0.32195583,0.098627305,0.024893224,0.081338748,828.282772,660.5463619,300.7380975,693.1771618,525.4407517,526.3966199,404.8920962,186.6029387,435.984419,314.4798953,207.205014,146.4497588,70.81470595,168.8583232,108.103068,2136.958652,2016.112498,838.764076,1930.499403,1809.653249,2416.768623,2248.024366,929.6279164,2166.872965,1998.128708,2811.378466,2592.392796,1079.786209,2505.916578,2286.930907,293.9444696,320.6251605,367.3316724,308.5190296,343.6565975,400.9375748,236.3005769,265.3461584,311.5169613,120.8461545,168.7442565,218.9856705
"51",51,51,2020,100.574803857143,"Freirina",100,-71.09378377,-28.50107231,80,2.084309673,305.5376778,0.875,-0.375,3,64,0.500406158,0.666215599,0.247654781,0.580792158,0.669751942,0.316503257,0.080386,0.003536344,0.068848476,828.282772,660.5463619,300.7380975,693.1771618,525.4407517,526.3966199,404.8920962,186.6029387,435.984419,314.4798953,207.205014,146.4497588,70.81470595,168.8583232,108.103068,2136.958652,2016.112498,838.764076,1930.499403,1809.653249,2416.768623,2248.024366,929.6279164,2166.872965,1998.128708,2811.378466,2592.392796,1079.786209,2505.916578,2286.930907,293.9444696,320.6251605,367.3316724,308.5190296,343.6565975,400.9375748,236.3005769,265.3461584,311.5169613,120.8461545,168.7442565,218.9856705
"52",52,52,2020,101.179495521645,"Freirina",100,-71.09380616,-28.50117122,80,2.084309673,305.5376778,0.875,-0.375,3,64,0.493670885,0.652213156,0.243455499,0.582938382,0.6705966,0.324742258,0.089267497,0.018383443,0.081286758,828.282772,660.5463619,300.7380975,693.1771618,525.4407517,526.3966199,404.8920962,186.6029387,435.984419,314.4798953,207.205014,146.4497588,70.81470595,168.8583232,108.103068,2136.958652,2016.112498,838.764076,1930.499403,1809.653249,2416.768623,2248.024366,929.6279164,2166.872965,1998.128708,2811.378466,2592.392796,1079.786209,2505.916578,2286.930907,293.9444696,320.6251605,367.3316724,308.5190296,343.6565975,400.9375748,236.3005769,265.3461584,311.5169613,120.8461545,168.7442565,218.9856705
"53",53,53,2020,95.8792892063492,"Freirina",100,-71.09383857,-28.50126096,80,2.084309673,305.5376778,0.875,-0.375,3,64,0.473548371,0.654273272,0.225460738,0.544996412,0.641300201,0.291977376,0.071448041,-0.01297307,0.066516638,828.282772,660.5463619,300.7380975,693.1771618,525.4407517,526.3966199,404.8920962,186.6029387,435.984419,314.4798953,207.205014,146.4497588,70.81470595,168.8583232,108.103068,2136.958652,2016.112498,838.764076,1930.499403,1809.653249,2416.768623,2248.024366,929.6279164,2166.872965,1998.128708,2811.378466,2592.392796,1079.786209,2505.916578,2286.930907,293.9444696,320.6251605,367.3316724,308.5190296,343.6565975,400.9375748,236.3005769,265.3461584,311.5169613,120.8461545,168.7442565,218.9856705
"54",54,54,2020,91.575211287791,"Freirina",100,-71.0938717,-28.50138677,81,0.969519521,270,0.75,0.5,2,64,0.512864504,0.677603483,0.244680867,0.517897963,0.62893343,0.267505914,0.005033459,-0.048670053,0.022825047,828.282772,660.5463619,300.7380975,693.1771618,525.4407517,526.3966199,404.8920962,186.6029387,435.984419,314.4798953,207.205014,146.4497588,70.81470595,168.8583232,108.103068,2136.958652,2016.112498,838.764076,1930.499403,1809.653249,2416.768623,2248.024366,929.6279164,2166.872965,1998.128708,2811.378466,2592.392796,1079.786209,2505.916578,2286.930907,293.9444696,320.6251605,367.3316724,308.5190296,343.6565975,400.9375748,236.3005769,265.3461584,311.5169613,120.8461545,168.7442565,218.9856705
"55",55,55,2020,88.866628773462,"Freirina",100,-71.09389355,-28.50145862,81,0.969519521,270,0.75,0.5,2,64,0.478771448,0.664463699,0.220404759,0.529761911,0.643485188,0.277835578,0.050990463,-0.02097851,0.057430819,828.282772,660.5463619,300.7380975,693.1771618,525.4407517,526.3966199,404.8920962,186.6029387,435.984419,314.4798953,207.205014,146.4497588,70.81470595,168.8583232,108.103068,2136.958652,2016.112498,838.764076,1930.499403,1809.653249,2416.768623,2248.024366,929.6279164,2166.872965,1998.128708,2811.378466,2592.392796,1079.786209,2505.916578,2286.930907,293.9444696,320.6251605,367.3316724,308.5190296,343.6565975,400.9375748,236.3005769,265.3461584,311.5169613,120.8461545,168.7442565,218.9856705
"56",56,56,2020,89.9849562922781,"Freirina",100,-71.09393653,-28.50156624,80,0.969519521,270,0.75,0.5,2,64,0.394927545,0.621052682,0.181465045,0.471698111,0.615982294,0.263554215,0.076770566,-0.005070388,0.082089171,828.282772,660.5463619,300.7380975,693.1771618,525.4407517,526.3966199,404.8920962,186.6029387,435.984419,314.4798953,207.205014,146.4497588,70.81470595,168.8583232,108.103068,2136.958652,2016.112498,838.764076,1930.499403,1809.653249,2416.768623,2248.024366,929.6279164,2166.872965,1998.128708,2811.378466,2592.392796,1079.786209,2505.916578,2286.930907,293.9444696,320.6251605,367.3316724,308.5190296,343.6565975,400.9375748,236.3005769,265.3461584,311.5169613,120.8461545,168.7442565,218.9856705
"57",57,57,2020,87.3773212600703,"Freirina",100,-71.09396877,-28.50164695,80,0.969519521,270,0.75,0.5,2,64,0.434591718,0.645518661,0.204039559,0.463564826,0.596268654,0.256531626,0.028973108,-0.049250007,0.052492067,828.282772,660.5463619,300.7380975,693.1771618,525.4407517,526.3966199,404.8920962,186.6029387,435.984419,314.4798953,207.205014,146.4497588,70.81470595,168.8583232,108.103068,2136.958652,2016.112498,838.764076,1930.499403,1809.653249,2416.768623,2248.024366,929.6279164,2166.872965,1998.128708,2811.378466,2592.392796,1079.786209,2505.916578,2286.930907,293.9444696,320.6251605,367.3316724,308.5190296,343.6565975,400.9375748,236.3005769,265.3461584,311.5169613,120.8461545,168.7442565,218.9856705
"58",58,58,2020,100.992423101539,"Freirina",100,-71.09385662,-28.50165771,81,0.969519521,270,0.75,0.5,2,64,0.467922819,0.661757231,0.216419965,0.511964924,0.620664716,0.285992205,0.044042105,-0.041092515,0.06957224,828.282772,660.5463619,300.7380975,693.1771618,525.4407517,526.3966199,404.8920962,186.6029387,435.984419,314.4798953,207.205014,146.4497588,70.81470595,168.8583232,108.103068,2136.958652,2016.112498,838.764076,1930.499403,1809.653249,2416.768623,2248.024366,929.6279164,2166.872965,1998.128708,2811.378466,2592.392796,1079.786209,2505.916578,2286.930907,293.9444696,320.6251605,367.3316724,308.5190296,343.6565975,400.9375748,236.3005769,265.3461584,311.5169613,120.8461545,168.7442565,218.9856705
"59",59,59,2020,91.9338683640708,"Freirina",100,-71.09382421,-28.50156797,81,0.969519521,270,0.75,0.5,2,64,0.425898595,0.629712999,0.184539914,0.498025141,0.625876844,0.267244697,0.072126546,-0.003836155,0.082704782,828.282772,660.5463619,300.7380975,693.1771618,525.4407517,526.3966199,404.8920962,186.6029387,435.984419,314.4798953,207.205014,146.4497588,70.81470595,168.8583232,108.103068,2136.958652,2016.112498,838.764076,1930.499403,1809.653249,2416.768623,2248.024366,929.6279164,2166.872965,1998.128708,2811.378466,2592.392796,1079.786209,2505.916578,2286.930907,293.9444696,320.6251605,367.3316724,308.5190296,343.6565975,400.9375748,236.3005769,265.3461584,311.5169613,120.8461545,168.7442565,218.9856705
"60",60,60,2020,94.0077657303507,"Freirina",100,-71.09380236,-28.50149612,81,0.969519521,270,0.75,0.5,2,64,0.472979424,0.650589526,0.209208846,0.520759198,0.63868773,0.262385458,0.047779774,-0.011901796,0.053176612,828.282772,660.5463619,300.7380975,693.1771618,525.4407517,526.3966199,404.8920962,186.6029387,435.984419,314.4798953,207.205014,146.4497588,70.81470595,168.8583232,108.103068,2136.958652,2016.112498,838.764076,1930.499403,1809.653249,2416.768623,2248.024366,929.6279164,2166.872965,1998.128708,2811.378466,2592.392796,1079.786209,2505.916578,2286.930907,293.9444696,320.6251605,367.3316724,308.5190296,343.6565975,400.9375748,236.3005769,265.3461584,311.5169613,120.8461545,168.7442565,218.9856705
"61",61,61,2020,99.7678048447826,"Freirina",100,-71.09376994,-28.50140639,81,0.969519521,270,0.75,0.5,2,64,0.495010826,0.659123719,0.234291568,0.510248112,0.624129951,0.273550957,0.015237286,-0.034993768,0.039259389,828.282772,660.5463619,300.7380975,693.1771618,525.4407517,526.3966199,404.8920962,186.6029387,435.984419,314.4798953,207.205014,146.4497588,70.81470595,168.8583232,108.103068,2136.958652,2016.112498,838.764076,1930.499403,1809.653249,2416.768623,2248.024366,929.6279164,2166.872965,1998.128708,2811.378466,2592.392796,1079.786209,2505.916578,2286.930907,293.9444696,320.6251605,367.3316724,308.5190296,343.6565975,400.9375748,236.3005769,265.3461584,311.5169613,120.8461545,168.7442565,218.9856705
"62",62,62,2020,95.2199776183207,"Freirina",100,-71.09372678,-28.50128975,81,0.969519521,270,0.75,0.5,2,64,0.453832717,0.647581458,0.214226961,0.508860748,0.630961716,0.271796525,0.055028031,-0.016619742,0.057569563,828.282772,660.5463619,300.7380975,693.1771618,525.4407517,526.3966199,404.8920962,186.6029387,435.984419,314.4798953,207.205014,146.4497588,70.81470595,168.8583232,108.103068,2136.958652,2016.112498,838.764076,1930.499403,1809.653249,2416.768623,2248.024366,929.6279164,2166.872965,1998.128708,2811.378466,2592.392796,1079.786209,2505.916578,2286.930907,293.9444696,320.6251605,367.3316724,308.5190296,343.6565975,400.9375748,236.3005769,265.3461584,311.5169613,120.8461545,168.7442565,218.9856705
"63",63,63,2020,91.0050992673993,"Freirina",100,-71.0937044,-28.50119084,80,2.084309673,305.5376778,0.875,-0.375,3,64,0.443569546,0.645885289,0.208756521,0.543022442,0.641538501,0.290110767,0.099452896,-0.004346788,0.081354246,828.282772,660.5463619,300.7380975,693.1771618,525.4407517,526.3966199,404.8920962,186.6029387,435.984419,314.4798953,207.205014,146.4497588,70.81470595,168.8583232,108.103068,2136.958652,2016.112498,838.764076,1930.499403,1809.653249,2416.768623,2248.024366,929.6279164,2166.872965,1998.128708,2811.378466,2592.392796,1079.786209,2505.916578,2286.930907,293.9444696,320.6251605,367.3316724,308.5190296,343.6565975,400.9375748,236.3005769,265.3461584,311.5169613,120.8461545,168.7442565,218.9856705
"64",64,64,2020,93.5506545689866,"Freirina",100,-71.0936924,-28.50110079,80,2.084309673,305.5376778,0.875,-0.375,3,64,0.464138506,0.652861774,0.227444112,0.561263478,0.655502439,0.307765543,0.097124972,0.002640665,0.080321431,828.282772,660.5463619,300.7380975,693.1771618,525.4407517,526.3966199,404.8920962,186.6029387,435.984419,314.4798953,207.205014,146.4497588,70.81470595,168.8583232,108.103068,2136.958652,2016.112498,838.764076,1930.499403,1809.653249,2416.768623,2248.024366,929.6279164,2166.872965,1998.128708,2811.378466,2592.392796,1079.786209,2505.916578,2286.930907,293.9444696,320.6251605,367.3316724,308.5190296,343.6565975,400.9375748,236.3005769,265.3461584,311.5169613,120.8461545,168.7442565,218.9856705
"65",65,65,2020,98.5870051558442,"Freirina",100,-71.09367056,-28.50102894,80,2.084309673,305.5376778,0.875,-0.375,3,64,0.482911149,0.649373889,0.240617082,0.581538454,0.674267113,0.32195583,0.098627305,0.024893224,0.081338748,828.282772,660.5463619,300.7380975,693.1771618,525.4407517,526.3966199,404.8920962,186.6029387,435.984419,314.4798953,207.205014,146.4497588,70.81470595,168.8583232,108.103068,2136.958652,2016.112498,838.764076,1930.499403,1809.653249,2416.768623,2248.024366,929.6279164,2166.872965,1998.128708,2811.378466,2592.392796,1079.786209,2505.916578,2286.930907,293.9444696,320.6251605,367.3316724,308.5190296,343.6565975,400.9375748,236.3005769,265.3461584,311.5169613,120.8461545,168.7442565,218.9856705
"66",66,66,2020,104.273328278123,"Freirina",100,-71.09364853,-28.50094807,79,1.845447935,293.1985905,1.125,-1.125,3,16,0.513556603,0.671510339,0.2573255,0.580498075,0.669507205,0.316201746,0.066941472,-0.002003133,0.058876246,828.282772,660.5463619,300.7380975,693.1771618,525.4407517,526.3966199,404.8920962,186.6029387,435.984419,314.4798953,207.205014,146.4497588,70.81470595,168.8583232,108.103068,2136.958652,2016.112498,838.764076,1930.499403,1809.653249,2416.768623,2248.024366,929.6279164,2166.872965,1998.128708,2811.378466,2592.392796,1079.786209,2505.916578,2286.930907,293.9444696,320.6251605,367.3316724,308.5190296,343.6565975,400.9375748,236.3005769,265.3461584,311.5169613,120.8461545,168.7442565,218.9856705
"67",67,67,2020,98.8707537500001,"Freirina",100,-71.09361612,-28.50085834,79,1.845447935,293.1985905,1.125,-1.125,3,16,0.496983442,0.6583125,0.258363843,0.595966158,0.680136979,0.340351731,0.098982716,0.021824479,0.081987888,828.282772,660.5463619,300.7380975,693.1771618,525.4407517,526.3966199,404.8920962,186.6029387,435.984419,314.4798953,207.205014,146.4497588,70.81470595,168.8583232,108.103068,2136.958652,2016.112498,838.764076,1930.499403,1809.653249,2416.768623,2248.024366,929.6279164,2166.872965,1998.128708,2811.378466,2592.392796,1079.786209,2505.916578,2286.930907,293.9444696,320.6251605,367.3316724,308.5190296,343.6565975,400.9375748,236.3005769,265.3461584,311.5169613,120.8461545,168.7442565,218.9856705
"68",68,68,2020,104.497474571429,"Freirina",100,-71.09359373,-28.50075942,81,3.248691813,296.5650512,1.25,0,4,16,0.440650403,0.636195779,0.217962474,0.620006274,0.696310937,0.361474484,0.179355871,0.060115159,0.143512011,828.282772,660.5463619,300.7380975,693.1771618,525.4407517,526.3966199,404.8920962,186.6029387,435.984419,314.4798953,207.205014,146.4497588,70.81470595,168.8583232,108.103068,2136.958652,2016.112498,838.764076,1930.499403,1809.653249,2416.768623,2248.024366,929.6279164,2166.872965,1998.128708,2811.378466,2592.392796,1079.786209,2505.916578,2286.930907,293.9444696,320.6251605,367.3316724,308.5190296,343.6565975,400.9375748,236.3005769,265.3461584,311.5169613,120.8461545,168.7442565,218.9856705
"69",69,69,2020,105.299227666056,"Freirina",100,-71.0935821,-28.50068742,80,1.747450997,303.6900675,0.75,-0.5,4,8,0.415711252,0.639940977,0.199660093,0.613049086,0.700374544,0.351655126,0.197337834,0.060433567,0.151995033,828.282772,660.5463619,300.7380975,693.1771618,525.4407517,526.3966199,404.8920962,186.6029387,435.984419,314.4798953,207.205014,146.4497588,70.81470595,168.8583232,108.103068,2136.958652,2016.112498,838.764076,1930.499403,1809.653249,2416.768623,2248.024366,929.6279164,2166.872965,1998.128708,2811.378466,2592.392796,1079.786209,2505.916578,2286.930907,293.9444696,320.6251605,367.3316724,308.5190296,343.6565975,400.9375748,236.3005769,265.3461584,311.5169613,120.8461545,168.7442565,218.9856705
"70",70,70,2020,86.8553195887446,"Freirina",100,-71.0935495,-28.50058866,80,1.747450997,303.6900675,0.75,-0.5,4,8,0.409326422,0.617443025,0.194368511,0.502505384,0.634098887,0.270207852,0.093178962,0.016655862,0.075839341,828.282772,660.5463619,300.7380975,693.1771618,525.4407517,526.3966199,404.8920962,186.6029387,435.984419,314.4798953,207.205014,146.4497588,70.81470595,168.8583232,108.103068,2136.958652,2016.112498,838.764076,1930.499403,1809.653249,2416.768623,2248.024366,929.6279164,2166.872965,1998.128708,2811.378466,2592.392796,1079.786209,2505.916578,2286.930907,293.9444696,320.6251605,367.3316724,308.5190296,343.6565975,400.9375748,236.3005769,265.3461584,311.5169613,120.8461545,168.7442565,218.9856705
"71",71,71,2020,88.6160421353549,"Freirina",100,-71.09351691,-28.50048991,80,0.342805543,225,0.375,-0.375,1,16,0.38652935,0.623304904,0.184354097,0.490790905,0.629688144,0.262389004,0.104261555,0.00638324,0.078034908,828.282772,660.5463619,300.7380975,693.1771618,525.4407517,526.3966199,404.8920962,186.6029387,435.984419,314.4798953,207.205014,146.4497588,70.81470595,168.8583232,108.103068,2136.958652,2016.112498,838.764076,1930.499403,1809.653249,2416.768623,2248.024366,929.6279164,2166.872965,1998.128708,2811.378466,2592.392796,1079.786209,2505.916578,2286.930907,293.9444696,320.6251605,367.3316724,308.5190296,343.6565975,400.9375748,236.3005769,265.3461584,311.5169613,120.8461545,168.7442565,218.9856705
"72",72,72,2020,91.2212747481621,"Freirina",100,-71.09348467,-28.50040919,80,0.342805543,225,0.375,-0.375,1,16,0.405864858,0.622363925,0.194818437,0.469625347,0.609561801,0.249903232,0.063760489,-0.012802124,0.055084795,828.282772,660.5463619,300.7380975,693.1771618,525.4407517,526.3966199,404.8920962,186.6029387,435.984419,314.4798953,207.205014,146.4497588,70.81470595,168.8583232,108.103068,2136.958652,2016.112498,838.764076,1930.499403,1809.653249,2416.768623,2248.024366,929.6279164,2166.872965,1998.128708,2811.378466,2592.392796,1079.786209,2505.916578,2286.930907,293.9444696,320.6251605,367.3316724,308.5190296,343.6565975,400.9375748,236.3005769,265.3461584,311.5169613,120.8461545,168.7442565,218.9856705
"73",73,73,2020,97.8200725735908,"Freirina",100,-71.09345261,-28.5003375,80,0.342805543,225,0.375,-0.375,1,16,0.479840493,0.663346648,0.223852828,0.511111082,0.635001957,0.271723688,0.031270589,-0.028344691,0.04787086,828.282772,660.5463619,300.7380975,693.1771618,525.4407517,526.3966199,404.8920962,186.6029387,435.984419,314.4798953,207.205014,146.4497588,70.81470595,168.8583232,108.103068,2136.958652,2016.112498,838.764076,1930.499403,1809.653249,2416.768623,2248.024366,929.6279164,2166.872965,1998.128708,2811.378466,2592.392796,1079.786209,2505.916578,2286.930907,293.9444696,320.6251605,367.3316724,308.5190296,343.6565975,400.9375748,236.3005769,265.3461584,311.5169613,120.8461545,168.7442565,218.9856705
"74",74,74,2020,92.2647942514656,"Freirina",100,-71.09343041,-28.50024761,80,0.342805543,225,0.375,-0.375,1,16,0.520860208,0.683809519,0.247986346,0.521441442,0.643441021,0.279163986,0.000581234,-0.040368497,0.03117764,828.282772,660.5463619,300.7380975,693.1771618,525.4407517,526.3966199,404.8920962,186.6029387,435.984419,314.4798953,207.205014,146.4497588,70.81470595,168.8583232,108.103068,2136.958652,2016.112498,838.764076,1930.499403,1809.653249,2416.768623,2248.024366,929.6279164,2166.872965,1998.128708,2811.378466,2592.392796,1079.786209,2505.916578,2286.930907,293.9444696,320.6251605,367.3316724,308.5190296,343.6565975,400.9375748,236.3005769,265.3461584,311.5169613,120.8461545,168.7442565,218.9856705
"75",75,75,2020,98.5245756913468,"Freirina",100,-71.09339817,-28.5001669,80,0.342805543,315,0.375,-0.125,2,32,0.509933781,0.663474739,0.249190941,0.52109705,0.642369032,0.28340131,0.011163269,-0.021105707,0.034210369,828.282772,660.5463619,300.7380975,693.1771618,525.4407517,526.3966199,404.8920962,186.6029387,435.984419,314.4798953,207.205014,146.4497588,70.81470595,168.8583232,108.103068,2136.958652,2016.112498,838.764076,1930.499403,1809.653249,2416.768623,2248.024366,929.6279164,2166.872965,1998.128708,2811.378466,2592.392796,1079.786209,2505.916578,2286.930907,293.9444696,320.6251605,367.3316724,308.5190296,343.6565975,400.9375748,236.3005769,265.3461584,311.5169613,120.8461545,168.7442565,218.9856705
"76",76,76,2020,89.4443631568827,"Freirina",100,-71.09339604,-28.50005865,80,0.342805543,315,0.375,-0.125,2,32,0.485903807,0.647058845,0.237182945,0.500693493,0.621581078,0.274733633,0.014789686,-0.025477767,0.037550688,828.282772,660.5463619,300.7380975,693.1771618,525.4407517,526.3966199,404.8920962,186.6029387,435.984419,314.4798953,207.205014,146.4497588,70.81470595,168.8583232,108.103068,2136.958652,2016.112498,838.764076,1930.499403,1809.653249,2416.768623,2248.024366,929.6279164,2166.872965,1998.128708,2811.378466,2592.392796,1079.786209,2505.916578,2286.930907,293.9444696,320.6251605,367.3316724,308.5190296,343.6565975,400.9375748,236.3005769,265.3461584,311.5169613,120.8461545,168.7442565,218.9856705
"77",77,77,2020,97.6194806240133,"Freirina",100,-71.09328425,-28.50008744,81,1.71353711,278.1301024,0.875,0.375,2,64,0.475383377,0.656547368,0.236293122,0.473501907,0.591470242,0.259984791,-0.00188147,-0.065077126,0.023691669,828.282772,660.5463619,300.7380975,693.1771618,525.4407517,526.3966199,404.8920962,186.6029387,435.984419,314.4798953,207.205014,146.4497588,70.81470595,168.8583232,108.103068,2136.958652,2016.112498,838.764076,1930.499403,1809.653249,2416.768623,2248.024366,929.6279164,2166.872965,1998.128708,2811.378466,2592.392796,1079.786209,2505.916578,2286.930907,293.9444696,320.6251605,367.3316724,308.5190296,343.6565975,400.9375748,236.3005769,265.3461584,311.5169613,120.8461545,168.7442565,218.9856705
"78",78,78,2020,97.9272727991602,"Freirina",100,-71.09330663,-28.50018635,80,0.342805543,315,0.375,-0.125,2,32,0.505254632,0.672204792,0.250869662,0.511888118,0.635400891,0.279389322,0.006633486,-0.036803901,0.02851966,828.282772,660.5463619,300.7380975,693.1771618,525.4407517,526.3966199,404.8920962,186.6029387,435.984419,314.4798953,207.205014,146.4497588,70.81470595,168.8583232,108.103068,2136.958652,2016.112498,838.764076,1930.499403,1809.653249,2416.768623,2248.024366,929.6279164,2166.872965,1998.128708,2811.378466,2592.392796,1079.786209,2505.916578,2286.930907,293.9444696,320.6251605,367.3316724,308.5190296,343.6565975,400.9375748,236.3005769,265.3461584,311.5169613,120.8461545,168.7442565,218.9856705
"79",79,79,2020,94.2073473246532,"Freirina",100,-71.09332865,-28.50026723,80,0.342805543,225,0.375,-0.375,1,16,0.509795736,0.668355644,0.247938901,0.513167231,0.636643589,0.276952595,0.003371495,-0.031712055,0.029013693,828.282772,660.5463619,300.7380975,693.1771618,525.4407517,526.3966199,404.8920962,186.6029387,435.984419,314.4798953,207.205014,146.4497588,70.81470595,168.8583232,108.103068,2136.958652,2016.112498,838.764076,1930.499403,1809.653249,2416.768623,2248.024366,929.6279164,2166.872965,1998.128708,2811.378466,2592.392796,1079.786209,2505.916578,2286.930907,293.9444696,320.6251605,367.3316724,308.5190296,343.6565975,400.9375748,236.3005769,265.3461584,311.5169613,120.8461545,168.7442565,218.9856705
"80",80,80,2020,90.5795195595693,"Freirina",100,-71.09335103,-28.50036614,80,0.342805543,225,0.375,-0.375,1,16,0.481722186,0.674931109,0.23840794,0.501264916,0.635433078,0.267864048,0.01954273,-0.039498031,0.029456109,828.282772,660.5463619,300.7380975,693.1771618,525.4407517,526.3966199,404.8920962,186.6029387,435.984419,314.4798953,207.205014,146.4497588,70.81470595,168.8583232,108.103068,2136.958652,2016.112498,838.764076,1930.499403,1809.653249,2416.768623,2248.024366,929.6279164,2166.872965,1998.128708,2811.378466,2592.392796,1079.786209,2505.916578,2286.930907,293.9444696,320.6251605,367.3316724,308.5190296,343.6565975,400.9375748,236.3005769,265.3461584,311.5169613,120.8461545,168.7442565,218.9856705
"81",81,81,2020,91.4363962945697,"Freirina",100,-71.0933727,-28.50042897,80,0.342805543,225,0.375,-0.375,1,16,0.397704779,0.566297114,0.200278983,0.460339945,0.59166348,0.249233127,0.062635166,0.025366366,0.048954144,828.282772,660.5463619,300.7380975,693.1771618,525.4407517,526.3966199,404.8920962,186.6029387,435.984419,314.4798953,207.205014,146.4497588,70.81470595,168.8583232,108.103068,2136.958652,2016.112498,838.764076,1930.499403,1809.653249,2416.768623,2248.024366,929.6279164,2166.872965,1998.128708,2811.378466,2592.392796,1079.786209,2505.916578,2286.930907,293.9444696,320.6251605,367.3316724,308.5190296,343.6565975,400.9375748,236.3005769,265.3461584,311.5169613,120.8461545,168.7442565,218.9856705
"82",82,82,2020,85.8361454761906,"Freirina",100,-71.09340494,-28.50050968,80,1.747450997,303.6900675,0.75,-0.5,4,8,0.428940602,0.640138388,0.204042628,0.498487157,0.624436259,0.258634239,0.069546555,-0.015702128,0.054591611,828.282772,660.5463619,300.7380975,693.1771618,525.4407517,526.3966199,404.8920962,186.6029387,435.984419,314.4798953,207.205014,146.4497588,70.81470595,168.8583232,108.103068,2136.958652,2016.112498,838.764076,1930.499403,1809.653249,2416.768623,2248.024366,929.6279164,2166.872965,1998.128708,2811.378466,2592.392796,1079.786209,2505.916578,2286.930907,293.9444696,320.6251605,367.3316724,308.5190296,343.6565975,400.9375748,236.3005769,265.3461584,311.5169613,120.8461545,168.7442565,218.9856705
"83",83,83,2020,83.3082126984128,"Freirina",100,-71.09342732,-28.50060859,80,1.747450997,303.6900675,0.75,-0.5,4,8,0.457749679,0.641730309,0.210661322,0.501340477,0.635377586,0.257981867,0.043590798,-0.006352723,0.047320545,828.282772,660.5463619,300.7380975,693.1771618,525.4407517,526.3966199,404.8920962,186.6029387,435.984419,314.4798953,207.205014,146.4497588,70.81470595,168.8583232,108.103068,2136.958652,2016.112498,838.764076,1930.499403,1809.653249,2416.768623,2248.024366,929.6279164,2166.872965,1998.128708,2811.378466,2592.392796,1079.786209,2505.916578,2286.930907,293.9444696,320.6251605,367.3316724,308.5190296,343.6565975,400.9375748,236.3005769,265.3461584,311.5169613,120.8461545,168.7442565,218.9856705
"84",84,84,2020,93.0823761904763,"Freirina",100,-71.09345974,-28.50069833,80,1.747450997,303.6900675,0.75,-0.5,4,8,0.497532501,0.657398224,0.230114803,0.497895147,0.639715135,0.256337851,0.000362646,-0.017683089,0.026223049,828.282772,660.5463619,300.7380975,693.1771618,525.4407517,526.3966199,404.8920962,186.6029387,435.984419,314.4798953,207.205014,146.4497588,70.81470595,168.8583232,108.103068,2136.958652,2016.112498,838.764076,1930.499403,1809.653249,2416.768623,2248.024366,929.6279164,2166.872965,1998.128708,2811.378466,2592.392796,1079.786209,2505.916578,2286.930907,293.9444696,320.6251605,367.3316724,308.5190296,343.6565975,400.9375748,236.3005769,265.3461584,311.5169613,120.8461545,168.7442565,218.9856705
"85",85,85,2020,101.329210539683,"Freirina",100,-71.09349215,-28.50078806,81,3.248691813,296.5650512,1.25,0,4,16,0.451067617,0.652482331,0.209850997,0.534294737,0.663615584,0.290513813,0.08322712,0.011133254,0.080662817,828.282772,660.5463619,300.7380975,693.1771618,525.4407517,526.3966199,404.8920962,186.6029387,435.984419,314.4798953,207.205014,146.4497588,70.81470595,168.8583232,108.103068,2136.958652,2016.112498,838.764076,1930.499403,1809.653249,2416.768623,2248.024366,929.6279164,2166.872965,1998.128708,2811.378466,2592.392796,1079.786209,2505.916578,2286.930907,293.9444696,320.6251605,367.3316724,308.5190296,343.6565975,400.9375748,236.3005769,265.3461584,311.5169613,120.8461545,168.7442565,218.9856705
"86",86,86,2020,100.507801761905,"Freirina",100,-71.09350432,-28.50088713,81,3.248691813,296.5650512,1.25,0,4,16,0.47936787,0.664197564,0.225061834,0.556678698,0.669376731,0.297683388,0.077310828,0.005179167,0.072621554,828.282772,660.5463619,300.7380975,693.1771618,525.4407517,526.3966199,404.8920962,186.6029387,435.984419,314.4798953,207.205014,146.4497588,70.81470595,168.8583232,108.103068,2136.958652,2016.112498,838.764076,1930.499403,1809.653249,2416.768623,2248.024366,929.6279164,2166.872965,1998.128708,2811.378466,2592.392796,1079.786209,2505.916578,2286.930907,293.9444696,320.6251605,367.3316724,308.5190296,343.6565975,400.9375748,236.3005769,265.3461584,311.5169613,120.8461545,168.7442565,218.9856705
"87",87,87,2020,103.823966174603,"Freirina",100,-71.09353656,-28.50096784,81,3.248691813,296.5650512,1.25,0,4,16,0.489478509,0.674897134,0.223350957,0.56740519,0.666932881,0.295771897,0.077926681,-0.007964253,0.07242094,828.282772,660.5463619,300.7380975,693.1771618,525.4407517,526.3966199,404.8920962,186.6029387,435.984419,314.4798953,207.205014,146.4497588,70.81470595,168.8583232,108.103068,2136.958652,2016.112498,838.764076,1930.499403,1809.653249,2416.768623,2248.024366,929.6279164,2166.872965,1998.128708,2811.378466,2592.392796,1079.786209,2505.916578,2286.930907,293.9444696,320.6251605,367.3316724,308.5190296,343.6565975,400.9375748,236.3005769,265.3461584,311.5169613,120.8461545,168.7442565,218.9856705
"88",88,88,2020,91.0008681133817,"Freirina",100,-71.09356898,-28.50105758,82,2.422585452,270,1.375,0.875,4,32,0.472006906,0.656810462,0.224528819,0.579278968,0.674211502,0.315960288,0.107272062,0.01740104,0.091431469,828.282772,660.5463619,300.7380975,693.1771618,525.4407517,526.3966199,404.8920962,186.6029387,435.984419,314.4798953,207.205014,146.4497588,70.81470595,168.8583232,108.103068,2136.958652,2016.112498,838.764076,1930.499403,1809.653249,2416.768623,2248.024366,929.6279164,2166.872965,1998.128708,2811.378466,2592.392796,1079.786209,2505.916578,2286.930907,293.9444696,320.6251605,367.3316724,308.5190296,343.6565975,400.9375748,236.3005769,265.3461584,311.5169613,120.8461545,168.7442565,218.9856705
"89",89,89,2020,89.0771842281083,"Freirina",100,-71.09358097,-28.50114762,82,2.422585452,270,1.375,0.875,4,32,0.471682512,0.648148179,0.230691463,0.539835638,0.646923959,0.290614158,0.068153126,-0.00122422,0.059922695,828.282772,660.5463619,300.7380975,693.1771618,525.4407517,526.3966199,404.8920962,186.6029387,435.984419,314.4798953,207.205014,146.4497588,70.81470595,168.8583232,108.103068,2136.958652,2016.112498,838.764076,1930.499403,1809.653249,2416.768623,2248.024366,929.6279164,2166.872965,1998.128708,2811.378466,2592.392796,1079.786209,2505.916578,2286.930907,293.9444696,320.6251605,367.3316724,308.5190296,343.6565975,400.9375748,236.3005769,265.3461584,311.5169613,120.8461545,168.7442565,218.9856705
"90",90,90,2020,95.2997098571429,"Freirina",100,-71.09361321,-28.50122834,80,2.084309673,305.5376778,0.875,-0.375,3,64,0.471052614,0.649778664,0.221291199,0.544460634,0.65482235,0.289385319,0.07340802,0.005043685,0.068094119,828.282772,660.5463619,300.7380975,693.1771618,525.4407517,526.3966199,404.8920962,186.6029387,435.984419,314.4798953,207.205014,146.4497588,70.81470595,168.8583232,108.103068,2136.958652,2016.112498,838.764076,1930.499403,1809.653249,2416.768623,2248.024366,929.6279164,2166.872965,1998.128708,2811.378466,2592.392796,1079.786209,2505.916578,2286.930907,293.9444696,320.6251605,367.3316724,308.5190296,343.6565975,400.9375748,236.3005769,265.3461584,311.5169613,120.8461545,168.7442565,218.9856705
"91",91,91,2020,87.372186447343,"Freirina",100,-71.09363541,-28.50131823,81,0.969519521,270,0.75,0.5,2,64,0.474067344,0.653061271,0.217143655,0.52318838,0.653165579,0.279123694,0.049121036,0.000104308,0.061980039,828.282772,660.5463619,300.7380975,693.1771618,525.4407517,526.3966199,404.8920962,186.6029387,435.984419,314.4798953,207.205014,146.4497588,70.81470595,168.8583232,108.103068,2136.958652,2016.112498,838.764076,1930.499403,1809.653249,2416.768623,2248.024366,929.6279164,2166.872965,1998.128708,2811.378466,2592.392796,1079.786209,2505.916578,2286.930907,293.9444696,320.6251605,367.3316724,308.5190296,343.6565975,400.9375748,236.3005769,265.3461584,311.5169613,120.8461545,168.7442565,218.9856705
"92",92,92,2020,83.5288393883385,"Freirina",100,-71.093668,-28.50141698,81,0.969519521,270,0.75,0.5,2,64,0.445116685,0.642436147,0.211238727,0.528223007,0.648872197,0.288945377,0.083106322,0.00643605,0.07770665,828.282772,660.5463619,300.7380975,693.1771618,525.4407517,526.3966199,404.8920962,186.6029387,435.984419,314.4798953,207.205014,146.4497588,70.81470595,168.8583232,108.103068,2136.958652,2016.112498,838.764076,1930.499403,1809.653249,2416.768623,2248.024366,929.6279164,2166.872965,1998.128708,2811.378466,2592.392796,1079.786209,2505.916578,2286.930907,293.9444696,320.6251605,367.3316724,308.5190296,343.6565975,400.9375748,236.3005769,265.3461584,311.5169613,120.8461545,168.7442565,218.9856705
"93",93,93,2020,84.3440195668851,"Freirina",100,-71.09369074,-28.50153394,81,0.969519521,270,0.75,0.5,2,64,0.486374135,0.664769769,0.220446616,0.530772107,0.646209419,0.277893513,0.044397972,-0.01856035,0.057446897,828.282772,660.5463619,300.7380975,693.1771618,525.4407517,526.3966199,404.8920962,186.6029387,435.984419,314.4798953,207.205014,146.4497588,70.81470595,168.8583232,108.103068,2136.958652,2016.112498,838.764076,1930.499403,1809.653249,2416.768623,2248.024366,929.6279164,2166.872965,1998.128708,2811.378466,2592.392796,1079.786209,2505.916578,2286.930907,293.9444696,320.6251605,367.3316724,308.5190296,343.6565975,400.9375748,236.3005769,265.3461584,311.5169613,120.8461545,168.7442565,218.9856705
"94",94,94,2020,91.4536188277939,"Freirina",100,-71.09371259,-28.50160579,81,0.969519521,270,0.75,0.5,2,64,0.437220874,0.636158228,0.188382059,0.505486478,0.632038057,0.26803723,0.068265604,-0.004120171,0.07965517,828.282772,660.5463619,300.7380975,693.1771618,525.4407517,526.3966199,404.8920962,186.6029387,435.984419,314.4798953,207.205014,146.4497588,70.81470595,168.8583232,108.103068,2136.958652,2016.112498,838.764076,1930.499403,1809.653249,2416.768623,2248.024366,929.6279164,2166.872965,1998.128708,2811.378466,2592.392796,1079.786209,2505.916578,2286.930907,293.9444696,320.6251605,367.3316724,308.5190296,343.6565975,400.9375748,236.3005769,265.3461584,311.5169613,120.8461545,168.7442565,218.9856705
"95",95,95,2020,83.4327436089578,"Freirina",100,-71.09376543,-28.5016952,81,1.71353711,188.1301024,0.875,0.125,4,2,0.421077745,0.622210205,0.186628163,0.476562487,0.606646061,0.2575486,0.055484742,-0.015564144,0.070920438,828.282772,660.5463619,300.7380975,693.1771618,525.4407517,526.3966199,404.8920962,186.6029387,435.984419,314.4798953,207.205014,146.4497588,70.81470595,168.8583232,108.103068,2136.958652,2016.112498,838.764076,1930.499403,1809.653249,2416.768623,2248.024366,929.6279164,2166.872965,1998.128708,2811.378466,2592.392796,1079.786209,2505.916578,2286.930907,293.9444696,320.6251605,367.3316724,308.5190296,343.6565975,400.9375748,236.3005769,265.3461584,311.5169613,120.8461545,168.7442565,218.9856705
"96",96,96,2020,83.8858400178279,"Freirina",100,-71.09359884,-28.50153535,81,1.71353711,188.1301024,0.875,0.125,4,2,0.442704051,0.633224487,0.216940477,0.547075605,0.630214214,0.2948488,0.104371554,-0.003010273,0.077908322,828.282772,660.5463619,300.7380975,693.1771618,525.4407517,526.3966199,404.8920962,186.6029387,435.984419,314.4798953,207.205014,146.4497588,70.81470595,168.8583232,108.103068,2136.958652,2016.112498,838.764076,1930.499403,1809.653249,2416.768623,2248.024366,929.6279164,2166.872965,1998.128708,2811.378466,2592.392796,1079.786209,2505.916578,2286.930907,293.9444696,320.6251605,367.3316724,308.5190296,343.6565975,400.9375748,236.3005769,265.3461584,311.5169613,120.8461545,168.7442565,218.9856705
"97",97,97,2020,84.6589389908716,"Freirina",100,-71.09357646,-28.50143644,81,1.71353711,188.1301024,0.875,0.125,4,2,0.445116685,0.642436147,0.211238727,0.528223007,0.648872197,0.288945377,0.083106322,0.00643605,0.07770665,828.282772,660.5463619,300.7380975,693.1771618,525.4407517,526.3966199,404.8920962,186.6029387,435.984419,314.4798953,207.205014,146.4497588,70.81470595,168.8583232,108.103068,2136.958652,2016.112498,838.764076,1930.499403,1809.653249,2416.768623,2248.024366,929.6279164,2166.872965,1998.128708,2811.378466,2592.392796,1079.786209,2505.916578,2286.930907,293.9444696,320.6251605,367.3316724,308.5190296,343.6565975,400.9375748,236.3005769,265.3461584,311.5169613,120.8461545,168.7442565,218.9856705
"98",98,98,2020,86.900206382843,"Freirina",100,-71.09354369,-28.50132867,81,1.71353711,188.1301024,0.875,0.125,4,2,0.513217862,0.674230933,0.23477897,0.550091751,0.659724951,0.291067958,0.036873889,-0.014505982,0.056288987,828.282772,660.5463619,300.7380975,693.1771618,525.4407517,526.3966199,404.8920962,186.6029387,435.984419,314.4798953,207.205014,146.4497588,70.81470595,168.8583232,108.103068,2136.958652,2016.112498,838.764076,1930.499403,1809.653249,2416.768623,2248.024366,929.6279164,2166.872965,1998.128708,2811.378466,2592.392796,1079.786209,2505.916578,2286.930907,293.9444696,320.6251605,367.3316724,308.5190296,343.6565975,400.9375748,236.3005769,265.3461584,311.5169613,120.8461545,168.7442565,218.9856705
"99",99,99,2020,92.1447652175916,"Freirina",100,-71.09351127,-28.50123893,82,2.422585452,270,1.375,0.875,4,32,0.511312198,0.678391933,0.235090137,0.551598818,0.658252418,0.293730646,0.04028662,-0.020139515,0.05864051,828.282772,660.5463619,300.7380975,693.1771618,525.4407517,526.3966199,404.8920962,186.6029387,435.984419,314.4798953,207.205014,146.4497588,70.81470595,168.8583232,108.103068,2136.958652,2016.112498,838.764076,1930.499403,1809.653249,2416.768623,2248.024366,929.6279164,2166.872965,1998.128708,2811.378466,2592.392796,1079.786209,2505.916578,2286.930907,293.9444696,320.6251605,367.3316724,308.5190296,343.6565975,400.9375748,236.3005769,265.3461584,311.5169613,120.8461545,168.7442565,218.9856705
"100",100,100,2020,92.5999557214866,"Freirina",100,-71.09349981,-28.50117594,82,2.422585452,270,1.375,0.875,4,32,0.471781287,0.657398224,0.220831022,0.564738311,0.667522967,0.311234832,0.092957024,0.010124743,0.09040381,828.282772,660.5463619,300.7380975,693.1771618,525.4407517,526.3966199,404.8920962,186.6029387,435.984419,314.4798953,207.205014,146.4497588,70.81470595,168.8583232,108.103068,2136.958652,2016.112498,838.764076,1930.499403,1809.653249,2416.768623,2248.024366,929.6279164,2166.872965,1998.128708,2811.378466,2592.392796,1079.786209,2505.916578,2286.930907,293.9444696,320.6251605,367.3316724,308.5190296,343.6565975,400.9375748,236.3005769,265.3461584,311.5169613,120.8461545,168.7442565,218.9856705
"101",101,101,2020,102.373179241279,"Freirina",100,-71.0934674,-28.50108621,82,2.422585452,270,1.375,0.875,4,32,0.445096372,0.636449933,0.215678304,0.618246504,0.704258919,0.354282528,0.173150132,0.067808986,0.138604224,828.282772,660.5463619,300.7380975,693.1771618,525.4407517,526.3966199,404.8920962,186.6029387,435.984419,314.4798953,207.205014,146.4497588,70.81470595,168.8583232,108.103068,2136.958652,2016.112498,838.764076,1930.499403,1809.653249,2416.768623,2248.024366,929.6279164,2166.872965,1998.128708,2811.378466,2592.392796,1079.786209,2505.916578,2286.930907,293.9444696,320.6251605,367.3316724,308.5190296,343.6565975,400.9375748,236.3005769,265.3461584,311.5169613,120.8461545,168.7442565,218.9856705
"102",102,102,2020,100.974857210678,"Freirina",100,-71.09344519,-28.50099632,81,3.248691813,296.5650512,1.25,0,4,16,0.475125491,0.656586409,0.217146426,0.574654025,0.680528581,0.30557707,0.099528534,0.023942173,0.088430643,828.282772,660.5463619,300.7380975,693.1771618,525.4407517,526.3966199,404.8920962,186.6029387,435.984419,314.4798953,207.205014,146.4497588,70.81470595,168.8583232,108.103068,2136.958652,2016.112498,838.764076,1930.499403,1809.653249,2416.768623,2248.024366,929.6279164,2166.872965,1998.128708,2811.378466,2592.392796,1079.786209,2505.916578,2286.930907,293.9444696,320.6251605,367.3316724,308.5190296,343.6565975,400.9375748,236.3005769,265.3461584,311.5169613,120.8461545,168.7442565,218.9856705
"103",103,103,2020,98.4193100086581,"Freirina",100,-71.09341278,-28.50090659,81,3.248691813,296.5650512,1.25,0,4,16,0.503603581,0.678230226,0.232271448,0.563354285,0.674713135,0.296808124,0.059750704,-0.003517091,0.064536676,828.282772,660.5463619,300.7380975,693.1771618,525.4407517,526.3966199,404.8920962,186.6029387,435.984419,314.4798953,207.205014,146.4497588,70.81470595,168.8583232,108.103068,2136.958652,2016.112498,838.764076,1930.499403,1809.653249,2416.768623,2248.024366,929.6279164,2166.872965,1998.128708,2811.378466,2592.392796,1079.786209,2505.916578,2286.930907,293.9444696,320.6251605,367.3316724,308.5190296,343.6565975,400.9375748,236.3005769,265.3461584,311.5169613,120.8461545,168.7442565,218.9856705
"104",104,104,2020,92.4392258333333,"Freirina",100,-71.09338036,-28.50081685,81,3.248691813,296.5650512,1.25,0,4,16,0.499571536,0.661129594,0.238478318,0.520599223,0.649065793,0.271838307,0.021027687,-0.012063801,0.03335999,828.282772,660.5463619,300.7380975,693.1771618,525.4407517,526.3966199,404.8920962,186.6029387,435.984419,314.4798953,207.205014,146.4497588,70.81470595,168.8583232,108.103068,2136.958652,2016.112498,838.764076,1930.499403,1809.653249,2416.768623,2248.024366,929.6279164,2166.872965,1998.128708,2811.378466,2592.392796,1079.786209,2505.916578,2286.930907,293.9444696,320.6251605,367.3316724,308.5190296,343.6565975,400.9375748,236.3005769,265.3461584,311.5169613,120.8461545,168.7442565,218.9856705
"105",105,105,2020,96.2686060476191,"Freirina",100,-71.09335816,-28.50072696,80,1.747450997,303.6900675,0.75,-0.5,4,8,0.4762551,0.665306151,0.219040364,0.547212729,0.655844152,0.283422798,0.070957629,-0.009461999,0.064382434,828.282772,660.5463619,300.7380975,693.1771618,525.4407517,526.3966199,404.8920962,186.6029387,435.984419,314.4798953,207.205014,146.4497588,70.81470595,168.8583232,108.103068,2136.958652,2016.112498,838.764076,1930.499403,1809.653249,2416.768623,2248.024366,929.6279164,2166.872965,1998.128708,2811.378466,2592.392796,1079.786209,2505.916578,2286.930907,293.9444696,320.6251605,367.3316724,308.5190296,343.6565975,400.9375748,236.3005769,265.3461584,311.5169613,120.8461545,168.7442565,218.9856705
"106",106,106,2020,99.2484016428571,"Freirina",100,-71.09333595,-28.50063707,80,1.747450997,303.6900675,0.75,-0.5,4,8,0.487044359,0.675408244,0.228596956,0.536731635,0.652559459,0.280125201,0.049687276,-0.022848785,0.051528245,828.282772,660.5463619,300.7380975,693.1771618,525.4407517,526.3966199,404.8920962,186.6029387,435.984419,314.4798953,207.205014,146.4497588,70.81470595,168.8583232,108.103068,2136.958652,2016.112498,838.764076,1930.499403,1809.653249,2416.768623,2248.024366,929.6279164,2166.872965,1998.128708,2811.378466,2592.392796,1079.786209,2505.916578,2286.930907,293.9444696,320.6251605,367.3316724,308.5190296,343.6565975,400.9375748,236.3005769,265.3461584,311.5169613,120.8461545,168.7442565,218.9856705
"107",107,107,2020,89.6804932142857,"Freirina",100,-71.09330336,-28.50053831,80,1.747450997,303.6900675,0.75,-0.5,4,8,0.466280543,0.644547582,0.22792235,0.512923191,0.647245347,0.272815287,0.046642648,0.002697766,0.044892937,828.282772,660.5463619,300.7380975,693.1771618,525.4407517,526.3966199,404.8920962,186.6029387,435.984419,314.4798953,207.205014,146.4497588,70.81470595,168.8583232,108.103068,2136.958652,2016.112498,838.764076,1930.499403,1809.653249,2416.768623,2248.024366,929.6279164,2166.872965,1998.128708,2811.378466,2592.392796,1079.786209,2505.916578,2286.930907,293.9444696,320.6251605,367.3316724,308.5190296,343.6565975,400.9375748,236.3005769,265.3461584,311.5169613,120.8461545,168.7442565,218.9856705
"108",108,108,2020,89.6233845796001,"Freirina",100,-71.09328151,-28.50046646,80,1.938484153,270,1,-1,2,32,0.487727646,0.670222223,0.24554877,0.521241214,0.647859156,0.274620473,0.033513568,-0.022363067,0.029071704,828.282772,660.5463619,300.7380975,693.1771618,525.4407517,526.3966199,404.8920962,186.6029387,435.984419,314.4798953,207.205014,146.4497588,70.81470595,168.8583232,108.103068,2136.958652,2016.112498,838.764076,1930.499403,1809.653249,2416.768623,2248.024366,929.6279164,2166.872965,1998.128708,2811.378466,2592.392796,1079.786209,2505.916578,2286.930907,293.9444696,320.6251605,367.3316724,308.5190296,343.6565975,400.9375748,236.3005769,265.3461584,311.5169613,120.8461545,168.7442565,218.9856705
"109",109,109,2020,88.255954166134,"Freirina",100,-71.0932491,-28.50037673,80,1.938484153,270,1,-1,2,32,0.509730852,0.683287203,0.24902226,0.542795232,0.655813992,0.29019177,0.03306438,-0.027473211,0.041169509,828.282772,660.5463619,300.7380975,693.1771618,525.4407517,526.3966199,404.8920962,186.6029387,435.984419,314.4798953,207.205014,146.4497588,70.81470595,168.8583232,108.103068,2136.958652,2016.112498,838.764076,1930.499403,1809.653249,2416.768623,2248.024366,929.6279164,2166.872965,1998.128708,2811.378466,2592.392796,1079.786209,2505.916578,2286.930907,293.9444696,320.6251605,367.3316724,308.5190296,343.6565975,400.9375748,236.3005769,265.3461584,311.5169613,120.8461545,168.7442565,218.9856705
"110",110,110,2020,85.1498278088469,"Freirina",100,-71.09322707,-28.50029586,80,1.938484153,270,1,-1,2,32,0.509730852,0.683287203,0.24902226,0.542795232,0.655813992,0.29019177,0.03306438,-0.027473211,0.041169509,828.282772,660.5463619,300.7380975,693.1771618,525.4407517,526.3966199,404.8920962,186.6029387,435.984419,314.4798953,207.205014,146.4497588,70.81470595,168.8583232,108.103068,2136.958652,2016.112498,838.764076,1930.499403,1809.653249,2416.768623,2248.024366,929.6279164,2166.872965,1998.128708,2811.378466,2592.392796,1079.786209,2505.916578,2286.930907,293.9444696,320.6251605,367.3316724,308.5190296,343.6565975,400.9375748,236.3005769,265.3461584,311.5169613,120.8461545,168.7442565,218.9856705
"111",111,111,2020,90.745475798858,"Freirina",100,-71.09320487,-28.50020597,81,1.71353711,278.1301024,0.875,0.375,2,64,0.47873229,0.674220979,0.23276563,0.514647356,0.644287407,0.274887294,0.035915066,-0.029933572,0.042121664,828.282772,660.5463619,300.7380975,693.1771618,525.4407517,526.3966199,404.8920962,186.6029387,435.984419,314.4798953,207.205014,146.4497588,70.81470595,168.8583232,108.103068,2136.958652,2016.112498,838.764076,1930.499403,1809.653249,2416.768623,2248.024366,929.6279164,2166.872965,1998.128708,2811.378466,2592.392796,1079.786209,2505.916578,2286.930907,293.9444696,320.6251605,367.3316724,308.5190296,343.6565975,400.9375748,236.3005769,265.3461584,311.5169613,120.8461545,168.7442565,218.9856705
"112",112,112,2020,92.6757546953047,"Freirina",100,-71.09318267,-28.50011608,81,1.71353711,278.1301024,0.875,0.375,2,64,0.474878426,0.639639676,0.235404387,0.496285832,0.616972446,0.26887697,0.021407406,-0.022667229,0.033472583,828.282772,660.5463619,300.7380975,693.1771618,525.4407517,526.3966199,404.8920962,186.6029387,435.984419,314.4798953,207.205014,146.4497588,70.81470595,168.8583232,108.103068,2136.958652,2016.112498,838.764076,1930.499403,1809.653249,2416.768623,2248.024366,929.6279164,2166.872965,1998.128708,2811.378466,2592.392796,1079.786209,2505.916578,2286.930907,293.9444696,320.6251605,367.3316724,308.5190296,343.6565975,400.9375748,236.3005769,265.3461584,311.5169613,120.8461545,168.7442565,218.9856705
"113",113,113,2020,98.6740146819847,"Freirina",100,-71.09307105,-28.50015389,81,1.71353711,278.1301024,0.875,0.375,2,64,0.433123713,0.622211695,0.209817201,0.478052125,0.615442276,0.264148563,0.044928412,-0.006769419,0.054331362,828.282772,660.5463619,300.7380975,693.1771618,525.4407517,526.3966199,404.8920962,186.6029387,435.984419,314.4798953,207.205014,146.4497588,70.81470595,168.8583232,108.103068,2136.958652,2016.112498,838.764076,1930.499403,1809.653249,2416.768623,2248.024366,929.6279164,2166.872965,1998.128708,2811.378466,2592.392796,1079.786209,2505.916578,2286.930907,293.9444696,320.6251605,367.3316724,308.5190296,343.6565975,400.9375748,236.3005769,265.3461584,311.5169613,120.8461545,168.7442565,218.9856705
"114",114,114,2020,78.7400817142857,"Freirina",100,-71.09310311,-28.50022558,81,1.71353711,278.1301024,0.875,0.375,2,64,0.454324024,0.660639822,0.224909574,0.530690983,0.648036301,0.289071441,0.076366959,-0.012603521,0.064161867,828.282772,660.5463619,300.7380975,693.1771618,525.4407517,526.3966199,404.8920962,186.6029387,435.984419,314.4798953,207.205014,146.4497588,70.81470595,168.8583232,108.103068,2136.958652,2016.112498,838.764076,1930.499403,1809.653249,2416.768623,2248.024366,929.6279164,2166.872965,1998.128708,2811.378466,2592.392796,1079.786209,2505.916578,2286.930907,293.9444696,320.6251605,367.3316724,308.5190296,343.6565975,400.9375748,236.3005769,265.3461584,311.5169613,120.8461545,168.7442565,218.9856705
"115",115,115,2020,86.9020027080369,"Freirina",100,-71.09312496,-28.50029743,80,1.938484153,270,1,-1,2,32,0.440712269,0.631530702,0.218645439,0.546457819,0.642965198,0.294852078,0.10574555,0.011434495,0.076206639,828.282772,660.5463619,300.7380975,693.1771618,525.4407517,526.3966199,404.8920962,186.6029387,435.984419,314.4798953,207.205014,146.4497588,70.81470595,168.8583232,108.103068,2136.958652,2016.112498,838.764076,1930.499403,1809.653249,2416.768623,2248.024366,929.6279164,2166.872965,1998.128708,2811.378466,2592.392796,1079.786209,2505.916578,2286.930907,293.9444696,320.6251605,367.3316724,308.5190296,343.6565975,400.9375748,236.3005769,265.3461584,311.5169613,120.8461545,168.7442565,218.9856705
"116",116,116,2020,86.0112056665245,"Freirina",100,-71.09315755,-28.50039619,80,1.938484153,270,1,-1,2,32,0.476190447,0.669343412,0.231268585,0.544448406,0.667052031,0.293231636,0.068257959,-0.002291381,0.061963052,828.282772,660.5463619,300.7380975,693.1771618,525.4407517,526.3966199,404.8920962,186.6029387,435.984419,314.4798953,207.205014,146.4497588,70.81470595,168.8583232,108.103068,2136.958652,2016.112498,838.764076,1930.499403,1809.653249,2416.768623,2248.024366,929.6279164,2166.872965,1998.128708,2811.378466,2592.392796,1079.786209,2505.916578,2286.930907,293.9444696,320.6251605,367.3316724,308.5190296,343.6565975,400.9375748,236.3005769,265.3461584,311.5169613,120.8461545,168.7442565,218.9856705
"117",117,117,2020,87.2600620636045,"Freirina",100,-71.09317958,-28.50047706,80,1.938484153,270,1,-1,2,32,0.436112269,0.636276841,0.211384863,0.543657912,0.661252916,0.291597068,0.107545643,0.024976075,0.080212206,828.282772,660.5463619,300.7380975,693.1771618,525.4407517,526.3966199,404.8920962,186.6029387,435.984419,314.4798953,207.205014,146.4497588,70.81470595,168.8583232,108.103068,2136.958652,2016.112498,838.764076,1930.499403,1809.653249,2416.768623,2248.024366,929.6279164,2166.872965,1998.128708,2811.378466,2592.392796,1079.786209,2505.916578,2286.930907,293.9444696,320.6251605,367.3316724,308.5190296,343.6565975,400.9375748,236.3005769,265.3461584,311.5169613,120.8461545,168.7442565,218.9856705
"118",118,118,2020,94.2295285581297,"Freirina",100,-71.0932016,-28.50055793,81,2.398265815,315,1,-0.25,3,64,0.436112269,0.636276841,0.211384863,0.543657912,0.661252916,0.291597068,0.107545643,0.024976075,0.080212206,828.282772,660.5463619,300.7380975,693.1771618,525.4407517,526.3966199,404.8920962,186.6029387,435.984419,314.4798953,207.205014,146.4497588,70.81470595,168.8583232,108.103068,2136.958652,2016.112498,838.764076,1930.499403,1809.653249,2416.768623,2248.024366,929.6279164,2166.872965,1998.128708,2811.378466,2592.392796,1079.786209,2505.916578,2286.930907,293.9444696,320.6251605,367.3316724,308.5190296,343.6565975,400.9375748,236.3005769,265.3461584,311.5169613,120.8461545,168.7442565,218.9856705
"119",119,119,2020,94.3861514121467,"Freirina",100,-71.09324441,-28.50065653,81,2.398265815,315,1,-0.25,3,64,0.484734411,0.660430312,0.235218495,0.546752313,0.658629954,0.294539869,0.062017902,-0.001800358,0.059321374,828.282772,660.5463619,300.7380975,693.1771618,525.4407517,526.3966199,404.8920962,186.6029387,435.984419,314.4798953,207.205014,146.4497588,70.81470595,168.8583232,108.103068,2136.958652,2016.112498,838.764076,1930.499403,1809.653249,2416.768623,2248.024366,929.6279164,2166.872965,1998.128708,2811.378466,2592.392796,1079.786209,2505.916578,2286.930907,293.9444696,320.6251605,367.3316724,308.5190296,343.6565975,400.9375748,236.3005769,265.3461584,311.5169613,120.8461545,168.7442565,218.9856705
"120",120,120,2020,96.1489969347319,"Freirina",100,-71.09327665,-28.50073724,81,2.398265815,315,1,-0.25,3,64,0.501922248,0.683908045,0.240089893,0.55770662,0.668927014,0.292349726,0.055784372,-0.014981031,0.052259833,828.282772,660.5463619,300.7380975,693.1771618,525.4407517,526.3966199,404.8920962,186.6029387,435.984419,314.4798953,207.205014,146.4497588,70.81470595,168.8583232,108.103068,2136.958652,2016.112498,838.764076,1930.499403,1809.653249,2416.768623,2248.024366,929.6279164,2166.872965,1998.128708,2811.378466,2592.392796,1079.786209,2505.916578,2286.930907,293.9444696,320.6251605,367.3316724,308.5190296,343.6565975,400.9375748,236.3005769,265.3461584,311.5169613,120.8461545,168.7442565,218.9856705
"121",121,121,2020,95.2743186209624,"Freirina",100,-71.09329903,-28.50083615,83,2.084309673,324.4623222,1.25,1.25,3,32,0.515418517,0.675596714,0.241403043,0.555472247,0.674062073,0.289906085,0.04005373,-0.001534641,0.048503041,828.282772,660.5463619,300.7380975,693.1771618,525.4407517,526.3966199,404.8920962,186.6029387,435.984419,314.4798953,207.205014,146.4497588,70.81470595,168.8583232,108.103068,2136.958652,2016.112498,838.764076,1930.499403,1809.653249,2416.768623,2248.024366,929.6279164,2166.872965,1998.128708,2811.378466,2592.392796,1079.786209,2505.916578,2286.930907,293.9444696,320.6251605,367.3316724,308.5190296,343.6565975,400.9375748,236.3005769,265.3461584,311.5169613,120.8461545,168.7442565,218.9856705
"122",122,122,2020,99.9911598181819,"Freirina",100,-71.09331102,-28.5009262,81,3.248691813,296.5650512,1.25,0,4,16,0.45674583,0.659856975,0.21138154,0.578108007,0.684332669,0.308351606,0.121362177,0.024475694,0.096970066,828.282772,660.5463619,300.7380975,693.1771618,525.4407517,526.3966199,404.8920962,186.6029387,435.984419,314.4798953,207.205014,146.4497588,70.81470595,168.8583232,108.103068,2136.958652,2016.112498,838.764076,1930.499403,1809.653249,2416.768623,2248.024366,929.6279164,2166.872965,1998.128708,2811.378466,2592.392796,1079.786209,2505.916578,2286.930907,293.9444696,320.6251605,367.3316724,308.5190296,343.6565975,400.9375748,236.3005769,265.3461584,311.5169613,120.8461545,168.7442565,218.9856705
"123",123,123,2020,100.123552175824,"Freirina",100,-71.09334344,-28.50101593,81,3.248691813,296.5650512,1.25,0,4,16,0.420276504,0.624670565,0.190794989,0.604921396,0.695306838,0.334973514,0.184644892,0.070636272,0.144178525,828.282772,660.5463619,300.7380975,693.1771618,525.4407517,526.3966199,404.8920962,186.6029387,435.984419,314.4798953,207.205014,146.4497588,70.81470595,168.8583232,108.103068,2136.958652,2016.112498,838.764076,1930.499403,1809.653249,2416.768623,2248.024366,929.6279164,2166.872965,1998.128708,2811.378466,2592.392796,1079.786209,2505.916578,2286.930907,293.9444696,320.6251605,367.3316724,308.5190296,343.6565975,400.9375748,236.3005769,265.3461584,311.5169613,120.8461545,168.7442565,218.9856705
"124",124,124,2020,93.8528526428729,"Freirina",100,-71.09337585,-28.50110567,82,2.422585452,270,1.375,0.875,4,32,0.461474041,0.660323501,0.223741204,0.601601589,0.684210539,0.338189304,0.140127548,0.023887038,0.1144481,828.282772,660.5463619,300.7380975,693.1771618,525.4407517,526.3966199,404.8920962,186.6029387,435.984419,314.4798953,207.205014,146.4497588,70.81470595,168.8583232,108.103068,2136.958652,2016.112498,838.764076,1930.499403,1809.653249,2416.768623,2248.024366,929.6279164,2166.872965,1998.128708,2811.378466,2592.392796,1079.786209,2505.916578,2286.930907,293.9444696,320.6251605,367.3316724,308.5190296,343.6565975,400.9375748,236.3005769,265.3461584,311.5169613,120.8461545,168.7442565,218.9856705
"125",125,125,2020,94.164399771664,"Freirina",100,-71.09338749,-28.50117768,82,2.422585452,270,1.375,0.875,4,32,0.461474041,0.660323501,0.223741204,0.601601589,0.684210539,0.338189304,0.140127548,0.023887038,0.1144481,828.282772,660.5463619,300.7380975,693.1771618,525.4407517,526.3966199,404.8920962,186.6029387,435.984419,314.4798953,207.205014,146.4497588,70.81470595,168.8583232,108.103068,2136.958652,2016.112498,838.764076,1930.499403,1809.653249,2416.768623,2248.024366,929.6279164,2166.872965,1998.128708,2811.378466,2592.392796,1079.786209,2505.916578,2286.930907,293.9444696,320.6251605,367.3316724,308.5190296,343.6565975,400.9375748,236.3005769,265.3461584,311.5169613,120.8461545,168.7442565,218.9856705
"126",126,126,2020,86.9468480231285,"Freirina",100,-71.09343154,-28.50133942,81,1.71353711,188.1301024,0.875,0.125,4,2,0.5229277,0.679961085,0.244771615,0.564414904,0.667847276,0.297509402,0.041487204,-0.01211381,0.052737787,828.282772,660.5463619,300.7380975,693.1771618,525.4407517,526.3966199,404.8920962,186.6029387,435.984419,314.4798953,207.205014,146.4497588,70.81470595,168.8583232,108.103068,2136.958652,2016.112498,838.764076,1930.499403,1809.653249,2416.768623,2248.024366,929.6279164,2166.872965,1998.128708,2811.378466,2592.392796,1079.786209,2505.916578,2286.930907,293.9444696,320.6251605,367.3316724,308.5190296,343.6565975,400.9375748,236.3005769,265.3461584,311.5169613,120.8461545,168.7442565,218.9856705
"127",127,127,2020,86.4116851423694,"Freirina",100,-71.09346449,-28.50145621,81,1.71353711,188.1301024,0.875,0.125,4,2,0.473549486,0.648687363,0.226715684,0.538737434,0.6634354,0.289291203,0.065187948,0.014748037,0.062575519,828.282772,660.5463619,300.7380975,693.1771618,525.4407517,526.3966199,404.8920962,186.6029387,435.984419,314.4798953,207.205014,146.4497588,70.81470595,168.8583232,108.103068,2136.958652,2016.112498,838.764076,1930.499403,1809.653249,2416.768623,2248.024366,929.6279164,2166.872965,1998.128708,2811.378466,2592.392796,1079.786209,2505.916578,2286.930907,293.9444696,320.6251605,367.3316724,308.5190296,343.6565975,400.9375748,236.3005769,265.3461584,311.5169613,120.8461545,168.7442565,218.9856705
"128",128,128,2020,82.9279599204799,"Freirina",100,-71.09349708,-28.50155497,81,1.71353711,188.1301024,0.875,0.125,4,2,0.422528302,0.6075598,0.18320775,0.455146765,0.592039824,0.222604126,0.032618463,-0.015519977,0.039396375,828.282772,660.5463619,300.7380975,693.1771618,525.4407517,526.3966199,404.8920962,186.6029387,435.984419,314.4798953,207.205014,146.4497588,70.81470595,168.8583232,108.103068,2136.958652,2016.112498,838.764076,1930.499403,1809.653249,2416.768623,2248.024366,929.6279164,2166.872965,1998.128708,2811.378466,2592.392796,1079.786209,2505.916578,2286.930907,293.9444696,320.6251605,367.3316724,308.5190296,343.6565975,400.9375748,236.3005769,265.3461584,311.5169613,120.8461545,168.7442565,218.9856705
"129",129,129,2020,87.6303495514011,"Freirina",100,-71.09339515,-28.50156556,80,1.71353711,188.1301024,0.875,0.125,4,2,0.440850283,0.649735451,0.199748755,0.450247818,0.603034139,0.232388824,0.009397535,-0.046701312,0.03264007,828.282772,660.5463619,300.7380975,693.1771618,525.4407517,526.3966199,404.8920962,186.6029387,435.984419,314.4798953,207.205014,146.4497588,70.81470595,168.8583232,108.103068,2136.958652,2016.112498,838.764076,1930.499403,1809.653249,2416.768623,2248.024366,929.6279164,2166.872965,1998.128708,2811.378466,2592.392796,1079.786209,2505.916578,2286.930907,293.9444696,320.6251605,367.3316724,308.5190296,343.6565975,400.9375748,236.3005769,265.3461584,311.5169613,120.8461545,168.7442565,218.9856705
"130",130,130,2020,86.8643502598048,"Freirina",100,-71.09336291,-28.50148485,81,1.71353711,188.1301024,0.875,0.125,4,2,0.451505004,0.632455647,0.199844912,0.465324395,0.607361972,0.243686542,0.013819391,-0.025093675,0.04384163,828.282772,660.5463619,300.7380975,693.1771618,525.4407517,526.3966199,404.8920962,186.6029387,435.984419,314.4798953,207.205014,146.4497588,70.81470595,168.8583232,108.103068,2136.958652,2016.112498,838.764076,1930.499403,1809.653249,2416.768623,2248.024366,929.6279164,2166.872965,1998.128708,2811.378466,2592.392796,1079.786209,2505.916578,2286.930907,293.9444696,320.6251605,367.3316724,308.5190296,343.6565975,400.9375748,236.3005769,265.3461584,311.5169613,120.8461545,168.7442565,218.9856705
"131",131,131,2020,83.4102170335221,"Freirina",100,-71.09332978,-28.50135903,81,1.71353711,188.1301024,0.875,0.125,4,2,0.510638288,0.679645181,0.238147736,0.551971325,0.651411116,0.296534002,0.041333037,-0.028234065,0.058386266,828.282772,660.5463619,300.7380975,693.1771618,525.4407517,526.3966199,404.8920962,186.6029387,435.984419,314.4798953,207.205014,146.4497588,70.81470595,168.8583232,108.103068,2136.958652,2016.112498,838.764076,1930.499403,1809.653249,2416.768623,2248.024366,929.6279164,2166.872965,1998.128708,2811.378466,2592.392796,1079.786209,2505.916578,2286.930907,293.9444696,320.6251605,367.3316724,308.5190296,343.6565975,400.9375748,236.3005769,265.3461584,311.5169613,120.8461545,168.7442565,218.9856705
"132",132,132,2020,87.9060080300292,"Freirina",100,-71.09330793,-28.50128718,82,2.422585452,270,1.375,0.875,4,32,0.510638288,0.679645181,0.238147736,0.551971325,0.651411116,0.296534002,0.041333037,-0.028234065,0.058386266,828.282772,660.5463619,300.7380975,693.1771618,525.4407517,526.3966199,404.8920962,186.6029387,435.984419,314.4798953,207.205014,146.4497588,70.81470595,168.8583232,108.103068,2136.958652,2016.112498,838.764076,1930.499403,1809.653249,2416.768623,2248.024366,929.6279164,2166.872965,1998.128708,2811.378466,2592.392796,1079.786209,2505.916578,2286.930907,293.9444696,320.6251605,367.3316724,308.5190296,343.6565975,400.9375748,236.3005769,265.3461584,311.5169613,120.8461545,168.7442565,218.9856705
"133",133,133,2020,100.606897959941,"Freirina",100,-71.09327516,-28.50117941,83,1.370976822,225,1.125,1.125,2,4,0.431355172,0.619238496,0.201295108,0.605624136,0.694534898,0.334638715,0.174268964,0.075296402,0.133343607,828.282772,660.5463619,300.7380975,693.1771618,525.4407517,526.3966199,404.8920962,186.6029387,435.984419,314.4798953,207.205014,146.4497588,70.81470595,168.8583232,108.103068,2136.958652,2016.112498,838.764076,1930.499403,1809.653249,2416.768623,2248.024366,929.6279164,2166.872965,1998.128708,2811.378466,2592.392796,1079.786209,2505.916578,2286.930907,293.9444696,320.6251605,367.3316724,308.5190296,343.6565975,400.9375748,236.3005769,265.3461584,311.5169613,120.8461545,168.7442565,218.9856705
"134",134,134,2020,100.428569988408,"Freirina",100,-71.09326335,-28.50109838,83,1.370976822,225,1.125,1.125,2,4,0.431355172,0.619238496,0.201295108,0.605624136,0.694534898,0.334638715,0.174268964,0.075296402,0.133343607,828.282772,660.5463619,300.7380975,693.1771618,525.4407517,526.3966199,404.8920962,186.6029387,435.984419,314.4798953,207.205014,146.4497588,70.81470595,168.8583232,108.103068,2136.958652,2016.112498,838.764076,1930.499403,1809.653249,2416.768623,2248.024366,929.6279164,2166.872965,1998.128708,2811.378466,2592.392796,1079.786209,2505.916578,2286.930907,293.9444696,320.6251605,367.3316724,308.5190296,343.6565975,400.9375748,236.3005769,265.3461584,311.5169613,120.8461545,168.7442565,218.9856705
"135",135,135,2020,97.933424952381,"Freirina",100,-71.09324132,-28.50101751,83,2.084309673,324.4623222,1.25,1.25,3,32,0.457831318,0.655789495,0.20704107,0.580149951,0.6828897,0.312459946,0.122318633,0.027100205,0.105418876,828.282772,660.5463619,300.7380975,693.1771618,525.4407517,526.3966199,404.8920962,186.6029387,435.984419,314.4798953,207.205014,146.4497588,70.81470595,168.8583232,108.103068,2136.958652,2016.112498,838.764076,1930.499403,1809.653249,2416.768623,2248.024366,929.6279164,2166.872965,1998.128708,2811.378466,2592.392796,1079.786209,2505.916578,2286.930907,293.9444696,320.6251605,367.3316724,308.5190296,343.6565975,400.9375748,236.3005769,265.3461584,311.5169613,120.8461545,168.7442565,218.9856705
"136",136,136,2020,97.5262731846766,"Freirina",100,-71.09321912,-28.50092762,83,2.084309673,324.4623222,1.25,1.25,3,32,0.460037192,0.651945353,0.20763424,0.573502042,0.663911879,0.300702482,0.11346485,0.011966527,0.093068242,828.282772,660.5463619,300.7380975,693.1771618,525.4407517,526.3966199,404.8920962,186.6029387,435.984419,314.4798953,207.205014,146.4497588,70.81470595,168.8583232,108.103068,2136.958652,2016.112498,838.764076,1930.499403,1809.653249,2416.768623,2248.024366,929.6279164,2166.872965,1998.128708,2811.378466,2592.392796,1079.786209,2505.916578,2286.930907,293.9444696,320.6251605,367.3316724,308.5190296,343.6565975,400.9375748,236.3005769,265.3461584,311.5169613,120.8461545,168.7442565,218.9856705
"137",137,137,2020,92.5052458430737,"Freirina",100,-71.09319709,-28.50084675,83,2.084309673,324.4623222,1.25,1.25,3,32,0.495421219,0.666326523,0.225918695,0.557291653,0.661111116,0.29227367,0.061870434,-0.005215406,0.066354975,828.282772,660.5463619,300.7380975,693.1771618,525.4407517,526.3966199,404.8920962,186.6029387,435.984419,314.4798953,207.205014,146.4497588,70.81470595,168.8583232,108.103068,2136.958652,2016.112498,838.764076,1930.499403,1809.653249,2416.768623,2248.024366,929.6279164,2166.872965,1998.128708,2811.378466,2592.392796,1079.786209,2505.916578,2286.930907,293.9444696,320.6251605,367.3316724,308.5190296,343.6565975,400.9375748,236.3005769,265.3461584,311.5169613,120.8461545,168.7442565,218.9856705
"138",138,138,2020,100.862413186237,"Freirina",100,-71.09317489,-28.50075685,81,2.398265815,315,1,-0.25,3,64,0.492165545,0.675236821,0.245359868,0.566273673,0.663125992,0.304846764,0.074108128,-0.012110829,0.059486896,828.282772,660.5463619,300.7380975,693.1771618,525.4407517,526.3966199,404.8920962,186.6029387,435.984419,314.4798953,207.205014,146.4497588,70.81470595,168.8583232,108.103068,2136.958652,2016.112498,838.764076,1930.499403,1809.653249,2416.768623,2248.024366,929.6279164,2166.872965,1998.128708,2811.378466,2592.392796,1079.786209,2505.916578,2286.930907,293.9444696,320.6251605,367.3316724,308.5190296,343.6565975,400.9375748,236.3005769,265.3461584,311.5169613,120.8461545,168.7442565,218.9856705
"139",139,139,2020,93.4496198641964,"Freirina",100,-71.09315286,-28.50067598,81,2.398265815,315,1,-0.25,3,64,0.484734411,0.660430312,0.235218495,0.546752313,0.658629954,0.294539869,0.062017902,-0.001800358,0.059321374,828.282772,660.5463619,300.7380975,693.1771618,525.4407517,526.3966199,404.8920962,186.6029387,435.984419,314.4798953,207.205014,146.4497588,70.81470595,168.8583232,108.103068,2136.958652,2016.112498,838.764076,1930.499403,1809.653249,2416.768623,2248.024366,929.6279164,2166.872965,1998.128708,2811.378466,2592.392796,1079.786209,2505.916578,2286.930907,293.9444696,320.6251605,367.3316724,308.5190296,343.6565975,400.9375748,236.3005769,265.3461584,311.5169613,120.8461545,168.7442565,218.9856705
"140",140,140,2020,93.1225026286414,"Freirina",100,-71.09311006,-28.50057739,81,2.398265815,315,1,-0.25,3,64,0.483319065,0.659330189,0.230989367,0.544357711,0.657273412,0.294320792,0.061038646,-0.002056777,0.063331425,828.282772,660.5463619,300.7380975,693.1771618,525.4407517,526.3966199,404.8920962,186.6029387,435.984419,314.4798953,207.205014,146.4497588,70.81470595,168.8583232,108.103068,2136.958652,2016.112498,838.764076,1930.499403,1809.653249,2416.768623,2248.024366,929.6279164,2166.872965,1998.128708,2811.378466,2592.392796,1079.786209,2505.916578,2286.930907,293.9444696,320.6251605,367.3316724,308.5190296,343.6565975,400.9375748,236.3005769,265.3461584,311.5169613,120.8461545,168.7442565,218.9856705
"141",141,141,2020,84.7364887224667,"Freirina",100,-71.09309807,-28.50048734,80,1.938484153,270,1,-1,2,32,0.480785646,0.65142858,0.230046302,0.561797754,0.667791486,0.305810392,0.081012108,0.016362906,0.07576409,828.282772,660.5463619,300.7380975,693.1771618,525.4407517,526.3966199,404.8920962,186.6029387,435.984419,314.4798953,207.205014,146.4497588,70.81470595,168.8583232,108.103068,2136.958652,2016.112498,838.764076,1930.499403,1809.653249,2416.768623,2248.024366,929.6279164,2166.872965,1998.128708,2811.378466,2592.392796,1079.786209,2505.916578,2286.930907,293.9444696,320.6251605,367.3316724,308.5190296,343.6565975,400.9375748,236.3005769,265.3461584,311.5169613,120.8461545,168.7442565,218.9856705
"142",142,142,2020,83.8899550760215,"Freirina",100,-71.09306619,-28.50042467,80,1.938484153,270,1,-1,2,32,0.423108926,0.641419053,0.206184193,0.563723785,0.670458734,0.311149031,0.140614859,0.029039681,0.104964837,828.282772,660.5463619,300.7380975,693.1771618,525.4407517,526.3966199,404.8920962,186.6029387,435.984419,314.4798953,207.205014,146.4497588,70.81470595,168.8583232,108.103068,2136.958652,2016.112498,838.764076,1930.499403,1809.653249,2416.768623,2248.024366,929.6279164,2166.872965,1998.128708,2811.378466,2592.392796,1079.786209,2505.916578,2286.930907,293.9444696,320.6251605,367.3316724,308.5190296,343.6565975,400.9375748,236.3005769,265.3461584,311.5169613,120.8461545,168.7442565,218.9856705
"143",143,143,2020,83.944415792583,"Freirina",100,-71.09305419,-28.50033462,80,1.938484153,270,1,-1,2,32,0.440712269,0.631530702,0.218645439,0.546457819,0.642965198,0.294852078,0.10574555,0.011434495,0.076206639,828.282772,660.5463619,300.7380975,693.1771618,525.4407517,526.3966199,404.8920962,186.6029387,435.984419,314.4798953,207.205014,146.4497588,70.81470595,168.8583232,108.103068,2136.958652,2016.112498,838.764076,1930.499403,1809.653249,2416.768623,2248.024366,929.6279164,2166.872965,1998.128708,2811.378466,2592.392796,1079.786209,2505.916578,2286.930907,293.9444696,320.6251605,367.3316724,308.5190296,343.6565975,400.9375748,236.3005769,265.3461584,311.5169613,120.8461545,168.7442565,218.9856705
"144",144,144,2020,86.2802942738725,"Freirina",100,-71.0930327,-28.50028081,80,1.938484153,270,1,-1,2,32,0.446688238,0.63860935,0.221910134,0.534705283,0.642403841,0.292296946,0.088017045,0.003794491,0.070386812,828.282772,660.5463619,300.7380975,693.1771618,525.4407517,526.3966199,404.8920962,186.6029387,435.984419,314.4798953,207.205014,146.4497588,70.81470595,168.8583232,108.103068,2136.958652,2016.112498,838.764076,1930.499403,1809.653249,2416.768623,2248.024366,929.6279164,2166.872965,1998.128708,2811.378466,2592.392796,1079.786209,2505.916578,2286.930907,293.9444696,320.6251605,367.3316724,308.5190296,343.6565975,400.9375748,236.3005769,265.3461584,311.5169613,120.8461545,168.7442565,218.9856705
"145",145,145,2020,86.2187276291486,"Freirina",100,-71.093001,-28.50022716,81,1.71353711,278.1301024,0.875,0.375,2,64,0.446688238,0.63860935,0.221910134,0.534705283,0.642403841,0.292296946,0.088017045,0.003794491,0.070386812,828.282772,660.5463619,300.7380975,693.1771618,525.4407517,526.3966199,404.8920962,186.6029387,435.984419,314.4798953,207.205014,146.4497588,70.81470595,168.8583232,108.103068,2136.958652,2016.112498,838.764076,1930.499403,1809.653249,2416.768623,2248.024366,929.6279164,2166.872965,1998.128708,2811.378466,2592.392796,1079.786209,2505.916578,2286.930907,293.9444696,320.6251605,367.3316724,308.5190296,343.6565975,400.9375748,236.3005769,265.3461584,311.5169613,120.8461545,168.7442565,218.9856705
"146",146,146,2020,94.7989529866333,"Freirina",100,-71.09298919,-28.50014613,81,1.71353711,278.1301024,0.875,0.375,2,64,0.409304284,0.633844674,0.195900843,0.475920668,0.608024716,0.257668704,0.066616384,-0.025819957,0.061767861,828.282772,660.5463619,300.7380975,693.1771618,525.4407517,526.3966199,404.8920962,186.6029387,435.984419,314.4798953,207.205014,146.4497588,70.81470595,168.8583232,108.103068,2136.958652,2016.112498,838.764076,1930.499403,1809.653249,2416.768623,2248.024366,929.6279164,2166.872965,1998.128708,2811.378466,2592.392796,1079.786209,2505.916578,2286.930907,293.9444696,320.6251605,367.3316724,308.5190296,343.6565975,400.9375748,236.3005769,265.3461584,311.5169613,120.8461545,168.7442565,218.9856705
"147",147,147,2020,91.9285114285716,"Freirina",100,-71.09290821,-28.50018347,82,1.998096092,284.0362435,0.875,0.625,3,8,0.409013619,0.618954539,0.196273133,0.472575382,0.592927277,0.251709014,0.063561763,-0.026027262,0.055435881,828.282772,660.5463619,300.7380975,693.1771618,525.4407517,526.3966199,404.8920962,186.6029387,435.984419,314.4798953,207.205014,146.4497588,70.81470595,168.8583232,108.103068,2136.958652,2016.112498,838.764076,1930.499403,1809.653249,2416.768623,2248.024366,929.6279164,2166.872965,1998.128708,2811.378466,2592.392796,1079.786209,2505.916578,2286.930907,293.9444696,320.6251605,367.3316724,308.5190296,343.6565975,400.9375748,236.3005769,265.3461584,311.5169613,120.8461545,168.7442565,218.9856705
"148",148,148,2020,87.3794073176938,"Freirina",100,-71.09294027,-28.50025516,82,1.532725565,251.5650512,0.75,0.5,3,16,0.446688238,0.63860935,0.221910134,0.534705283,0.642403841,0.292296946,0.088017045,0.003794491,0.070386812,828.282772,660.5463619,300.7380975,693.1771618,525.4407517,526.3966199,404.8920962,186.6029387,435.984419,314.4798953,207.205014,146.4497588,70.81470595,168.8583232,108.103068,2136.958652,2016.112498,838.764076,1930.499403,1809.653249,2416.768623,2248.024366,929.6279164,2166.872965,1998.128708,2811.378466,2592.392796,1079.786209,2505.916578,2286.930907,293.9444696,320.6251605,367.3316724,308.5190296,343.6565975,400.9375748,236.3005769,265.3461584,311.5169613,120.8461545,168.7442565,218.9856705
"149",149,149,2020,87.439362948052,"Freirina",100,-71.09295226,-28.50034521,82,1.532725565,251.5650512,0.75,0.5,3,16,0.430185626,0.625688076,0.213827223,0.549861514,0.653490961,0.301977694,0.119675888,0.027802885,0.088150471,828.282772,660.5463619,300.7380975,693.1771618,525.4407517,526.3966199,404.8920962,186.6029387,435.984419,314.4798953,207.205014,146.4497588,70.81470595,168.8583232,108.103068,2136.958652,2016.112498,838.764076,1930.499403,1809.653249,2416.768623,2248.024366,929.6279164,2166.872965,1998.128708,2811.378466,2592.392796,1079.786209,2505.916578,2286.930907,293.9444696,320.6251605,367.3316724,308.5190296,343.6565975,400.9375748,236.3005769,265.3461584,311.5169613,120.8461545,168.7442565,218.9856705
"150",150,150,2020,84.5819458968254,"Freirina",100,-71.09297464,-28.50044412,82,1.532725565,251.5650512,0.75,0.5,3,16,0.458196716,0.645698428,0.225403219,0.568166108,0.664952219,0.312167317,0.109969392,0.01925379,0.086764097,828.282772,660.5463619,300.7380975,693.1771618,525.4407517,526.3966199,404.8920962,186.6029387,435.984419,314.4798953,207.205014,146.4497588,70.81470595,168.8583232,108.103068,2136.958652,2016.112498,838.764076,1930.499403,1809.653249,2416.768623,2248.024366,929.6279164,2166.872965,1998.128708,2811.378466,2592.392796,1079.786209,2505.916578,2286.930907,293.9444696,320.6251605,367.3316724,308.5190296,343.6565975,400.9375748,236.3005769,265.3461584,311.5169613,120.8461545,168.7442565,218.9856705
"151",151,151,2020,91.4079995672383,"Freirina",100,-71.09298627,-28.50051613,82,0.484794463,3.69e-13,0.75,0.5,3,32,0.488907853,0.672256827,0.234068632,0.580298297,0.681180835,0.318343252,0.091390444,0.008924007,0.08427462,828.282772,660.5463619,300.7380975,693.1771618,525.4407517,526.3966199,404.8920962,186.6029387,435.984419,314.4798953,207.205014,146.4497588,70.81470595,168.8583232,108.103068,2136.958652,2016.112498,838.764076,1930.499403,1809.653249,2416.768623,2248.024366,929.6279164,2166.872965,1998.128708,2811.378466,2592.392796,1079.786209,2505.916578,2286.930907,293.9444696,320.6251605,367.3316724,308.5190296,343.6565975,400.9375748,236.3005769,265.3461584,311.5169613,120.8461545,168.7442565,218.9856705
"152",152,152,2020,93.9241103739499,"Freirina",100,-71.09299827,-28.50060618,81,2.398265815,315,1,-0.25,3,64,0.488510626,0.663338065,0.234285712,0.556177796,0.668918908,0.303360045,0.06766717,0.005580842,0.069074333,828.282772,660.5463619,300.7380975,693.1771618,525.4407517,526.3966199,404.8920962,186.6029387,435.984419,314.4798953,207.205014,146.4497588,70.81470595,168.8583232,108.103068,2136.958652,2016.112498,838.764076,1930.499403,1809.653249,2416.768623,2248.024366,929.6279164,2166.872965,1998.128708,2811.378466,2592.392796,1079.786209,2505.916578,2286.930907,293.9444696,320.6251605,367.3316724,308.5190296,343.6565975,400.9375748,236.3005769,265.3461584,311.5169613,120.8461545,168.7442565,218.9856705
"153",153,153,2020,92.5634870457377,"Freirina",100,-71.09304107,-28.50070478,81,2.398265815,315,1,-0.25,3,64,0.479532168,0.659793794,0.232891545,0.548945005,0.668405414,0.301672786,0.069412837,0.008611619,0.068781242,828.282772,660.5463619,300.7380975,693.1771618,525.4407517,526.3966199,404.8920962,186.6029387,435.984419,314.4798953,207.205014,146.4497588,70.81470595,168.8583232,108.103068,2136.958652,2016.112498,838.764076,1930.499403,1809.653249,2416.768623,2248.024366,929.6279164,2166.872965,1998.128708,2811.378466,2592.392796,1079.786209,2505.916578,2286.930907,293.9444696,320.6251605,367.3316724,308.5190296,343.6565975,400.9375748,236.3005769,265.3461584,311.5169613,120.8461545,168.7442565,218.9856705
"154",154,154,2020,94.8895058468477,"Freirina",100,-71.09306292,-28.50077663,83,2.084309673,324.4623222,1.25,1.25,3,32,0.501437365,0.64684689,0.246334895,0.559907083,0.667257905,0.315799326,0.058469718,0.020411015,0.06946443,828.282772,660.5463619,300.7380975,693.1771618,525.4407517,526.3966199,404.8920962,186.6029387,435.984419,314.4798953,207.205014,146.4497588,70.81470595,168.8583232,108.103068,2136.958652,2016.112498,838.764076,1930.499403,1809.653249,2416.768623,2248.024366,929.6279164,2166.872965,1998.128708,2811.378466,2592.392796,1079.786209,2505.916578,2286.930907,293.9444696,320.6251605,367.3316724,308.5190296,343.6565975,400.9375748,236.3005769,265.3461584,311.5169613,120.8461545,168.7442565,218.9856705
"155",155,155,2020,96.3982618658009,"Freirina",100,-71.09309516,-28.50085734,83,2.084309673,324.4623222,1.25,1.25,3,32,0.494818645,0.650929928,0.23496446,0.53530435,0.665032089,0.293142855,0.040485705,0.014102161,0.058178395,828.282772,660.5463619,300.7380975,693.1771618,525.4407517,526.3966199,404.8920962,186.6029387,435.984419,314.4798953,207.205014,146.4497588,70.81470595,168.8583232,108.103068,2136.958652,2016.112498,838.764076,1930.499403,1809.653249,2416.768623,2248.024366,929.6279164,2166.872965,1998.128708,2811.378466,2592.392796,1079.786209,2505.916578,2286.930907,293.9444696,320.6251605,367.3316724,308.5190296,343.6565975,400.9375748,236.3005769,265.3461584,311.5169613,120.8461545,168.7442565,218.9856705
"156",156,156,2020,100.5210815,"Freirina",100,-71.09311736,-28.50094723,83,2.084309673,324.4623222,1.25,1.25,3,32,0.449121381,0.630344868,0.221364319,0.515412207,0.649629354,0.276893467,0.066290826,0.019284487,0.055529147,828.282772,660.5463619,300.7380975,693.1771618,525.4407517,526.3966199,404.8920962,186.6029387,435.984419,314.4798953,207.205014,146.4497588,70.81470595,168.8583232,108.103068,2136.958652,2016.112498,838.764076,1930.499403,1809.653249,2416.768623,2248.024366,929.6279164,2166.872965,1998.128708,2811.378466,2592.392796,1079.786209,2505.916578,2286.930907,293.9444696,320.6251605,367.3316724,308.5190296,343.6565975,400.9375748,236.3005769,265.3461584,311.5169613,120.8461545,168.7442565,218.9856705
"157",157,157,2020,96.8983325359422,"Freirina",100,-71.09313956,-28.50103712,83,1.370976822,225,1.125,1.125,2,4,0.448648643,0.632724166,0.229644269,0.568773229,0.681274891,0.317188084,0.120124586,0.048550725,0.087543815,828.282772,660.5463619,300.7380975,693.1771618,525.4407517,526.3966199,404.8920962,186.6029387,435.984419,314.4798953,207.205014,146.4497588,70.81470595,168.8583232,108.103068,2136.958652,2016.112498,838.764076,1930.499403,1809.653249,2416.768623,2248.024366,929.6279164,2166.872965,1998.128708,2811.378466,2592.392796,1079.786209,2505.916578,2286.930907,293.9444696,320.6251605,367.3316724,308.5190296,343.6565975,400.9375748,236.3005769,265.3461584,311.5169613,120.8461545,168.7442565,218.9856705
"158",158,158,2020,97.7671474749936,"Freirina",100,-71.09316141,-28.50110897,83,1.370976822,225,1.125,1.125,2,4,0.469081267,0.662999988,0.219300658,0.606983906,0.708773196,0.335753053,0.137902639,0.045773208,0.116452396,828.282772,660.5463619,300.7380975,693.1771618,525.4407517,526.3966199,404.8920962,186.6029387,435.984419,314.4798953,207.205014,146.4497588,70.81470595,168.8583232,108.103068,2136.958652,2016.112498,838.764076,1930.499403,1809.653249,2416.768623,2248.024366,929.6279164,2166.872965,1998.128708,2811.378466,2592.392796,1079.786209,2505.916578,2286.930907,293.9444696,320.6251605,367.3316724,308.5190296,343.6565975,400.9375748,236.3005769,265.3461584,311.5169613,120.8461545,168.7442565,218.9856705
"159",159,159,2020,95.5974404216286,"Freirina",100,-71.09319436,-28.50122577,83,1.370976822,225,1.125,1.125,2,4,0.442382395,0.65773809,0.2101271,0.567711798,0.682176113,0.319204807,0.125329403,0.024438024,0.109077707,828.282772,660.5463619,300.7380975,693.1771618,525.4407517,526.3966199,404.8920962,186.6029387,435.984419,314.4798953,207.205014,146.4497588,70.81470595,168.8583232,108.103068,2136.958652,2016.112498,838.764076,1930.499403,1809.653249,2416.768623,2248.024366,929.6279164,2166.872965,1998.128708,2811.378466,2592.392796,1079.786209,2505.916578,2286.930907,293.9444696,320.6251605,367.3316724,308.5190296,343.6565975,400.9375748,236.3005769,265.3461584,311.5169613,120.8461545,168.7442565,218.9856705
"160",160,160,2020,87.1220498019,"Freirina",100,-71.09321639,-28.50130664,81,3.424014446,188.1301024,1.375,-0.125,4,4,0.45098037,0.650557578,0.202884331,0.512178624,0.631982446,0.285444945,0.061198254,-0.018575132,0.082560614,828.282772,660.5463619,300.7380975,693.1771618,525.4407517,526.3966199,404.8920962,186.6029387,435.984419,314.4798953,207.205014,146.4497588,70.81470595,168.8583232,108.103068,2136.958652,2016.112498,838.764076,1930.499403,1809.653249,2416.768623,2248.024366,929.6279164,2166.872965,1998.128708,2811.378466,2592.392796,1079.786209,2505.916578,2286.930907,293.9444696,320.6251605,367.3316724,308.5190296,343.6565975,400.9375748,236.3005769,265.3461584,311.5169613,120.8461545,168.7442565,218.9856705
"161",161,161,2020,90.3804581209262,"Freirina",100,-71.09323841,-28.50138751,81,3.424014446,188.1301024,1.375,-0.125,4,4,0.44949736,0.645652175,0.198688105,0.48550982,0.599383652,0.261128932,0.03601246,-0.046268523,0.062440827,828.282772,660.5463619,300.7380975,693.1771618,525.4407517,526.3966199,404.8920962,186.6029387,435.984419,314.4798953,207.205014,146.4497588,70.81470595,168.8583232,108.103068,2136.958652,2016.112498,838.764076,1930.499403,1809.653249,2416.768623,2248.024366,929.6279164,2166.872965,1998.128708,2811.378466,2592.392796,1079.786209,2505.916578,2286.930907,293.9444696,320.6251605,367.3316724,308.5190296,343.6565975,400.9375748,236.3005769,265.3461584,311.5169613,120.8461545,168.7442565,218.9856705
"162",162,162,2020,81.0092738389389,"Freirina",100,-71.09322962,-28.50145983,81,3.424014446,188.1301024,1.375,-0.125,4,4,0.404749879,0.610660493,0.172159329,0.460150359,0.62306726,0.239686668,0.05540048,0.012406766,0.067527339,828.282772,660.5463619,300.7380975,693.1771618,525.4407517,526.3966199,404.8920962,186.6029387,435.984419,314.4798953,207.205014,146.4497588,70.81470595,168.8583232,108.103068,2136.958652,2016.112498,838.764076,1930.499403,1809.653249,2416.768623,2248.024366,929.6279164,2166.872965,1998.128708,2811.378466,2592.392796,1079.786209,2505.916578,2286.930907,293.9444696,320.6251605,367.3316724,308.5190296,343.6565975,400.9375748,236.3005769,265.3461584,311.5169613,120.8461545,168.7442565,218.9856705
"163",163,163,2020,87.2016472866241,"Freirina",100,-71.09312644,-28.50140728,81,3.424014446,188.1301024,1.375,-0.125,4,4,0.426026718,0.633786857,0.183948144,0.462652432,0.601168096,0.238850996,0.036625714,-0.032618761,0.054902852,828.282772,660.5463619,300.7380975,693.1771618,525.4407517,526.3966199,404.8920962,186.6029387,435.984419,314.4798953,207.205014,146.4497588,70.81470595,168.8583232,108.103068,2136.958652,2016.112498,838.764076,1930.499403,1809.653249,2416.768623,2248.024366,929.6279164,2166.872965,1998.128708,2811.378466,2592.392796,1079.786209,2505.916578,2286.930907,293.9444696,320.6251605,367.3316724,308.5190296,343.6565975,400.9375748,236.3005769,265.3461584,311.5169613,120.8461545,168.7442565,218.9856705
"164",164,164,2020,83.3811750712191,"Freirina",100,-71.09311445,-28.50131723,81,3.424014446,188.1301024,1.375,-0.125,4,4,0.431338028,0.630075216,0.202145204,0.528662431,0.644428432,0.29631719,0.097324403,0.014353216,0.094171986,828.282772,660.5463619,300.7380975,693.1771618,525.4407517,526.3966199,404.8920962,186.6029387,435.984419,314.4798953,207.205014,146.4497588,70.81470595,168.8583232,108.103068,2136.958652,2016.112498,838.764076,1930.499403,1809.653249,2416.768623,2248.024366,929.6279164,2166.872965,1998.128708,2811.378466,2592.392796,1079.786209,2505.916578,2286.930907,293.9444696,320.6251605,367.3316724,308.5190296,343.6565975,400.9375748,236.3005769,265.3461584,311.5169613,120.8461545,168.7442565,218.9856705
"165",165,165,2020,92.4326620334865,"Freirina",100,-71.09308221,-28.50123652,83,1.370976822,225,1.125,1.125,2,4,0.451442484,0.648361802,0.223361477,0.582079567,0.684585273,0.326805145,0.130637083,0.036223471,0.103443667,828.282772,660.5463619,300.7380975,693.1771618,525.4407517,526.3966199,404.8920962,186.6029387,435.984419,314.4798953,207.205014,146.4497588,70.81470595,168.8583232,108.103068,2136.958652,2016.112498,838.764076,1930.499403,1809.653249,2416.768623,2248.024366,929.6279164,2166.872965,1998.128708,2811.378466,2592.392796,1079.786209,2505.916578,2286.930907,293.9444696,320.6251605,367.3316724,308.5190296,343.6565975,400.9375748,236.3005769,265.3461584,311.5169613,120.8461545,168.7442565,218.9856705
"166",166,166,2020,89.044960679701,"Freirina",100,-71.09305983,-28.50113761,83,1.370976822,225,1.125,1.125,2,4,0.483280224,0.677622676,0.24241212,0.601076352,0.696364939,0.336197168,0.117796128,0.018742263,0.093785048,828.282772,660.5463619,300.7380975,693.1771618,525.4407517,526.3966199,404.8920962,186.6029387,435.984419,314.4798953,207.205014,146.4497588,70.81470595,168.8583232,108.103068,2136.958652,2016.112498,838.764076,1930.499403,1809.653249,2416.768623,2248.024366,929.6279164,2166.872965,1998.128708,2811.378466,2592.392796,1079.786209,2505.916578,2286.930907,293.9444696,320.6251605,367.3316724,308.5190296,343.6565975,400.9375748,236.3005769,265.3461584,311.5169613,120.8461545,168.7442565,218.9856705
"167",167,167,2020,88.5776935326966,"Freirina",100,-71.09304819,-28.5010656,83,1.370976822,225,1.125,1.125,2,4,0.437641724,0.599663615,0.227177605,0.565127483,0.661909997,0.311313599,0.127485759,0.062246382,0.084135994,828.282772,660.5463619,300.7380975,693.1771618,525.4407517,526.3966199,404.8920962,186.6029387,435.984419,314.4798953,207.205014,146.4497588,70.81470595,168.8583232,108.103068,2136.958652,2016.112498,838.764076,1930.499403,1809.653249,2416.768623,2248.024366,929.6279164,2166.872965,1998.128708,2811.378466,2592.392796,1079.786209,2505.916578,2286.930907,293.9444696,320.6251605,367.3316724,308.5190296,343.6565975,400.9375748,236.3005769,265.3461584,311.5169613,120.8461545,168.7442565,218.9856705
"168",168,168,2020,110.08628096337,"Freirina",100,-71.09301614,-28.50099391,83,2.084309673,324.4623222,1.25,1.25,3,32,0.426626323,0.61403507,0.221350074,0.524416141,0.652474105,0.284053147,0.097789818,0.038439035,0.062703073,828.282772,660.5463619,300.7380975,693.1771618,525.4407517,526.3966199,404.8920962,186.6029387,435.984419,314.4798953,207.205014,146.4497588,70.81470595,168.8583232,108.103068,2136.958652,2016.112498,838.764076,1930.499403,1809.653249,2416.768623,2248.024366,929.6279164,2166.872965,1998.128708,2811.378466,2592.392796,1079.786209,2505.916578,2286.930907,293.9444696,320.6251605,367.3316724,308.5190296,343.6565975,400.9375748,236.3005769,265.3461584,311.5169613,120.8461545,168.7442565,218.9856705
"169",169,169,2020,89.2668017260127,"Freirina",100,-71.09298372,-28.50090417,82,1.747450997,56.30993247,0.875,0.125,2,1,0.49077786,0.650976896,0.244995996,0.538124791,0.655930877,0.285815805,0.047346931,0.00495398,0.040819809,828.282772,660.5463619,300.7380975,693.1771618,525.4407517,526.3966199,404.8920962,186.6029387,435.984419,314.4798953,207.205014,146.4497588,70.81470595,168.8583232,108.103068,2136.958652,2016.112498,838.764076,1930.499403,1809.653249,2416.768623,2248.024366,929.6279164,2166.872965,1998.128708,2811.378466,2592.392796,1079.786209,2505.916578,2286.930907,293.9444696,320.6251605,367.3316724,308.5190296,343.6565975,400.9375748,236.3005769,265.3461584,311.5169613,120.8461545,168.7442565,218.9856705
"170",170,170,2020,86.5142169768011,"Freirina",100,-71.09296134,-28.50080526,82,1.747450997,56.30993247,0.875,0.125,2,1,0.485737227,0.662769794,0.24215515,0.55586789,0.667796612,0.30244711,0.070130663,0.005026817,0.060291961,828.282772,660.5463619,300.7380975,693.1771618,525.4407517,526.3966199,404.8920962,186.6029387,435.984419,314.4798953,207.205014,146.4497588,70.81470595,168.8583232,108.103068,2136.958652,2016.112498,838.764076,1930.499403,1809.653249,2416.768623,2248.024366,929.6279164,2166.872965,1998.128708,2811.378466,2592.392796,1079.786209,2505.916578,2286.930907,293.9444696,320.6251605,367.3316724,308.5190296,343.6565975,400.9375748,236.3005769,265.3461584,311.5169613,120.8461545,168.7442565,218.9856705
"171",171,171,2020,87.4596000731262,"Freirina",100,-71.09292875,-28.50070651,82,0.484794463,3.69e-13,0.75,0.5,3,32,0.550543009,0.703533709,0.267378956,0.592920366,0.676367879,0.31275934,0.042377357,-0.02716583,0.045380384,828.282772,660.5463619,300.7380975,693.1771618,525.4407517,526.3966199,404.8920962,186.6029387,435.984419,314.4798953,207.205014,146.4497588,70.81470595,168.8583232,108.103068,2136.958652,2016.112498,838.764076,1930.499403,1809.653249,2416.768623,2248.024366,929.6279164,2166.872965,1998.128708,2811.378466,2592.392796,1079.786209,2505.916578,2286.930907,293.9444696,320.6251605,367.3316724,308.5190296,343.6565975,400.9375748,236.3005769,265.3461584,311.5169613,120.8461545,168.7442565,218.9856705
"172",172,172,2020,92.3798009559884,"Freirina",100,-71.09290672,-28.50062564,82,0.484794463,3.69e-13,0.75,0.5,3,32,0.534607227,0.693533301,0.256764114,0.577941175,0.679843485,0.305440426,0.043333948,-0.013689816,0.048676312,828.282772,660.5463619,300.7380975,693.1771618,525.4407517,526.3966199,404.8920962,186.6029387,435.984419,314.4798953,207.205014,146.4497588,70.81470595,168.8583232,108.103068,2136.958652,2016.112498,838.764076,1930.499403,1809.653249,2416.768623,2248.024366,929.6279164,2166.872965,1998.128708,2811.378466,2592.392796,1079.786209,2505.916578,2286.930907,293.9444696,320.6251605,367.3316724,308.5190296,343.6565975,400.9375748,236.3005769,265.3461584,311.5169613,120.8461545,168.7442565,218.9856705
"173",173,173,2020,89.226363094879,"Freirina",100,-71.09288452,-28.50053574,82,0.484794463,3.69e-13,0.75,0.5,3,32,0.512949033,0.682303727,0.249120906,0.56573427,0.686628997,0.308778644,0.052785237,0.004325271,0.059657738,828.282772,660.5463619,300.7380975,693.1771618,525.4407517,526.3966199,404.8920962,186.6029387,435.984419,314.4798953,207.205014,146.4497588,70.81470595,168.8583232,108.103068,2136.958652,2016.112498,838.764076,1930.499403,1809.653249,2416.768623,2248.024366,929.6279164,2166.872965,1998.128708,2811.378466,2592.392796,1079.786209,2505.916578,2286.930907,293.9444696,320.6251605,367.3316724,308.5190296,343.6565975,400.9375748,236.3005769,265.3461584,311.5169613,120.8461545,168.7442565,218.9856705
"174",174,174,2020,82.189889901099,"Freirina",100,-71.0928727,-28.50045472,82,1.532725565,251.5650512,0.75,0.5,3,16,0.465036292,0.641970038,0.239661276,0.555703361,0.661221564,0.313038588,0.090667069,0.019251525,0.073377311,828.282772,660.5463619,300.7380975,693.1771618,525.4407517,526.3966199,404.8920962,186.6029387,435.984419,314.4798953,207.205014,146.4497588,70.81470595,168.8583232,108.103068,2136.958652,2016.112498,838.764076,1930.499403,1809.653249,2416.768623,2248.024366,929.6279164,2166.872965,1998.128708,2811.378466,2592.392796,1079.786209,2505.916578,2286.930907,293.9444696,320.6251605,367.3316724,308.5190296,343.6565975,400.9375748,236.3005769,265.3461584,311.5169613,120.8461545,168.7442565,218.9856705
"175",175,175,2020,96.0966556746031,"Freirina",100,-71.09283008,-28.50036514,82,1.532725565,251.5650512,0.75,0.5,3,16,0.403100764,0.591208756,0.205804735,0.516955034,0.638266087,0.284030437,0.11385427,0.047057331,0.078225702,828.282772,660.5463619,300.7380975,693.1771618,525.4407517,526.3966199,404.8920962,186.6029387,435.984419,314.4798953,207.205014,146.4497588,70.81470595,168.8583232,108.103068,2136.958652,2016.112498,838.764076,1930.499403,1809.653249,2416.768623,2248.024366,929.6279164,2166.872965,1998.128708,2811.378466,2592.392796,1079.786209,2505.916578,2286.930907,293.9444696,320.6251605,367.3316724,308.5190296,343.6565975,400.9375748,236.3005769,265.3461584,311.5169613,120.8461545,168.7442565,218.9856705
"176",176,176,2020,90.3886062362638,"Freirina",100,-71.09280787,-28.50027525,82,1.532725565,251.5650512,0.75,0.5,3,16,0.431192661,0.614299178,0.209651262,0.470254955,0.610550821,0.25460121,0.039062294,-0.003748357,0.044949949,828.282772,660.5463619,300.7380975,693.1771618,525.4407517,526.3966199,404.8920962,186.6029387,435.984419,314.4798953,207.205014,146.4497588,70.81470595,168.8583232,108.103068,2136.958652,2016.112498,838.764076,1930.499403,1809.653249,2416.768623,2248.024366,929.6279164,2166.872965,1998.128708,2811.378466,2592.392796,1079.786209,2505.916578,2286.930907,293.9444696,320.6251605,367.3316724,308.5190296,343.6565975,400.9375748,236.3005769,265.3461584,311.5169613,120.8461545,168.7442565,218.9856705
"177",177,177,2020,92.222924047619,"Freirina",100,-71.09278603,-28.5002034,82,1.998096092,284.0362435,0.875,0.625,3,8,0.40891388,0.616683185,0.193885922,0.483870968,0.629629612,0.256211191,0.074957088,0.012946427,0.062325269,828.282772,660.5463619,300.7380975,693.1771618,525.4407517,526.3966199,404.8920962,186.6029387,435.984419,314.4798953,207.205014,146.4497588,70.81470595,168.8583232,108.103068,2136.958652,2016.112498,838.764076,1930.499403,1809.653249,2416.768623,2248.024366,929.6279164,2166.872965,1998.128708,2811.378466,2592.392796,1079.786209,2505.916578,2286.930907,293.9444696,320.6251605,367.3316724,308.5190296,343.6565975,400.9375748,236.3005769,265.3461584,311.5169613,120.8461545,168.7442565,218.9856705
"178",178,178,2020,93.4185342857143,"Freirina",100,-71.09268427,-28.50022301,82,1.998096092,284.0362435,0.875,0.625,3,8,0.431411528,0.613626242,0.216566876,0.471942467,0.60470587,0.252956301,0.040530939,-0.008920372,0.036389425,828.282772,660.5463619,300.7380975,693.1771618,525.4407517,526.3966199,404.8920962,186.6029387,435.984419,314.4798953,207.205014,146.4497588,70.81470595,168.8583232,108.103068,2136.958652,2016.112498,838.764076,1930.499403,1809.653249,2416.768623,2248.024366,929.6279164,2166.872965,1998.128708,2811.378466,2592.392796,1079.786209,2505.916578,2286.930907,293.9444696,320.6251605,367.3316724,308.5190296,343.6565975,400.9375748,236.3005769,265.3461584,311.5169613,120.8461545,168.7442565,218.9856705
"179",179,179,2020,91.3680947619048,"Freirina",100,-71.09270612,-28.50029486,82,1.532725565,251.5650512,0.75,0.5,3,16,0.460242863,0.632224143,0.233350992,0.510827133,0.637552917,0.276128948,0.05058427,0.005328774,0.042777956,828.282772,660.5463619,300.7380975,693.1771618,525.4407517,526.3966199,404.8920962,186.6029387,435.984419,314.4798953,207.205014,146.4497588,70.81470595,168.8583232,108.103068,2136.958652,2016.112498,838.764076,1930.499403,1809.653249,2416.768623,2248.024366,929.6279164,2166.872965,1998.128708,2811.378466,2592.392796,1079.786209,2505.916578,2286.930907,293.9444696,320.6251605,367.3316724,308.5190296,343.6565975,400.9375748,236.3005769,265.3461584,311.5169613,120.8461545,168.7442565,218.9856705
"180",180,180,2020,77.7875731239316,"Freirina",100,-71.09272832,-28.50038475,82,1.532725565,251.5650512,0.75,0.5,3,16,0.506565865,0.671523154,0.254159451,0.544357711,0.663608611,0.294320792,0.037791846,-0.007914543,0.040161341,828.282772,660.5463619,300.7380975,693.1771618,525.4407517,526.3966199,404.8920962,186.6029387,435.984419,314.4798953,207.205014,146.4497588,70.81470595,168.8583232,108.103068,2136.958652,2016.112498,838.764076,1930.499403,1809.653249,2416.768623,2248.024366,929.6279164,2166.872965,1998.128708,2811.378466,2592.392796,1079.786209,2505.916578,2286.930907,293.9444696,320.6251605,367.3316724,308.5190296,343.6565975,400.9375748,236.3005769,265.3461584,311.5169613,120.8461545,168.7442565,218.9856705
"181",181,181,2020,86.155317056277,"Freirina",100,-71.09276056,-28.50046547,82,1.532725565,251.5650512,0.75,0.5,3,16,0.456394201,0.634767354,0.231639534,0.534900039,0.656320989,0.291364163,0.078505838,0.021553636,0.059724629,828.282772,660.5463619,300.7380975,693.1771618,525.4407517,526.3966199,404.8920962,186.6029387,435.984419,314.4798953,207.205014,146.4497588,70.81470595,168.8583232,108.103068,2136.958652,2016.112498,838.764076,1930.499403,1809.653249,2416.768623,2248.024366,929.6279164,2166.872965,1998.128708,2811.378466,2592.392796,1079.786209,2505.916578,2286.930907,293.9444696,320.6251605,367.3316724,308.5190296,343.6565975,400.9375748,236.3005769,265.3461584,311.5169613,120.8461545,168.7442565,218.9856705
"182",182,182,2020,87.2495914060939,"Freirina",100,-71.09279315,-28.50056422,82,0.484794463,3.69e-13,0.75,0.5,3,32,0.560145809,0.692442894,0.277748019,0.57837098,0.67162019,0.319994956,0.018225171,-0.020822704,0.042246938,828.282772,660.5463619,300.7380975,693.1771618,525.4407517,526.3966199,404.8920962,186.6029387,435.984419,314.4798953,207.205014,146.4497588,70.81470595,168.8583232,108.103068,2136.958652,2016.112498,838.764076,1930.499403,1809.653249,2416.768623,2248.024366,929.6279164,2166.872965,1998.128708,2811.378466,2592.392796,1079.786209,2505.916578,2286.930907,293.9444696,320.6251605,367.3316724,308.5190296,343.6565975,400.9375748,236.3005769,265.3461584,311.5169613,120.8461545,168.7442565,218.9856705
"183",183,183,2020,87.3682102617383,"Freirina",100,-71.09280496,-28.50064525,82,0.484794463,3.69e-13,0.75,0.5,3,32,0.560145809,0.692442894,0.277748019,0.57837098,0.67162019,0.319994956,0.018225171,-0.020822704,0.042246938,828.282772,660.5463619,300.7380975,693.1771618,525.4407517,526.3966199,404.8920962,186.6029387,435.984419,314.4798953,207.205014,146.4497588,70.81470595,168.8583232,108.103068,2136.958652,2016.112498,838.764076,1930.499403,1809.653249,2416.768623,2248.024366,929.6279164,2166.872965,1998.128708,2811.378466,2592.392796,1079.786209,2505.916578,2286.930907,293.9444696,320.6251605,367.3316724,308.5190296,343.6565975,400.9375748,236.3005769,265.3461584,311.5169613,120.8461545,168.7442565,218.9856705
"184",184,184,2020,88.8604568726534,"Freirina",100,-71.09283738,-28.50073498,82,0.484794463,3.69e-13,0.75,0.5,3,32,0.57242511,0.696325839,0.281363457,0.581666054,0.676175773,0.309523821,0.009240944,-0.020150065,0.028160363,828.282772,660.5463619,300.7380975,693.1771618,525.4407517,526.3966199,404.8920962,186.6029387,435.984419,314.4798953,207.205014,146.4497588,70.81470595,168.8583232,108.103068,2136.958652,2016.112498,838.764076,1930.499403,1809.653249,2416.768623,2248.024366,929.6279164,2166.872965,1998.128708,2811.378466,2592.392796,1079.786209,2505.916578,2286.930907,293.9444696,320.6251605,367.3316724,308.5190296,343.6565975,400.9375748,236.3005769,265.3461584,311.5169613,120.8461545,168.7442565,218.9856705
"185",185,185,2020,91.5614233730158,"Freirina",100,-71.09287033,-28.50085178,82,1.747450997,56.30993247,0.875,0.125,2,1,0.519181592,0.697142899,0.248706788,0.576745821,0.67849052,0.312044472,0.057564229,-0.01865238,0.063337684,828.282772,660.5463619,300.7380975,693.1771618,525.4407517,526.3966199,404.8920962,186.6029387,435.984419,314.4798953,207.205014,146.4497588,70.81470595,168.8583232,108.103068,2136.958652,2016.112498,838.764076,1930.499403,1809.653249,2416.768623,2248.024366,929.6279164,2166.872965,1998.128708,2811.378466,2592.392796,1079.786209,2505.916578,2286.930907,293.9444696,320.6251605,367.3316724,308.5190296,343.6565975,400.9375748,236.3005769,265.3461584,311.5169613,120.8461545,168.7442565,218.9856705
"186",186,186,2020,89.5237287712844,"Freirina",100,-71.09290256,-28.50093249,82,1.747450997,56.30993247,0.875,0.125,2,1,0.471124641,0.656723738,0.222853631,0.538071076,0.658975363,0.286929637,0.066946435,0.002251625,0.064076006,828.282772,660.5463619,300.7380975,693.1771618,525.4407517,526.3966199,404.8920962,186.6029387,435.984419,314.4798953,207.205014,146.4497588,70.81470595,168.8583232,108.103068,2136.958652,2016.112498,838.764076,1930.499403,1809.653249,2416.768623,2248.024366,929.6279164,2166.872965,1998.128708,2811.378466,2592.392796,1079.786209,2505.916578,2286.930907,293.9444696,320.6251605,367.3316724,308.5190296,343.6565975,400.9375748,236.3005769,265.3461584,311.5169613,120.8461545,168.7442565,218.9856705
"187",187,187,2020,94.457262900433,"Freirina",100,-71.09292477,-28.50102238,82,1.747450997,56.30993247,0.875,0.125,2,1,0.477321825,0.637931049,0.226589203,0.512735322,0.641169369,0.2702685,0.035413497,0.00323832,0.043679297,828.282772,660.5463619,300.7380975,693.1771618,525.4407517,526.3966199,404.8920962,186.6029387,435.984419,314.4798953,207.205014,146.4497588,70.81470595,168.8583232,108.103068,2136.958652,2016.112498,838.764076,1930.499403,1809.653249,2416.768623,2248.024366,929.6279164,2166.872965,1998.128708,2811.378466,2592.392796,1079.786209,2505.916578,2286.930907,293.9444696,320.6251605,367.3316724,308.5190296,343.6565975,400.9375748,236.3005769,265.3461584,311.5169613,120.8461545,168.7442565,218.9856705
"188",188,188,2020,92.4863690367965,"Freirina",100,-71.09294644,-28.50108521,83,1.532725565,108.4349488,1.25,1.25,2,1,0.477321825,0.637931049,0.226589203,0.512735322,0.641169369,0.2702685,0.035413497,0.00323832,0.043679297,828.282772,660.5463619,300.7380975,693.1771618,525.4407517,526.3966199,404.8920962,186.6029387,435.984419,314.4798953,207.205014,146.4497588,70.81470595,168.8583232,108.103068,2136.958652,2016.112498,838.764076,1930.499403,1809.653249,2416.768623,2248.024366,929.6279164,2166.872965,1998.128708,2811.378466,2592.392796,1079.786209,2505.916578,2286.930907,293.9444696,320.6251605,367.3316724,308.5190296,343.6565975,400.9375748,236.3005769,265.3461584,311.5169613,120.8461545,168.7442565,218.9856705
"189",189,189,2020,81.1126271904762,"Freirina",100,-71.09295825,-28.50116624,83,1.532725565,108.4349488,1.25,1.25,2,1,0.463709679,0.657534242,0.230614975,0.544479049,0.661825001,0.299087346,0.08076937,0.00429076,0.068472371,828.282772,660.5463619,300.7380975,693.1771618,525.4407517,526.3966199,404.8920962,186.6029387,435.984419,314.4798953,207.205014,146.4497588,70.81470595,168.8583232,108.103068,2136.958652,2016.112498,838.764076,1930.499403,1809.653249,2416.768623,2248.024366,929.6279164,2166.872965,1998.128708,2811.378466,2592.392796,1079.786209,2505.916578,2286.930907,293.9444696,320.6251605,367.3316724,308.5190296,343.6565975,400.9375748,236.3005769,265.3461584,311.5169613,120.8461545,168.7442565,218.9856705
"190",190,190,2020,94.2232255627706,"Freirina",100,-71.09287763,-28.50122162,83,1.532725565,108.4349488,1.25,1.25,2,1,0.382018066,0.581311822,0.193388104,0.417930149,0.566072106,0.236743852,0.035912083,-0.015239716,0.043355748,828.282772,660.5463619,300.7380975,693.1771618,525.4407517,526.3966199,404.8920962,186.6029387,435.984419,314.4798953,207.205014,146.4497588,70.81470595,168.8583232,108.103068,2136.958652,2016.112498,838.764076,1930.499403,1809.653249,2416.768623,2248.024366,929.6279164,2166.872965,1998.128708,2811.378466,2592.392796,1079.786209,2505.916578,2286.930907,293.9444696,320.6251605,367.3316724,308.5190296,343.6565975,400.9375748,236.3005769,265.3461584,311.5169613,120.8461545,168.7442565,218.9856705
"191",191,191,2020,94.6478154761905,"Freirina",100,-71.09283447,-28.50110499,83,1.532725565,108.4349488,1.25,1.25,2,1,0.430111977,0.629489601,0.209890693,0.468818775,0.58951968,0.248123229,0.038706798,-0.039969921,0.038232535,828.282772,660.5463619,300.7380975,693.1771618,525.4407517,526.3966199,404.8920962,186.6029387,435.984419,314.4798953,207.205014,146.4497588,70.81470595,168.8583232,108.103068,2136.958652,2016.112498,838.764076,1930.499403,1809.653249,2416.768623,2248.024366,929.6279164,2166.872965,1998.128708,2811.378466,2592.392796,1079.786209,2505.916578,2286.930907,293.9444696,320.6251605,367.3316724,308.5190296,343.6565975,400.9375748,236.3005769,265.3461584,311.5169613,120.8461545,168.7442565,218.9856705
"192",192,192,2020,90.7713383152958,"Freirina",100,-71.09282301,-28.501042,83,1.532725565,108.4349488,1.25,1.25,2,1,0.472454122,0.652459025,0.229583576,0.53231661,0.649726331,0.283595562,0.059862488,-0.002732694,0.054011986,828.282772,660.5463619,300.7380975,693.1771618,525.4407517,526.3966199,404.8920962,186.6029387,435.984419,314.4798953,207.205014,146.4497588,70.81470595,168.8583232,108.103068,2136.958652,2016.112498,838.764076,1930.499403,1809.653249,2416.768623,2248.024366,929.6279164,2166.872965,1998.128708,2811.378466,2592.392796,1079.786209,2505.916578,2286.930907,293.9444696,320.6251605,367.3316724,308.5190296,343.6565975,400.9375748,236.3005769,265.3461584,311.5169613,120.8461545,168.7442565,218.9856705
"193",193,193,2020,86.5123129957983,"Freirina",100,-71.09279077,-28.50096128,82,1.747450997,56.30993247,0.875,0.125,2,1,0.48509934,0.671169102,0.237055019,0.556022417,0.673192799,0.303207755,0.070923077,0.002023697,0.066152737,828.282772,660.5463619,300.7380975,693.1771618,525.4407517,526.3966199,404.8920962,186.6029387,435.984419,314.4798953,207.205014,146.4497588,70.81470595,168.8583232,108.103068,2136.958652,2016.112498,838.764076,1930.499403,1809.653249,2416.768623,2248.024366,929.6279164,2166.872965,1998.128708,2811.378466,2592.392796,1079.786209,2505.916578,2286.930907,293.9444696,320.6251605,367.3316724,308.5190296,343.6565975,400.9375748,236.3005769,265.3461584,311.5169613,120.8461545,168.7442565,218.9856705
"194",194,194,2020,85.0654961254464,"Freirina",100,-71.09276839,-28.50086237,82,1.747450997,56.30993247,0.875,0.125,2,1,0.516839923,0.679558039,0.251789331,0.566289146,0.668559253,0.318670332,0.049449223,-0.010998785,0.066881001,828.282772,660.5463619,300.7380975,693.1771618,525.4407517,526.3966199,404.8920962,186.6029387,435.984419,314.4798953,207.205014,146.4497588,70.81470595,168.8583232,108.103068,2136.958652,2016.112498,838.764076,1930.499403,1809.653249,2416.768623,2248.024366,929.6279164,2166.872965,1998.128708,2811.378466,2592.392796,1079.786209,2505.916578,2286.930907,293.9444696,320.6251605,367.3316724,308.5190296,343.6565975,400.9375748,236.3005769,265.3461584,311.5169613,120.8461545,168.7442565,218.9856705
"195",195,195,2020,81.5660412437562,"Freirina",100,-71.09274601,-28.50076346,82,0.484794463,3.69e-13,0.75,0.5,3,32,0.530125682,0.699566722,0.251060605,0.549768084,0.672055423,0.296232194,0.019642402,-0.027511299,0.045171589,828.282772,660.5463619,300.7380975,693.1771618,525.4407517,526.3966199,404.8920962,186.6029387,435.984419,314.4798953,207.205014,146.4497588,70.81470595,168.8583232,108.103068,2136.958652,2016.112498,838.764076,1930.499403,1809.653249,2416.768623,2248.024366,929.6279164,2166.872965,1998.128708,2811.378466,2592.392796,1079.786209,2505.916578,2286.930907,293.9444696,320.6251605,367.3316724,308.5190296,343.6565975,400.9375748,236.3005769,265.3461584,311.5169613,120.8461545,168.7442565,218.9856705
"196",196,196,2020,86.4376663467642,"Freirina",100,-71.09271359,-28.50067373,82,0.484794463,3.69e-13,0.75,0.5,3,32,0.54032258,0.690265477,0.268716574,0.583303343,0.67236793,0.3125723,0.042980763,-0.017897546,0.043855727,828.282772,660.5463619,300.7380975,693.1771618,525.4407517,526.3966199,404.8920962,186.6029387,435.984419,314.4798953,207.205014,146.4497588,70.81470595,168.8583232,108.103068,2136.958652,2016.112498,838.764076,1930.499403,1809.653249,2416.768623,2248.024366,929.6279164,2166.872965,1998.128708,2811.378466,2592.392796,1079.786209,2505.916578,2286.930907,293.9444696,320.6251605,367.3316724,308.5190296,343.6565975,400.9375748,236.3005769,265.3461584,311.5169613,120.8461545,168.7442565,218.9856705
"197",197,197,2020,80.5828808943834,"Freirina",100,-71.09269139,-28.50058384,81,2.084309673,125.5376778,1,-0.25,3,2,0.505220882,0.662084222,0.251935899,0.592005522,0.689831734,0.326119989,0.08678464,0.027747512,0.07418409,828.282772,660.5463619,300.7380975,693.1771618,525.4407517,526.3966199,404.8920962,186.6029387,435.984419,314.4798953,207.205014,146.4497588,70.81470595,168.8583232,108.103068,2136.958652,2016.112498,838.764076,1930.499403,1809.653249,2416.768623,2248.024366,929.6279164,2166.872965,1998.128708,2811.378466,2592.392796,1079.786209,2505.916578,2286.930907,293.9444696,320.6251605,367.3316724,308.5190296,343.6565975,400.9375748,236.3005769,265.3461584,311.5169613,120.8461545,168.7442565,218.9856705
"198",198,198,2020,82.466540112306,"Freirina",100,-71.09265916,-28.50050312,82,1.532725565,161.5650512,0.5,0.25,3,2,0.496088936,0.659360707,0.243303284,0.558853968,0.666420639,0.30752182,0.062765032,0.007059932,0.064218536,828.282772,660.5463619,300.7380975,693.1771618,525.4407517,526.3966199,404.8920962,186.6029387,435.984419,314.4798953,207.205014,146.4497588,70.81470595,168.8583232,108.103068,2136.958652,2016.112498,838.764076,1930.499403,1809.653249,2416.768623,2248.024366,929.6279164,2166.872965,1998.128708,2811.378466,2592.392796,1079.786209,2505.916578,2286.930907,293.9444696,320.6251605,367.3316724,308.5190296,343.6565975,400.9375748,236.3005769,265.3461584,311.5169613,120.8461545,168.7442565,218.9856705
"199",199,199,2020,82.306393952381,"Freirina",100,-71.09263713,-28.50042225,82,1.532725565,161.5650512,0.5,0.25,3,2,0.506565865,0.671523154,0.254159451,0.544357711,0.663608611,0.294320792,0.037791846,-0.007914543,0.040161341,828.282772,660.5463619,300.7380975,693.1771618,525.4407517,526.3966199,404.8920962,186.6029387,435.984419,314.4798953,207.205014,146.4497588,70.81470595,168.8583232,108.103068,2136.958652,2016.112498,838.764076,1930.499403,1809.653249,2416.768623,2248.024366,929.6279164,2166.872965,1998.128708,2811.378466,2592.392796,1079.786209,2505.916578,2286.930907,293.9444696,320.6251605,367.3316724,308.5190296,343.6565975,400.9375748,236.3005769,265.3461584,311.5169613,120.8461545,168.7442565,218.9856705
"200",200,200,2020,87.5587408394384,"Freirina",100,-71.09260436,-28.50031448,82,1.532725565,161.5650512,0.5,0.25,3,2,0.474636266,0.651255012,0.240023866,0.534161465,0.635761559,0.29399845,0.059525199,-0.015493453,0.053974584,828.282772,660.5463619,300.7380975,693.1771618,525.4407517,526.3966199,404.8920962,186.6029387,435.984419,314.4798953,207.205014,146.4497588,70.81470595,168.8583232,108.103068,2136.958652,2016.112498,838.764076,1930.499403,1809.653249,2416.768623,2248.024366,929.6279164,2166.872965,1998.128708,2811.378466,2592.392796,1079.786209,2505.916578,2286.930907,293.9444696,320.6251605,367.3316724,308.5190296,343.6565975,400.9375748,236.3005769,265.3461584,311.5169613,120.8461545,168.7442565,218.9856705
"201",201,201,2020,85.1658275118382,"Freirina",100,-71.09258233,-28.50023361,83,0.342805543,315,1.125,1.125,2,32,0.435607597,0.633440495,0.216463819,0.498127322,0.628423393,0.276489854,0.062519725,-0.005017102,0.060026035,828.282772,660.5463619,300.7380975,693.1771618,525.4407517,526.3966199,404.8920962,186.6029387,435.984419,314.4798953,207.205014,146.4497588,70.81470595,168.8583232,108.103068,2136.958652,2016.112498,838.764076,1930.499403,1809.653249,2416.768623,2248.024366,929.6279164,2166.872965,1998.128708,2811.378466,2592.392796,1079.786209,2505.916578,2286.930907,293.9444696,320.6251605,367.3316724,308.5190296,343.6565975,400.9375748,236.3005769,265.3461584,311.5169613,120.8461545,168.7442565,218.9856705
"202",202,202,2020,84.8941169428504,"Freirina",100,-71.0925295,-28.50014419,83,0.342805543,315,1.125,1.125,2,32,0.382924768,0.561068714,0.184496328,0.469796319,0.600751877,0.258515894,0.086871551,0.039683163,0.074019566,828.282772,660.5463619,300.7380975,693.1771618,525.4407517,526.3966199,404.8920962,186.6029387,435.984419,314.4798953,207.205014,146.4497588,70.81470595,168.8583232,108.103068,2136.958652,2016.112498,838.764076,1930.499403,1809.653249,2416.768623,2248.024366,929.6279164,2166.872965,1998.128708,2811.378466,2592.392796,1079.786209,2505.916578,2286.930907,293.9444696,320.6251605,367.3316724,308.5190296,343.6565975,400.9375748,236.3005769,265.3461584,311.5169613,120.8461545,168.7442565,218.9856705
"203",203,203,2020,85.4799341535437,"Freirina",100,-71.09242756,-28.50015478,83,0.342805543,315,1.125,1.125,2,32,0.411206887,0.616790116,0.195491806,0.487090023,0.610733211,0.266209006,0.075883136,-0.006056905,0.070717201,828.282772,660.5463619,300.7380975,693.1771618,525.4407517,526.3966199,404.8920962,186.6029387,435.984419,314.4798953,207.205014,146.4497588,70.81470595,168.8583232,108.103068,2136.958652,2016.112498,838.764076,1930.499403,1809.653249,2416.768623,2248.024366,929.6279164,2166.872965,1998.128708,2811.378466,2592.392796,1079.786209,2505.916578,2286.930907,293.9444696,320.6251605,367.3316724,308.5190296,343.6565975,400.9375748,236.3005769,265.3461584,311.5169613,120.8461545,168.7442565,218.9856705
"204",204,204,2020,89.8483481785713,"Freirina",100,-71.09249061,-28.50024404,82,1.532725565,161.5650512,0.5,0.25,3,2,0.416528898,0.633937061,0.203773573,0.530006724,0.635315359,0.296008021,0.113477826,0.001378298,0.092234448,828.282772,660.5463619,300.7380975,693.1771618,525.4407517,526.3966199,404.8920962,186.6029387,435.984419,314.4798953,207.205014,146.4497588,70.81470595,168.8583232,108.103068,2136.958652,2016.112498,838.764076,1930.499403,1809.653249,2416.768623,2248.024366,929.6279164,2166.872965,1998.128708,2811.378466,2592.392796,1079.786209,2505.916578,2286.930907,293.9444696,320.6251605,367.3316724,308.5190296,343.6565975,400.9375748,236.3005769,265.3461584,311.5169613,120.8461545,168.7442565,218.9856705
"205",205,205,2020,85.1202063253969,"Freirina",100,-71.09252302,-28.50033378,82,1.532725565,161.5650512,0.5,0.25,3,2,0.441679609,0.624178708,0.225039601,0.547849274,0.644349992,0.308100998,0.106169665,0.020171285,0.083061397,828.282772,660.5463619,300.7380975,693.1771618,525.4407517,526.3966199,404.8920962,186.6029387,435.984419,314.4798953,207.205014,146.4497588,70.81470595,168.8583232,108.103068,2136.958652,2016.112498,838.764076,1930.499403,1809.653249,2416.768623,2248.024366,929.6279164,2166.872965,1998.128708,2811.378466,2592.392796,1079.786209,2505.916578,2286.930907,293.9444696,320.6251605,367.3316724,308.5190296,343.6565975,400.9375748,236.3005769,265.3461584,311.5169613,120.8461545,168.7442565,218.9856705
"206",206,206,2020,88.2578713522589,"Freirina",100,-71.09255544,-28.50042351,82,1.532725565,161.5650512,0.5,0.25,3,2,0.48854336,0.690520406,0.240596443,0.555632112,0.667035818,0.306149572,0.067088752,-0.023484588,0.065553129,828.282772,660.5463619,300.7380975,693.1771618,525.4407517,526.3966199,404.8920962,186.6029387,435.984419,314.4798953,207.205014,146.4497588,70.81470595,168.8583232,108.103068,2136.958652,2016.112498,838.764076,1930.499403,1809.653249,2416.768623,2248.024366,929.6279164,2166.872965,1998.128708,2811.378466,2592.392796,1079.786209,2505.916578,2286.930907,293.9444696,320.6251605,367.3316724,308.5190296,343.6565975,400.9375748,236.3005769,265.3461584,311.5169613,120.8461545,168.7442565,218.9856705
"207",207,207,2020,87.8089069166667,"Freirina",100,-71.09256761,-28.50052258,81,2.084309673,125.5376778,1,-0.25,3,2,0.429358542,0.608503103,0.217013672,0.524442958,0.628419161,0.295428991,0.095084416,0.019916058,0.078415319,828.282772,660.5463619,300.7380975,693.1771618,525.4407517,526.3966199,404.8920962,186.6029387,435.984419,314.4798953,207.205014,146.4497588,70.81470595,168.8583232,108.103068,2136.958652,2016.112498,838.764076,1930.499403,1809.653249,2416.768623,2248.024366,929.6279164,2166.872965,1998.128708,2811.378466,2592.392796,1079.786209,2505.916578,2286.930907,293.9444696,320.6251605,367.3316724,308.5190296,343.6565975,400.9375748,236.3005769,265.3461584,311.5169613,120.8461545,168.7442565,218.9856705
"208",208,208,2020,83.0212783412699,"Freirina",100,-71.09257924,-28.50059459,81,2.084309673,125.5376778,1,-0.25,3,2,0.473049083,0.632634878,0.23563987,0.540960951,0.657249093,0.297415435,0.067911868,0.024614215,0.061775565,828.282772,660.5463619,300.7380975,693.1771618,525.4407517,526.3966199,404.8920962,186.6029387,435.984419,314.4798953,207.205014,146.4497588,70.81470595,168.8583232,108.103068,2136.958652,2016.112498,838.764076,1930.499403,1809.653249,2416.768623,2248.024366,929.6279164,2166.872965,1998.128708,2811.378466,2592.392796,1079.786209,2505.916578,2286.930907,293.9444696,320.6251605,367.3316724,308.5190296,343.6565975,400.9375748,236.3005769,265.3461584,311.5169613,120.8461545,168.7442565,218.9856705
"209",209,209,2020,83.0459031428571,"Freirina",100,-71.09261237,-28.5007204,81,2.084309673,125.5376778,1,-0.25,3,2,0.497652601,0.666521609,0.252514571,0.549537179,0.656284332,0.30371353,0.051884578,-0.010237277,0.051198959,828.282772,660.5463619,300.7380975,693.1771618,525.4407517,526.3966199,404.8920962,186.6029387,435.984419,314.4798953,207.205014,146.4497588,70.81470595,168.8583232,108.103068,2136.958652,2016.112498,838.764076,1930.499403,1809.653249,2416.768623,2248.024366,929.6279164,2166.872965,1998.128708,2811.378466,2592.392796,1079.786209,2505.916578,2286.930907,293.9444696,320.6251605,367.3316724,308.5190296,343.6565975,400.9375748,236.3005769,265.3461584,311.5169613,120.8461545,168.7442565,218.9856705
"210",210,210,2020,85.4511811666667,"Freirina",100,-71.09266663,-28.50088199,81,3.15734881,94.39870535,1.25,0.25,5,2,0.520098431,0.677682221,0.25571388,0.568509199,0.670353234,0.31878522,0.048410768,-0.007328987,0.06307134,828.282772,660.5463619,300.7380975,693.1771618,525.4407517,526.3966199,404.8920962,186.6029387,435.984419,314.4798953,207.205014,146.4497588,70.81470595,168.8583232,108.103068,2136.958652,2016.112498,838.764076,1930.499403,1809.653249,2416.768623,2248.024366,929.6279164,2166.872965,1998.128708,2811.378466,2592.392796,1079.786209,2505.916578,2286.930907,293.9444696,320.6251605,367.3316724,308.5190296,343.6565975,400.9375748,236.3005769,265.3461584,311.5169613,120.8461545,168.7442565,218.9856705
"211",211,211,2020,91.3731440476191,"Freirina",100,-71.09269923,-28.50098074,82,1.747450997,56.30993247,0.875,0.125,2,1,0.505991496,0.667808235,0.258797944,0.59512837,0.676236629,0.337397367,0.089136874,0.008428395,0.078599423,828.282772,660.5463619,300.7380975,693.1771618,525.4407517,526.3966199,404.8920962,186.6029387,435.984419,314.4798953,207.205014,146.4497588,70.81470595,168.8583232,108.103068,2136.958652,2016.112498,838.764076,1930.499403,1809.653249,2416.768623,2248.024366,929.6279164,2166.872965,1998.128708,2811.378466,2592.392796,1079.786209,2505.916578,2286.930907,293.9444696,320.6251605,367.3316724,308.5190296,343.6565975,400.9375748,236.3005769,265.3461584,311.5169613,120.8461545,168.7442565,218.9856705
"212",212,212,2020,86.072341047619,"Freirina",100,-71.09272089,-28.50104357,83,1.532725565,108.4349488,1.25,1.25,2,1,0.450964624,0.621743023,0.224759609,0.544914146,0.66358465,0.308295965,0.093949522,0.041841626,0.083536357,828.282772,660.5463619,300.7380975,693.1771618,525.4407517,526.3966199,404.8920962,186.6029387,435.984419,314.4798953,207.205014,146.4497588,70.81470595,168.8583232,108.103068,2136.958652,2016.112498,838.764076,1930.499403,1809.653249,2416.768623,2248.024366,929.6279164,2166.872965,1998.128708,2811.378466,2592.392796,1079.786209,2505.916578,2286.930907,293.9444696,320.6251605,367.3316724,308.5190296,343.6565975,400.9375748,236.3005769,265.3461584,311.5169613,120.8461545,168.7442565,218.9856705
"213",213,213,2020,91.2894526428572,"Freirina",100,-71.09260768,-28.5010002,81,3.15734881,94.39870535,1.25,0.25,5,2,0.460343416,0.649122834,0.226833194,0.58216124,0.681983948,0.32160455,0.121817824,0.032861114,0.094771355,828.282772,660.5463619,300.7380975,693.1771618,525.4407517,526.3966199,404.8920962,186.6029387,435.984419,314.4798953,207.205014,146.4497588,70.81470595,168.8583232,108.103068,2136.958652,2016.112498,838.764076,1930.499403,1809.653249,2416.768623,2248.024366,929.6279164,2166.872965,1998.128708,2811.378466,2592.392796,1079.786209,2505.916578,2286.930907,293.9444696,320.6251605,367.3316724,308.5190296,343.6565975,400.9375748,236.3005769,265.3461584,311.5169613,120.8461545,168.7442565,218.9856705
"214",214,214,2020,82.148342,"Freirina",100,-71.09258548,-28.50091031,81,3.15734881,94.39870535,1.25,0.25,5,2,0.505042039,0.665271997,0.244308963,0.606428348,0.701876283,0.344576985,0.101386309,0.036604285,0.100268021,828.282772,660.5463619,300.7380975,693.1771618,525.4407517,526.3966199,404.8920962,186.6029387,435.984419,314.4798953,207.205014,146.4497588,70.81470595,168.8583232,108.103068,2136.958652,2016.112498,838.764076,1930.499403,1809.653249,2416.768623,2248.024366,929.6279164,2166.872965,1998.128708,2811.378466,2592.392796,1079.786209,2505.916578,2286.930907,293.9444696,320.6251605,367.3316724,308.5190296,343.6565975,400.9375748,236.3005769,265.3461584,311.5169613,120.8461545,168.7442565,218.9856705
"215",215,215,2020,88.3139310476191,"Freirina",100,-71.09255271,-28.50080253,81,3.15734881,94.39870535,1.25,0.25,5,2,0.528769419,0.684405386,0.255859643,0.562608991,0.67601949,0.30755052,0.033839572,-0.008385897,0.051690876,828.282772,660.5463619,300.7380975,693.1771618,525.4407517,526.3966199,404.8920962,186.6029387,435.984419,314.4798953,207.205014,146.4497588,70.81470595,168.8583232,108.103068,2136.958652,2016.112498,838.764076,1930.499403,1809.653249,2416.768623,2248.024366,929.6279164,2166.872965,1998.128708,2811.378466,2592.392796,1079.786209,2505.916578,2286.930907,293.9444696,320.6251605,367.3316724,308.5190296,343.6565975,400.9375748,236.3005769,265.3461584,311.5169613,120.8461545,168.7442565,218.9856705
"216",216,216,2020,81.5082264999999,"Freirina",100,-71.09253068,-28.50072166,81,2.084309673,125.5376778,1,-0.25,3,2,0.486578448,0.652100861,0.252517998,0.548520292,0.661742985,0.302428514,0.061941844,0.009642124,0.049910516,828.282772,660.5463619,300.7380975,693.1771618,525.4407517,526.3966199,404.8920962,186.6029387,435.984419,314.4798953,207.205014,146.4497588,70.81470595,168.8583232,108.103068,2136.958652,2016.112498,838.764076,1930.499403,1809.653249,2416.768623,2248.024366,929.6279164,2166.872965,1998.128708,2811.378466,2592.392796,1079.786209,2505.916578,2286.930907,293.9444696,320.6251605,367.3316724,308.5190296,343.6565975,400.9375748,236.3005769,265.3461584,311.5169613,120.8461545,168.7442565,218.9856705
"217",217,217,2020,88.2433338095238,"Freirina",100,-71.09248752,-28.50060502,81,2.084309673,125.5376778,1,-0.25,3,2,0.430992743,0.596578181,0.214228407,0.519803737,0.627627611,0.283267558,0.088810994,0.03104943,0.069039151,828.282772,660.5463619,300.7380975,693.1771618,525.4407517,526.3966199,404.8920962,186.6029387,435.984419,314.4798953,207.205014,146.4497588,70.81470595,168.8583232,108.103068,2136.958652,2016.112498,838.764076,1930.499403,1809.653249,2416.768623,2248.024366,929.6279164,2166.872965,1998.128708,2811.378466,2592.392796,1079.786209,2505.916578,2286.930907,293.9444696,320.6251605,367.3316724,308.5190296,343.6565975,400.9375748,236.3005769,265.3461584,311.5169613,120.8461545,168.7442565,218.9856705
"218",218,218,2020,88.3276159090909,"Freirina",100,-71.09246532,-28.50051513,81,2.084309673,125.5376778,1,-0.25,3,2,0.381169305,0.58518517,0.197275341,0.523936191,0.646551728,0.295204818,0.142766886,0.061366558,0.097929478,828.282772,660.5463619,300.7380975,693.1771618,525.4407517,526.3966199,404.8920962,186.6029387,435.984419,314.4798953,207.205014,146.4497588,70.81470595,168.8583232,108.103068,2136.958652,2016.112498,838.764076,1930.499403,1809.653249,2416.768623,2248.024366,929.6279164,2166.872965,1998.128708,2811.378466,2592.392796,1079.786209,2505.916578,2286.930907,293.9444696,320.6251605,367.3316724,308.5190296,343.6565975,400.9375748,236.3005769,265.3461584,311.5169613,120.8461545,168.7442565,218.9856705
"219",219,219,2020,88.3986628015874,"Freirina",100,-71.09245333,-28.50042508,82,1.532725565,161.5650512,0.5,0.25,3,2,0.406050921,0.620183527,0.203674108,0.568068889,0.67102015,0.320800602,0.162017968,0.050836623,0.117126495,828.282772,660.5463619,300.7380975,693.1771618,525.4407517,526.3966199,404.8920962,186.6029387,435.984419,314.4798953,207.205014,146.4497588,70.81470595,168.8583232,108.103068,2136.958652,2016.112498,838.764076,1930.499403,1809.653249,2416.768623,2248.024366,929.6279164,2166.872965,1998.128708,2811.378466,2592.392796,1079.786209,2505.916578,2286.930907,293.9444696,320.6251605,367.3316724,308.5190296,343.6565975,400.9375748,236.3005769,265.3461584,311.5169613,120.8461545,168.7442565,218.9856705
"220",220,220,2020,88.7427337679739,"Freirina",100,-71.09242127,-28.50035339,82,1.532725565,161.5650512,0.5,0.25,3,2,0.471194183,0.655646205,0.243078336,0.560621081,0.654641032,0.317117244,0.089426898,-0.001005173,0.074038908,828.282772,660.5463619,300.7380975,693.1771618,525.4407517,526.3966199,404.8920962,186.6029387,435.984419,314.4798953,207.205014,146.4497588,70.81470595,168.8583232,108.103068,2136.958652,2016.112498,838.764076,1930.499403,1809.653249,2416.768623,2248.024366,929.6279164,2166.872965,1998.128708,2811.378466,2592.392796,1079.786209,2505.916578,2286.930907,293.9444696,320.6251605,367.3316724,308.5190296,343.6565975,400.9375748,236.3005769,265.3461584,311.5169613,120.8461545,168.7442565,218.9856705
"221",221,221,2020,88.9717591854258,"Freirina",100,-71.09239906,-28.5002635,82,1.532725565,161.5650512,0.5,0.25,3,2,0.435697571,0.640979946,0.221649483,0.567689814,0.648657799,0.325571328,0.131992243,0.007677853,0.103921846,828.282772,660.5463619,300.7380975,693.1771618,525.4407517,526.3966199,404.8920962,186.6029387,435.984419,314.4798953,207.205014,146.4497588,70.81470595,168.8583232,108.103068,2136.958652,2016.112498,838.764076,1930.499403,1809.653249,2416.768623,2248.024366,929.6279164,2166.872965,1998.128708,2811.378466,2592.392796,1079.786209,2505.916578,2286.930907,293.9444696,320.6251605,367.3316724,308.5190296,343.6565975,400.9375748,236.3005769,265.3461584,311.5169613,120.8461545,168.7442565,218.9856705
"222",222,222,2020,98.7813285897436,"Freirina",100,-71.0923258,-28.50017439,82,0.766499914,108.4349488,0.25,0,2,2,0.383162245,0.579737365,0.188231349,0.487525289,0.605531275,0.272282183,0.104363044,0.02579391,0.084050834,828.282772,660.5463619,300.7380975,693.1771618,525.4407517,526.3966199,404.8920962,186.6029387,435.984419,314.4798953,207.205014,146.4497588,70.81470595,168.8583232,108.103068,2136.958652,2016.112498,838.764076,1930.499403,1809.653249,2416.768623,2248.024366,929.6279164,2166.872965,1998.128708,2811.378466,2592.392796,1079.786209,2505.916578,2286.930907,293.9444696,320.6251605,367.3316724,308.5190296,343.6565975,400.9375748,236.3005769,265.3461584,311.5169613,120.8461545,168.7442565,218.9856705
"223",223,223,2020,97.3189688095239,"Freirina",100,-71.09224465,-28.50020271,82,0.766499914,108.4349488,0.25,0,2,2,0.383162245,0.579737365,0.188231349,0.487525289,0.605531275,0.272282183,0.104363044,0.02579391,0.084050834,828.282772,660.5463619,300.7380975,693.1771618,525.4407517,526.3966199,404.8920962,186.6029387,435.984419,314.4798953,207.205014,146.4497588,70.81470595,168.8583232,108.103068,2136.958652,2016.112498,838.764076,1930.499403,1809.653249,2416.768623,2248.024366,929.6279164,2166.872965,1998.128708,2811.378466,2592.392796,1079.786209,2505.916578,2286.930907,293.9444696,320.6251605,367.3316724,308.5190296,343.6565975,400.9375748,236.3005769,265.3461584,311.5169613,120.8461545,168.7442565,218.9856705
"224",224,224,2020,87.0314609761905,"Freirina",100,-71.09226685,-28.5002926,82,2.167084517,153.4349488,0.875,0.625,3,4,0.45461752,0.615316927,0.228698671,0.518791952,0.623968422,0.290601522,0.064174432,0.008651495,0.061902851,828.282772,660.5463619,300.7380975,693.1771618,525.4407517,526.3966199,404.8920962,186.6029387,435.984419,314.4798953,207.205014,146.4497588,70.81470595,168.8583232,108.103068,2136.958652,2016.112498,838.764076,1930.499403,1809.653249,2416.768623,2248.024366,929.6279164,2166.872965,1998.128708,2811.378466,2592.392796,1079.786209,2505.916578,2286.930907,293.9444696,320.6251605,367.3316724,308.5190296,343.6565975,400.9375748,236.3005769,265.3461584,311.5169613,120.8461545,168.7442565,218.9856705
"225",225,225,2020,80.8008466263736,"Freirina",100,-71.09228888,-28.50037347,82,2.167084517,153.4349488,0.875,0.625,3,4,0.50808312,0.644836307,0.260594875,0.556742327,0.663338125,0.312906444,0.048659207,0.018501818,0.052311569,828.282772,660.5463619,300.7380975,693.1771618,525.4407517,526.3966199,404.8920962,186.6029387,435.984419,314.4798953,207.205014,146.4497588,70.81470595,168.8583232,108.103068,2136.958652,2016.112498,838.764076,1930.499403,1809.653249,2416.768623,2248.024366,929.6279164,2166.872965,1998.128708,2811.378466,2592.392796,1079.786209,2505.916578,2286.930907,293.9444696,320.6251605,367.3316724,308.5190296,343.6565975,400.9375748,236.3005769,265.3461584,311.5169613,120.8461545,168.7442565,218.9856705
"226",226,226,2020,83.9684296183758,"Freirina",100,-71.09232076,-28.50043615,82,2.167084517,153.4349488,0.875,0.625,3,4,0.531211264,0.667717278,0.259805918,0.545389534,0.656070471,0.293536782,0.01417827,-0.011646807,0.033730865,828.282772,660.5463619,300.7380975,693.1771618,525.4407517,526.3966199,404.8920962,186.6029387,435.984419,314.4798953,207.205014,146.4497588,70.81470595,168.8583232,108.103068,2136.958652,2016.112498,838.764076,1930.499403,1809.653249,2416.768623,2248.024366,929.6279164,2166.872965,1998.128708,2811.378466,2592.392796,1079.786209,2505.916578,2286.930907,293.9444696,320.6251605,367.3316724,308.5190296,343.6565975,400.9375748,236.3005769,265.3461584,311.5169613,120.8461545,168.7442565,218.9856705
"227",227,227,2020,86.378861040404,"Freirina",100,-71.09234296,-28.50052604,80,3.15734881,147.5288077,1.375,-0.375,5,2,0.468181802,0.637515843,0.242670149,0.540475389,0.652623773,0.297798306,0.072293587,0.01510793,0.055128157,828.282772,660.5463619,300.7380975,693.1771618,525.4407517,526.3966199,404.8920962,186.6029387,435.984419,314.4798953,207.205014,146.4497588,70.81470595,168.8583232,108.103068,2136.958652,2016.112498,838.764076,1930.499403,1809.653249,2416.768623,2248.024366,929.6279164,2166.872965,1998.128708,2811.378466,2592.392796,1079.786209,2505.916578,2286.930907,293.9444696,320.6251605,367.3316724,308.5190296,343.6565975,400.9375748,236.3005769,265.3461584,311.5169613,120.8461545,168.7442565,218.9856705
"228",228,228,2020,78.609198,"Freirina",100,-71.09236498,-28.50060691,80,3.15734881,147.5288077,1.375,-0.375,5,2,0.516889238,0.669693112,0.261595547,0.55586789,0.663410962,0.30244711,0.038978652,-0.006282151,0.040851563,828.282772,660.5463619,300.7380975,693.1771618,525.4407517,526.3966199,404.8920962,186.6029387,435.984419,314.4798953,207.205014,146.4497588,70.81470595,168.8583232,108.103068,2136.958652,2016.112498,838.764076,1930.499403,1809.653249,2416.768623,2248.024366,929.6279164,2166.872965,1998.128708,2811.378466,2592.392796,1079.786209,2505.916578,2286.930907,293.9444696,320.6251605,367.3316724,308.5190296,343.6565975,400.9375748,236.3005769,265.3461584,311.5169613,120.8461545,168.7442565,218.9856705
"229",229,229,2020,90.4500893711844,"Freirina",100,-71.09241835,-28.50072339,81,2.084309673,125.5376778,1,-0.25,3,2,0.489156592,0.66726619,0.243925214,0.519667165,0.647396445,0.26962322,0.030510573,-0.019869745,0.025698006,828.282772,660.5463619,300.7380975,693.1771618,525.4407517,526.3966199,404.8920962,186.6029387,435.984419,314.4798953,207.205014,146.4497588,70.81470595,168.8583232,108.103068,2136.958652,2016.112498,838.764076,1930.499403,1809.653249,2416.768623,2248.024366,929.6279164,2166.872965,1998.128708,2811.378466,2592.392796,1079.786209,2505.916578,2286.930907,293.9444696,320.6251605,367.3316724,308.5190296,343.6565975,400.9375748,236.3005769,265.3461584,311.5169613,120.8461545,168.7442565,218.9856705
"230",230,230,2020,87.2335195606061,"Freirina",100,-71.09245077,-28.50081313,81,3.15734881,94.39870535,1.25,0.25,5,2,0.487370595,0.667595208,0.238098443,0.56329344,0.66602242,0.30030939,0.075922845,-0.001572788,0.062210947,828.282772,660.5463619,300.7380975,693.1771618,525.4407517,526.3966199,404.8920962,186.6029387,435.984419,314.4798953,207.205014,146.4497588,70.81470595,168.8583232,108.103068,2136.958652,2016.112498,838.764076,1930.499403,1809.653249,2416.768623,2248.024366,929.6279164,2166.872965,1998.128708,2811.378466,2592.392796,1079.786209,2505.916578,2286.930907,293.9444696,320.6251605,367.3316724,308.5190296,343.6565975,400.9375748,236.3005769,265.3461584,311.5169613,120.8461545,168.7442565,218.9856705
"231",231,231,2020,91.7516604285715,"Freirina",100,-71.09247351,-28.50093008,81,3.15734881,94.39870535,1.25,0.25,5,2,0.441163879,0.636540353,0.210780978,0.544604322,0.655358493,0.291902304,0.103440443,0.01881814,0.081121325,828.282772,660.5463619,300.7380975,693.1771618,525.4407517,526.3966199,404.8920962,186.6029387,435.984419,314.4798953,207.205014,146.4497588,70.81470595,168.8583232,108.103068,2136.958652,2016.112498,838.764076,1930.499403,1809.653249,2416.768623,2248.024366,929.6279164,2166.872965,1998.128708,2811.378466,2592.392796,1079.786209,2505.916578,2286.930907,293.9444696,320.6251605,367.3316724,308.5190296,343.6565975,400.9375748,236.3005769,265.3461584,311.5169613,120.8461545,168.7442565,218.9856705
"232",232,232,2020,81.364212063492,"Freirina",100,-71.09223099,-28.50054581,80,3.15734881,147.5288077,1.375,-0.375,5,2,0.550176053,0.69001919,0.257838279,0.539181303,0.649811983,0.274223417,-0.01099475,-0.040207207,0.016385138,828.282772,660.5463619,300.7380975,693.1771618,525.4407517,526.3966199,404.8920962,186.6029387,435.984419,314.4798953,207.205014,146.4497588,70.81470595,168.8583232,108.103068,2136.958652,2016.112498,838.764076,1930.499403,1809.653249,2416.768623,2248.024366,929.6279164,2166.872965,1998.128708,2811.378466,2592.392796,1079.786209,2505.916578,2286.930907,293.9444696,320.6251605,367.3316724,308.5190296,343.6565975,400.9375748,236.3005769,265.3461584,311.5169613,120.8461545,168.7442565,218.9856705
"233",233,233,2020,87.0201312380953,"Freirina",100,-71.09220914,-28.50047396,82,2.167084517,153.4349488,0.875,0.625,3,4,0.552410451,0.697292089,0.258022308,0.531045129,0.650727689,0.272026867,-0.021365322,-0.0465644,0.014004558,828.282772,660.5463619,300.7380975,693.1771618,525.4407517,526.3966199,404.8920962,186.6029387,435.984419,314.4798953,207.205014,146.4497588,70.81470595,168.8583232,108.103068,2136.958652,2016.112498,838.764076,1930.499403,1809.653249,2416.768623,2248.024366,929.6279164,2166.872965,1998.128708,2811.378466,2592.392796,1079.786209,2505.916578,2286.930907,293.9444696,320.6251605,367.3316724,308.5190296,343.6565975,400.9375748,236.3005769,265.3461584,311.5169613,120.8461545,168.7442565,218.9856705
"234",234,234,2020,86.4033041746032,"Freirina",100,-71.09218712,-28.50039309,82,2.167084517,153.4349488,0.875,0.625,3,4,0.552410451,0.697292089,0.258022308,0.531045129,0.650727689,0.272026867,-0.021365322,-0.0465644,0.014004558,828.282772,660.5463619,300.7380975,693.1771618,525.4407517,526.3966199,404.8920962,186.6029387,435.984419,314.4798953,207.205014,146.4497588,70.81470595,168.8583232,108.103068,2136.958652,2016.112498,838.764076,1930.499403,1809.653249,2416.768623,2248.024366,929.6279164,2166.872965,1998.128708,2811.378466,2592.392796,1079.786209,2505.916578,2286.930907,293.9444696,320.6251605,367.3316724,308.5190296,343.6565975,400.9375748,236.3005769,265.3461584,311.5169613,120.8461545,168.7442565,218.9856705
"235",235,235,2020,81.9811683888889,"Freirina",100,-71.09216509,-28.50031222,82,2.167084517,153.4349488,0.875,0.625,3,4,0.514273155,0.681951225,0.241376936,0.529671945,0.659999967,0.279463232,0.01539879,-0.021951258,0.038086295,828.282772,660.5463619,300.7380975,693.1771618,525.4407517,526.3966199,404.8920962,186.6029387,435.984419,314.4798953,207.205014,146.4497588,70.81470595,168.8583232,108.103068,2136.958652,2016.112498,838.764076,1930.499403,1809.653249,2416.768623,2248.024366,929.6279164,2166.872965,1998.128708,2811.378466,2592.392796,1079.786209,2505.916578,2286.930907,293.9444696,320.6251605,367.3316724,308.5190296,343.6565975,400.9375748,236.3005769,265.3461584,311.5169613,120.8461545,168.7442565,218.9856705
"236",236,236,2020,96.9173868650794,"Freirina",100,-71.0921325,-28.50021346,82,0.766499914,108.4349488,0.25,0,2,2,0.487692935,0.657833576,0.237055555,0.4927279,0.640545785,0.26646629,0.005034965,-0.017287791,0.029410735,828.282772,660.5463619,300.7380975,693.1771618,525.4407517,526.3966199,404.8920962,186.6029387,435.984419,314.4798953,207.205014,146.4497588,70.81470595,168.8583232,108.103068,2136.958652,2016.112498,838.764076,1930.499403,1809.653249,2416.768623,2248.024366,929.6279164,2166.872965,1998.128708,2811.378466,2592.392796,1079.786209,2505.916578,2286.930907,293.9444696,320.6251605,367.3316724,308.5190296,343.6565975,400.9375748,236.3005769,265.3461584,311.5169613,120.8461545,168.7442565,218.9856705
"237",237,237,2020,85.6392053535354,"Freirina",100,-71.09207355,-28.50033167,81,2.193979706,186.3401917,1.125,-0.375,3,4,0.511020412,0.672086716,0.25208053,0.497902102,0.613559306,0.271755725,-0.01311831,-0.05852741,0.019675195,828.282772,660.5463619,300.7380975,693.1771618,525.4407517,526.3966199,404.8920962,186.6029387,435.984419,314.4798953,207.205014,146.4497588,70.81470595,168.8583232,108.103068,2136.958652,2016.112498,838.764076,1930.499403,1809.653249,2416.768623,2248.024366,929.6279164,2166.872965,1998.128708,2811.378466,2592.392796,1079.786209,2505.916578,2286.930907,293.9444696,320.6251605,367.3316724,308.5190296,343.6565975,400.9375748,236.3005769,265.3461584,311.5169613,120.8461545,168.7442565,218.9856705
"238",238,238,2020,86.8572249761905,"Freirina",100,-71.09209539,-28.50040352,82,2.167084517,153.4349488,0.875,0.625,3,4,0.550877197,0.683008075,0.258791208,0.499412461,0.632409394,0.253210664,-0.051464736,-0.050598681,-0.005580544,828.282772,660.5463619,300.7380975,693.1771618,525.4407517,526.3966199,404.8920962,186.6029387,435.984419,314.4798953,207.205014,146.4497588,70.81470595,168.8583232,108.103068,2136.958652,2016.112498,838.764076,1930.499403,1809.653249,2416.768623,2248.024366,929.6279164,2166.872965,1998.128708,2811.378466,2592.392796,1079.786209,2505.916578,2286.930907,293.9444696,320.6251605,367.3316724,308.5190296,343.6565975,400.9375748,236.3005769,265.3461584,311.5169613,120.8461545,168.7442565,218.9856705
"239",239,239,2020,86.77422,"Freirina",100,-71.09211706,-28.50046635,82,2.167084517,153.4349488,0.875,0.625,3,4,0.550877197,0.683008075,0.258791208,0.499412461,0.632409394,0.253210664,-0.051464736,-0.050598681,-0.005580544,828.282772,660.5463619,300.7380975,693.1771618,525.4407517,526.3966199,404.8920962,186.6029387,435.984419,314.4798953,207.205014,146.4497588,70.81470595,168.8583232,108.103068,2136.958652,2016.112498,838.764076,1930.499403,1809.653249,2416.768623,2248.024366,929.6279164,2166.872965,1998.128708,2811.378466,2592.392796,1079.786209,2505.916578,2286.930907,293.9444696,320.6251605,367.3316724,308.5190296,343.6565975,400.9375748,236.3005769,265.3461584,311.5169613,120.8461545,168.7442565,218.9856705
"240",240,240,2020,80.7868243333334,"Freirina",100,-71.09213909,-28.50054722,80,3.15734881,147.5288077,1.375,-0.375,5,2,0.550176053,0.69001919,0.257838279,0.539181303,0.649811983,0.274223417,-0.01099475,-0.040207207,0.016385138,828.282772,660.5463619,300.7380975,693.1771618,525.4407517,526.3966199,404.8920962,186.6029387,435.984419,314.4798953,207.205014,146.4497588,70.81470595,168.8583232,108.103068,2136.958652,2016.112498,838.764076,1930.499403,1809.653249,2416.768623,2248.024366,929.6279164,2166.872965,1998.128708,2811.378466,2592.392796,1079.786209,2505.916578,2286.930907,293.9444696,320.6251605,367.3316724,308.5190296,343.6565975,400.9375748,236.3005769,265.3461584,311.5169613,120.8461545,168.7442565,218.9856705
"241",241,241,2020,88.2605264285715,"Freirina",100,-71.09203697,-28.5005488,80,3.90258479,172.8749837,1.5,0.25,5,4,0.539703898,0.683178008,0.249619588,0.501782194,0.639429331,0.252558142,-0.037921704,-0.043748677,0.002938554,828.282772,660.5463619,300.7380975,693.1771618,525.4407517,526.3966199,404.8920962,186.6029387,435.984419,314.4798953,207.205014,146.4497588,70.81470595,168.8583232,108.103068,2136.958652,2016.112498,838.764076,1930.499403,1809.653249,2416.768623,2248.024366,929.6279164,2166.872965,1998.128708,2811.378466,2592.392796,1079.786209,2505.916578,2286.930907,293.9444696,320.6251605,367.3316724,308.5190296,343.6565975,400.9375748,236.3005769,265.3461584,311.5169613,120.8461545,168.7442565,218.9856705
"242",242,242,2020,82.773763534632,"Freirina",100,-71.09202534,-28.50047679,81,2.193979706,186.3401917,1.125,-0.375,3,4,0.578399992,0.694289446,0.289200008,0.52692308,0.647302926,0.270394742,-0.051476912,-0.04698652,-0.018805265,828.282772,660.5463619,300.7380975,693.1771618,525.4407517,526.3966199,404.8920962,186.6029387,435.984419,314.4798953,207.205014,146.4497588,70.81470595,168.8583232,108.103068,2136.958652,2016.112498,838.764076,1930.499403,1809.653249,2416.768623,2248.024366,929.6279164,2166.872965,1998.128708,2811.378466,2592.392796,1079.786209,2505.916578,2286.930907,293.9444696,320.6251605,367.3316724,308.5190296,343.6565975,400.9375748,236.3005769,265.3461584,311.5169613,120.8461545,168.7442565,218.9856705
"243",243,243,2020,82.5628523492064,"Freirina",100,-71.09201352,-28.50039576,81,2.193979706,186.3401917,1.125,-0.375,3,4,0.578399992,0.694289446,0.289200008,0.52692308,0.647302926,0.270394742,-0.051476912,-0.04698652,-0.018805265,828.282772,660.5463619,300.7380975,693.1771618,525.4407517,526.3966199,404.8920962,186.6029387,435.984419,314.4798953,207.205014,146.4497588,70.81470595,168.8583232,108.103068,2136.958652,2016.112498,838.764076,1930.499403,1809.653249,2416.768623,2248.024366,929.6279164,2166.872965,1998.128708,2811.378466,2592.392796,1079.786209,2505.916578,2286.930907,293.9444696,320.6251605,367.3316724,308.5190296,343.6565975,400.9375748,236.3005769,265.3461584,311.5169613,120.8461545,168.7442565,218.9856705
"244",244,244,2020,84.7375479761905,"Freirina",100,-71.09199097,-28.50028783,81,2.193979706,186.3401917,1.125,-0.375,3,4,0.491996636,0.665256262,0.23759155,0.505233773,0.636570573,0.276125103,0.013237137,-0.028685689,0.038533553,828.282772,660.5463619,300.7380975,693.1771618,525.4407517,526.3966199,404.8920962,186.6029387,435.984419,314.4798953,207.205014,146.4497588,70.81470595,168.8583232,108.103068,2136.958652,2016.112498,838.764076,1930.499403,1809.653249,2416.768623,2248.024366,929.6279164,2166.872965,1998.128708,2811.378466,2592.392796,1079.786209,2505.916578,2286.930907,293.9444696,320.6251605,367.3316724,308.5190296,343.6565975,400.9375748,236.3005769,265.3461584,311.5169613,120.8461545,168.7442565,218.9856705
"245",245,245,2020,81.2347015986165,"Freirina",100,-71.09195873,-28.50020712,82,0.685586544,225,0.25,0,2,4,0.400228048,0.590673566,0.206984669,0.487603293,0.617541373,0.275700927,0.087375245,0.026867807,0.068716258,828.282772,660.5463619,300.7380975,693.1771618,525.4407517,526.3966199,404.8920962,186.6029387,435.984419,314.4798953,207.205014,146.4497588,70.81470595,168.8583232,108.103068,2136.958652,2016.112498,838.764076,1930.499403,1809.653249,2416.768623,2248.024366,929.6279164,2166.872965,1998.128708,2811.378466,2592.392796,1079.786209,2505.916578,2286.930907,293.9444696,320.6251605,367.3316724,308.5190296,343.6565975,400.9375748,236.3005769,265.3461584,311.5169613,120.8461545,168.7442565,218.9856705
"246",246,246,2020,76.3677383015873,"Freirina",100,-71.09189889,-28.50028022,81,2.193979706,186.3401917,1.125,-0.375,3,4,0.531950192,0.69513315,0.259514153,0.559077804,0.67039758,0.299382716,0.027127612,-0.02473557,0.039868563,828.282772,660.5463619,300.7380975,693.1771618,525.4407517,526.3966199,404.8920962,186.6029387,435.984419,314.4798953,207.205014,146.4497588,70.81470595,168.8583232,108.103068,2136.958652,2016.112498,838.764076,1930.499403,1809.653249,2416.768623,2248.024366,929.6279164,2166.872965,1998.128708,2811.378466,2592.392796,1079.786209,2505.916578,2286.930907,293.9444696,320.6251605,367.3316724,308.5190296,343.6565975,400.9375748,236.3005769,265.3461584,311.5169613,120.8461545,168.7442565,218.9856705
"247",247,247,2020,79.7574661672772,"Freirina",100,-71.09192073,-28.50035207,81,2.193979706,186.3401917,1.125,-0.375,3,4,0.562013908,0.702811241,0.27670294,0.569131843,0.668693066,0.306385458,0.007117935,-0.034118176,0.029682517,828.282772,660.5463619,300.7380975,693.1771618,525.4407517,526.3966199,404.8920962,186.6029387,435.984419,314.4798953,207.205014,146.4497588,70.81470595,168.8583232,108.103068,2136.958652,2016.112498,838.764076,1930.499403,1809.653249,2416.768623,2248.024366,929.6279164,2166.872965,1998.128708,2811.378466,2592.392796,1079.786209,2505.916578,2286.930907,293.9444696,320.6251605,367.3316724,308.5190296,343.6565975,400.9375748,236.3005769,265.3461584,311.5169613,120.8461545,168.7442565,218.9856705
"248",248,248,2020,80.9647716758242,"Freirina",100,-71.0919123,-28.50044244,81,2.193979706,186.3401917,1.125,-0.375,3,4,0.562787122,0.68887049,0.289674193,0.546134663,0.657121062,0.294543356,-0.016652459,-0.031749427,0.004869163,828.282772,660.5463619,300.7380975,693.1771618,525.4407517,526.3966199,404.8920962,186.6029387,435.984419,314.4798953,207.205014,146.4497588,70.81470595,168.8583232,108.103068,2136.958652,2016.112498,838.764076,1930.499403,1809.653249,2416.768623,2248.024366,929.6279164,2166.872965,1998.128708,2811.378466,2592.392796,1079.786209,2505.916578,2286.930907,293.9444696,320.6251605,367.3316724,308.5190296,343.6565975,400.9375748,236.3005769,265.3461584,311.5169613,120.8461545,168.7442565,218.9856705
"249",249,249,2020,77.0872712590188,"Freirina",100,-71.09184082,-28.50044354,81,2.193979706,186.3401917,1.125,-0.375,3,4,0.562787122,0.68887049,0.289674193,0.546134663,0.657121062,0.294543356,-0.016652459,-0.031749427,0.004869163,828.282772,660.5463619,300.7380975,693.1771618,525.4407517,526.3966199,404.8920962,186.6029387,435.984419,314.4798953,207.205014,146.4497588,70.81470595,168.8583232,108.103068,2136.958652,2016.112498,838.764076,1930.499403,1809.653249,2416.768623,2248.024366,929.6279164,2166.872965,1998.128708,2811.378466,2592.392796,1079.786209,2505.916578,2286.930907,293.9444696,320.6251605,367.3316724,308.5190296,343.6565975,400.9375748,236.3005769,265.3461584,311.5169613,120.8461545,168.7442565,218.9856705
"250",250,250,2020,73.0955898333333,"Freirina",100,-71.09183922,-28.50036235,81,2.193979706,186.3401917,1.125,-0.375,3,4,0.562013908,0.702811241,0.27670294,0.569131843,0.668693066,0.306385458,0.007117935,-0.034118176,0.029682517,828.282772,660.5463619,300.7380975,693.1771618,525.4407517,526.3966199,404.8920962,186.6029387,435.984419,314.4798953,207.205014,146.4497588,70.81470595,168.8583232,108.103068,2136.958652,2016.112498,838.764076,1930.499403,1809.653249,2416.768623,2248.024366,929.6279164,2166.872965,1998.128708,2811.378466,2592.392796,1079.786209,2505.916578,2286.930907,293.9444696,320.6251605,367.3316724,308.5190296,343.6565975,400.9375748,236.3005769,265.3461584,311.5169613,120.8461545,168.7442565,218.9856705
"251",251,251,2020,85.1267339285715,"Freirina",100,-71.09181737,-28.5002905,81,2.193979706,186.3401917,1.125,-0.375,3,4,0.468253964,0.649576485,0.235372335,0.513124783,0.639267623,0.275093168,0.044870819,-0.010308862,0.039720833,828.282772,660.5463619,300.7380975,693.1771618,525.4407517,526.3966199,404.8920962,186.6029387,435.984419,314.4798953,207.205014,146.4497588,70.81470595,168.8583232,108.103068,2136.958652,2016.112498,838.764076,1930.499403,1809.653249,2416.768623,2248.024366,929.6279164,2166.872965,1998.128708,2811.378466,2592.392796,1079.786209,2505.916578,2286.930907,293.9444696,320.6251605,367.3316724,308.5190296,343.6565975,400.9375748,236.3005769,265.3461584,311.5169613,120.8461545,168.7442565,218.9856705
"252",252,252,2020,83.4397714733045,"Freirina",100,-71.09175611,-28.50029144,82,3.15734881,212.4711923,1.25,0.25,4,4,0.468253964,0.649576485,0.235372335,0.513124783,0.639267623,0.275093168,0.044870819,-0.010308862,0.039720833,828.282772,660.5463619,300.7380975,693.1771618,525.4407517,526.3966199,404.8920962,186.6029387,435.984419,314.4798953,207.205014,146.4497588,70.81470595,168.8583232,108.103068,2136.958652,2016.112498,838.764076,1930.499403,1809.653249,2416.768623,2248.024366,929.6279164,2166.872965,1998.128708,2811.378466,2592.392796,1079.786209,2505.916578,2286.930907,293.9444696,320.6251605,367.3316724,308.5190296,343.6565975,400.9375748,236.3005769,265.3461584,311.5169613,120.8461545,168.7442565,218.9856705
"253",253,253,2020,71.9334359084249,"Freirina",100,-71.09175788,-28.50038165,82,3.15734881,212.4711923,1.25,0.25,4,4,0.52901314,0.67362082,0.254517049,0.534431142,0.647909939,0.279197067,0.005418002,-0.025710881,0.024680018,828.282772,660.5463619,300.7380975,693.1771618,525.4407517,526.3966199,404.8920962,186.6029387,435.984419,314.4798953,207.205014,146.4497588,70.81470595,168.8583232,108.103068,2136.958652,2016.112498,838.764076,1930.499403,1809.653249,2416.768623,2248.024366,929.6279164,2166.872965,1998.128708,2811.378466,2592.392796,1079.786209,2505.916578,2286.930907,293.9444696,320.6251605,367.3316724,308.5190296,343.6565975,400.9375748,236.3005769,265.3461584,311.5169613,120.8461545,168.7442565,218.9856705
"254",254,254,2020,83.9844488917749,"Freirina",100,-71.09178959,-28.5004353,81,2.193979706,186.3401917,1.125,-0.375,3,4,0.488631496,0.659493089,0.233051434,0.520249216,0.630743504,0.264799148,0.03161772,-0.028749585,0.031747714,828.282772,660.5463619,300.7380975,693.1771618,525.4407517,526.3966199,404.8920962,186.6029387,435.984419,314.4798953,207.205014,146.4497588,70.81470595,168.8583232,108.103068,2136.958652,2016.112498,838.764076,1930.499403,1809.653249,2416.768623,2248.024366,929.6279164,2166.872965,1998.128708,2811.378466,2592.392796,1079.786209,2505.916578,2286.930907,293.9444696,320.6251605,367.3316724,308.5190296,343.6565975,400.9375748,236.3005769,265.3461584,311.5169613,120.8461545,168.7442565,218.9856705
"255",255,255,2020,83.6620074098124,"Freirina",100,-71.09169662,-28.50038259,82,3.15734881,212.4711923,1.25,0.25,4,4,0.510835907,0.655840993,0.238603503,0.504368561,0.614663243,0.253391862,-0.006467346,-0.04117775,0.014788359,828.282772,660.5463619,300.7380975,693.1771618,525.4407517,526.3966199,404.8920962,186.6029387,435.984419,314.4798953,207.205014,146.4497588,70.81470595,168.8583232,108.103068,2136.958652,2016.112498,838.764076,1930.499403,1809.653249,2416.768623,2248.024366,929.6279164,2166.872965,1998.128708,2811.378466,2592.392796,1079.786209,2505.916578,2286.930907,293.9444696,320.6251605,367.3316724,308.5190296,343.6565975,400.9375748,236.3005769,265.3461584,311.5169613,120.8461545,168.7442565,218.9856705
"256",256,256,2020,83.7787877233878,"Freirina",100,-71.09168498,-28.50031059,82,3.15734881,212.4711923,1.25,0.25,4,4,0.510835907,0.655840993,0.238603503,0.504368561,0.614663243,0.253391862,-0.006467346,-0.04117775,0.014788359,828.282772,660.5463619,300.7380975,693.1771618,525.4407517,526.3966199,404.8920962,186.6029387,435.984419,314.4798953,207.205014,146.4497588,70.81470595,168.8583232,108.103068,2136.958652,2016.112498,838.764076,1930.499403,1809.653249,2416.768623,2248.024366,929.6279164,2166.872965,1998.128708,2811.378466,2592.392796,1079.786209,2505.916578,2286.930907,293.9444696,320.6251605,367.3316724,308.5190296,343.6565975,400.9375748,236.3005769,265.3461584,311.5169613,120.8461545,168.7442565,218.9856705
"257",257,257,2020,82.9739042813853,"Freirina",100,-71.09162389,-28.50032055,82,3.15734881,212.4711923,1.25,0.25,4,4,0.510835907,0.655840993,0.238603503,0.504368561,0.614663243,0.253391862,-0.006467346,-0.04117775,0.014788359,828.282772,660.5463619,300.7380975,693.1771618,525.4407517,526.3966199,404.8920962,186.6029387,435.984419,314.4798953,207.205014,146.4497588,70.81470595,168.8583232,108.103068,2136.958652,2016.112498,838.764076,1930.499403,1809.653249,2416.768623,2248.024366,929.6279164,2166.872965,1998.128708,2811.378466,2592.392796,1079.786209,2505.916578,2286.930907,293.9444696,320.6251605,367.3316724,308.5190296,343.6565975,400.9375748,236.3005769,265.3461584,311.5169613,120.8461545,168.7442565,218.9856705
"258",258,258,2020,83.110591482684,"Freirina",100,-71.09162443,-28.50034761,82,3.15734881,212.4711923,1.25,0.25,4,4,0.510835907,0.655840993,0.238603503,0.504368561,0.614663243,0.253391862,-0.006467346,-0.04117775,0.014788359,828.282772,660.5463619,300.7380975,693.1771618,525.4407517,526.3966199,404.8920962,186.6029387,435.984419,314.4798953,207.205014,146.4497588,70.81470595,168.8583232,108.103068,2136.958652,2016.112498,838.764076,1930.499403,1809.653249,2416.768623,2248.024366,929.6279164,2166.872965,1998.128708,2811.378466,2592.392796,1079.786209,2505.916578,2286.930907,293.9444696,320.6251605,367.3316724,308.5190296,343.6565975,400.9375748,236.3005769,265.3461584,311.5169613,120.8461545,168.7442565,218.9856705
"259",259,259,2020,82.340308917749,"Freirina",100,-71.09156298,-28.50033953,82,3.15734881,212.4711923,1.25,0.25,4,4,0.46443515,0.644050121,0.209551111,0.504329901,0.623498023,0.247070715,0.039894751,-0.020552099,0.037519604,828.282772,660.5463619,300.7380975,693.1771618,525.4407517,526.3966199,404.8920962,186.6029387,435.984419,314.4798953,207.205014,146.4497588,70.81470595,168.8583232,108.103068,2136.958652,2016.112498,838.764076,1930.499403,1809.653249,2416.768623,2248.024366,929.6279164,2166.872965,1998.128708,2811.378466,2592.392796,1079.786209,2505.916578,2286.930907,293.9444696,320.6251605,367.3316724,308.5190296,343.6565975,400.9375748,236.3005769,265.3461584,311.5169613,120.8461545,168.7442565,218.9856705
"260",260,260,2020,83.975765514652,"Freirina",100,-71.09154291,-28.50035789,82,3.15734881,212.4711923,1.25,0.25,4,4,0.46443515,0.644050121,0.209551111,0.504329901,0.623498023,0.247070715,0.039894751,-0.020552099,0.037519604,828.282772,660.5463619,300.7380975,693.1771618,525.4407517,526.3966199,404.8920962,186.6029387,435.984419,314.4798953,207.205014,146.4497588,70.81470595,168.8583232,108.103068,2136.958652,2016.112498,838.764076,1930.499403,1809.653249,2416.768623,2248.024366,929.6279164,2166.872965,1998.128708,2811.378466,2592.392796,1079.786209,2505.916578,2286.930907,293.9444696,320.6251605,367.3316724,308.5190296,343.6565975,400.9375748,236.3005769,265.3461584,311.5169613,120.8461545,168.7442565,218.9856705
"261",261,261,2020,99.4524345670997,"Freirina",100,-71.09298723,-28.5000469,81,1.71353711,278.1301024,0.875,0.375,2,64,0.341379318,0.57569623,0.162295088,0.472231579,0.609271526,0.264019579,0.130852261,0.033575296,0.101724491,828.282772,660.5463619,300.7380975,693.1771618,525.4407517,526.3966199,404.8920962,186.6029387,435.984419,314.4798953,207.205014,146.4497588,70.81470595,168.8583232,108.103068,2136.958652,2016.112498,838.764076,1930.499403,1809.653249,2416.768623,2248.024366,929.6279164,2166.872965,1998.128708,2811.378466,2592.392796,1079.786209,2505.916578,2286.930907,293.9444696,320.6251605,367.3316724,308.5190296,343.6565975,400.9375748,236.3005769,265.3461584,311.5169613,120.8461545,168.7442565,218.9856705
"262",262,262,2020,87.4289561987522,"Freirina",100,-71.09295517,-28.49997521,82,1.998096092,284.0362435,0.875,0.625,3,8,0.358208952,0.58786869,0.19349885,0.423040312,0.566189349,0.245307326,0.06483136,-0.021679342,0.051808476,828.282772,660.5463619,300.7380975,693.1771618,525.4407517,526.3966199,404.8920962,186.6029387,435.984419,314.4798953,207.205014,146.4497588,70.81470595,168.8583232,108.103068,2136.958652,2016.112498,838.764076,1930.499403,1809.653249,2416.768623,2248.024366,929.6279164,2166.872965,1998.128708,2811.378466,2592.392796,1079.786209,2505.916578,2286.930907,293.9444696,320.6251605,367.3316724,308.5190296,343.6565975,400.9375748,236.3005769,265.3461584,311.5169613,120.8461545,168.7442565,218.9856705
"263",263,263,2020,99.215635631313,"Freirina",100,-71.0929335,-28.49991238,81,3.491657157,326.3099325,1.375,0.375,5,32,0.359973792,0.553310871,0.204706311,0.379461493,0.528269172,0.221869662,0.019487701,-0.025041699,0.017163351,828.282772,660.5463619,300.7380975,693.1771618,525.4407517,526.3966199,404.8920962,186.6029387,435.984419,314.4798953,207.205014,146.4497588,70.81470595,168.8583232,108.103068,2136.958652,2016.112498,838.764076,1930.499403,1809.653249,2416.768623,2248.024366,929.6279164,2166.872965,1998.128708,2811.378466,2592.392796,1079.786209,2505.916578,2286.930907,293.9444696,320.6251605,367.3316724,308.5190296,343.6565975,400.9375748,236.3005769,265.3461584,311.5169613,120.8461545,168.7442565,218.9856705
"264",264,264,2020,103.593838062872,"Freirina",100,-71.09290073,-28.4998046,81,3.491657157,326.3099325,1.375,0.375,5,32,0.354789255,0.582811117,0.182522982,0.431754847,0.572466552,0.236280471,0.076965592,-0.010344565,0.053757489,828.282772,660.5463619,300.7380975,693.1771618,525.4407517,526.3966199,404.8920962,186.6029387,435.984419,314.4798953,207.205014,146.4497588,70.81470595,168.8583232,108.103068,2136.958652,2016.112498,838.764076,1930.499403,1809.653249,2416.768623,2248.024366,929.6279164,2166.872965,1998.128708,2811.378466,2592.392796,1079.786209,2505.916578,2286.930907,293.9444696,320.6251605,367.3316724,308.5190296,343.6565975,400.9375748,236.3005769,265.3461584,311.5169613,120.8461545,168.7442565,218.9856705
"265",265,265,2020,93.0803996212121,"Freirina",100,-71.09286867,-28.49973291,81,3.491657157,326.3099325,1.375,0.375,5,32,0.428683065,0.607739687,0.217687517,0.446421806,0.568788528,0.231448755,0.017738741,-0.038951159,0.013761237,828.282772,660.5463619,300.7380975,693.1771618,525.4407517,526.3966199,404.8920962,186.6029387,435.984419,314.4798953,207.205014,146.4497588,70.81470595,168.8583232,108.103068,2136.958652,2016.112498,838.764076,1930.499403,1809.653249,2416.768623,2248.024366,929.6279164,2166.872965,1998.128708,2811.378466,2592.392796,1079.786209,2505.916578,2286.930907,293.9444696,320.6251605,367.3316724,308.5190296,343.6565975,400.9375748,236.3005769,265.3461584,311.5169613,120.8461545,168.7442565,218.9856705
"266",266,266,2020,88.1515487121213,"Freirina",100,-71.09284682,-28.49966106,79,3.441050997,320.7105931,1.5,-0.5,5,32,0.428683065,0.607739687,0.217687517,0.446421806,0.568788528,0.231448755,0.017738741,-0.038951159,0.013761237,828.282772,660.5463619,300.7380975,693.1771618,525.4407517,526.3966199,404.8920962,186.6029387,435.984419,314.4798953,207.205014,146.4497588,70.81470595,168.8583232,108.103068,2136.958652,2016.112498,838.764076,1930.499403,1809.653249,2416.768623,2248.024366,929.6279164,2166.872965,1998.128708,2811.378466,2592.392796,1079.786209,2505.916578,2286.930907,293.9444696,320.6251605,367.3316724,308.5190296,343.6565975,400.9375748,236.3005769,265.3461584,311.5169613,120.8461545,168.7442565,218.9856705
"267",267,267,2020,92.6766643650794,"Freirina",100,-71.09282569,-28.49962529,79,3.441050997,320.7105931,1.5,-0.5,5,32,0.459306982,0.631531537,0.228548497,0.431841842,0.563636422,0.236902207,-0.02746514,-0.067895114,0.00835371,828.282772,660.5463619,300.7380975,693.1771618,525.4407517,526.3966199,404.8920962,186.6029387,435.984419,314.4798953,207.205014,146.4497588,70.81470595,168.8583232,108.103068,2136.958652,2016.112498,838.764076,1930.499403,1809.653249,2416.768623,2248.024366,929.6279164,2166.872965,1998.128708,2811.378466,2592.392796,1079.786209,2505.916578,2286.930907,293.9444696,320.6251605,367.3316724,308.5190296,343.6565975,400.9375748,236.3005769,265.3461584,311.5169613,120.8461545,168.7442565,218.9856705
"268",268,268,2020,92.3565958311133,"Freirina",100,-71.09280384,-28.49955344,79,3.441050997,320.7105931,1.5,-0.5,5,32,0.433809822,0.59048605,0.254806519,0.44383728,0.566534936,0.264407992,0.010027458,-0.023951113,0.009601474,828.282772,660.5463619,300.7380975,693.1771618,525.4407517,526.3966199,404.8920962,186.6029387,435.984419,314.4798953,207.205014,146.4497588,70.81470595,168.8583232,108.103068,2136.958652,2016.112498,838.764076,1930.499403,1809.653249,2416.768623,2248.024366,929.6279164,2166.872965,1998.128708,2811.378466,2592.392796,1079.786209,2505.916578,2286.930907,293.9444696,320.6251605,367.3316724,308.5190296,343.6565975,400.9375748,236.3005769,265.3461584,311.5169613,120.8461545,168.7442565,218.9856705
"269",269,269,2020,92.0944591161617,"Freirina",100,-71.09278235,-28.49949963,79,3.441050997,320.7105931,1.5,-0.5,5,32,0.433809822,0.59048605,0.254806519,0.44383728,0.566534936,0.264407992,0.010027458,-0.023951113,0.009601474,828.282772,660.5463619,300.7380975,693.1771618,525.4407517,526.3966199,404.8920962,186.6029387,435.984419,314.4798953,207.205014,146.4497588,70.81470595,168.8583232,108.103068,2136.958652,2016.112498,838.764076,1930.499403,1809.653249,2416.768623,2248.024366,929.6279164,2166.872965,1998.128708,2811.378466,2592.392796,1079.786209,2505.916578,2286.930907,293.9444696,320.6251605,367.3316724,308.5190296,343.6565975,400.9375748,236.3005769,265.3461584,311.5169613,120.8461545,168.7442565,218.9856705
"270",270,270,2020,91.5910113095238,"Freirina",100,-71.09275029,-28.49942794,78,2.608955733,291.8014095,1,-0.5,3,16,0.466194261,0.583545923,0.282401323,0.480242282,0.585908532,0.294968694,0.014048021,0.002362609,0.012567371,828.282772,660.5463619,300.7380975,693.1771618,525.4407517,526.3966199,404.8920962,186.6029387,435.984419,314.4798953,207.205014,146.4497588,70.81470595,168.8583232,108.103068,2136.958652,2016.112498,838.764076,1930.499403,1809.653249,2416.768623,2248.024366,929.6279164,2166.872965,1998.128708,2811.378466,2592.392796,1079.786209,2505.916578,2286.930907,293.9444696,320.6251605,367.3316724,308.5190296,343.6565975,400.9375748,236.3005769,265.3461584,311.5169613,120.8461545,168.7442565,218.9856705
"271",271,271,2020,82.7315043290044,"Freirina",100,-71.09272862,-28.49936511,78,2.608955733,291.8014095,1,-0.5,3,16,0.454241839,0.547813714,0.255191416,0.46382189,0.581162333,0.273257226,0.009580051,0.03334862,0.01806581,828.282772,660.5463619,300.7380975,693.1771618,525.4407517,526.3966199,404.8920962,186.6029387,435.984419,314.4798953,207.205014,146.4497588,70.81470595,168.8583232,108.103068,2136.958652,2016.112498,838.764076,1930.499403,1809.653249,2416.768623,2248.024366,929.6279164,2166.872965,1998.128708,2811.378466,2592.392796,1079.786209,2505.916578,2286.930907,293.9444696,320.6251605,367.3316724,308.5190296,343.6565975,400.9375748,236.3005769,265.3461584,311.5169613,120.8461545,168.7442565,218.9856705
"272",272,272,2020,81.2974129761905,"Freirina",100,-71.09270695,-28.49930228,78,2.608955733,291.8014095,1,-0.5,3,16,0.395446885,0.625736713,0.190857306,0.460844469,0.600632668,0.246493369,0.065397584,-0.025104046,0.055636063,828.282772,660.5463619,300.7380975,693.1771618,525.4407517,526.3966199,404.8920962,186.6029387,435.984419,314.4798953,207.205014,146.4497588,70.81470595,168.8583232,108.103068,2136.958652,2016.112498,838.764076,1930.499403,1809.653249,2416.768623,2248.024366,929.6279164,2166.872965,1998.128708,2811.378466,2592.392796,1079.786209,2505.916578,2286.930907,293.9444696,320.6251605,367.3316724,308.5190296,343.6565975,400.9375748,236.3005769,265.3461584,311.5169613,120.8461545,168.7442565,218.9856705
"273",273,273,2020,80.8363908341659,"Freirina",100,-71.0926749,-28.49923059,78,2.608955733,291.8014095,1,-0.5,3,16,0.395446885,0.625736713,0.190857306,0.460844469,0.600632668,0.246493369,0.065397584,-0.025104046,0.055636063,828.282772,660.5463619,300.7380975,693.1771618,525.4407517,526.3966199,404.8920962,186.6029387,435.984419,314.4798953,207.205014,146.4497588,70.81470595,168.8583232,108.103068,2136.958652,2016.112498,838.764076,1930.499403,1809.653249,2416.768623,2248.024366,929.6279164,2166.872965,1998.128708,2811.378466,2592.392796,1079.786209,2505.916578,2286.930907,293.9444696,320.6251605,367.3316724,308.5190296,343.6565975,400.9375748,236.3005769,265.3461584,311.5169613,120.8461545,168.7442565,218.9856705
"274",274,274,2020,95.0850894887956,"Freirina",100,-71.09264284,-28.4991589,79,2.422585452,306.8698976,1,0,3,64,0.514899522,0.638066709,0.282652795,0.385091262,0.548409402,0.226831064,-0.12980826,-0.089657307,-0.055821732,828.282772,660.5463619,300.7380975,693.1771618,525.4407517,526.3966199,404.8920962,186.6029387,435.984419,314.4798953,207.205014,146.4497588,70.81470595,168.8583232,108.103068,2136.958652,2016.112498,838.764076,1930.499403,1809.653249,2416.768623,2248.024366,929.6279164,2166.872965,1998.128708,2811.378466,2592.392796,1079.786209,2505.916578,2286.930907,293.9444696,320.6251605,367.3316724,308.5190296,343.6565975,400.9375748,236.3005769,265.3461584,311.5169613,120.8461545,168.7442565,218.9856705
"275",275,275,2020,89.8228391483516,"Freirina",100,-71.09262135,-28.49910509,79,2.422585452,306.8698976,1,0,3,64,0.461689587,0.582978725,0.288158357,0.272869032,0.47841841,0.178006336,-0.188820555,-0.104560316,-0.110152021,828.282772,660.5463619,300.7380975,693.1771618,525.4407517,526.3966199,404.8920962,186.6029387,435.984419,314.4798953,207.205014,146.4497588,70.81470595,168.8583232,108.103068,2136.958652,2016.112498,838.764076,1930.499403,1809.653249,2416.768623,2248.024366,929.6279164,2166.872965,1998.128708,2811.378466,2592.392796,1079.786209,2505.916578,2286.930907,293.9444696,320.6251605,367.3316724,308.5190296,343.6565975,400.9375748,236.3005769,265.3461584,311.5169613,120.8461545,168.7442565,218.9856705
"276",276,276,2020,85.4719918542568,"Freirina",100,-71.09257926,-28.49904257,79,2.422585452,306.8698976,1,0,3,64,0.366497485,0.573042452,0.204211205,0.408727744,0.560776293,0.241701007,0.042230259,-0.012266159,0.037489802,828.282772,660.5463619,300.7380975,693.1771618,525.4407517,526.3966199,404.8920962,186.6029387,435.984419,314.4798953,207.205014,146.4497588,70.81470595,168.8583232,108.103068,2136.958652,2016.112498,838.764076,1930.499403,1809.653249,2416.768623,2248.024366,929.6279164,2166.872965,1998.128708,2811.378466,2592.392796,1079.786209,2505.916578,2286.930907,293.9444696,320.6251605,367.3316724,308.5190296,343.6565975,400.9375748,236.3005769,265.3461584,311.5169613,120.8461545,168.7442565,218.9856705
"277",277,277,2020,84.7013668742369,"Freirina",100,-71.09251817,-28.49905254,79,2.422585452,306.8698976,1,0,3,64,0.366497485,0.573042452,0.204211205,0.408727744,0.560776293,0.241701007,0.042230259,-0.012266159,0.037489802,828.282772,660.5463619,300.7380975,693.1771618,525.4407517,526.3966199,404.8920962,186.6029387,435.984419,314.4798953,207.205014,146.4497588,70.81470595,168.8583232,108.103068,2136.958652,2016.112498,838.764076,1930.499403,1809.653249,2416.768623,2248.024366,929.6279164,2166.872965,1998.128708,2811.378466,2592.392796,1079.786209,2505.916578,2286.930907,293.9444696,320.6251605,367.3316724,308.5190296,343.6565975,400.9375748,236.3005769,265.3461584,311.5169613,120.8461545,168.7442565,218.9856705
"278",278,278,2020,78.3083499285715,"Freirina",100,-71.09260395,-28.49925875,80,2.608955733,291.8014095,1,0.5,3,16,0.336367097,0.56205678,0.174217626,0.548828114,0.635051548,0.313305259,0.212461017,0.072994769,0.139087632,828.282772,660.5463619,300.7380975,693.1771618,525.4407517,526.3966199,404.8920962,186.6029387,435.984419,314.4798953,207.205014,146.4497588,70.81470595,168.8583232,108.103068,2136.958652,2016.112498,838.764076,1930.499403,1809.653249,2416.768623,2248.024366,929.6279164,2166.872965,1998.128708,2811.378466,2592.392796,1079.786209,2505.916578,2286.930907,293.9444696,320.6251605,367.3316724,308.5190296,343.6565975,400.9375748,236.3005769,265.3461584,311.5169613,120.8461545,168.7442565,218.9856705
"279",279,279,2020,91.8757741702742,"Freirina",100,-71.09264658,-28.49934833,80,2.608955733,291.8014095,1,0.5,3,16,0.377450957,0.586823523,0.186090216,0.478505994,0.611367166,0.259887725,0.101055037,0.024543643,0.073797509,828.282772,660.5463619,300.7380975,693.1771618,525.4407517,526.3966199,404.8920962,186.6029387,435.984419,314.4798953,207.205014,146.4497588,70.81470595,168.8583232,108.103068,2136.958652,2016.112498,838.764076,1930.499403,1809.653249,2416.768623,2248.024366,929.6279164,2166.872965,1998.128708,2811.378466,2592.392796,1079.786209,2505.916578,2286.930907,293.9444696,320.6251605,367.3316724,308.5190296,343.6565975,400.9375748,236.3005769,265.3461584,311.5169613,120.8461545,168.7442565,218.9856705
"280",280,280,2020,84.5803127222777,"Freirina",100,-71.09267881,-28.49942904,78,2.608955733,291.8014095,1,-0.5,3,16,0.335122692,0.563538373,0.172318608,0.513725491,0.635015905,0.292555839,0.178602799,0.071477532,0.120237231,828.282772,660.5463619,300.7380975,693.1771618,525.4407517,526.3966199,404.8920962,186.6029387,435.984419,314.4798953,207.205014,146.4497588,70.81470595,168.8583232,108.103068,2136.958652,2016.112498,838.764076,1930.499403,1809.653249,2416.768623,2248.024366,929.6279164,2166.872965,1998.128708,2811.378466,2592.392796,1079.786209,2505.916578,2286.930907,293.9444696,320.6251605,367.3316724,308.5190296,343.6565975,400.9375748,236.3005769,265.3461584,311.5169613,120.8461545,168.7442565,218.9856705
"281",281,281,2020,92.8099238095238,"Freirina",100,-71.09270084,-28.49950991,79,3.441050997,320.7105931,1.5,-0.5,5,32,0.353582588,0.553172469,0.179968312,0.501010093,0.621090949,0.280050188,0.147427505,0.067918479,0.100081876,828.282772,660.5463619,300.7380975,693.1771618,525.4407517,526.3966199,404.8920962,186.6029387,435.984419,314.4798953,207.205014,146.4497588,70.81470595,168.8583232,108.103068,2136.958652,2016.112498,838.764076,1930.499403,1809.653249,2416.768623,2248.024366,929.6279164,2166.872965,1998.128708,2811.378466,2592.392796,1079.786209,2505.916578,2286.930907,293.9444696,320.6251605,367.3316724,308.5190296,343.6565975,400.9375748,236.3005769,265.3461584,311.5169613,120.8461545,168.7442565,218.9856705
"282",282,282,2020,89.7036296103896,"Freirina",100,-71.09272269,-28.49958176,79,3.441050997,320.7105931,1.5,-0.5,5,32,0.378852903,0.563025236,0.192582309,0.463730559,0.604543805,0.265578628,0.084877656,0.041518569,0.072996318,828.282772,660.5463619,300.7380975,693.1771618,525.4407517,526.3966199,404.8920962,186.6029387,435.984419,314.4798953,207.205014,146.4497588,70.81470595,168.8583232,108.103068,2136.958652,2016.112498,838.764076,1930.499403,1809.653249,2416.768623,2248.024366,929.6279164,2166.872965,1998.128708,2811.378466,2592.392796,1079.786209,2505.916578,2286.930907,293.9444696,320.6251605,367.3316724,308.5190296,343.6565975,400.9375748,236.3005769,265.3461584,311.5169613,120.8461545,168.7442565,218.9856705
"283",283,283,2020,88.8725074458874,"Freirina",100,-71.09274453,-28.49965361,79,3.441050997,320.7105931,1.5,-0.5,5,32,0.378852903,0.563025236,0.192582309,0.463730559,0.604543805,0.265578628,0.084877656,0.041518569,0.072996318,828.282772,660.5463619,300.7380975,693.1771618,525.4407517,526.3966199,404.8920962,186.6029387,435.984419,314.4798953,207.205014,146.4497588,70.81470595,168.8583232,108.103068,2136.958652,2016.112498,838.764076,1930.499403,1809.653249,2416.768623,2248.024366,929.6279164,2166.872965,1998.128708,2811.378466,2592.392796,1079.786209,2505.916578,2286.930907,293.9444696,320.6251605,367.3316724,308.5190296,343.6565975,400.9375748,236.3005769,265.3461584,311.5169613,120.8461545,168.7442565,218.9856705
"284",284,284,2020,96.6535087840814,"Freirina",100,-71.09277677,-28.49973433,81,3.491657157,326.3099325,1.375,0.375,5,32,0.364705869,0.551493526,0.1847682,0.483300588,0.611526191,0.274894476,0.118594719,0.060032666,0.090126276,828.282772,660.5463619,300.7380975,693.1771618,525.4407517,526.3966199,404.8920962,186.6029387,435.984419,314.4798953,207.205014,146.4497588,70.81470595,168.8583232,108.103068,2136.958652,2016.112498,838.764076,1930.499403,1809.653249,2416.768623,2248.024366,929.6279164,2166.872965,1998.128708,2811.378466,2592.392796,1079.786209,2505.916578,2286.930907,293.9444696,320.6251605,367.3316724,308.5190296,343.6565975,400.9375748,236.3005769,265.3461584,311.5169613,120.8461545,168.7442565,218.9856705
"285",285,285,2020,93.5208176172162,"Freirina",100,-71.092809,-28.49981504,81,3.491657157,326.3099325,1.375,0.375,5,32,0.335008362,0.555880904,0.162425548,0.510914046,0.623305202,0.283282906,0.175905684,0.067424297,0.120857358,828.282772,660.5463619,300.7380975,693.1771618,525.4407517,526.3966199,404.8920962,186.6029387,435.984419,314.4798953,207.205014,146.4497588,70.81470595,168.8583232,108.103068,2136.958652,2016.112498,838.764076,1930.499403,1809.653249,2416.768623,2248.024366,929.6279164,2166.872965,1998.128708,2811.378466,2592.392796,1079.786209,2505.916578,2286.930907,293.9444696,320.6251605,367.3316724,308.5190296,343.6565975,400.9375748,236.3005769,265.3461584,311.5169613,120.8461545,168.7442565,218.9856705
"286",286,286,2020,89.0831847182327,"Freirina",100,-71.09282117,-28.49991411,81,3.491657157,326.3099325,1.375,0.375,5,32,0.294205576,0.518421054,0.153811052,0.549883971,0.645899355,0.31040287,0.255678395,0.127478302,0.156591818,828.282772,660.5463619,300.7380975,693.1771618,525.4407517,526.3966199,404.8920962,186.6029387,435.984419,314.4798953,207.205014,146.4497588,70.81470595,168.8583232,108.103068,2136.958652,2016.112498,838.764076,1930.499403,1809.653249,2416.768623,2248.024366,929.6279164,2166.872965,1998.128708,2811.378466,2592.392796,1079.786209,2505.916578,2286.930907,293.9444696,320.6251605,367.3316724,308.5190296,343.6565975,400.9375748,236.3005769,265.3461584,311.5169613,120.8461545,168.7442565,218.9856705
"287",287,287,2020,89.4183390873016,"Freirina",100,-71.09285341,-28.49999482,82,1.998096092,284.0362435,0.875,0.625,3,8,0.303801904,0.532595336,0.166073486,0.487415608,0.620193958,0.288447589,0.183613704,0.087598622,0.122374102,828.282772,660.5463619,300.7380975,693.1771618,525.4407517,526.3966199,404.8920962,186.6029387,435.984419,314.4798953,207.205014,146.4497588,70.81470595,168.8583232,108.103068,2136.958652,2016.112498,838.764076,1930.499403,1809.653249,2416.768623,2248.024366,929.6279164,2166.872965,1998.128708,2811.378466,2592.392796,1079.786209,2505.916578,2286.930907,293.9444696,320.6251605,367.3316724,308.5190296,343.6565975,400.9375748,236.3005769,265.3461584,311.5169613,120.8461545,168.7442565,218.9856705
"288",288,288,2020,87.784822857143,"Freirina",100,-71.09288547,-28.50006652,82,1.998096092,284.0362435,0.875,0.625,3,8,0.32417808,0.530543566,0.157841399,0.463593836,0.591718137,0.260445327,0.139415756,0.061174572,0.102603927,828.282772,660.5463619,300.7380975,693.1771618,525.4407517,526.3966199,404.8920962,186.6029387,435.984419,314.4798953,207.205014,146.4497588,70.81470595,168.8583232,108.103068,2136.958652,2016.112498,838.764076,1930.499403,1809.653249,2416.768623,2248.024366,929.6279164,2166.872965,1998.128708,2811.378466,2592.392796,1079.786209,2505.916578,2286.930907,293.9444696,320.6251605,367.3316724,308.5190296,343.6565975,400.9375748,236.3005769,265.3461584,311.5169613,120.8461545,168.7442565,218.9856705
"289",289,289,2020,83.5889104761904,"Freirina",100,-71.09275148,-28.50000542,82,1.998096092,284.0362435,0.875,0.625,3,8,0.293227391,0.531362057,0.152099967,0.535677698,0.642205179,0.296821803,0.242450307,0.110843122,0.144721836,828.282772,660.5463619,300.7380975,693.1771618,525.4407517,526.3966199,404.8920962,186.6029387,435.984419,314.4798953,207.205014,146.4497588,70.81470595,168.8583232,108.103068,2136.958652,2016.112498,838.764076,1930.499403,1809.653249,2416.768623,2248.024366,929.6279164,2166.872965,1998.128708,2811.378466,2592.392796,1079.786209,2505.916578,2286.930907,293.9444696,320.6251605,367.3316724,308.5190296,343.6565975,400.9375748,236.3005769,265.3461584,311.5169613,120.8461545,168.7442565,218.9856705
"290",290,290,2020,99.9277680974026,"Freirina",100,-71.09272909,-28.4999065,81,3.491657157,326.3099325,1.375,0.375,5,32,0.40418549,0.601310313,0.198668823,0.53959876,0.649943411,0.293266177,0.13541327,0.048633099,0.094597355,828.282772,660.5463619,300.7380975,693.1771618,525.4407517,526.3966199,404.8920962,186.6029387,435.984419,314.4798953,207.205014,146.4497588,70.81470595,168.8583232,108.103068,2136.958652,2016.112498,838.764076,1930.499403,1809.653249,2416.768623,2248.024366,929.6279164,2166.872965,1998.128708,2811.378466,2592.392796,1079.786209,2505.916578,2286.930907,293.9444696,320.6251605,367.3316724,308.5190296,343.6565975,400.9375748,236.3005769,265.3461584,311.5169613,120.8461545,168.7442565,218.9856705
"291",291,291,2020,97.7997620134571,"Freirina",100,-71.09271746,-28.4998345,81,3.491657157,326.3099325,1.375,0.375,5,32,0.393221724,0.61400187,0.193918645,0.558107165,0.659747958,0.305562615,0.164885441,0.045746088,0.11164397,828.282772,660.5463619,300.7380975,693.1771618,525.4407517,526.3966199,404.8920962,186.6029387,435.984419,314.4798953,207.205014,146.4497588,70.81470595,168.8583232,108.103068,2136.958652,2016.112498,838.764076,1930.499403,1809.653249,2416.768623,2248.024366,929.6279164,2166.872965,1998.128708,2811.378466,2592.392796,1079.786209,2505.916578,2286.930907,293.9444696,320.6251605,367.3316724,308.5190296,343.6565975,400.9375748,236.3005769,265.3461584,311.5169613,120.8461545,168.7442565,218.9856705
"292",292,292,2020,107.640997500722,"Freirina",100,-71.09268504,-28.49974476,81,3.491657157,326.3099325,1.375,0.375,5,32,0.3764906,0.613579631,0.180457249,0.53216783,0.668062449,0.290458024,0.15567723,0.054482818,0.110000774,828.282772,660.5463619,300.7380975,693.1771618,525.4407517,526.3966199,404.8920962,186.6029387,435.984419,314.4798953,207.205014,146.4497588,70.81470595,168.8583232,108.103068,2136.958652,2016.112498,838.764076,1930.499403,1809.653249,2416.768623,2248.024366,929.6279164,2166.872965,1998.128708,2811.378466,2592.392796,1079.786209,2505.916578,2286.930907,293.9444696,320.6251605,367.3316724,308.5190296,343.6565975,400.9375748,236.3005769,265.3461584,311.5169613,120.8461545,168.7442565,218.9856705
"293",293,293,2020,100.367544791267,"Freirina",100,-71.0926632,-28.49967291,80,2.740385528,315,1.25,-0.5,4,32,0.3764906,0.613579631,0.180457249,0.53216783,0.668062449,0.290458024,0.15567723,0.054482818,0.110000774,828.282772,660.5463619,300.7380975,693.1771618,525.4407517,526.3966199,404.8920962,186.6029387,435.984419,314.4798953,207.205014,146.4497588,70.81470595,168.8583232,108.103068,2136.958652,2016.112498,838.764076,1930.499403,1809.653249,2416.768623,2248.024366,929.6279164,2166.872965,1998.128708,2811.378466,2592.392796,1079.786209,2505.916578,2286.930907,293.9444696,320.6251605,367.3316724,308.5190296,343.6565975,400.9375748,236.3005769,265.3461584,311.5169613,120.8461545,168.7442565,218.9856705
"294",294,294,2020,92.2822174780758,"Freirina",100,-71.09264135,-28.49960106,80,2.740385528,315,1.25,-0.5,4,32,0.313408045,0.554027498,0.152854636,0.520528903,0.638545215,0.284988582,0.207120858,0.084517717,0.132133946,828.282772,660.5463619,300.7380975,693.1771618,525.4407517,526.3966199,404.8920962,186.6029387,435.984419,314.4798953,207.205014,146.4497588,70.81470595,168.8583232,108.103068,2136.958652,2016.112498,838.764076,1930.499403,1809.653249,2416.768623,2248.024366,929.6279164,2166.872965,1998.128708,2811.378466,2592.392796,1079.786209,2505.916578,2286.930907,293.9444696,320.6251605,367.3316724,308.5190296,343.6565975,400.9375748,236.3005769,265.3461584,311.5169613,120.8461545,168.7442565,218.9856705
"295",295,295,2020,88.5060216400224,"Freirina",100,-71.09262004,-28.49955627,80,2.740385528,315,1.25,-0.5,4,32,0.353582588,0.553172469,0.179968312,0.501010093,0.621090949,0.280050188,0.147427505,0.067918479,0.100081876,828.282772,660.5463619,300.7380975,693.1771618,525.4407517,526.3966199,404.8920962,186.6029387,435.984419,314.4798953,207.205014,146.4497588,70.81470595,168.8583232,108.103068,2136.958652,2016.112498,838.764076,1930.499403,1809.653249,2416.768623,2248.024366,929.6279164,2166.872965,1998.128708,2811.378466,2592.392796,1079.786209,2505.916578,2286.930907,293.9444696,320.6251605,367.3316724,308.5190296,343.6565975,400.9375748,236.3005769,265.3461584,311.5169613,120.8461545,168.7442565,218.9856705
"296",296,296,2020,88.3138518469538,"Freirina",100,-71.09258762,-28.49946654,80,2.740385528,315,1.25,-0.5,4,32,0.364175575,0.592797816,0.183490515,0.564316732,0.663823724,0.316964835,0.200141157,0.071025908,0.13347432,828.282772,660.5463619,300.7380975,693.1771618,525.4407517,526.3966199,404.8920962,186.6029387,435.984419,314.4798953,207.205014,146.4497588,70.81470595,168.8583232,108.103068,2136.958652,2016.112498,838.764076,1930.499403,1809.653249,2416.768623,2248.024366,929.6279164,2166.872965,1998.128708,2811.378466,2592.392796,1079.786209,2505.916578,2286.930907,293.9444696,320.6251605,367.3316724,308.5190296,343.6565975,400.9375748,236.3005769,265.3461584,311.5169613,120.8461545,168.7442565,218.9856705
"297",297,297,2020,82.1828261608669,"Freirina",100,-71.09257634,-28.49941257,80,2.608955733,291.8014095,1,0.5,3,16,0.364175575,0.592797816,0.183490515,0.564316732,0.663823724,0.316964835,0.200141157,0.071025908,0.13347432,828.282772,660.5463619,300.7380975,693.1771618,525.4407517,526.3966199,404.8920962,186.6029387,435.984419,314.4798953,207.205014,146.4497588,70.81470595,168.8583232,108.103068,2136.958652,2016.112498,838.764076,1930.499403,1809.653249,2416.768623,2248.024366,929.6279164,2166.872965,1998.128708,2811.378466,2592.392796,1079.786209,2505.916578,2286.930907,293.9444696,320.6251605,367.3316724,308.5190296,343.6565975,400.9375748,236.3005769,265.3461584,311.5169613,120.8461545,168.7442565,218.9856705
"298",298,298,2020,77.2967506904762,"Freirina",100,-71.09255485,-28.49935876,80,2.608955733,291.8014095,1,0.5,3,16,0.347915767,0.555979073,0.170348898,0.551544609,0.653106511,0.302436233,0.203628842,0.097127438,0.132087335,828.282772,660.5463619,300.7380975,693.1771618,525.4407517,526.3966199,404.8920962,186.6029387,435.984419,314.4798953,207.205014,146.4497588,70.81470595,168.8583232,108.103068,2136.958652,2016.112498,838.764076,1930.499403,1809.653249,2416.768623,2248.024366,929.6279164,2166.872965,1998.128708,2811.378466,2592.392796,1079.786209,2505.916578,2286.930907,293.9444696,320.6251605,367.3316724,308.5190296,343.6565975,400.9375748,236.3005769,265.3461584,311.5169613,120.8461545,168.7442565,218.9856705
"299",299,299,2020,76.6885122735043,"Freirina",100,-71.09253301,-28.49928691,80,2.608955733,291.8014095,1,0.5,3,16,0.336367097,0.56205678,0.174217626,0.548828114,0.635051548,0.313305259,0.212461017,0.072994769,0.139087632,828.282772,660.5463619,300.7380975,693.1771618,525.4407517,526.3966199,404.8920962,186.6029387,435.984419,314.4798953,207.205014,146.4497588,70.81470595,168.8583232,108.103068,2136.958652,2016.112498,838.764076,1930.499403,1809.653249,2416.768623,2248.024366,929.6279164,2166.872965,1998.128708,2811.378466,2592.392796,1079.786209,2505.916578,2286.930907,293.9444696,320.6251605,367.3316724,308.5190296,343.6565975,400.9375748,236.3005769,265.3461584,311.5169613,120.8461545,168.7442565,218.9856705
"300",300,300,2020,83.077963452381,"Freirina",100,-71.09249038,-28.49919734,80,2.608955733,291.8014095,1,0.5,3,16,0.333333333,0.547854781,0.18006143,0.571087226,0.670371592,0.343555361,0.237753893,0.122516811,0.163493931,828.282772,660.5463619,300.7380975,693.1771618,525.4407517,526.3966199,404.8920962,186.6029387,435.984419,314.4798953,207.205014,146.4497588,70.81470595,168.8583232,108.103068,2136.958652,2016.112498,838.764076,1930.499403,1809.653249,2416.768623,2248.024366,929.6279164,2166.872965,1998.128708,2811.378466,2592.392796,1079.786209,2505.916578,2286.930907,293.9444696,320.6251605,367.3316724,308.5190296,343.6565975,400.9375748,236.3005769,265.3461584,311.5169613,120.8461545,168.7442565,218.9856705
"301",301,301,2020,88.1563139999999,"Freirina",100,-71.09246854,-28.49912549,79,2.422585452,306.8698976,1,0,3,64,0.38628944,0.549878359,0.205943018,0.521604936,0.62813741,0.307645619,0.135315496,0.078259051,0.101702601,828.282772,660.5463619,300.7380975,693.1771618,525.4407517,526.3966199,404.8920962,186.6029387,435.984419,314.4798953,207.205014,146.4497588,70.81470595,168.8583232,108.103068,2136.958652,2016.112498,838.764076,1930.499403,1809.653249,2416.768623,2248.024366,929.6279164,2166.872965,1998.128708,2811.378466,2592.392796,1079.786209,2505.916578,2286.930907,293.9444696,320.6251605,367.3316724,308.5190296,343.6565975,400.9375748,236.3005769,265.3461584,311.5169613,120.8461545,168.7442565,218.9856705
"302",302,302,2020,83.3648549523809,"Freirina",100,-71.09238685,-28.49912675,79,2.422585452,306.8698976,1,0,3,64,0.296986105,0.541247487,0.165409267,0.579946599,0.676952124,0.350316554,0.282960494,0.135704637,0.184907287,828.282772,660.5463619,300.7380975,693.1771618,525.4407517,526.3966199,404.8920962,186.6029387,435.984419,314.4798953,207.205014,146.4497588,70.81470595,168.8583232,108.103068,2136.958652,2016.112498,838.764076,1930.499403,1809.653249,2416.768623,2248.024366,929.6279164,2166.872965,1998.128708,2811.378466,2592.392796,1079.786209,2505.916578,2286.930907,293.9444696,320.6251605,367.3316724,308.5190296,343.6565975,400.9375748,236.3005769,265.3461584,311.5169613,120.8461545,168.7442565,218.9856705
"303",303,303,2020,83.6958126336996,"Freirina",100,-71.09240905,-28.49921664,80,2.608955733,291.8014095,1,0.5,3,16,0.371009192,0.583050907,0.196310684,0.587952566,0.667563915,0.33893609,0.216943374,0.084513009,0.142625406,828.282772,660.5463619,300.7380975,693.1771618,525.4407517,526.3966199,404.8920962,186.6029387,435.984419,314.4798953,207.205014,146.4497588,70.81470595,168.8583232,108.103068,2136.958652,2016.112498,838.764076,1930.499403,1809.653249,2416.768623,2248.024366,929.6279164,2166.872965,1998.128708,2811.378466,2592.392796,1079.786209,2505.916578,2286.930907,293.9444696,320.6251605,367.3316724,308.5190296,343.6565975,400.9375748,236.3005769,265.3461584,311.5169613,120.8461545,168.7442565,218.9856705
"304",304,304,2020,82.566698269141,"Freirina",100,-71.09243107,-28.49929751,80,2.608955733,291.8014095,1,0.5,3,16,0.317604378,0.542711437,0.16924566,0.570582758,0.661173344,0.334571838,0.25297838,0.118461907,0.165326178,828.282772,660.5463619,300.7380975,693.1771618,525.4407517,526.3966199,404.8920962,186.6029387,435.984419,314.4798953,207.205014,146.4497588,70.81470595,168.8583232,108.103068,2136.958652,2016.112498,838.764076,1930.499403,1809.653249,2416.768623,2248.024366,929.6279164,2166.872965,1998.128708,2811.378466,2592.392796,1079.786209,2505.916578,2286.930907,293.9444696,320.6251605,367.3316724,308.5190296,343.6565975,400.9375748,236.3005769,265.3461584,311.5169613,120.8461545,168.7442565,218.9856705
"305",305,305,2020,84.1784698095238,"Freirina",100,-71.09244253,-28.49936049,80,2.608955733,291.8014095,1,0.5,3,16,0.379736416,0.592205346,0.186187401,0.567849682,0.664573371,0.310896605,0.188113266,0.072368026,0.124709204,828.282772,660.5463619,300.7380975,693.1771618,525.4407517,526.3966199,404.8920962,186.6029387,435.984419,314.4798953,207.205014,146.4497588,70.81470595,168.8583232,108.103068,2136.958652,2016.112498,838.764076,1930.499403,1809.653249,2416.768623,2248.024366,929.6279164,2166.872965,1998.128708,2811.378466,2592.392796,1079.786209,2505.916578,2286.930907,293.9444696,320.6251605,367.3316724,308.5190296,343.6565975,400.9375748,236.3005769,265.3461584,311.5169613,120.8461545,168.7442565,218.9856705
"306",306,306,2020,84.3402483766234,"Freirina",100,-71.09245399,-28.49942348,80,2.608955733,291.8014095,1,0.5,3,16,0.41731602,0.621594906,0.197811216,0.567832165,0.672510266,0.309923649,0.150516145,0.05091536,0.112112433,828.282772,660.5463619,300.7380975,693.1771618,525.4407517,526.3966199,404.8920962,186.6029387,435.984419,314.4798953,207.205014,146.4497588,70.81470595,168.8583232,108.103068,2136.958652,2016.112498,838.764076,1930.499403,1809.653249,2416.768623,2248.024366,929.6279164,2166.872965,1998.128708,2811.378466,2592.392796,1079.786209,2505.916578,2286.930907,293.9444696,320.6251605,367.3316724,308.5190296,343.6565975,400.9375748,236.3005769,265.3461584,311.5169613,120.8461545,168.7442565,218.9856705
"307",307,307,2020,89.2452134900064,"Freirina",100,-71.09248587,-28.49948615,80,2.740385528,315,1.25,-0.5,4,32,0.362091471,0.580384254,0.170870438,0.574829932,0.667867422,0.319269508,0.212738461,0.087483168,0.14839907,828.282772,660.5463619,300.7380975,693.1771618,525.4407517,526.3966199,404.8920962,186.6029387,435.984419,314.4798953,207.205014,146.4497588,70.81470595,168.8583232,108.103068,2136.958652,2016.112498,838.764076,1930.499403,1809.653249,2416.768623,2248.024366,929.6279164,2166.872965,1998.128708,2811.378466,2592.392796,1079.786209,2505.916578,2286.930907,293.9444696,320.6251605,367.3316724,308.5190296,343.6565975,400.9375748,236.3005769,265.3461584,311.5169613,120.8461545,168.7442565,218.9856705
"308",308,308,2020,88.4364655557981,"Freirina",100,-71.09250807,-28.49957605,80,2.740385528,315,1.25,-0.5,4,32,0.39311517,0.596687794,0.188698485,0.562261515,0.657100856,0.308448553,0.169146345,0.060413063,0.119750068,828.282772,660.5463619,300.7380975,693.1771618,525.4407517,526.3966199,404.8920962,186.6029387,435.984419,314.4798953,207.205014,146.4497588,70.81470595,168.8583232,108.103068,2136.958652,2016.112498,838.764076,1930.499403,1809.653249,2416.768623,2248.024366,929.6279164,2166.872965,1998.128708,2811.378466,2592.392796,1079.786209,2505.916578,2286.930907,293.9444696,320.6251605,367.3316724,308.5190296,343.6565975,400.9375748,236.3005769,265.3461584,311.5169613,120.8461545,168.7442565,218.9856705
"309",309,309,2020,83.8769190034332,"Freirina",100,-71.09256055,-28.49964742,80,2.740385528,315,1.25,-0.5,4,32,0.357881675,0.58934629,0.174935967,0.554385945,0.652985036,0.301910818,0.19650427,0.063638747,0.126974851,828.282772,660.5463619,300.7380975,693.1771618,525.4407517,526.3966199,404.8920962,186.6029387,435.984419,314.4798953,207.205014,146.4497588,70.81470595,168.8583232,108.103068,2136.958652,2016.112498,838.764076,1930.499403,1809.653249,2416.768623,2248.024366,929.6279164,2166.872965,1998.128708,2811.378466,2592.392796,1079.786209,2505.916578,2286.930907,293.9444696,320.6251605,367.3316724,308.5190296,343.6565975,400.9375748,236.3005769,265.3461584,311.5169613,120.8461545,168.7442565,218.9856705
"310",310,310,2020,86.8172878015873,"Freirina",100,-71.09258347,-28.4997734,82,2.608955733,338.1985905,1,0.75,4,32,0.424920134,0.640459776,0.212686568,0.564432072,0.66814816,0.309366673,0.139511938,0.027688384,0.096680105,828.282772,660.5463619,300.7380975,693.1771618,525.4407517,526.3966199,404.8920962,186.6029387,435.984419,314.4798953,207.205014,146.4497588,70.81470595,168.8583232,108.103068,2136.958652,2016.112498,838.764076,1930.499403,1809.653249,2416.768623,2248.024366,929.6279164,2166.872965,1998.128708,2811.378466,2592.392796,1079.786209,2505.916578,2286.930907,293.9444696,320.6251605,367.3316724,308.5190296,343.6565975,400.9375748,236.3005769,265.3461584,311.5169613,120.8461545,168.7442565,218.9856705
"311",311,311,2020,83.0802255714286,"Freirina",100,-71.0925951,-28.49984541,82,2.608955733,338.1985905,1,0.75,4,32,0.445647804,0.638926804,0.222407579,0.552290996,0.664666176,0.301374227,0.106643192,0.025739372,0.078966647,828.282772,660.5463619,300.7380975,693.1771618,525.4407517,526.3966199,404.8920962,186.6029387,435.984419,314.4798953,207.205014,146.4497588,70.81470595,168.8583232,108.103068,2136.958652,2016.112498,838.764076,1930.499403,1809.653249,2416.768623,2248.024366,929.6279164,2166.872965,1998.128708,2811.378466,2592.392796,1079.786209,2505.916578,2286.930907,293.9444696,320.6251605,367.3316724,308.5190296,343.6565975,400.9375748,236.3005769,265.3461584,311.5169613,120.8461545,168.7442565,218.9856705
"312",312,312,2020,93.7155535344656,"Freirina",100,-71.0926173,-28.4999353,82,2.608955733,338.1985905,1,0.75,4,32,0.400332207,0.628198922,0.195194378,0.53432412,0.64804256,0.289419889,0.133991913,0.019843638,0.094225511,828.282772,660.5463619,300.7380975,693.1771618,525.4407517,526.3966199,404.8920962,186.6029387,435.984419,314.4798953,207.205014,146.4497588,70.81470595,168.8583232,108.103068,2136.958652,2016.112498,838.764076,1930.499403,1809.653249,2416.768623,2248.024366,929.6279164,2166.872965,1998.128708,2811.378466,2592.392796,1079.786209,2505.916578,2286.930907,293.9444696,320.6251605,367.3316724,308.5190296,343.6565975,400.9375748,236.3005769,265.3461584,311.5169613,120.8461545,168.7442565,218.9856705
"313",313,313,2020,89.5716329563545,"Freirina",100,-71.09266979,-28.50000667,83,0.342805543,315,1.125,1.125,2,32,0.410126584,0.624696136,0.197829038,0.545716325,0.646472394,0.292363077,0.135589741,0.021776259,0.094534039,828.282772,660.5463619,300.7380975,693.1771618,525.4407517,526.3966199,404.8920962,186.6029387,435.984419,314.4798953,207.205014,146.4497588,70.81470595,168.8583232,108.103068,2136.958652,2016.112498,838.764076,1930.499403,1809.653249,2416.768623,2248.024366,929.6279164,2166.872965,1998.128708,2811.378466,2592.392796,1079.786209,2505.916578,2286.930907,293.9444696,320.6251605,367.3316724,308.5190296,343.6565975,400.9375748,236.3005769,265.3461584,311.5169613,120.8461545,168.7442565,218.9856705
"314",314,314,2020,103.536538738095,"Freirina",100,-71.09251519,-28.49993687,82,2.608955733,338.1985905,1,0.75,4,32,0.391231044,0.594202936,0.188822582,0.522035139,0.641421974,0.280515999,0.130804095,0.047219038,0.091693416,828.282772,660.5463619,300.7380975,693.1771618,525.4407517,526.3966199,404.8920962,186.6029387,435.984419,314.4798953,207.205014,146.4497588,70.81470595,168.8583232,108.103068,2136.958652,2016.112498,838.764076,1930.499403,1809.653249,2416.768623,2248.024366,929.6279164,2166.872965,1998.128708,2811.378466,2592.392796,1079.786209,2505.916578,2286.930907,293.9444696,320.6251605,367.3316724,308.5190296,343.6565975,400.9375748,236.3005769,265.3461584,311.5169613,120.8461545,168.7442565,218.9856705
"315",315,315,2020,90.3512870000001,"Freirina",100,-71.09250231,-28.49980172,82,2.608955733,338.1985905,1,0.75,4,32,0.41434602,0.639921725,0.199864328,0.565433863,0.664901674,0.30529955,0.151087843,0.024979949,0.105435222,828.282772,660.5463619,300.7380975,693.1771618,525.4407517,526.3966199,404.8920962,186.6029387,435.984419,314.4798953,207.205014,146.4497588,70.81470595,168.8583232,108.103068,2136.958652,2016.112498,838.764076,1930.499403,1809.653249,2416.768623,2248.024366,929.6279164,2166.872965,1998.128708,2811.378466,2592.392796,1079.786209,2505.916578,2286.930907,293.9444696,320.6251605,367.3316724,308.5190296,343.6565975,400.9375748,236.3005769,265.3461584,311.5169613,120.8461545,168.7442565,218.9856705
"316",316,316,2020,92.051335502886,"Freirina",100,-71.09245968,-28.49971214,82,2.608955733,338.1985905,1,0.75,4,32,0.433104617,0.624696136,0.206628472,0.564397905,0.664933145,0.308391601,0.131293288,0.04023701,0.101763129,828.282772,660.5463619,300.7380975,693.1771618,525.4407517,526.3966199,404.8920962,186.6029387,435.984419,314.4798953,207.205014,146.4497588,70.81470595,168.8583232,108.103068,2136.958652,2016.112498,838.764076,1930.499403,1809.653249,2416.768623,2248.024366,929.6279164,2166.872965,1998.128708,2811.378466,2592.392796,1079.786209,2505.916578,2286.930907,293.9444696,320.6251605,367.3316724,308.5190296,343.6565975,400.9375748,236.3005769,265.3461584,311.5169613,120.8461545,168.7442565,218.9856705
"317",317,317,2020,88.2416441710185,"Freirina",100,-71.09241688,-28.49961354,80,2.740385528,315,1.25,-0.5,4,32,0.39311517,0.596687794,0.188698485,0.562261515,0.657100856,0.308448553,0.169146345,0.060413063,0.119750068,828.282772,660.5463619,300.7380975,693.1771618,525.4407517,526.3966199,404.8920962,186.6029387,435.984419,314.4798953,207.205014,146.4497588,70.81470595,168.8583232,108.103068,2136.958652,2016.112498,838.764076,1930.499403,1809.653249,2416.768623,2248.024366,929.6279164,2166.872965,1998.128708,2811.378466,2592.392796,1079.786209,2505.916578,2286.930907,293.9444696,320.6251605,367.3316724,308.5190296,343.6565975,400.9375748,236.3005769,265.3461584,311.5169613,120.8461545,168.7442565,218.9856705
"318",318,318,2020,91.0756389478382,"Freirina",100,-71.09239539,-28.49955973,80,2.740385528,315,1.25,-0.5,4,32,0.383731186,0.605951786,0.179289445,0.572749066,0.666908562,0.316816062,0.18901788,0.060956776,0.137526616,828.282772,660.5463619,300.7380975,693.1771618,525.4407517,526.3966199,404.8920962,186.6029387,435.984419,314.4798953,207.205014,146.4497588,70.81470595,168.8583232,108.103068,2136.958652,2016.112498,838.764076,1930.499403,1809.653249,2416.768623,2248.024366,929.6279164,2166.872965,1998.128708,2811.378466,2592.392796,1079.786209,2505.916578,2286.930907,293.9444696,320.6251605,367.3316724,308.5190296,343.6565975,400.9375748,236.3005769,265.3461584,311.5169613,120.8461545,168.7442565,218.9856705
"319",319,319,2020,90.8914014224431,"Freirina",100,-71.09237372,-28.4994969,80,2.740385528,315,1.25,-0.5,4,32,0.383731186,0.605951786,0.179289445,0.572749066,0.666908562,0.316816062,0.18901788,0.060956776,0.137526616,828.282772,660.5463619,300.7380975,693.1771618,525.4407517,526.3966199,404.8920962,186.6029387,435.984419,314.4798953,207.205014,146.4497588,70.81470595,168.8583232,108.103068,2136.958652,2016.112498,838.764076,1930.499403,1809.653249,2416.768623,2248.024366,929.6279164,2166.872965,1998.128708,2811.378466,2592.392796,1079.786209,2505.916578,2286.930907,293.9444696,320.6251605,367.3316724,308.5190296,343.6565975,400.9375748,236.3005769,265.3461584,311.5169613,120.8461545,168.7442565,218.9856705
"320",320,320,2020,85.2752380952382,"Freirina",100,-71.09235188,-28.49942505,81,2.298403281,288.4349488,1,0.25,3,32,0.405728939,0.626917362,0.193963751,0.577169871,0.674435318,0.322007298,0.171440932,0.047517955,0.128043547,828.282772,660.5463619,300.7380975,693.1771618,525.4407517,526.3966199,404.8920962,186.6029387,435.984419,314.4798953,207.205014,146.4497588,70.81470595,168.8583232,108.103068,2136.958652,2016.112498,838.764076,1930.499403,1809.653249,2416.768623,2248.024366,929.6279164,2166.872965,1998.128708,2811.378466,2592.392796,1079.786209,2505.916578,2286.930907,293.9444696,320.6251605,367.3316724,308.5190296,343.6565975,400.9375748,236.3005769,265.3461584,311.5169613,120.8461545,168.7442565,218.9856705
"321",321,321,2020,85.7977448168499,"Freirina",100,-71.0923406,-28.49937109,81,2.298403281,288.4349488,1,0.25,3,32,0.442404027,0.635589242,0.214981079,0.565726079,0.66301167,0.31191501,0.123322052,0.027422428,0.096933931,828.282772,660.5463619,300.7380975,693.1771618,525.4407517,526.3966199,404.8920962,186.6029387,435.984419,314.4798953,207.205014,146.4497588,70.81470595,168.8583232,108.103068,2136.958652,2016.112498,838.764076,1930.499403,1809.653249,2416.768623,2248.024366,929.6279164,2166.872965,1998.128708,2811.378466,2592.392796,1079.786209,2505.916578,2286.930907,293.9444696,320.6251605,367.3316724,308.5190296,343.6565975,400.9375748,236.3005769,265.3461584,311.5169613,120.8461545,168.7442565,218.9856705
"322",322,322,2020,85.879670484127,"Freirina",100,-71.09231893,-28.49930826,81,2.298403281,288.4349488,1,0.25,3,32,0.442404027,0.635589242,0.214981079,0.565726079,0.66301167,0.31191501,0.123322052,0.027422428,0.096933931,828.282772,660.5463619,300.7380975,693.1771618,525.4407517,526.3966199,404.8920962,186.6029387,435.984419,314.4798953,207.205014,146.4497588,70.81470595,168.8583232,108.103068,2136.958652,2016.112498,838.764076,1930.499403,1809.653249,2416.768623,2248.024366,929.6279164,2166.872965,1998.128708,2811.378466,2592.392796,1079.786209,2505.916578,2286.930907,293.9444696,320.6251605,367.3316724,308.5190296,343.6565975,400.9375748,236.3005769,265.3461584,311.5169613,120.8461545,168.7442565,218.9856705
"323",323,323,2020,86.9703673809524,"Freirina",100,-71.09229708,-28.49923641,81,2.298403281,288.4349488,1,0.25,3,32,0.370926383,0.589808941,0.196546361,0.582403576,0.667450428,0.336794883,0.211477193,0.077641487,0.140248522,828.282772,660.5463619,300.7380975,693.1771618,525.4407517,526.3966199,404.8920962,186.6029387,435.984419,314.4798953,207.205014,146.4497588,70.81470595,168.8583232,108.103068,2136.958652,2016.112498,838.764076,1930.499403,1809.653249,2416.768623,2248.024366,929.6279164,2166.872965,1998.128708,2811.378466,2592.392796,1079.786209,2505.916578,2286.930907,293.9444696,320.6251605,367.3316724,308.5190296,343.6565975,400.9375748,236.3005769,265.3461584,311.5169613,120.8461545,168.7442565,218.9856705
"324",324,324,2020,81.1855309761905,"Freirina",100,-71.09227506,-28.49915554,80,3.15734881,302.4711923,1.25,-0.25,4,32,0.317503393,0.548644304,0.176648214,0.538416242,0.656418383,0.326723814,0.220912849,0.107774079,0.1500756,828.282772,660.5463619,300.7380975,693.1771618,525.4407517,526.3966199,404.8920962,186.6029387,435.984419,314.4798953,207.205014,146.4497588,70.81470595,168.8583232,108.103068,2136.958652,2016.112498,838.764076,1930.499403,1809.653249,2416.768623,2248.024366,929.6279164,2166.872965,1998.128708,2811.378466,2592.392796,1079.786209,2505.916578,2286.930907,293.9444696,320.6251605,367.3316724,308.5190296,343.6565975,400.9375748,236.3005769,265.3461584,311.5169613,120.8461545,168.7442565,218.9856705
"325",325,325,2020,82.0521016097792,"Freirina",100,-71.0921733,-28.49917515,80,3.15734881,302.4711923,1.25,-0.25,4,32,0.36886393,0.578649402,0.200967893,0.486266205,0.624546349,0.29068926,0.117402275,0.045896947,0.089721367,828.282772,660.5463619,300.7380975,693.1771618,525.4407517,526.3966199,404.8920962,186.6029387,435.984419,314.4798953,207.205014,146.4497588,70.81470595,168.8583232,108.103068,2136.958652,2016.112498,838.764076,1930.499403,1809.653249,2416.768623,2248.024366,929.6279164,2166.872965,1998.128708,2811.378466,2592.392796,1079.786209,2505.916578,2286.930907,293.9444696,320.6251605,367.3316724,308.5190296,343.6565975,400.9375748,236.3005769,265.3461584,311.5169613,120.8461545,168.7442565,218.9856705
"326",326,326,2020,81.8595168333334,"Freirina",100,-71.09220518,-28.49923782,81,2.298403281,288.4349488,1,0.25,3,32,0.347842114,0.55953908,0.18343924,0.576146199,0.666440666,0.331999004,0.228304085,0.106901586,0.148559764,828.282772,660.5463619,300.7380975,693.1771618,525.4407517,526.3966199,404.8920962,186.6029387,435.984419,314.4798953,207.205014,146.4497588,70.81470595,168.8583232,108.103068,2136.958652,2016.112498,838.764076,1930.499403,1809.653249,2416.768623,2248.024366,929.6279164,2166.872965,1998.128708,2811.378466,2592.392796,1079.786209,2505.916578,2286.930907,293.9444696,320.6251605,367.3316724,308.5190296,343.6565975,400.9375748,236.3005769,265.3461584,311.5169613,120.8461545,168.7442565,218.9856705
"327",327,327,2020,80.7243332352942,"Freirina",100,-71.09223742,-28.49931854,81,2.298403281,288.4349488,1,0.25,3,32,0.383399193,0.570210874,0.193227082,0.567134249,0.653859675,0.318613946,0.183735056,0.083648801,0.125386864,828.282772,660.5463619,300.7380975,693.1771618,525.4407517,526.3966199,404.8920962,186.6029387,435.984419,314.4798953,207.205014,146.4497588,70.81470595,168.8583232,108.103068,2136.958652,2016.112498,838.764076,1930.499403,1809.653249,2416.768623,2248.024366,929.6279164,2166.872965,1998.128708,2811.378466,2592.392796,1079.786209,2505.916578,2286.930907,293.9444696,320.6251605,367.3316724,308.5190296,343.6565975,400.9375748,236.3005769,265.3461584,311.5169613,120.8461545,168.7442565,218.9856705
"328",328,328,2020,80.8202648021978,"Freirina",100,-71.09225926,-28.49939039,81,2.298403281,288.4349488,1,0.25,3,32,0.383399193,0.570210874,0.193227082,0.567134249,0.653859675,0.318613946,0.183735056,0.083648801,0.125386864,828.282772,660.5463619,300.7380975,693.1771618,525.4407517,526.3966199,404.8920962,186.6029387,435.984419,314.4798953,207.205014,146.4497588,70.81470595,168.8583232,108.103068,2136.958652,2016.112498,838.764076,1930.499403,1809.653249,2416.768623,2248.024366,929.6279164,2166.872965,1998.128708,2811.378466,2592.392796,1079.786209,2505.916578,2286.930907,293.9444696,320.6251605,367.3316724,308.5190296,343.6565975,400.9375748,236.3005769,265.3461584,311.5169613,120.8461545,168.7442565,218.9856705
"329",329,329,2020,83.1325991758242,"Freirina",100,-71.09228075,-28.4994442,81,2.298403281,288.4349488,1,0.25,3,32,0.336948086,0.553555369,0.172118172,0.596277273,0.666331649,0.34339574,0.259329187,0.112776279,0.171277568,828.282772,660.5463619,300.7380975,693.1771618,525.4407517,526.3966199,404.8920962,186.6029387,435.984419,314.4798953,207.205014,146.4497588,70.81470595,168.8583232,108.103068,2136.958652,2016.112498,838.764076,1930.499403,1809.653249,2416.768623,2248.024366,929.6279164,2166.872965,1998.128708,2811.378466,2592.392796,1079.786209,2505.916578,2286.930907,293.9444696,320.6251605,367.3316724,308.5190296,343.6565975,400.9375748,236.3005769,265.3461584,311.5169613,120.8461545,168.7442565,218.9856705
"330",330,330,2020,83.9082816269841,"Freirina",100,-71.09229274,-28.49953424,81,1.747450997,303.6900675,0.875,-0.375,2,16,0.322169068,0.548085928,0.161427811,0.584356825,0.666779995,0.33506301,0.262187757,0.118694067,0.1736352,828.282772,660.5463619,300.7380975,693.1771618,525.4407517,526.3966199,404.8920962,186.6029387,435.984419,314.4798953,207.205014,146.4497588,70.81470595,168.8583232,108.103068,2136.958652,2016.112498,838.764076,1930.499403,1809.653249,2416.768623,2248.024366,929.6279164,2166.872965,1998.128708,2811.378466,2592.392796,1079.786209,2505.916578,2286.930907,293.9444696,320.6251605,367.3316724,308.5190296,343.6565975,400.9375748,236.3005769,265.3461584,311.5169613,120.8461545,168.7442565,218.9856705
"331",331,331,2020,83.9316935952381,"Freirina",100,-71.09232445,-28.4995879,81,1.747450997,303.6900675,0.875,-0.375,2,16,0.393995397,0.618230641,0.178576425,0.549855481,0.658932745,0.293898046,0.155860084,0.040702105,0.115321621,828.282772,660.5463619,300.7380975,693.1771618,525.4407517,526.3966199,404.8920962,186.6029387,435.984419,314.4798953,207.205014,146.4497588,70.81470595,168.8583232,108.103068,2136.958652,2016.112498,838.764076,1930.499403,1809.653249,2416.768623,2248.024366,929.6279164,2166.872965,1998.128708,2811.378466,2592.392796,1079.786209,2505.916578,2286.930907,293.9444696,320.6251605,367.3316724,308.5190296,343.6565975,400.9375748,236.3005769,265.3461584,311.5169613,120.8461545,168.7442565,218.9856705
"332",332,332,2020,84.5486435952381,"Freirina",100,-71.09236707,-28.49967747,81,1.747450997,303.6900675,0.875,-0.375,2,16,0.394145076,0.60292685,0.189411432,0.561546652,0.664901674,0.303683341,0.167401576,0.061974823,0.114271909,828.282772,660.5463619,300.7380975,693.1771618,525.4407517,526.3966199,404.8920962,186.6029387,435.984419,314.4798953,207.205014,146.4497588,70.81470595,168.8583232,108.103068,2136.958652,2016.112498,838.764076,1930.499403,1809.653249,2416.768623,2248.024366,929.6279164,2166.872965,1998.128708,2811.378466,2592.392796,1079.786209,2505.916578,2286.930907,293.9444696,320.6251605,367.3316724,308.5190296,343.6565975,400.9375748,236.3005769,265.3461584,311.5169613,120.8461545,168.7442565,218.9856705
"333",333,333,2020,91.4858253734044,"Freirina",100,-71.09237888,-28.4997585,82,2.608955733,338.1985905,1,0.75,4,32,0.427762069,0.619091332,0.212220609,0.558097955,0.66526556,0.30030781,0.130335886,0.046174228,0.088087201,828.282772,660.5463619,300.7380975,693.1771618,525.4407517,526.3966199,404.8920962,186.6029387,435.984419,314.4798953,207.205014,146.4497588,70.81470595,168.8583232,108.103068,2136.958652,2016.112498,838.764076,1930.499403,1809.653249,2416.768623,2248.024366,929.6279164,2166.872965,1998.128708,2811.378466,2592.392796,1079.786209,2505.916578,2286.930907,293.9444696,320.6251605,367.3316724,308.5190296,343.6565975,400.9375748,236.3005769,265.3461584,311.5169613,120.8461545,168.7442565,218.9856705
"334",334,334,2020,91.4362621984127,"Freirina",100,-71.0923907,-28.49983953,82,2.608955733,338.1985905,1,0.75,4,32,0.427762069,0.619091332,0.212220609,0.558097955,0.66526556,0.30030781,0.130335886,0.046174228,0.088087201,828.282772,660.5463619,300.7380975,693.1771618,525.4407517,526.3966199,404.8920962,186.6029387,435.984419,314.4798953,207.205014,146.4497588,70.81470595,168.8583232,108.103068,2136.958652,2016.112498,838.764076,1930.499403,1809.653249,2416.768623,2248.024366,929.6279164,2166.872965,1998.128708,2811.378466,2592.392796,1079.786209,2505.916578,2286.930907,293.9444696,320.6251605,367.3316724,308.5190296,343.6565975,400.9375748,236.3005769,265.3461584,311.5169613,120.8461545,168.7442565,218.9856705
"335",335,335,2020,100.172573908758,"Freirina",100,-71.09240304,-28.49994762,82,2.608955733,338.1985905,1,0.75,4,32,0.369839924,0.586341441,0.178600475,0.528988138,0.639382243,0.283335477,0.159148214,0.053040802,0.104735002,828.282772,660.5463619,300.7380975,693.1771618,525.4407517,526.3966199,404.8920962,186.6029387,435.984419,314.4798953,207.205014,146.4497588,70.81470595,168.8583232,108.103068,2136.958652,2016.112498,838.764076,1930.499403,1809.653249,2416.768623,2248.024366,929.6279164,2166.872965,1998.128708,2811.378466,2592.392796,1079.786209,2505.916578,2286.930907,293.9444696,320.6251605,367.3316724,308.5190296,343.6565975,400.9375748,236.3005769,265.3461584,311.5169613,120.8461545,168.7442565,218.9856705
"336",336,336,2020,82.3767372756552,"Freirina",100,-71.09245606,-28.50004606,83,0.342805543,315,1.125,1.125,2,32,0.345991566,0.529242575,0.166892812,0.474216384,0.618202031,0.264905244,0.128224818,0.088959455,0.098012432,828.282772,660.5463619,300.7380975,693.1771618,525.4407517,526.3966199,404.8920962,186.6029387,435.984419,314.4798953,207.205014,146.4497588,70.81470595,168.8583232,108.103068,2136.958652,2016.112498,838.764076,1930.499403,1809.653249,2416.768623,2248.024366,929.6279164,2166.872965,1998.128708,2811.378466,2592.392796,1079.786209,2505.916578,2286.930907,293.9444696,320.6251605,367.3316724,308.5190296,343.6565975,400.9375748,236.3005769,265.3461584,311.5169613,120.8461545,168.7442565,218.9856705
"337",337,337,2020,104.698961341401,"Freirina",100,-71.09233192,-28.49996676,82,1.235826027,348.6900675,0.5,0.25,3,32,0.369839924,0.586341441,0.178600475,0.528988138,0.639382243,0.283335477,0.159148214,0.053040802,0.104735002,828.282772,660.5463619,300.7380975,693.1771618,525.4407517,526.3966199,404.8920962,186.6029387,435.984419,314.4798953,207.205014,146.4497588,70.81470595,168.8583232,108.103068,2136.958652,2016.112498,838.764076,1930.499403,1809.653249,2416.768623,2248.024366,929.6279164,2166.872965,1998.128708,2811.378466,2592.392796,1079.786209,2505.916578,2286.930907,293.9444696,320.6251605,367.3316724,308.5190296,343.6565975,400.9375748,236.3005769,265.3461584,311.5169613,120.8461545,168.7442565,218.9856705
"338",338,338,2020,99.0139335719281,"Freirina",100,-71.09229808,-28.49980486,82,1.235826027,348.6900675,0.5,0.25,3,32,0.410569121,0.608715832,0.203083113,0.537854322,0.651637793,0.288750499,0.127285201,0.04292196,0.085667387,828.282772,660.5463619,300.7380975,693.1771618,525.4407517,526.3966199,404.8920962,186.6029387,435.984419,314.4798953,207.205014,146.4497588,70.81470595,168.8583232,108.103068,2136.958652,2016.112498,838.764076,1930.499403,1809.653249,2416.768623,2248.024366,929.6279164,2166.872965,1998.128708,2811.378466,2592.392796,1079.786209,2505.916578,2286.930907,293.9444696,320.6251605,367.3316724,308.5190296,343.6565975,400.9375748,236.3005769,265.3461584,311.5169613,120.8461545,168.7442565,218.9856705
"339",339,339,2020,82.6070491204907,"Freirina",100,-71.09226531,-28.49969709,81,1.747450997,303.6900675,0.875,-0.375,2,16,0.409390462,0.624110162,0.200726986,0.556094203,0.656468868,0.30540061,0.146703741,0.032358706,0.104673624,828.282772,660.5463619,300.7380975,693.1771618,525.4407517,526.3966199,404.8920962,186.6029387,435.984419,314.4798953,207.205014,146.4497588,70.81470595,168.8583232,108.103068,2136.958652,2016.112498,838.764076,1930.499403,1809.653249,2416.768623,2248.024366,929.6279164,2166.872965,1998.128708,2811.378466,2592.392796,1079.786209,2505.916578,2286.930907,293.9444696,320.6251605,367.3316724,308.5190296,343.6565975,400.9375748,236.3005769,265.3461584,311.5169613,120.8461545,168.7442565,218.9856705
"340",340,340,2020,78.3660083968254,"Freirina",100,-71.0922123,-28.49959865,81,1.747450997,303.6900675,0.875,-0.375,2,16,0.352396961,0.578017652,0.170371369,0.546054896,0.648017824,0.29916209,0.193657935,0.070000172,0.128790721,828.282772,660.5463619,300.7380975,693.1771618,525.4407517,526.3966199,404.8920962,186.6029387,435.984419,314.4798953,207.205014,146.4497588,70.81470595,168.8583232,108.103068,2136.958652,2016.112498,838.764076,1930.499403,1809.653249,2416.768623,2248.024366,929.6279164,2166.872965,1998.128708,2811.378466,2592.392796,1079.786209,2505.916578,2286.930907,293.9444696,320.6251605,367.3316724,308.5190296,343.6565975,400.9375748,236.3005769,265.3461584,311.5169613,120.8461545,168.7442565,218.9856705
"341",341,341,2020,79.2991902857143,"Freirina",100,-71.0921901,-28.49950876,81,1.747450997,303.6900675,0.875,-0.375,2,16,0.329297833,0.555975497,0.163680136,0.545392483,0.656787395,0.302269846,0.21609465,0.100811899,0.13858971,828.282772,660.5463619,300.7380975,693.1771618,525.4407517,526.3966199,404.8920962,186.6029387,435.984419,314.4798953,207.205014,146.4497588,70.81470595,168.8583232,108.103068,2136.958652,2016.112498,838.764076,1930.499403,1809.653249,2416.768623,2248.024366,929.6279164,2166.872965,1998.128708,2811.378466,2592.392796,1079.786209,2505.916578,2286.930907,293.9444696,320.6251605,367.3316724,308.5190296,343.6565975,400.9375748,236.3005769,265.3461584,311.5169613,120.8461545,168.7442565,218.9856705
"342",342,342,2020,81.412221931624,"Freirina",100,-71.09215786,-28.49942804,81,2.298403281,288.4349488,1,0.25,3,32,0.338976195,0.549440324,0.168627173,0.572254331,0.663309336,0.317907065,0.233278136,0.113869011,0.149279892,828.282772,660.5463619,300.7380975,693.1771618,525.4407517,526.3966199,404.8920962,186.6029387,435.984419,314.4798953,207.205014,146.4497588,70.81470595,168.8583232,108.103068,2136.958652,2016.112498,838.764076,1930.499403,1809.653249,2416.768623,2248.024366,929.6279164,2166.872965,1998.128708,2811.378466,2592.392796,1079.786209,2505.916578,2286.930907,293.9444696,320.6251605,367.3316724,308.5190296,343.6565975,400.9375748,236.3005769,265.3461584,311.5169613,120.8461545,168.7442565,218.9856705
"343",343,343,2020,78.0054459795759,"Freirina",100,-71.09213566,-28.49933815,81,2.298403281,288.4349488,1,0.25,3,32,0.33687807,0.555457354,0.174308911,0.561040671,0.661341846,0.315453857,0.224162601,0.105884492,0.141144946,828.282772,660.5463619,300.7380975,693.1771618,525.4407517,526.3966199,404.8920962,186.6029387,435.984419,314.4798953,207.205014,146.4497588,70.81470595,168.8583232,108.103068,2136.958652,2016.112498,838.764076,1930.499403,1809.653249,2416.768623,2248.024366,929.6279164,2166.872965,1998.128708,2811.378466,2592.392796,1079.786209,2505.916578,2286.930907,293.9444696,320.6251605,367.3316724,308.5190296,343.6565975,400.9375748,236.3005769,265.3461584,311.5169613,120.8461545,168.7442565,218.9856705
"344",344,344,2020,81.031556008547,"Freirina",100,-71.09211363,-28.49925728,81,2.298403281,288.4349488,1,0.25,3,32,0.347842114,0.55953908,0.18343924,0.576146199,0.666440666,0.331999004,0.228304085,0.106901586,0.148559764,828.282772,660.5463619,300.7380975,693.1771618,525.4407517,526.3966199,404.8920962,186.6029387,435.984419,314.4798953,207.205014,146.4497588,70.81470595,168.8583232,108.103068,2136.958652,2016.112498,838.764076,1930.499403,1809.653249,2416.768623,2248.024366,929.6279164,2166.872965,1998.128708,2811.378466,2592.392796,1079.786209,2505.916578,2286.930907,293.9444696,320.6251605,367.3316724,308.5190296,343.6565975,400.9375748,236.3005769,265.3461584,311.5169613,120.8461545,168.7442565,218.9856705
"345",345,345,2020,82.6740296626984,"Freirina",100,-71.09209179,-28.49918543,81,2.298403281,288.4349488,1,0.25,3,32,0.335875225,0.584703982,0.184337348,0.459295251,0.616963983,0.273516625,0.123420026,0.032260001,0.089179277,828.282772,660.5463619,300.7380975,693.1771618,525.4407517,526.3966199,404.8920962,186.6029387,435.984419,314.4798953,207.205014,146.4497588,70.81470595,168.8583232,108.103068,2136.958652,2016.112498,838.764076,1930.499403,1809.653249,2416.768623,2248.024366,929.6279164,2166.872965,1998.128708,2811.378466,2592.392796,1079.786209,2505.916578,2286.930907,293.9444696,320.6251605,367.3316724,308.5190296,343.6565975,400.9375748,236.3005769,265.3461584,311.5169613,120.8461545,168.7442565,218.9856705
"346",346,346,2020,84.0527331746032,"Freirina",100,-71.09173624,-28.49876681,82,2.298403281,288.4349488,1,0.25,3,32,0.34882082,0.54329443,0.189580396,0.398477155,0.546666622,0.231108934,0.049656335,0.003372192,0.041528538,828.282772,660.5463619,300.7380975,693.1771618,525.4407517,526.3966199,404.8920962,186.6029387,435.984419,314.4798953,207.205014,146.4497588,70.81470595,168.8583232,108.103068,2136.958652,2016.112498,838.764076,1930.499403,1809.653249,2416.768623,2248.024366,929.6279164,2166.872965,1998.128708,2811.378466,2592.392796,1079.786209,2505.916578,2286.930907,293.9444696,320.6251605,367.3316724,308.5190296,343.6565975,400.9375748,236.3005769,265.3461584,311.5169613,120.8461545,168.7442565,218.9856705
"347",347,347,2020,81.906703531746,"Freirina",100,-71.09176865,-28.49885654,81,1.532725565,288.4349488,1.125,1.125,3,32,0.288101602,0.542834282,0.16178678,0.497457364,0.611719251,0.29899317,0.209355762,0.068884969,0.137206391,828.282772,660.5463619,300.7380975,693.1771618,525.4407517,526.3966199,404.8920962,186.6029387,435.984419,314.4798953,207.205014,146.4497588,70.81470595,168.8583232,108.103068,2136.958652,2016.112498,838.764076,1930.499403,1809.653249,2416.768623,2248.024366,929.6279164,2166.872965,1998.128708,2811.378466,2592.392796,1079.786209,2505.916578,2286.930907,293.9444696,320.6251605,367.3316724,308.5190296,343.6565975,400.9375748,236.3005769,265.3461584,311.5169613,120.8461545,168.7442565,218.9856705
"348",348,348,2020,80.7959929274892,"Freirina",100,-71.09179086,-28.49894643,82,1.532725565,288.4349488,1.125,1.125,3,32,0.345095261,0.543944955,0.187260643,0.490930696,0.628450811,0.29612577,0.145835435,0.084505856,0.108865127,828.282772,660.5463619,300.7380975,693.1771618,525.4407517,526.3966199,404.8920962,186.6029387,435.984419,314.4798953,207.205014,146.4497588,70.81470595,168.8583232,108.103068,2136.958652,2016.112498,838.764076,1930.499403,1809.653249,2416.768623,2248.024366,929.6279164,2166.872965,1998.128708,2811.378466,2592.392796,1079.786209,2505.916578,2286.930907,293.9444696,320.6251605,367.3316724,308.5190296,343.6565975,400.9375748,236.3005769,265.3461584,311.5169613,120.8461545,168.7442565,218.9856705
"349",349,349,2020,76.598113930736,"Freirina",100,-71.09182327,-28.49903617,82,1.532725565,288.4349488,1.125,1.125,3,32,0.220177675,0.490120143,0.127698734,0.544827576,0.639024377,0.335377336,0.324649901,0.148904234,0.207678601,828.282772,660.5463619,300.7380975,693.1771618,525.4407517,526.3966199,404.8920962,186.6029387,435.984419,314.4798953,207.205014,146.4497588,70.81470595,168.8583232,108.103068,2136.958652,2016.112498,838.764076,1930.499403,1809.653249,2416.768623,2248.024366,929.6279164,2166.872965,1998.128708,2811.378466,2592.392796,1079.786209,2505.916578,2286.930907,293.9444696,320.6251605,367.3316724,308.5190296,343.6565975,400.9375748,236.3005769,265.3461584,311.5169613,120.8461545,168.7442565,218.9856705
"350",350,350,2020,78.7996897377623,"Freirina",100,-71.09186625,-28.49914379,82,1.532725565,288.4349488,1.125,1.125,3,32,0.254294373,0.493183643,0.142113179,0.585798823,0.656877935,0.354415298,0.33150445,0.163694292,0.212302119,828.282772,660.5463619,300.7380975,693.1771618,525.4407517,526.3966199,404.8920962,186.6029387,435.984419,314.4798953,207.205014,146.4497588,70.81470595,168.8583232,108.103068,2136.958652,2016.112498,838.764076,1930.499403,1809.653249,2416.768623,2248.024366,929.6279164,2166.872965,1998.128708,2811.378466,2592.392796,1079.786209,2505.916578,2286.930907,293.9444696,320.6251605,367.3316724,308.5190296,343.6565975,400.9375748,236.3005769,265.3461584,311.5169613,120.8461545,168.7442565,218.9856705
"351",351,351,2020,82.5441598785305,"Freirina",100,-71.09187789,-28.49921579,82,0.342805543,315,0.75,0.75,2,1,0.254294373,0.493183643,0.142113179,0.585798823,0.656877935,0.354415298,0.33150445,0.163694292,0.212302119,828.282772,660.5463619,300.7380975,693.1771618,525.4407517,526.3966199,404.8920962,186.6029387,435.984419,314.4798953,207.205014,146.4497588,70.81470595,168.8583232,108.103068,2136.958652,2016.112498,838.764076,1930.499403,1809.653249,2416.768623,2248.024366,929.6279164,2166.872965,1998.128708,2811.378466,2592.392796,1079.786209,2505.916578,2286.930907,293.9444696,320.6251605,367.3316724,308.5190296,343.6565975,400.9375748,236.3005769,265.3461584,311.5169613,120.8461545,168.7442565,218.9856705
"352",352,352,2020,85.4221187966905,"Freirina",100,-71.09188916,-28.49926976,82,0.342805543,315,0.75,0.75,2,1,0.231743916,0.449195772,0.130328789,0.612121228,0.670454562,0.375841707,0.380377312,0.221258789,0.245512918,828.282772,660.5463619,300.7380975,693.1771618,525.4407517,526.3966199,404.8920962,186.6029387,435.984419,314.4798953,207.205014,146.4497588,70.81470595,168.8583232,108.103068,2136.958652,2016.112498,838.764076,1930.499403,1809.653249,2416.768623,2248.024366,929.6279164,2166.872965,1998.128708,2811.378466,2592.392796,1079.786209,2505.916578,2286.930907,293.9444696,320.6251605,367.3316724,308.5190296,343.6565975,400.9375748,236.3005769,265.3461584,311.5169613,120.8461545,168.7442565,218.9856705
"353",353,353,2020,82.596602438125,"Freirina",100,-71.09192122,-28.49934145,82,0.342805543,315,0.75,0.75,2,1,0.276656029,0.514285743,0.149750724,0.595443328,0.651896715,0.351721615,0.318787299,0.137610972,0.20197089,828.282772,660.5463619,300.7380975,693.1771618,525.4407517,526.3966199,404.8920962,186.6029387,435.984419,314.4798953,207.205014,146.4497588,70.81470595,168.8583232,108.103068,2136.958652,2016.112498,838.764076,1930.499403,1809.653249,2416.768623,2248.024366,929.6279164,2166.872965,1998.128708,2811.378466,2592.392796,1079.786209,2505.916578,2286.930907,293.9444696,320.6251605,367.3316724,308.5190296,343.6565975,400.9375748,236.3005769,265.3461584,311.5169613,120.8461545,168.7442565,218.9856705
"354",354,354,2020,84.5626886814558,"Freirina",100,-71.09195381,-28.49944021,82,0.342805543,315,0.75,0.75,2,1,0.329258945,0.558441579,0.169729576,0.582873824,0.655359566,0.333477676,0.253614879,0.096917987,0.1637481,828.282772,660.5463619,300.7380975,693.1771618,525.4407517,526.3966199,404.8920962,186.6029387,435.984419,314.4798953,207.205014,146.4497588,70.81470595,168.8583232,108.103068,2136.958652,2016.112498,838.764076,1930.499403,1809.653249,2416.768623,2248.024366,929.6279164,2166.872965,1998.128708,2811.378466,2592.392796,1079.786209,2505.916578,2286.930907,293.9444696,320.6251605,367.3316724,308.5190296,343.6565975,400.9375748,236.3005769,265.3461584,311.5169613,120.8461545,168.7442565,218.9856705
"355",355,355,2020,86.8686930934067,"Freirina",100,-71.09197602,-28.4995301,82,0.766499914,341.5650512,0.5,0.5,2,128,0.360482665,0.574171066,0.187401995,0.574999999,0.658484519,0.32072863,0.214517334,0.084313452,0.133326635,828.282772,660.5463619,300.7380975,693.1771618,525.4407517,526.3966199,404.8920962,186.6029387,435.984419,314.4798953,207.205014,146.4497588,70.81470595,168.8583232,108.103068,2136.958652,2016.112498,838.764076,1930.499403,1809.653249,2416.768623,2248.024366,929.6279164,2166.872965,1998.128708,2811.378466,2592.392796,1079.786209,2505.916578,2286.930907,293.9444696,320.6251605,367.3316724,308.5190296,343.6565975,400.9375748,236.3005769,265.3461584,311.5169613,120.8461545,168.7442565,218.9856705
"356",356,356,2020,86.9456944047619,"Freirina",100,-71.09200843,-28.49961983,82,0.766499914,341.5650512,0.5,0.5,2,128,0.38699185,0.58550185,0.191420898,0.543262403,0.64350456,0.293861896,0.156270553,0.05800271,0.102440998,828.282772,660.5463619,300.7380975,693.1771618,525.4407517,526.3966199,404.8920962,186.6029387,435.984419,314.4798953,207.205014,146.4497588,70.81470595,168.8583232,108.103068,2136.958652,2016.112498,838.764076,1930.499403,1809.653249,2416.768623,2248.024366,929.6279164,2166.872965,1998.128708,2811.378466,2592.392796,1079.786209,2505.916578,2286.930907,293.9444696,320.6251605,367.3316724,308.5190296,343.6565975,400.9375748,236.3005769,265.3461584,311.5169613,120.8461545,168.7442565,218.9856705
"357",357,357,2020,87.5065245841381,"Freirina",100,-71.09204067,-28.49970055,82,0.766499914,341.5650512,0.5,0.5,2,128,0.432715554,0.628951013,0.215316758,0.571173744,0.658132553,0.307766259,0.13845819,0.02918154,0.092449501,828.282772,660.5463619,300.7380975,693.1771618,525.4407517,526.3966199,404.8920962,186.6029387,435.984419,314.4798953,207.205014,146.4497588,70.81470595,168.8583232,108.103068,2136.958652,2016.112498,838.764076,1930.499403,1809.653249,2416.768623,2248.024366,929.6279164,2166.872965,1998.128708,2811.378466,2592.392796,1079.786209,2505.916578,2286.930907,293.9444696,320.6251605,367.3316724,308.5190296,343.6565975,400.9375748,236.3005769,265.3461584,311.5169613,120.8461545,168.7442565,218.9856705
"358",358,358,2020,83.8640346666807,"Freirina",100,-71.09206269,-28.49978142,82,0.685586544,315,0.25,0,2,32,0.369261451,0.588698506,0.18487674,0.557147976,0.653729081,0.299383909,0.187886525,0.065030575,0.114507169,828.282772,660.5463619,300.7380975,693.1771618,525.4407517,526.3966199,404.8920962,186.6029387,435.984419,314.4798953,207.205014,146.4497588,70.81470595,168.8583232,108.103068,2136.958652,2016.112498,838.764076,1930.499403,1809.653249,2416.768623,2248.024366,929.6279164,2166.872965,1998.128708,2811.378466,2592.392796,1079.786209,2505.916578,2286.930907,293.9444696,320.6251605,367.3316724,308.5190296,343.6565975,400.9375748,236.3005769,265.3461584,311.5169613,120.8461545,168.7442565,218.9856705
"359",359,359,2020,89.5537424227995,"Freirina",100,-71.09210531,-28.49987099,82,1.235826027,348.6900675,0.5,0.25,3,32,0.365573787,0.576159,0.179838717,0.541172253,0.644666195,0.290129811,0.175598466,0.068507195,0.110291094,828.282772,660.5463619,300.7380975,693.1771618,525.4407517,526.3966199,404.8920962,186.6029387,435.984419,314.4798953,207.205014,146.4497588,70.81470595,168.8583232,108.103068,2136.958652,2016.112498,838.764076,1930.499403,1809.653249,2416.768623,2248.024366,929.6279164,2166.872965,1998.128708,2811.378466,2592.392796,1079.786209,2505.916578,2286.930907,293.9444696,320.6251605,367.3316724,308.5190296,343.6565975,400.9375748,236.3005769,265.3461584,311.5169613,120.8461545,168.7442565,218.9856705
"360",360,360,2020,98.8501382272728,"Freirina",100,-71.09212787,-28.49997893,82,1.235826027,348.6900675,0.5,0.25,3,32,0.390313384,0.591798723,0.192905992,0.526257825,0.645289004,0.278324485,0.135944441,0.053490281,0.085418493,828.282772,660.5463619,300.7380975,693.1771618,525.4407517,526.3966199,404.8920962,186.6029387,435.984419,314.4798953,207.205014,146.4497588,70.81470595,168.8583232,108.103068,2136.958652,2016.112498,838.764076,1930.499403,1809.653249,2416.768623,2248.024366,929.6279164,2166.872965,1998.128708,2811.378466,2592.392796,1079.786209,2505.916578,2286.930907,293.9444696,320.6251605,367.3316724,308.5190296,343.6565975,400.9375748,236.3005769,265.3461584,311.5169613,120.8461545,168.7442565,218.9856705
"361",361,361,2020,92.6717496428571,"Freirina",100,-71.09214972,-28.50005078,82,0.766499914,108.4349488,0.25,0,2,2,0.365015995,0.596450269,0.182702571,0.511187604,0.630152285,0.28178367,0.146171609,0.033702016,0.099081099,828.282772,660.5463619,300.7380975,693.1771618,525.4407517,526.3966199,404.8920962,186.6029387,435.984419,314.4798953,207.205014,146.4497588,70.81470595,168.8583232,108.103068,2136.958652,2016.112498,838.764076,1930.499403,1809.653249,2416.768623,2248.024366,929.6279164,2166.872965,1998.128708,2811.378466,2592.392796,1079.786209,2505.916578,2286.930907,293.9444696,320.6251605,367.3316724,308.5190296,343.6565975,400.9375748,236.3005769,265.3461584,311.5169613,120.8461545,168.7442565,218.9856705
"362",362,362,2020,79.5604315929291,"Freirina",100,-71.092058,-28.50006121,82,0.685586544,225,0.25,0,2,4,0.361450538,0.569999993,0.182499677,0.509638146,0.629791915,0.284089476,0.148187608,0.059791923,0.101589799,828.282772,660.5463619,300.7380975,693.1771618,525.4407517,526.3966199,404.8920962,186.6029387,435.984419,314.4798953,207.205014,146.4497588,70.81470595,168.8583232,108.103068,2136.958652,2016.112498,838.764076,1930.499403,1809.653249,2416.768623,2248.024366,929.6279164,2166.872965,1998.128708,2811.378466,2592.392796,1079.786209,2505.916578,2286.930907,293.9444696,320.6251605,367.3316724,308.5190296,343.6565975,400.9375748,236.3005769,265.3461584,311.5169613,120.8461545,168.7442565,218.9856705
"363",363,363,2020,81.9573612824349,"Freirina",100,-71.09200516,-28.49997179,82,0.685586544,315,0.25,0,2,32,0.40878514,0.636029422,0.205858916,0.553540269,0.651464581,0.302593112,0.144755129,0.015435159,0.096734196,828.282772,660.5463619,300.7380975,693.1771618,525.4407517,526.3966199,404.8920962,186.6029387,435.984419,314.4798953,207.205014,146.4497588,70.81470595,168.8583232,108.103068,2136.958652,2016.112498,838.764076,1930.499403,1809.653249,2416.768623,2248.024366,929.6279164,2166.872965,1998.128708,2811.378466,2592.392796,1079.786209,2505.916578,2286.930907,293.9444696,320.6251605,367.3316724,308.5190296,343.6565975,400.9375748,236.3005769,265.3461584,311.5169613,120.8461545,168.7442565,218.9856705
"364",364,364,2020,81.1985096486176,"Freirina",100,-71.09198349,-28.49990896,82,0.685586544,315,0.25,0,2,32,0.421159298,0.622397006,0.208718359,0.555711801,0.652109027,0.302294463,0.134552503,0.029712021,0.093576103,828.282772,660.5463619,300.7380975,693.1771618,525.4407517,526.3966199,404.8920962,186.6029387,435.984419,314.4798953,207.205014,146.4497588,70.81470595,168.8583232,108.103068,2136.958652,2016.112498,838.764076,1930.499403,1809.653249,2416.768623,2248.024366,929.6279164,2166.872965,1998.128708,2811.378466,2592.392796,1079.786209,2505.916578,2286.930907,293.9444696,320.6251605,367.3316724,308.5190296,343.6565975,400.9375748,236.3005769,265.3461584,311.5169613,120.8461545,168.7442565,218.9856705
"365",365,365,2020,83.6060287797191,"Freirina",100,-71.09196093,-28.49980103,82,0.685586544,315,0.25,0,2,32,0.401581043,0.586577237,0.202390447,0.575101511,0.67181325,0.320512831,0.173520468,0.085236013,0.118122384,828.282772,660.5463619,300.7380975,693.1771618,525.4407517,526.3966199,404.8920962,186.6029387,435.984419,314.4798953,207.205014,146.4497588,70.81470595,168.8583232,108.103068,2136.958652,2016.112498,838.764076,1930.499403,1809.653249,2416.768623,2248.024366,929.6279164,2166.872965,1998.128708,2811.378466,2592.392796,1079.786209,2505.916578,2286.930907,293.9444696,320.6251605,367.3316724,308.5190296,343.6565975,400.9375748,236.3005769,265.3461584,311.5169613,120.8461545,168.7442565,218.9856705
"366",366,366,2020,84.8015631139832,"Freirina",100,-71.09192816,-28.49969326,82,0.766499914,341.5650512,0.5,0.5,2,128,0.386169355,0.609382033,0.196857661,0.566018398,0.661237776,0.313768744,0.179849043,0.051855743,0.116911083,828.282772,660.5463619,300.7380975,693.1771618,525.4407517,526.3966199,404.8920962,186.6029387,435.984419,314.4798953,207.205014,146.4497588,70.81470595,168.8583232,108.103068,2136.958652,2016.112498,838.764076,1930.499403,1809.653249,2416.768623,2248.024366,929.6279164,2166.872965,1998.128708,2811.378466,2592.392796,1079.786209,2505.916578,2286.930907,293.9444696,320.6251605,367.3316724,308.5190296,343.6565975,400.9375748,236.3005769,265.3461584,311.5169613,120.8461545,168.7442565,218.9856705
"367",367,367,2020,85.5947095692641,"Freirina",100,-71.09190614,-28.49961238,82,0.766499914,341.5650512,0.5,0.5,2,128,0.36381869,0.579925656,0.181569472,0.542594553,0.638138115,0.294098854,0.178775863,0.058212459,0.112529382,828.282772,660.5463619,300.7380975,693.1771618,525.4407517,526.3966199,404.8920962,186.6029387,435.984419,314.4798953,207.205014,146.4497588,70.81470595,168.8583232,108.103068,2136.958652,2016.112498,838.764076,1930.499403,1809.653249,2416.768623,2248.024366,929.6279164,2166.872965,1998.128708,2811.378466,2592.392796,1079.786209,2505.916578,2286.930907,293.9444696,320.6251605,367.3316724,308.5190296,343.6565975,400.9375748,236.3005769,265.3461584,311.5169613,120.8461545,168.7442565,218.9856705
"368",368,368,2020,82.7655589613998,"Freirina",100,-71.09187408,-28.49954069,82,0.766499914,341.5650512,0.5,0.5,2,128,0.345252289,0.55678159,0.173406944,0.551972541,0.646887541,0.304927349,0.206720252,0.090105951,0.131520405,828.282772,660.5463619,300.7380975,693.1771618,525.4407517,526.3966199,404.8920962,186.6029387,435.984419,314.4798953,207.205014,146.4497588,70.81470595,168.8583232,108.103068,2136.958652,2016.112498,838.764076,1930.499403,1809.653249,2416.768623,2248.024366,929.6279164,2166.872965,1998.128708,2811.378466,2592.392796,1079.786209,2505.916578,2286.930907,293.9444696,320.6251605,367.3316724,308.5190296,343.6565975,400.9375748,236.3005769,265.3461584,311.5169613,120.8461545,168.7442565,218.9856705
"369",369,369,2020,84.3438848837273,"Freirina",100,-71.09184167,-28.49945096,82,0.342805543,315,0.75,0.75,2,1,0.321928461,0.538461566,0.164025351,0.57193895,0.646818697,0.326958776,0.250010489,0.108357131,0.162933424,828.282772,660.5463619,300.7380975,693.1771618,525.4407517,526.3966199,404.8920962,186.6029387,435.984419,314.4798953,207.205014,146.4497588,70.81470595,168.8583232,108.103068,2136.958652,2016.112498,838.764076,1930.499403,1809.653249,2416.768623,2248.024366,929.6279164,2166.872965,1998.128708,2811.378466,2592.392796,1079.786209,2505.916578,2286.930907,293.9444696,320.6251605,367.3316724,308.5190296,343.6565975,400.9375748,236.3005769,265.3461584,311.5169613,120.8461545,168.7442565,218.9856705
"370",370,370,2020,85.4791322072649,"Freirina",100,-71.09180925,-28.49936122,82,0.342805543,315,0.75,0.75,2,1,0.268170427,0.472765088,0.14416784,0.603830035,0.658929169,0.362862617,0.335659608,0.186164081,0.218694776,828.282772,660.5463619,300.7380975,693.1771618,525.4407517,526.3966199,404.8920962,186.6029387,435.984419,314.4798953,207.205014,146.4497588,70.81470595,168.8583232,108.103068,2136.958652,2016.112498,838.764076,1930.499403,1809.653249,2416.768623,2248.024366,929.6279164,2166.872965,1998.128708,2811.378466,2592.392796,1079.786209,2505.916578,2286.930907,293.9444696,320.6251605,367.3316724,308.5190296,343.6565975,400.9375748,236.3005769,265.3461584,311.5169613,120.8461545,168.7442565,218.9856705
"371",371,371,2020,82.5010464688543,"Freirina",100,-71.09179744,-28.49928019,82,0.342805543,315,0.75,0.75,2,1,0.243262166,0.472636789,0.132684231,0.591752579,0.67462039,0.358963668,0.348490413,0.201983601,0.226279438,828.282772,660.5463619,300.7380975,693.1771618,525.4407517,526.3966199,404.8920962,186.6029387,435.984419,314.4798953,207.205014,146.4497588,70.81470595,168.8583232,108.103068,2136.958652,2016.112498,838.764076,1930.499403,1809.653249,2416.768623,2248.024366,929.6279164,2166.872965,1998.128708,2811.378466,2592.392796,1079.786209,2505.916578,2286.930907,293.9444696,320.6251605,367.3316724,308.5190296,343.6565975,400.9375748,236.3005769,265.3461584,311.5169613,120.8461545,168.7442565,218.9856705
"372",372,372,2020,84.9033770726218,"Freirina",100,-71.09177595,-28.49922639,82,0.342805543,315,0.75,0.75,2,1,0.246148793,0.455589592,0.139920503,0.582359811,0.648813188,0.355057001,0.336211018,0.193223596,0.215136498,828.282772,660.5463619,300.7380975,693.1771618,525.4407517,526.3966199,404.8920962,186.6029387,435.984419,314.4798953,207.205014,146.4497588,70.81470595,168.8583232,108.103068,2136.958652,2016.112498,838.764076,1930.499403,1809.653249,2416.768623,2248.024366,929.6279164,2166.872965,1998.128708,2811.378466,2592.392796,1079.786209,2505.916578,2286.930907,293.9444696,320.6251605,367.3316724,308.5190296,343.6565975,400.9375748,236.3005769,265.3461584,311.5169613,120.8461545,168.7442565,218.9856705
"373",373,373,2020,78.9075037301588,"Freirina",100,-71.09175428,-28.49916356,82,1.532725565,288.4349488,1.125,1.125,3,32,0.246148793,0.455589592,0.139920503,0.582359811,0.648813188,0.355057001,0.336211018,0.193223596,0.215136498,828.282772,660.5463619,300.7380975,693.1771618,525.4407517,526.3966199,404.8920962,186.6029387,435.984419,314.4798953,207.205014,146.4497588,70.81470595,168.8583232,108.103068,2136.958652,2016.112498,838.764076,1930.499403,1809.653249,2416.768623,2248.024366,929.6279164,2166.872965,1998.128708,2811.378466,2592.392796,1079.786209,2505.916578,2286.930907,293.9444696,320.6251605,367.3316724,308.5190296,343.6565975,400.9375748,236.3005769,265.3461584,311.5169613,120.8461545,168.7442565,218.9856705
"374",374,374,2020,75.4096870497836,"Freirina",100,-71.0917319,-28.49906464,82,1.028318474,135,0.75,0.75,2,4,0.211124412,0.435152411,0.126917556,0.591588291,0.653348684,0.372300923,0.380463879,0.218196273,0.245383367,828.282772,660.5463619,300.7380975,693.1771618,525.4407517,526.3966199,404.8920962,186.6029387,435.984419,314.4798953,207.205014,146.4497588,70.81470595,168.8583232,108.103068,2136.958652,2016.112498,838.764076,1930.499403,1809.653249,2416.768623,2248.024366,929.6279164,2166.872965,1998.128708,2811.378466,2592.392796,1079.786209,2505.916578,2286.930907,293.9444696,320.6251605,367.3316724,308.5190296,343.6565975,400.9375748,236.3005769,265.3461584,311.5169613,120.8461545,168.7442565,218.9856705
"375",375,375,2020,75.7007219047619,"Freirina",100,-71.09169949,-28.49897491,82,1.028318474,135,0.75,0.75,2,4,0.199999983,0.435879499,0.121746868,0.581674375,0.653835177,0.369158864,0.381674392,0.217955679,0.247411996,828.282772,660.5463619,300.7380975,693.1771618,525.4407517,526.3966199,404.8920962,186.6029387,435.984419,314.4798953,207.205014,146.4497588,70.81470595,168.8583232,108.103068,2136.958652,2016.112498,838.764076,1930.499403,1809.653249,2416.768623,2248.024366,929.6279164,2166.872965,1998.128708,2811.378466,2592.392796,1079.786209,2505.916578,2286.930907,293.9444696,320.6251605,367.3316724,308.5190296,343.6565975,400.9375748,236.3005769,265.3461584,311.5169613,120.8461545,168.7442565,218.9856705
"376",376,376,2020,81.7460476046176,"Freirina",100,-71.09166708,-28.49888517,82,1.028318474,135,0.75,0.75,2,4,0.207621195,0.453625619,0.129711762,0.521951246,0.631709337,0.342833072,0.314330051,0.178083718,0.21312131,828.282772,660.5463619,300.7380975,693.1771618,525.4407517,526.3966199,404.8920962,186.6029387,435.984419,314.4798953,207.205014,146.4497588,70.81470595,168.8583232,108.103068,2136.958652,2016.112498,838.764076,1930.499403,1809.653249,2416.768623,2248.024366,929.6279164,2166.872965,1998.128708,2811.378466,2592.392796,1079.786209,2505.916578,2286.930907,293.9444696,320.6251605,367.3316724,308.5190296,343.6565975,400.9375748,236.3005769,265.3461584,311.5169613,120.8461545,168.7442565,218.9856705
"377",377,377,2020,74.2445732509158,"Freirina",100,-71.09159791,-28.49900354,82,1.028318474,135,0.75,0.75,2,4,0.205640449,0.436974853,0.124940522,0.559050786,0.650116861,0.35238868,0.353410337,0.213142008,0.227448158,828.282772,660.5463619,300.7380975,693.1771618,525.4407517,526.3966199,404.8920962,186.6029387,435.984419,314.4798953,207.205014,146.4497588,70.81470595,168.8583232,108.103068,2136.958652,2016.112498,838.764076,1930.499403,1809.653249,2416.768623,2248.024366,929.6279164,2166.872965,1998.128708,2811.378466,2592.392796,1079.786209,2505.916578,2286.930907,293.9444696,320.6251605,367.3316724,308.5190296,343.6565975,400.9375748,236.3005769,265.3461584,311.5169613,120.8461545,168.7442565,218.9856705
"378",378,378,2020,74.7482005952381,"Freirina",100,-71.09164036,-28.4990841,82,1.028318474,135,0.75,0.75,2,4,0.197951173,0.430215836,0.118463747,0.576222968,0.651370704,0.356857657,0.378271795,0.221154869,0.23839391,828.282772,660.5463619,300.7380975,693.1771618,525.4407517,526.3966199,404.8920962,186.6029387,435.984419,314.4798953,207.205014,146.4497588,70.81470595,168.8583232,108.103068,2136.958652,2016.112498,838.764076,1930.499403,1809.653249,2416.768623,2248.024366,929.6279164,2166.872965,1998.128708,2811.378466,2592.392796,1079.786209,2505.916578,2286.930907,293.9444696,320.6251605,367.3316724,308.5190296,343.6565975,400.9375748,236.3005769,265.3461584,311.5169613,120.8461545,168.7442565,218.9856705
"379",379,379,2020,73.3743678946609,"Freirina",100,-71.09165253,-28.49918317,82,1.028318474,135,0.75,0.75,2,4,0.223365436,0.451752663,0.125982791,0.590058468,0.655907452,0.359501183,0.366693032,0.204154789,0.233518392,828.282772,660.5463619,300.7380975,693.1771618,525.4407517,526.3966199,404.8920962,186.6029387,435.984419,314.4798953,207.205014,146.4497588,70.81470595,168.8583232,108.103068,2136.958652,2016.112498,838.764076,1930.499403,1809.653249,2416.768623,2248.024366,929.6279164,2166.872965,1998.128708,2811.378466,2592.392796,1079.786209,2505.916578,2286.930907,293.9444696,320.6251605,367.3316724,308.5190296,343.6565975,400.9375748,236.3005769,265.3461584,311.5169613,120.8461545,168.7442565,218.9856705
"380",380,380,2020,81.7024032374293,"Freirina",100,-71.09167419,-28.499246,80,0.685586544,45,1.875,-1.875,3,128,0.291521511,0.520510495,0.14895162,0.568831184,0.658201814,0.325247526,0.277309673,0.137691319,0.176295906,828.282772,660.5463619,300.7380975,693.1771618,525.4407517,526.3966199,404.8920962,186.6029387,435.984419,314.4798953,207.205014,146.4497588,70.81470595,168.8583232,108.103068,2136.958652,2016.112498,838.764076,1930.499403,1809.653249,2416.768623,2248.024366,929.6279164,2166.872965,1998.128708,2811.378466,2592.392796,1079.786209,2505.916578,2286.930907,293.9444696,320.6251605,367.3316724,308.5190296,343.6565975,400.9375748,236.3005769,265.3461584,311.5169613,120.8461545,168.7442565,218.9856705
"381",381,381,2020,83.1455964174747,"Freirina",100,-71.09168547,-28.49929997,80,0.685586544,45,1.875,-1.875,3,128,0.291521511,0.520510495,0.14895162,0.568831184,0.658201814,0.325247526,0.277309673,0.137691319,0.176295906,828.282772,660.5463619,300.7380975,693.1771618,525.4407517,526.3966199,404.8920962,186.6029387,435.984419,314.4798953,207.205014,146.4497588,70.81470595,168.8583232,108.103068,2136.958652,2016.112498,838.764076,1930.499403,1809.653249,2416.768623,2248.024366,929.6279164,2166.872965,1998.128708,2811.378466,2592.392796,1079.786209,2505.916578,2286.930907,293.9444696,320.6251605,367.3316724,308.5190296,343.6565975,400.9375748,236.3005769,265.3461584,311.5169613,120.8461545,168.7442565,218.9856705
"382",382,382,2020,80.0466012531159,"Freirina",100,-71.09170732,-28.49937182,80,0.685586544,45,1.875,-1.875,3,128,0.253588523,0.49977988,0.13392511,0.584964298,0.664057434,0.34365496,0.331375775,0.164277554,0.20972985,828.282772,660.5463619,300.7380975,693.1771618,525.4407517,526.3966199,404.8920962,186.6029387,435.984419,314.4798953,207.205014,146.4497588,70.81470595,168.8583232,108.103068,2136.958652,2016.112498,838.764076,1930.499403,1809.653249,2416.768623,2248.024366,929.6279164,2166.872965,1998.128708,2811.378466,2592.392796,1079.786209,2505.916578,2286.930907,293.9444696,320.6251605,367.3316724,308.5190296,343.6565975,400.9375748,236.3005769,265.3461584,311.5169613,120.8461545,168.7442565,218.9856705
"383",383,383,2020,91.9759734895383,"Freirina",100,-71.0917297,-28.49947073,82,1.532725565,341.5650512,0.625,0.125,3,64,0.337213803,0.548068285,0.172033772,0.578599727,0.64998275,0.327354252,0.241385924,0.101914465,0.15532048,828.282772,660.5463619,300.7380975,693.1771618,525.4407517,526.3966199,404.8920962,186.6029387,435.984419,314.4798953,207.205014,146.4497588,70.81470595,168.8583232,108.103068,2136.958652,2016.112498,838.764076,1930.499403,1809.653249,2416.768623,2248.024366,929.6279164,2166.872965,1998.128708,2811.378466,2592.392796,1079.786209,2505.916578,2286.930907,293.9444696,320.6251605,367.3316724,308.5190296,343.6565975,400.9375748,236.3005769,265.3461584,311.5169613,120.8461545,168.7442565,218.9856705
"384",384,384,2020,92.7092761052282,"Freirina",100,-71.09176176,-28.49954242,82,1.532725565,341.5650512,0.625,0.125,3,64,0.421008427,0.614319861,0.203658551,0.57300277,0.658678293,0.315789491,0.151994343,0.044358432,0.11213094,828.282772,660.5463619,300.7380975,693.1771618,525.4407517,526.3966199,404.8920962,186.6029387,435.984419,314.4798953,207.205014,146.4497588,70.81470595,168.8583232,108.103068,2136.958652,2016.112498,838.764076,1930.499403,1809.653249,2416.768623,2248.024366,929.6279164,2166.872965,1998.128708,2811.378466,2592.392796,1079.786209,2505.916578,2286.930907,293.9444696,320.6251605,367.3316724,308.5190296,343.6565975,400.9375748,236.3005769,265.3461584,311.5169613,120.8461545,168.7442565,218.9856705
"385",385,385,2020,89.6245743748197,"Freirina",100,-71.09179417,-28.49963216,82,0.766499914,341.5650512,0.5,0.5,2,128,0.447043834,0.640308559,0.214460626,0.575190589,0.662765145,0.315749437,0.128146755,0.022456586,0.10128881,828.282772,660.5463619,300.7380975,693.1771618,525.4407517,526.3966199,404.8920962,186.6029387,435.984419,314.4798953,207.205014,146.4497588,70.81470595,168.8583232,108.103068,2136.958652,2016.112498,838.764076,1930.499403,1809.653249,2416.768623,2248.024366,929.6279164,2166.872965,1998.128708,2811.378466,2592.392796,1079.786209,2505.916578,2286.930907,293.9444696,320.6251605,367.3316724,308.5190296,343.6565975,400.9375748,236.3005769,265.3461584,311.5169613,120.8461545,168.7442565,218.9856705
"386",386,386,2020,90.5354553245858,"Freirina",100,-71.09181602,-28.49970401,82,0.766499914,341.5650512,0.5,0.5,2,128,0.399444679,0.605095565,0.200837672,0.565277287,0.657184541,0.311464012,0.165832608,0.052088976,0.11062634,828.282772,660.5463619,300.7380975,693.1771618,525.4407517,526.3966199,404.8920962,186.6029387,435.984419,314.4798953,207.205014,146.4497588,70.81470595,168.8583232,108.103068,2136.958652,2016.112498,838.764076,1930.499403,1809.653249,2416.768623,2248.024366,929.6279164,2166.872965,1998.128708,2811.378466,2592.392796,1079.786209,2505.916578,2286.930907,293.9444696,320.6251605,367.3316724,308.5190296,343.6565975,400.9375748,236.3005769,265.3461584,311.5169613,120.8461545,168.7442565,218.9856705
"387",387,387,2020,82.4018654003232,"Freirina",100,-71.09185882,-28.4998026,82,0.685586544,315,0.25,0,2,32,0.443931113,0.618644118,0.214808285,0.571878283,0.668770909,0.312062621,0.12794717,0.050126791,0.097254336,828.282772,660.5463619,300.7380975,693.1771618,525.4407517,526.3966199,404.8920962,186.6029387,435.984419,314.4798953,207.205014,146.4497588,70.81470595,168.8583232,108.103068,2136.958652,2016.112498,838.764076,1930.499403,1809.653249,2416.768623,2248.024366,929.6279164,2166.872965,1998.128708,2811.378466,2592.392796,1079.786209,2505.916578,2286.930907,293.9444696,320.6251605,367.3316724,308.5190296,343.6565975,400.9375748,236.3005769,265.3461584,311.5169613,120.8461545,168.7442565,218.9856705
"388",388,388,2020,77.5357555826687,"Freirina",100,-71.09189141,-28.49990136,82,0.685586544,315,0.25,0,2,32,0.4293948,0.643939376,0.210593611,0.556653748,0.659142256,0.301991582,0.127258948,0.01520288,0.091397971,828.282772,660.5463619,300.7380975,693.1771618,525.4407517,526.3966199,404.8920962,186.6029387,435.984419,314.4798953,207.205014,146.4497588,70.81470595,168.8583232,108.103068,2136.958652,2016.112498,838.764076,1930.499403,1809.653249,2416.768623,2248.024366,929.6279164,2166.872965,1998.128708,2811.378466,2592.392796,1079.786209,2505.916578,2286.930907,293.9444696,320.6251605,367.3316724,308.5190296,343.6565975,400.9375748,236.3005769,265.3461584,311.5169613,120.8461545,168.7442565,218.9856705
"389",389,389,2020,78.9192082466904,"Freirina",100,-71.09193635,-28.5001082,82,0.685586544,225,0.25,0,2,4,0.355481699,0.595134676,0.187378377,0.511673144,0.6352157,0.292800575,0.156191445,0.040081024,0.105422199,828.282772,660.5463619,300.7380975,693.1771618,525.4407517,526.3966199,404.8920962,186.6029387,435.984419,314.4798953,207.205014,146.4497588,70.81470595,168.8583232,108.103068,2136.958652,2016.112498,838.764076,1930.499403,1809.653249,2416.768623,2248.024366,929.6279164,2166.872965,1998.128708,2811.378466,2592.392796,1079.786209,2505.916578,2286.930907,293.9444696,320.6251605,367.3316724,308.5190296,343.6565975,400.9375748,236.3005769,265.3461584,311.5169613,120.8461545,168.7442565,218.9856705
"390",390,390,2020,75.9605800358082,"Freirina",100,-71.09189426,-28.50004569,82,0.685586544,225,0.25,0,2,4,0.372284633,0.571857572,0.194393739,0.544320885,0.646424711,0.304066777,0.172036252,0.074567139,0.109673038,828.282772,660.5463619,300.7380975,693.1771618,525.4407517,526.3966199,404.8920962,186.6029387,435.984419,314.4798953,207.205014,146.4497588,70.81470595,168.8583232,108.103068,2136.958652,2016.112498,838.764076,1930.499403,1809.653249,2416.768623,2248.024366,929.6279164,2166.872965,1998.128708,2811.378466,2592.392796,1079.786209,2505.916578,2286.930907,293.9444696,320.6251605,367.3316724,308.5190296,343.6565975,400.9375748,236.3005769,265.3461584,311.5169613,120.8461545,168.7442565,218.9856705
"391",391,391,2020,80.8191086116791,"Freirina",100,-71.09184142,-28.49995627,82,0.685586544,315,0.25,0,2,32,0.362872391,0.555361807,0.187056959,0.555851069,0.657223821,0.313186824,0.192978678,0.101862013,0.126129866,828.282772,660.5463619,300.7380975,693.1771618,525.4407517,526.3966199,404.8920962,186.6029387,435.984419,314.4798953,207.205014,146.4497588,70.81470595,168.8583232,108.103068,2136.958652,2016.112498,838.764076,1930.499403,1809.653249,2416.768623,2248.024366,929.6279164,2166.872965,1998.128708,2811.378466,2592.392796,1079.786209,2505.916578,2286.930907,293.9444696,320.6251605,367.3316724,308.5190296,343.6565975,400.9375748,236.3005769,265.3461584,311.5169613,120.8461545,168.7442565,218.9856705
"392",392,392,2020,79.5869338684915,"Freirina",100,-71.09180972,-28.49990262,82,0.685586544,315,0.25,0,2,32,0.4293948,0.643939376,0.210593611,0.556653748,0.659142256,0.301991582,0.127258948,0.01520288,0.091397971,828.282772,660.5463619,300.7380975,693.1771618,525.4407517,526.3966199,404.8920962,186.6029387,435.984419,314.4798953,207.205014,146.4497588,70.81470595,168.8583232,108.103068,2136.958652,2016.112498,838.764076,1930.499403,1809.653249,2416.768623,2248.024366,929.6279164,2166.872965,1998.128708,2811.378466,2592.392796,1079.786209,2505.916578,2286.930907,293.9444696,320.6251605,367.3316724,308.5190296,343.6565975,400.9375748,236.3005769,265.3461584,311.5169613,120.8461545,168.7442565,218.9856705
"393",393,393,2020,85.3049898061809,"Freirina",100,-71.09177731,-28.49981288,82,0.685586544,315,0.25,0,2,32,0.478855174,0.6532951,0.229055971,0.580702388,0.672672689,0.314042717,0.101847214,0.019377589,0.084986746,828.282772,660.5463619,300.7380975,693.1771618,525.4407517,526.3966199,404.8920962,186.6029387,435.984419,314.4798953,207.205014,146.4497588,70.81470595,168.8583232,108.103068,2136.958652,2016.112498,838.764076,1930.499403,1809.653249,2416.768623,2248.024366,929.6279164,2166.872965,1998.128708,2811.378466,2592.392796,1079.786209,2505.916578,2286.930907,293.9444696,320.6251605,367.3316724,308.5190296,343.6565975,400.9375748,236.3005769,265.3461584,311.5169613,120.8461545,168.7442565,218.9856705
"394",394,394,2020,87.2744175349652,"Freirina",100,-71.09172429,-28.49971444,82,1.532725565,341.5650512,0.625,0.125,3,64,0.466830486,0.652976453,0.229776949,0.589796614,0.667992771,0.32483229,0.122966128,0.015016317,0.095055342,828.282772,660.5463619,300.7380975,693.1771618,525.4407517,526.3966199,404.8920962,186.6029387,435.984419,314.4798953,207.205014,146.4497588,70.81470595,168.8583232,108.103068,2136.958652,2016.112498,838.764076,1930.499403,1809.653249,2416.768623,2248.024366,929.6279164,2166.872965,1998.128708,2811.378466,2592.392796,1079.786209,2505.916578,2286.930907,293.9444696,320.6251605,367.3316724,308.5190296,343.6565975,400.9375748,236.3005769,265.3461584,311.5169613,120.8461545,168.7442565,218.9856705
"395",395,395,2020,88.5268892608255,"Freirina",100,-71.09168167,-28.49962486,82,1.532725565,341.5650512,0.625,0.125,3,64,0.475353603,0.652424395,0.22685121,0.567284154,0.666295052,0.309693426,0.091930551,0.013870656,0.082842216,828.282772,660.5463619,300.7380975,693.1771618,525.4407517,526.3966199,404.8920962,186.6029387,435.984419,314.4798953,207.205014,146.4497588,70.81470595,168.8583232,108.103068,2136.958652,2016.112498,838.764076,1930.499403,1809.653249,2416.768623,2248.024366,929.6279164,2166.872965,1998.128708,2811.378466,2592.392796,1079.786209,2505.916578,2286.930907,293.9444696,320.6251605,367.3316724,308.5190296,343.6565975,400.9375748,236.3005769,265.3461584,311.5169613,120.8461545,168.7442565,218.9856705
"396",396,396,2020,87.7776058821457,"Freirina",100,-71.09162901,-28.49954446,82,1.532725565,341.5650512,0.625,0.125,3,64,0.467906163,0.66215539,0.218418524,0.575779028,0.671047688,0.311733127,0.107872865,0.008892298,0.093314603,828.282772,660.5463619,300.7380975,693.1771618,525.4407517,526.3966199,404.8920962,186.6029387,435.984419,314.4798953,207.205014,146.4497588,70.81470595,168.8583232,108.103068,2136.958652,2016.112498,838.764076,1930.499403,1809.653249,2416.768623,2248.024366,929.6279164,2166.872965,1998.128708,2811.378466,2592.392796,1079.786209,2505.916578,2286.930907,293.9444696,320.6251605,367.3316724,308.5190296,343.6565975,400.9375748,236.3005769,265.3461584,311.5169613,120.8461545,168.7442565,218.9856705
"397",397,397,2020,82.9541203282829,"Freirina",100,-71.0915966,-28.49945473,80,0.685586544,45,1.875,-1.875,3,128,0.435173284,0.59942776,0.207918763,0.57344632,0.659590304,0.311031669,0.138273036,0.060162544,0.103112906,828.282772,660.5463619,300.7380975,693.1771618,525.4407517,526.3966199,404.8920962,186.6029387,435.984419,314.4798953,207.205014,146.4497588,70.81470595,168.8583232,108.103068,2136.958652,2016.112498,838.764076,1930.499403,1809.653249,2416.768623,2248.024366,929.6279164,2166.872965,1998.128708,2811.378466,2592.392796,1079.786209,2505.916578,2286.930907,293.9444696,320.6251605,367.3316724,308.5190296,343.6565975,400.9375748,236.3005769,265.3461584,311.5169613,120.8461545,168.7442565,218.9856705
"398",398,398,2020,91.5413841783381,"Freirina",100,-71.09155433,-28.49938319,80,0.685586544,45,1.875,-1.875,3,128,0.425087105,0.63518244,0.200657889,0.548948512,0.649420857,0.292730093,0.123861407,0.014238417,0.092072204,828.282772,660.5463619,300.7380975,693.1771618,525.4407517,526.3966199,404.8920962,186.6029387,435.984419,314.4798953,207.205014,146.4497588,70.81470595,168.8583232,108.103068,2136.958652,2016.112498,838.764076,1930.499403,1809.653249,2416.768623,2248.024366,929.6279164,2166.872965,1998.128708,2811.378466,2592.392796,1079.786209,2505.916578,2286.930907,293.9444696,320.6251605,367.3316724,308.5190296,343.6565975,400.9375748,236.3005769,265.3461584,311.5169613,120.8461545,168.7442565,218.9856705
"399",399,399,2020,86.2808615258172,"Freirina",100,-71.09152174,-28.49928444,80,0.685586544,45,1.875,-1.875,3,128,0.360899226,0.552197814,0.180016011,0.5694536,0.657281935,0.322841495,0.208554374,0.105084121,0.142825484,828.282772,660.5463619,300.7380975,693.1771618,525.4407517,526.3966199,404.8920962,186.6029387,435.984419,314.4798953,207.205014,146.4497588,70.81470595,168.8583232,108.103068,2136.958652,2016.112498,838.764076,1930.499403,1809.653249,2416.768623,2248.024366,929.6279164,2166.872965,1998.128708,2811.378466,2592.392796,1079.786209,2505.916578,2286.930907,293.9444696,320.6251605,367.3316724,308.5190296,343.6565975,400.9375748,236.3005769,265.3461584,311.5169613,120.8461545,168.7442565,218.9856705
"400",400,400,2020,96.5695143163781,"Freirina",100,-71.0914895,-28.49920373,80,0.685586544,45,1.875,-1.875,3,128,0.289034103,0.496627301,0.153985023,0.500781961,0.616032302,0.292973012,0.211747858,0.119405001,0.138987988,828.282772,660.5463619,300.7380975,693.1771618,525.4407517,526.3966199,404.8920962,186.6029387,435.984419,314.4798953,207.205014,146.4497588,70.81470595,168.8583232,108.103068,2136.958652,2016.112498,838.764076,1930.499403,1809.653249,2416.768623,2248.024366,929.6279164,2166.872965,1998.128708,2811.378466,2592.392796,1079.786209,2505.916578,2286.930907,293.9444696,320.6251605,367.3316724,308.5190296,343.6565975,400.9375748,236.3005769,265.3461584,311.5169613,120.8461545,168.7442565,218.9856705
"401",401,401,2020,101.012103333333,"Freirina",100,-71.09143702,-28.49913235,81,0.484794463,90,0.625,-0.125,2,128,0.268359634,0.488521934,0.148218349,0.432490109,0.57718122,0.257034183,0.164130475,0.088659286,0.108815834,828.282772,660.5463619,300.7380975,693.1771618,525.4407517,526.3966199,404.8920962,186.6029387,435.984419,314.4798953,207.205014,146.4497588,70.81470595,168.8583232,108.103068,2136.958652,2016.112498,838.764076,1930.499403,1809.653249,2416.768623,2248.024366,929.6279164,2166.872965,1998.128708,2811.378466,2592.392796,1079.786209,2505.916578,2286.930907,293.9444696,320.6251605,367.3316724,308.5190296,343.6565975,400.9375748,236.3005769,265.3461584,311.5169613,120.8461545,168.7442565,218.9856705
"402",402,402,2020,74.0430254761905,"Freirina",100,-71.09152857,-28.49911289,82,1.028318474,135,0.75,0.75,2,4,0.207500015,0.440715879,0.121463425,0.553504493,0.638576269,0.339966953,0.346004478,0.19786039,0.218503527,828.282772,660.5463619,300.7380975,693.1771618,525.4407517,526.3966199,404.8920962,186.6029387,435.984419,314.4798953,207.205014,146.4497588,70.81470595,168.8583232,108.103068,2136.958652,2016.112498,838.764076,1930.499403,1809.653249,2416.768623,2248.024366,929.6279164,2166.872965,1998.128708,2811.378466,2592.392796,1079.786209,2505.916578,2286.930907,293.9444696,320.6251605,367.3316724,308.5190296,343.6565975,400.9375748,236.3005769,265.3461584,311.5169613,120.8461545,168.7442565,218.9856705
"403",403,403,2020,79.6819638099255,"Freirina",100,-71.09157101,-28.49919345,80,0.685586544,45,1.875,-1.875,3,128,0.246546967,0.461538494,0.135638297,0.591561673,0.662178695,0.359978616,0.345014706,0.200640202,0.22434032,828.282772,660.5463619,300.7380975,693.1771618,525.4407517,526.3966199,404.8920962,186.6029387,435.984419,314.4798953,207.205014,146.4497588,70.81470595,168.8583232,108.103068,2136.958652,2016.112498,838.764076,1930.499403,1809.653249,2416.768623,2248.024366,929.6279164,2166.872965,1998.128708,2811.378466,2592.392796,1079.786209,2505.916578,2286.930907,293.9444696,320.6251605,367.3316724,308.5190296,343.6565975,400.9375748,236.3005769,265.3461584,311.5169613,120.8461545,168.7442565,218.9856705
"404",404,404,2020,82.4159688632969,"Freirina",100,-71.09159268,-28.49925628,80,0.685586544,45,1.875,-1.875,3,128,0.360899226,0.552197814,0.180016011,0.5694536,0.657281935,0.322841495,0.208554374,0.105084121,0.142825484,828.282772,660.5463619,300.7380975,693.1771618,525.4407517,526.3966199,404.8920962,186.6029387,435.984419,314.4798953,207.205014,146.4497588,70.81470595,168.8583232,108.103068,2136.958652,2016.112498,838.764076,1930.499403,1809.653249,2416.768623,2248.024366,929.6279164,2166.872965,1998.128708,2811.378466,2592.392796,1079.786209,2505.916578,2286.930907,293.9444696,320.6251605,367.3316724,308.5190296,343.6565975,400.9375748,236.3005769,265.3461584,311.5169613,120.8461545,168.7442565,218.9856705
"405",405,405,2020,81.2711737237033,"Freirina",100,-71.09160378,-28.49930122,80,0.685586544,45,1.875,-1.875,3,128,0.291521511,0.520510495,0.14895162,0.568831184,0.658201814,0.325247526,0.277309673,0.137691319,0.176295906,828.282772,660.5463619,300.7380975,693.1771618,525.4407517,526.3966199,404.8920962,186.6029387,435.984419,314.4798953,207.205014,146.4497588,70.81470595,168.8583232,108.103068,2136.958652,2016.112498,838.764076,1930.499403,1809.653249,2416.768623,2248.024366,929.6279164,2166.872965,1998.128708,2811.378466,2592.392796,1079.786209,2505.916578,2286.930907,293.9444696,320.6251605,367.3316724,308.5190296,343.6565975,400.9375748,236.3005769,265.3461584,311.5169613,120.8461545,168.7442565,218.9856705
"406",406,406,2020,82.3648689766361,"Freirina",100,-71.09163602,-28.49938194,80,0.685586544,45,1.875,-1.875,3,128,0.361238986,0.572533846,0.175192848,0.552640887,0.650339127,0.299002677,0.191401901,0.077805281,0.123809829,828.282772,660.5463619,300.7380975,693.1771618,525.4407517,526.3966199,404.8920962,186.6029387,435.984419,314.4798953,207.205014,146.4497588,70.81470595,168.8583232,108.103068,2136.958652,2016.112498,838.764076,1930.499403,1809.653249,2416.768623,2248.024366,929.6279164,2166.872965,1998.128708,2811.378466,2592.392796,1079.786209,2505.916578,2286.930907,293.9444696,320.6251605,367.3316724,308.5190296,343.6565975,400.9375748,236.3005769,265.3461584,311.5169613,120.8461545,168.7442565,218.9856705
"407",407,407,2020,92.4284730853087,"Freirina",100,-71.09166825,-28.49946265,82,1.532725565,341.5650512,0.625,0.125,3,64,0.435173284,0.59942776,0.207918763,0.57344632,0.659590304,0.311031669,0.138273036,0.060162544,0.103112906,828.282772,660.5463619,300.7380975,693.1771618,525.4407517,526.3966199,404.8920962,186.6029387,435.984419,314.4798953,207.205014,146.4497588,70.81470595,168.8583232,108.103068,2136.958652,2016.112498,838.764076,1930.499403,1809.653249,2416.768623,2248.024366,929.6279164,2166.872965,1998.128708,2811.378466,2592.392796,1079.786209,2505.916578,2286.930907,293.9444696,320.6251605,367.3316724,308.5190296,343.6565975,400.9375748,236.3005769,265.3461584,311.5169613,120.8461545,168.7442565,218.9856705
"408",408,408,2020,120.565157193362,"Freirina",100,-71.09137771,-28.49923252,81,2.084309673,324.4623222,1.125,-0.875,4,16,0.278897863,0.509119749,0.156093284,0.388604138,0.560298145,0.232475638,0.109706275,0.051178396,0.076382354,828.282772,660.5463619,300.7380975,693.1771618,525.4407517,526.3966199,404.8920962,186.6029387,435.984419,314.4798953,207.205014,146.4497588,70.81470595,168.8583232,108.103068,2136.958652,2016.112498,838.764076,1930.499403,1809.653249,2416.768623,2248.024366,929.6279164,2166.872965,1998.128708,2811.378466,2592.392796,1079.786209,2505.916578,2286.930907,293.9444696,320.6251605,367.3316724,308.5190296,343.6565975,400.9375748,236.3005769,265.3461584,311.5169613,120.8461545,168.7442565,218.9856705
"409",409,409,2020,92.9368180168925,"Freirina",100,-71.09141998,-28.49930405,81,2.084309673,324.4623222,1.125,-0.875,4,16,0.377061735,0.572492361,0.193834618,0.562901158,0.651407242,0.324174464,0.185839423,0.078914881,0.130339846,828.282772,660.5463619,300.7380975,693.1771618,525.4407517,526.3966199,404.8920962,186.6029387,435.984419,314.4798953,207.205014,146.4497588,70.81470595,168.8583232,108.103068,2136.958652,2016.112498,838.764076,1930.499403,1809.653249,2416.768623,2248.024366,929.6279164,2166.872965,1998.128708,2811.378466,2592.392796,1079.786209,2505.916578,2286.930907,293.9444696,320.6251605,367.3316724,308.5190296,343.6565975,400.9375748,236.3005769,265.3461584,311.5169613,120.8461545,168.7442565,218.9856705
"410",410,410,2020,89.8731192197183,"Freirina",100,-71.09146225,-28.49937559,80,0.685586544,45,1.875,-1.875,3,128,0.408245739,0.612216592,0.202702701,0.579439242,0.655124187,0.325662822,0.171193503,0.042907596,0.12296012,828.282772,660.5463619,300.7380975,693.1771618,525.4407517,526.3966199,404.8920962,186.6029387,435.984419,314.4798953,207.205014,146.4497588,70.81470595,168.8583232,108.103068,2136.958652,2016.112498,838.764076,1930.499403,1809.653249,2416.768623,2248.024366,929.6279164,2166.872965,1998.128708,2811.378466,2592.392796,1079.786209,2505.916578,2286.930907,293.9444696,320.6251605,367.3316724,308.5190296,343.6565975,400.9375748,236.3005769,265.3461584,311.5169613,120.8461545,168.7442565,218.9856705
"411",411,411,2020,94.1149753232683,"Freirina",100,-71.09149466,-28.49946532,82,1.532725565,341.5650512,0.625,0.125,3,64,0.405625775,0.637226999,0.200254932,0.562784185,0.656041503,0.307100147,0.15715841,0.018814504,0.106845215,828.282772,660.5463619,300.7380975,693.1771618,525.4407517,526.3966199,404.8920962,186.6029387,435.984419,314.4798953,207.205014,146.4497588,70.81470595,168.8583232,108.103068,2136.958652,2016.112498,838.764076,1930.499403,1809.653249,2416.768623,2248.024366,929.6279164,2166.872965,1998.128708,2811.378466,2592.392796,1079.786209,2505.916578,2286.930907,293.9444696,320.6251605,367.3316724,308.5190296,343.6565975,400.9375748,236.3005769,265.3461584,311.5169613,120.8461545,168.7442565,218.9856705
"412",412,412,2020,90.4991339196115,"Freirina",100,-71.09153729,-28.4995549,82,1.532725565,341.5650512,0.625,0.125,3,64,0.431637487,0.658379376,0.216737613,0.571908607,0.660042584,0.320085257,0.14027112,0.001663208,0.103347644,828.282772,660.5463619,300.7380975,693.1771618,525.4407517,526.3966199,404.8920962,186.6029387,435.984419,314.4798953,207.205014,146.4497588,70.81470595,168.8583232,108.103068,2136.958652,2016.112498,838.764076,1930.499403,1809.653249,2416.768623,2248.024366,929.6279164,2166.872965,1998.128708,2811.378466,2592.392796,1079.786209,2505.916578,2286.930907,293.9444696,320.6251605,367.3316724,308.5190296,343.6565975,400.9375748,236.3005769,265.3461584,311.5169613,120.8461545,168.7442565,218.9856705
"413",413,413,2020,87.8691630739033,"Freirina",100,-71.09160051,-28.49965318,82,1.532725565,341.5650512,0.625,0.125,3,64,0.460252749,0.654503524,0.227223948,0.572055338,0.668935895,0.319289207,0.111802589,0.014432371,0.09206526,828.282772,660.5463619,300.7380975,693.1771618,525.4407517,526.3966199,404.8920962,186.6029387,435.984419,314.4798953,207.205014,146.4497588,70.81470595,168.8583232,108.103068,2136.958652,2016.112498,838.764076,1930.499403,1809.653249,2416.768623,2248.024366,929.6279164,2166.872965,1998.128708,2811.378466,2592.392796,1079.786209,2505.916578,2286.930907,293.9444696,320.6251605,367.3316724,308.5190296,343.6565975,400.9375748,236.3005769,265.3461584,311.5169613,120.8461545,168.7442565,218.9856705
"414",414,414,2020,78.9478858095238,"Freirina",100,-71.09163257,-28.49972488,82,1.413153707,300.9637565,0.625,-0.625,2,64,0.464184507,0.667281151,0.230290443,0.582028591,0.676163018,0.323129267,0.117844084,0.008881867,0.092838824,828.282772,660.5463619,300.7380975,693.1771618,525.4407517,526.3966199,404.8920962,186.6029387,435.984419,314.4798953,207.205014,146.4497588,70.81470595,168.8583232,108.103068,2136.958652,2016.112498,838.764076,1930.499403,1809.653249,2416.768623,2248.024366,929.6279164,2166.872965,1998.128708,2811.378466,2592.392796,1079.786209,2505.916578,2286.930907,293.9444696,320.6251605,367.3316724,308.5190296,343.6565975,400.9375748,236.3005769,265.3461584,311.5169613,120.8461545,168.7442565,218.9856705
"415",415,415,2020,83.2297504761906,"Freirina",100,-71.09167519,-28.49981445,82,1.413153707,300.9637565,0.625,-0.625,2,64,0.478843729,0.654170573,0.23209691,0.575215137,0.684830666,0.317077786,0.096371408,0.030660093,0.084980875,828.282772,660.5463619,300.7380975,693.1771618,525.4407517,526.3966199,404.8920962,186.6029387,435.984419,314.4798953,207.205014,146.4497588,70.81470595,168.8583232,108.103068,2136.958652,2016.112498,838.764076,1930.499403,1809.653249,2416.768623,2248.024366,929.6279164,2166.872965,1998.128708,2811.378466,2592.392796,1079.786209,2505.916578,2286.930907,293.9444696,320.6251605,367.3316724,308.5190296,343.6565975,400.9375748,236.3005769,265.3461584,311.5169613,120.8461545,168.7442565,218.9856705
"416",416,416,2020,76.7125177301587,"Freirina",100,-71.09170743,-28.49989517,82,1.413153707,300.9637565,0.625,-0.625,2,64,0.476369693,0.6503039,0.231159508,0.55909413,0.668307483,0.302836716,0.082724437,0.018003583,0.071677208,828.282772,660.5463619,300.7380975,693.1771618,525.4407517,526.3966199,404.8920962,186.6029387,435.984419,314.4798953,207.205014,146.4497588,70.81470595,168.8583232,108.103068,2136.958652,2016.112498,838.764076,1930.499403,1809.653249,2416.768623,2248.024366,929.6279164,2166.872965,1998.128708,2811.378466,2592.392796,1079.786209,2505.916578,2286.930907,293.9444696,320.6251605,367.3316724,308.5190296,343.6565975,400.9375748,236.3005769,265.3461584,311.5169613,120.8461545,168.7442565,218.9856705
"417",417,417,2020,78.4254750238096,"Freirina",100,-71.09174988,-28.49997572,82,1.413153707,300.9637565,0.625,-0.625,2,64,0.440167347,0.617481172,0.213531792,0.551711948,0.666413963,0.299310595,0.111544601,0.048932791,0.085778803,828.282772,660.5463619,300.7380975,693.1771618,525.4407517,526.3966199,404.8920962,186.6029387,435.984419,314.4798953,207.205014,146.4497588,70.81470595,168.8583232,108.103068,2136.958652,2016.112498,838.764076,1930.499403,1809.653249,2416.768623,2248.024366,929.6279164,2166.872965,1998.128708,2811.378466,2592.392796,1079.786209,2505.916578,2286.930907,293.9444696,320.6251605,367.3316724,308.5190296,343.6565975,400.9375748,236.3005769,265.3461584,311.5169613,120.8461545,168.7442565,218.9856705
"418",418,418,2020,78.3963041348124,"Freirina",100,-71.09179232,-28.50005628,82,0.685586544,225,0.25,0,2,4,0.479486124,0.665111959,0.23411575,0.560854088,0.665780485,0.302688867,0.081367964,0.000668526,0.068573117,828.282772,660.5463619,300.7380975,693.1771618,525.4407517,526.3966199,404.8920962,186.6029387,435.984419,314.4798953,207.205014,146.4497588,70.81470595,168.8583232,108.103068,2136.958652,2016.112498,838.764076,1930.499403,1809.653249,2416.768623,2248.024366,929.6279164,2166.872965,1998.128708,2811.378466,2592.392796,1079.786209,2505.916578,2286.930907,293.9444696,320.6251605,367.3316724,308.5190296,343.6565975,400.9375748,236.3005769,265.3461584,311.5169613,120.8461545,168.7442565,218.9856705
"419",419,419,2020,78.6684693079079,"Freirina",100,-71.09182456,-28.50013699,82,0.685586544,225,0.25,0,2,4,0.458515276,0.638715446,0.230416268,0.548899309,0.648233533,0.293591559,0.090384033,0.009518087,0.063175291,828.282772,660.5463619,300.7380975,693.1771618,525.4407517,526.3966199,404.8920962,186.6029387,435.984419,314.4798953,207.205014,146.4497588,70.81470595,168.8583232,108.103068,2136.958652,2016.112498,838.764076,1930.499403,1809.653249,2416.768623,2248.024366,929.6279164,2166.872965,1998.128708,2811.378466,2592.392796,1079.786209,2505.916578,2286.930907,293.9444696,320.6251605,367.3316724,308.5190296,343.6565975,400.9375748,236.3005769,265.3461584,311.5169613,120.8461545,168.7442565,218.9856705
"420",420,420,2020,78.6497703494397,"Freirina",100,-71.09185644,-28.50019967,82,0.685586544,225,0.25,0,2,4,0.458515276,0.638715446,0.230416268,0.548899309,0.648233533,0.293591559,0.090384033,0.009518087,0.063175291,828.282772,660.5463619,300.7380975,693.1771618,525.4407517,526.3966199,404.8920962,186.6029387,435.984419,314.4798953,207.205014,146.4497588,70.81470595,168.8583232,108.103068,2136.958652,2016.112498,838.764076,1930.499403,1809.653249,2416.768623,2248.024366,929.6279164,2166.872965,1998.128708,2811.378466,2592.392796,1079.786209,2505.916578,2286.930907,293.9444696,320.6251605,367.3316724,308.5190296,343.6565975,400.9375748,236.3005769,265.3461584,311.5169613,120.8461545,168.7442565,218.9856705
"421",421,421,2020,92.0080835137086,"Freirina",100,-71.09176489,-28.50021912,83,1.71353711,261.8698976,0.875,0.625,3,8,0.468253964,0.649576485,0.235372335,0.513124783,0.639267623,0.275093168,0.044870819,-0.010308862,0.039720833,828.282772,660.5463619,300.7380975,693.1771618,525.4407517,526.3966199,404.8920962,186.6029387,435.984419,314.4798953,207.205014,146.4497588,70.81470595,168.8583232,108.103068,2136.958652,2016.112498,838.764076,1930.499403,1809.653249,2416.768623,2248.024366,929.6279164,2166.872965,1998.128708,2811.378466,2592.392796,1079.786209,2505.916578,2286.930907,293.9444696,320.6251605,367.3316724,308.5190296,343.6565975,400.9375748,236.3005769,265.3461584,311.5169613,120.8461545,168.7442565,218.9856705
"422",422,422,2020,74.4080370079365,"Freirina",100,-71.09173266,-28.50013841,83,1.71353711,261.8698976,0.875,0.625,3,8,0.459275064,0.653140128,0.21994555,0.557179388,0.666797042,0.295657218,0.097904324,0.013656914,0.075711668,828.282772,660.5463619,300.7380975,693.1771618,525.4407517,526.3966199,404.8920962,186.6029387,435.984419,314.4798953,207.205014,146.4497588,70.81470595,168.8583232,108.103068,2136.958652,2016.112498,838.764076,1930.499403,1809.653249,2416.768623,2248.024366,929.6279164,2166.872965,1998.128708,2811.378466,2592.392796,1079.786209,2505.916578,2286.930907,293.9444696,320.6251605,367.3316724,308.5190296,343.6565975,400.9375748,236.3005769,265.3461584,311.5169613,120.8461545,168.7442565,218.9856705
"423",423,423,2020,76.4791822041205,"Freirina",100,-71.09170078,-28.50007574,83,1.71353711,261.8698976,0.875,0.625,3,8,0.481541588,0.664539635,0.238513067,0.559770917,0.654517829,0.301000744,0.078229329,-0.010021806,0.062487677,828.282772,660.5463619,300.7380975,693.1771618,525.4407517,526.3966199,404.8920962,186.6029387,435.984419,314.4798953,207.205014,146.4497588,70.81470595,168.8583232,108.103068,2136.958652,2016.112498,838.764076,1930.499403,1809.653249,2416.768623,2248.024366,929.6279164,2166.872965,1998.128708,2811.378466,2592.392796,1079.786209,2505.916578,2286.930907,293.9444696,320.6251605,367.3316724,308.5190296,343.6565975,400.9375748,236.3005769,265.3461584,311.5169613,120.8461545,168.7442565,218.9856705
"424",424,424,2020,76.2752667141339,"Freirina",100,-71.09165833,-28.49999518,83,1.71353711,261.8698976,0.875,0.625,3,8,0.453295615,0.638103962,0.225010052,0.561281325,0.663821936,0.307164639,0.10798571,0.025717974,0.082154587,828.282772,660.5463619,300.7380975,693.1771618,525.4407517,526.3966199,404.8920962,186.6029387,435.984419,314.4798953,207.205014,146.4497588,70.81470595,168.8583232,108.103068,2136.958652,2016.112498,838.764076,1930.499403,1809.653249,2416.768623,2248.024366,929.6279164,2166.872965,1998.128708,2811.378466,2592.392796,1079.786209,2505.916578,2286.930907,293.9444696,320.6251605,367.3316724,308.5190296,343.6565975,400.9375748,236.3005769,265.3461584,311.5169613,120.8461545,168.7442565,218.9856705
"425",425,425,2020,76.3911809285715,"Freirina",100,-71.09161606,-28.49992364,82,1.413153707,300.9637565,0.625,-0.625,2,64,0.461538436,0.649884522,0.227297142,0.554722113,0.665449262,0.307638973,0.093183677,0.01556474,0.080341831,828.282772,660.5463619,300.7380975,693.1771618,525.4407517,526.3966199,404.8920962,186.6029387,435.984419,314.4798953,207.205014,146.4497588,70.81470595,168.8583232,108.103068,2136.958652,2016.112498,838.764076,1930.499403,1809.653249,2416.768623,2248.024366,929.6279164,2166.872965,1998.128708,2811.378466,2592.392796,1079.786209,2505.916578,2286.930907,293.9444696,320.6251605,367.3316724,308.5190296,343.6565975,400.9375748,236.3005769,265.3461584,311.5169613,120.8461545,168.7442565,218.9856705
"426",426,426,2020,83.3406303174604,"Freirina",100,-71.09157344,-28.49983407,82,1.413153707,300.9637565,0.625,-0.625,2,64,0.484223835,0.655560791,0.234038234,0.574324312,0.685352623,0.32035175,0.090100477,0.029791832,0.086313516,828.282772,660.5463619,300.7380975,693.1771618,525.4407517,526.3966199,404.8920962,186.6029387,435.984419,314.4798953,207.205014,146.4497588,70.81470595,168.8583232,108.103068,2136.958652,2016.112498,838.764076,1930.499403,1809.653249,2416.768623,2248.024366,929.6279164,2166.872965,1998.128708,2811.378466,2592.392796,1079.786209,2505.916578,2286.930907,293.9444696,320.6251605,367.3316724,308.5190296,343.6565975,400.9375748,236.3005769,265.3461584,311.5169613,120.8461545,168.7442565,218.9856705
"427",427,427,2020,78.7398018571428,"Freirina",100,-71.09153081,-28.49974449,82,1.413153707,300.9637565,0.625,-0.625,2,64,0.465004014,0.654702425,0.231632382,0.583361287,0.68091166,0.326838732,0.118357273,0.026209235,0.09520635,828.282772,660.5463619,300.7380975,693.1771618,525.4407517,526.3966199,404.8920962,186.6029387,435.984419,314.4798953,207.205014,146.4497588,70.81470595,168.8583232,108.103068,2136.958652,2016.112498,838.764076,1930.499403,1809.653249,2416.768623,2248.024366,929.6279164,2166.872965,1998.128708,2811.378466,2592.392796,1079.786209,2505.916578,2286.930907,293.9444696,320.6251605,367.3316724,308.5190296,343.6565975,400.9375748,236.3005769,265.3461584,311.5169613,120.8461545,168.7442565,218.9856705
"428",428,428,2020,92.5479409952009,"Freirina",100,-71.09148854,-28.49967295,82,1.532725565,341.5650512,0.625,0.125,3,64,0.416935458,0.632141232,0.207352921,0.572545023,0.669552684,0.318204701,0.155609565,0.037411451,0.11085178,828.282772,660.5463619,300.7380975,693.1771618,525.4407517,526.3966199,404.8920962,186.6029387,435.984419,314.4798953,207.205014,146.4497588,70.81470595,168.8583232,108.103068,2136.958652,2016.112498,838.764076,1930.499403,1809.653249,2416.768623,2248.024366,929.6279164,2166.872965,1998.128708,2811.378466,2592.392796,1079.786209,2505.916578,2286.930907,293.9444696,320.6251605,367.3316724,308.5190296,343.6565975,400.9375748,236.3005769,265.3461584,311.5169613,120.8461545,168.7442565,218.9856705
"429",429,429,2020,88.2110175345626,"Freirina",100,-71.09144574,-28.49957436,83,2.740385528,315,1.25,0.75,4,32,0.448194661,0.636363626,0.226947531,0.579220776,0.676085472,0.331188112,0.131026115,0.039721847,0.104240581,828.282772,660.5463619,300.7380975,693.1771618,525.4407517,526.3966199,404.8920962,186.6029387,435.984419,314.4798953,207.205014,146.4497588,70.81470595,168.8583232,108.103068,2136.958652,2016.112498,838.764076,1930.499403,1809.653249,2416.768623,2248.024366,929.6279164,2166.872965,1998.128708,2811.378466,2592.392796,1079.786209,2505.916578,2286.930907,293.9444696,320.6251605,367.3316724,308.5190296,343.6565975,400.9375748,236.3005769,265.3461584,311.5169613,120.8461545,168.7442565,218.9856705
"430",430,430,2020,90.0210035563055,"Freirina",100,-71.09141333,-28.49948462,83,2.740385528,315,1.25,0.75,4,32,0.406917967,0.59611994,0.207381472,0.572989092,0.66270119,0.323712766,0.166071125,0.066581249,0.116331294,828.282772,660.5463619,300.7380975,693.1771618,525.4407517,526.3966199,404.8920962,186.6029387,435.984419,314.4798953,207.205014,146.4497588,70.81470595,168.8583232,108.103068,2136.958652,2016.112498,838.764076,1930.499403,1809.653249,2416.768623,2248.024366,929.6279164,2166.872965,1998.128708,2811.378466,2592.392796,1079.786209,2505.916578,2286.930907,293.9444696,320.6251605,367.3316724,308.5190296,343.6565975,400.9375748,236.3005769,265.3461584,311.5169613,120.8461545,168.7442565,218.9856705
"431",431,431,2020,96.3938656565657,"Freirina",100,-71.09137106,-28.49941309,81,2.084309673,324.4623222,1.125,-0.875,4,16,0.387802962,0.595505595,0.19687748,0.569181356,0.649679422,0.327726424,0.181378394,0.054173827,0.130848944,828.282772,660.5463619,300.7380975,693.1771618,525.4407517,526.3966199,404.8920962,186.6029387,435.984419,314.4798953,207.205014,146.4497588,70.81470595,168.8583232,108.103068,2136.958652,2016.112498,838.764076,1930.499403,1809.653249,2416.768623,2248.024366,929.6279164,2166.872965,1998.128708,2811.378466,2592.392796,1079.786209,2505.916578,2286.930907,293.9444696,320.6251605,367.3316724,308.5190296,343.6565975,400.9375748,236.3005769,265.3461584,311.5169613,120.8461545,168.7442565,218.9856705
"432",432,432,2020,94.1791077453103,"Freirina",100,-71.09132843,-28.49932351,81,2.084309673,324.4623222,1.125,-0.875,4,16,0.328514627,0.549093962,0.175550401,0.546423137,0.634491682,0.324984908,0.21790851,0.08539772,0.149434507,828.282772,660.5463619,300.7380975,693.1771618,525.4407517,526.3966199,404.8920962,186.6029387,435.984419,314.4798953,207.205014,146.4497588,70.81470595,168.8583232,108.103068,2136.958652,2016.112498,838.764076,1930.499403,1809.653249,2416.768623,2248.024366,929.6279164,2166.872965,1998.128708,2811.378466,2592.392796,1079.786209,2505.916578,2286.930907,293.9444696,320.6251605,367.3316724,308.5190296,343.6565975,400.9375748,236.3005769,265.3461584,311.5169613,120.8461545,168.7442565,218.9856705
"433",433,433,2020,96.4464330600048,"Freirina",100,-71.09122686,-28.49935214,81,2.084309673,324.4623222,1.125,-0.875,4,16,0.364083171,0.594343781,0.188947022,0.560089265,0.647811413,0.323890865,0.196006094,0.053467631,0.134943843,828.282772,660.5463619,300.7380975,693.1771618,525.4407517,526.3966199,404.8920962,186.6029387,435.984419,314.4798953,207.205014,146.4497588,70.81470595,168.8583232,108.103068,2136.958652,2016.112498,838.764076,1930.499403,1809.653249,2416.768623,2248.024366,929.6279164,2166.872965,1998.128708,2811.378466,2592.392796,1079.786209,2505.916578,2286.930907,293.9444696,320.6251605,367.3316724,308.5190296,343.6565975,400.9375748,236.3005769,265.3461584,311.5169613,120.8461545,168.7442565,218.9856705
"434",434,434,2020,97.4361165562771,"Freirina",100,-71.09125927,-28.49944188,81,2.084309673,324.4623222,1.125,-0.875,4,16,0.391337994,0.612007201,0.200105473,0.578676946,0.667005777,0.333127946,0.187338952,0.054998577,0.133022472,828.282772,660.5463619,300.7380975,693.1771618,525.4407517,526.3966199,404.8920962,186.6029387,435.984419,314.4798953,207.205014,146.4497588,70.81470595,168.8583232,108.103068,2136.958652,2016.112498,838.764076,1930.499403,1809.653249,2416.768623,2248.024366,929.6279164,2166.872965,1998.128708,2811.378466,2592.392796,1079.786209,2505.916578,2286.930907,293.9444696,320.6251605,367.3316724,308.5190296,343.6565975,400.9375748,236.3005769,265.3461584,311.5169613,120.8461545,168.7442565,218.9856705
"435",435,435,2020,92.9764630275962,"Freirina",100,-71.09130172,-28.49952243,83,2.740385528,315,1.25,0.75,4,32,0.448330697,0.651110113,0.225119755,0.585756281,0.674948275,0.333643466,0.137425584,0.023838162,0.108523712,828.282772,660.5463619,300.7380975,693.1771618,525.4407517,526.3966199,404.8920962,186.6029387,435.984419,314.4798953,207.205014,146.4497588,70.81470595,168.8583232,108.103068,2136.958652,2016.112498,838.764076,1930.499403,1809.653249,2416.768623,2248.024366,929.6279164,2166.872965,1998.128708,2811.378466,2592.392796,1079.786209,2505.916578,2286.930907,293.9444696,320.6251605,367.3316724,308.5190296,343.6565975,400.9375748,236.3005769,265.3461584,311.5169613,120.8461545,168.7442565,218.9856705
"436",436,436,2020,89.6384385186187,"Freirina",100,-71.09134434,-28.49961201,83,2.740385528,315,1.25,0.75,4,32,0.474569486,0.660054088,0.237094834,0.592131151,0.680276811,0.336521745,0.117561665,0.020222723,0.09942691,828.282772,660.5463619,300.7380975,693.1771618,525.4407517,526.3966199,404.8920962,186.6029387,435.984419,314.4798953,207.205014,146.4497588,70.81470595,168.8583232,108.103068,2136.958652,2016.112498,838.764076,1930.499403,1809.653249,2416.768623,2248.024366,929.6279164,2166.872965,1998.128708,2811.378466,2592.392796,1079.786209,2505.916578,2286.930907,293.9444696,320.6251605,367.3316724,308.5190296,343.6565975,400.9375748,236.3005769,265.3461584,311.5169613,120.8461545,168.7442565,218.9856705
"437",437,437,2020,90.441727770499,"Freirina",100,-71.09138679,-28.49969257,83,2.740385528,315,1.25,0.75,4,32,0.461292881,0.652527094,0.231015176,0.593864617,0.683098614,0.333979249,0.132571736,0.03057152,0.102964073,828.282772,660.5463619,300.7380975,693.1771618,525.4407517,526.3966199,404.8920962,186.6029387,435.984419,314.4798953,207.205014,146.4497588,70.81470595,168.8583232,108.103068,2136.958652,2016.112498,838.764076,1930.499403,1809.653249,2416.768623,2248.024366,929.6279164,2166.872965,1998.128708,2811.378466,2592.392796,1079.786209,2505.916578,2286.930907,293.9444696,320.6251605,367.3316724,308.5190296,343.6565975,400.9375748,236.3005769,265.3461584,311.5169613,120.8461545,168.7442565,218.9856705
"438",438,438,2020,79.819586229798,"Freirina",100,-71.09142905,-28.4997641,83,1.845447935,293.1985905,0.75,-0.25,2,16,0.465606387,0.638950646,0.233732551,0.584717607,0.674859583,0.329588026,0.11911122,0.035908937,0.095855474,828.282772,660.5463619,300.7380975,693.1771618,525.4407517,526.3966199,404.8920962,186.6029387,435.984419,314.4798953,207.205014,146.4497588,70.81470595,168.8583232,108.103068,2136.958652,2016.112498,838.764076,1930.499403,1809.653249,2416.768623,2248.024366,929.6279164,2166.872965,1998.128708,2811.378466,2592.392796,1079.786209,2505.916578,2286.930907,293.9444696,320.6251605,367.3316724,308.5190296,343.6565975,400.9375748,236.3005769,265.3461584,311.5169613,120.8461545,168.7442565,218.9856705
"439",439,439,2020,81.9743882539683,"Freirina",100,-71.09147168,-28.49985368,82,1.413153707,300.9637565,0.625,-0.625,2,64,0.477086736,0.652930439,0.234954327,0.589760623,0.681434631,0.332292706,0.112673887,0.028504193,0.097338378,828.282772,660.5463619,300.7380975,693.1771618,525.4407517,526.3966199,404.8920962,186.6029387,435.984419,314.4798953,207.205014,146.4497588,70.81470595,168.8583232,108.103068,2136.958652,2016.112498,838.764076,1930.499403,1809.653249,2416.768623,2248.024366,929.6279164,2166.872965,1998.128708,2811.378466,2592.392796,1079.786209,2505.916578,2286.930907,293.9444696,320.6251605,367.3316724,308.5190296,343.6565975,400.9375748,236.3005769,265.3461584,311.5169613,120.8461545,168.7442565,218.9856705
"440",440,440,2020,78.5341743953824,"Freirina",100,-71.09151413,-28.49993424,82,1.413153707,300.9637565,0.625,-0.625,2,64,0.458609295,0.659133732,0.224110037,0.554016606,0.657923937,0.304259628,0.095407311,-0.001209795,0.080149591,828.282772,660.5463619,300.7380975,693.1771618,525.4407517,526.3966199,404.8920962,186.6029387,435.984419,314.4798953,207.205014,146.4497588,70.81470595,168.8583232,108.103068,2136.958652,2016.112498,838.764076,1930.499403,1809.653249,2416.768623,2248.024366,929.6279164,2166.872965,1998.128708,2811.378466,2592.392796,1079.786209,2505.916578,2286.930907,293.9444696,320.6251605,367.3316724,308.5190296,343.6565975,400.9375748,236.3005769,265.3461584,311.5169613,120.8461545,168.7442565,218.9856705
"441",441,441,2020,75.2979902777778,"Freirina",100,-71.09154654,-28.50002397,83,1.71353711,261.8698976,0.875,0.625,3,8,0.4387796,0.627611279,0.218862623,0.563185829,0.662024856,0.304984033,0.124406229,0.034413576,0.08612141,828.282772,660.5463619,300.7380975,693.1771618,525.4407517,526.3966199,404.8920962,186.6029387,435.984419,314.4798953,207.205014,146.4497588,70.81470595,168.8583232,108.103068,2136.958652,2016.112498,838.764076,1930.499403,1809.653249,2416.768623,2248.024366,929.6279164,2166.872965,1998.128708,2811.378466,2592.392796,1079.786209,2505.916578,2286.930907,293.9444696,320.6251605,367.3316724,308.5190296,343.6565975,400.9375748,236.3005769,265.3461584,311.5169613,120.8461545,168.7442565,218.9856705
"442",442,442,2020,74.6615970238095,"Freirina",100,-71.0915992,-28.50010437,83,1.71353711,261.8698976,0.875,0.625,3,8,0.471528084,0.649219513,0.232025281,0.558224172,0.659046888,0.296979874,0.086696088,0.009827375,0.064954594,828.282772,660.5463619,300.7380975,693.1771618,525.4407517,526.3966199,404.8920962,186.6029387,435.984419,314.4798953,207.205014,146.4497588,70.81470595,168.8583232,108.103068,2136.958652,2016.112498,838.764076,1930.499403,1809.653249,2416.768623,2248.024366,929.6279164,2166.872965,1998.128708,2811.378466,2592.392796,1079.786209,2505.916578,2286.930907,293.9444696,320.6251605,367.3316724,308.5190296,343.6565975,400.9375748,236.3005769,265.3461584,311.5169613,120.8461545,168.7442565,218.9856705
"443",443,443,2020,73.004994932179,"Freirina",100,-71.09164164,-28.50018493,83,1.71353711,261.8698976,0.875,0.625,3,8,0.463414622,0.666666687,0.221412018,0.564935074,0.666538596,0.302238822,0.101520452,-0.00012809,0.080826804,828.282772,660.5463619,300.7380975,693.1771618,525.4407517,526.3966199,404.8920962,186.6029387,435.984419,314.4798953,207.205014,146.4497588,70.81470595,168.8583232,108.103068,2136.958652,2016.112498,838.764076,1930.499403,1809.653249,2416.768623,2248.024366,929.6279164,2166.872965,1998.128708,2811.378466,2592.392796,1079.786209,2505.916578,2286.930907,293.9444696,320.6251605,367.3316724,308.5190296,343.6565975,400.9375748,236.3005769,265.3461584,311.5169613,120.8461545,168.7442565,218.9856705
"444",444,444,2020,90.3356571918768,"Freirina",100,-71.09167352,-28.5002476,83,1.71353711,261.8698976,0.875,0.625,3,8,0.457851251,0.648598135,0.223989233,0.502923944,0.629805803,0.266804546,0.045072693,-0.018792331,0.042815313,828.282772,660.5463619,300.7380975,693.1771618,525.4407517,526.3966199,404.8920962,186.6029387,435.984419,314.4798953,207.205014,146.4497588,70.81470595,168.8583232,108.103068,2136.958652,2016.112498,838.764076,1930.499403,1809.653249,2416.768623,2248.024366,929.6279164,2166.872965,1998.128708,2811.378466,2592.392796,1079.786209,2505.916578,2286.930907,293.9444696,320.6251605,367.3316724,308.5190296,343.6565975,400.9375748,236.3005769,265.3461584,311.5169613,120.8461545,168.7442565,218.9856705
"445",445,445,2020,79.640851569708,"Freirina",100,-71.09155152,-28.50027655,82,3.15734881,212.4711923,1.25,0.25,4,4,0.491969551,0.658055425,0.237035006,0.521316364,0.644965589,0.272478491,0.029346813,-0.013089836,0.035443485,828.282772,660.5463619,300.7380975,693.1771618,525.4407517,526.3966199,404.8920962,186.6029387,435.984419,314.4798953,207.205014,146.4497588,70.81470595,168.8583232,108.103068,2136.958652,2016.112498,838.764076,1930.499403,1809.653249,2416.768623,2248.024366,929.6279164,2166.872965,1998.128708,2811.378466,2592.392796,1079.786209,2505.916578,2286.930907,293.9444696,320.6251605,367.3316724,308.5190296,343.6565975,400.9375748,236.3005769,265.3461584,311.5169613,120.8461545,168.7442565,218.9856705
"446",446,446,2020,74.0259017582973,"Freirina",100,-71.09152968,-28.5002047,83,1.71353711,261.8698976,0.875,0.625,3,8,0.48210525,0.656470597,0.232881352,0.558985673,0.662877321,0.295492828,0.076880423,0.006406724,0.062611476,828.282772,660.5463619,300.7380975,693.1771618,525.4407517,526.3966199,404.8920962,186.6029387,435.984419,314.4798953,207.205014,146.4497588,70.81470595,168.8583232,108.103068,2136.958652,2016.112498,838.764076,1930.499403,1809.653249,2416.768623,2248.024366,929.6279164,2166.872965,1998.128708,2811.378466,2592.392796,1079.786209,2505.916578,2286.930907,293.9444696,320.6251605,367.3316724,308.5190296,343.6565975,400.9375748,236.3005769,265.3461584,311.5169613,120.8461545,168.7442565,218.9856705
"447",447,447,2020,74.2751218278389,"Freirina",100,-71.09149744,-28.50012398,83,1.71353711,261.8698976,0.875,0.625,3,8,0.469608656,0.663524985,0.228586867,0.565722589,0.659738243,0.301392823,0.096113933,-0.003786743,0.072805956,828.282772,660.5463619,300.7380975,693.1771618,525.4407517,526.3966199,404.8920962,186.6029387,435.984419,314.4798953,207.205014,146.4497588,70.81470595,168.8583232,108.103068,2136.958652,2016.112498,838.764076,1930.499403,1809.653249,2416.768623,2248.024366,929.6279164,2166.872965,1998.128708,2811.378466,2592.392796,1079.786209,2505.916578,2286.930907,293.9444696,320.6251605,367.3316724,308.5190296,343.6565975,400.9375748,236.3005769,265.3461584,311.5169613,120.8461545,168.7442565,218.9856705
"448",448,448,2020,81.7974020851371,"Freirina",100,-71.09145482,-28.50003441,84,1.083929915,243.4349488,1.125,1.125,2,32,0.457402816,0.633750558,0.223645195,0.575542114,0.664288402,0.31082809,0.118139298,0.030537844,0.087182894,828.282772,660.5463619,300.7380975,693.1771618,525.4407517,526.3966199,404.8920962,186.6029387,435.984419,314.4798953,207.205014,146.4497588,70.81470595,168.8583232,108.103068,2136.958652,2016.112498,838.764076,1930.499403,1809.653249,2416.768623,2248.024366,929.6279164,2166.872965,1998.128708,2811.378466,2592.392796,1079.786209,2505.916578,2286.930907,293.9444696,320.6251605,367.3316724,308.5190296,343.6565975,400.9375748,236.3005769,265.3461584,311.5169613,120.8461545,168.7442565,218.9856705
"449",449,449,2020,84.7327898134285,"Freirina",100,-71.09141219,-28.49994483,83,1.845447935,293.1985905,0.75,-0.25,2,16,0.47017104,0.647498846,0.228538603,0.579831946,0.662490785,0.316191465,0.109660906,0.014991939,0.087652862,828.282772,660.5463619,300.7380975,693.1771618,525.4407517,526.3966199,404.8920962,186.6029387,435.984419,314.4798953,207.205014,146.4497588,70.81470595,168.8583232,108.103068,2136.958652,2016.112498,838.764076,1930.499403,1809.653249,2416.768623,2248.024366,929.6279164,2166.872965,1998.128708,2811.378466,2592.392796,1079.786209,2505.916578,2286.930907,293.9444696,320.6251605,367.3316724,308.5190296,343.6565975,400.9375748,236.3005769,265.3461584,311.5169613,120.8461545,168.7442565,218.9856705
"450",450,450,2020,80.9039208181819,"Freirina",100,-71.09136974,-28.49986427,83,1.845447935,293.1985905,0.75,-0.25,2,16,0.493732293,0.660971224,0.245082289,0.592273211,0.672463775,0.326053947,0.098540918,0.01149255,0.080971658,828.282772,660.5463619,300.7380975,693.1771618,525.4407517,526.3966199,404.8920962,186.6029387,435.984419,314.4798953,207.205014,146.4497588,70.81470595,168.8583232,108.103068,2136.958652,2016.112498,838.764076,1930.499403,1809.653249,2416.768623,2248.024366,929.6279164,2166.872965,1998.128708,2811.378466,2592.392796,1079.786209,2505.916578,2286.930907,293.9444696,320.6251605,367.3316724,308.5190296,343.6565975,400.9375748,236.3005769,265.3461584,311.5169613,120.8461545,168.7442565,218.9856705
"451",451,451,2020,81.603282820818,"Freirina",100,-71.09132748,-28.49979274,83,1.845447935,293.1985905,0.75,-0.25,2,16,0.483091801,0.669990957,0.240513101,0.592100771,0.675985634,0.328650624,0.10900897,0.005994678,0.088137522,828.282772,660.5463619,300.7380975,693.1771618,525.4407517,526.3966199,404.8920962,186.6029387,435.984419,314.4798953,207.205014,146.4497588,70.81470595,168.8583232,108.103068,2136.958652,2016.112498,838.764076,1930.499403,1809.653249,2416.768623,2248.024366,929.6279164,2166.872965,1998.128708,2811.378466,2592.392796,1079.786209,2505.916578,2286.930907,293.9444696,320.6251605,367.3316724,308.5190296,343.6565975,400.9375748,236.3005769,265.3461584,311.5169613,120.8461545,168.7442565,218.9856705
"452",452,452,2020,104.93035255753,"Freirina",100,-71.09128485,-28.49970316,83,2.740385528,315,1.25,0.75,4,32,0.528885283,0.688230038,0.261464208,0.606513784,0.687260032,0.341802955,0.077628501,-0.000970006,0.080338746,828.282772,660.5463619,300.7380975,693.1771618,525.4407517,526.3966199,404.8920962,186.6029387,435.984419,314.4798953,207.205014,146.4497588,70.81470595,168.8583232,108.103068,2136.958652,2016.112498,838.764076,1930.499403,1809.653249,2416.768623,2248.024366,929.6279164,2166.872965,1998.128708,2811.378466,2592.392796,1079.786209,2505.916578,2286.930907,293.9444696,320.6251605,367.3316724,308.5190296,343.6565975,400.9375748,236.3005769,265.3461584,311.5169613,120.8461545,168.7442565,218.9856705
"453",453,453,2020,96.2493986068348,"Freirina",100,-71.09124223,-28.49961358,83,2.740385528,315,1.25,0.75,4,32,0.520866775,0.674768031,0.259877205,0.597904391,0.685664952,0.340079457,0.077037616,0.010896921,0.080202252,828.282772,660.5463619,300.7380975,693.1771618,525.4407517,526.3966199,404.8920962,186.6029387,435.984419,314.4798953,207.205014,146.4497588,70.81470595,168.8583232,108.103068,2136.958652,2016.112498,838.764076,1930.499403,1809.653249,2416.768623,2248.024366,929.6279164,2166.872965,1998.128708,2811.378466,2592.392796,1079.786209,2505.916578,2286.930907,293.9444696,320.6251605,367.3316724,308.5190296,343.6565975,400.9375748,236.3005769,265.3461584,311.5169613,120.8461545,168.7442565,218.9856705
"454",454,454,2020,92.2558783590744,"Freirina",100,-71.09120999,-28.49953287,83,2.740385528,315,1.25,0.75,4,32,0.462211626,0.645478964,0.231967002,0.581288821,0.675563276,0.330830306,0.119077195,0.030084312,0.098863304,828.282772,660.5463619,300.7380975,693.1771618,525.4407517,526.3966199,404.8920962,186.6029387,435.984419,314.4798953,207.205014,146.4497588,70.81470595,168.8583232,108.103068,2136.958652,2016.112498,838.764076,1930.499403,1809.653249,2416.768623,2248.024366,929.6279164,2166.872965,1998.128708,2811.378466,2592.392796,1079.786209,2505.916578,2286.930907,293.9444696,320.6251605,367.3316724,308.5190296,343.6565975,400.9375748,236.3005769,265.3461584,311.5169613,120.8461545,168.7442565,218.9856705
"455",455,455,2020,93.6991941981074,"Freirina",100,-71.09116755,-28.49945231,81,2.084309673,324.4623222,1.125,-0.875,4,16,0.375231064,0.582978725,0.197598964,0.555555545,0.64761585,0.320954233,0.180324481,0.064637125,0.123355269,828.282772,660.5463619,300.7380975,693.1771618,525.4407517,526.3966199,404.8920962,186.6029387,435.984419,314.4798953,207.205014,146.4497588,70.81470595,168.8583232,108.103068,2136.958652,2016.112498,838.764076,1930.499403,1809.653249,2416.768623,2248.024366,929.6279164,2166.872965,1998.128708,2811.378466,2592.392796,1079.786209,2505.916578,2286.930907,293.9444696,320.6251605,367.3316724,308.5190296,343.6565975,400.9375748,236.3005769,265.3461584,311.5169613,120.8461545,168.7442565,218.9856705
"456",456,456,2020,104.637112461472,"Freirina",100,-71.09107618,-28.49948079,84,1.71353711,315,1,1,3,32,0.341028323,0.56745708,0.186092377,0.432865073,0.56979239,0.246557504,0.09183675,0.00233531,0.060465127,828.282772,660.5463619,300.7380975,693.1771618,525.4407517,526.3966199,404.8920962,186.6029387,435.984419,314.4798953,207.205014,146.4497588,70.81470595,168.8583232,108.103068,2136.958652,2016.112498,838.764076,1930.499403,1809.653249,2416.768623,2248.024366,929.6279164,2166.872965,1998.128708,2811.378466,2592.392796,1079.786209,2505.916578,2286.930907,293.9444696,320.6251605,367.3316724,308.5190296,343.6565975,400.9375748,236.3005769,265.3461584,311.5169613,120.8461545,168.7442565,218.9856705
"457",457,457,2020,91.1485918413556,"Freirina",100,-71.09111845,-28.49955232,84,1.71353711,315,1,1,3,32,0.470266063,0.638186574,0.238618329,0.58379254,0.672142327,0.334137291,0.113526477,0.033955753,0.095518962,828.282772,660.5463619,300.7380975,693.1771618,525.4407517,526.3966199,404.8920962,186.6029387,435.984419,314.4798953,207.205014,146.4497588,70.81470595,168.8583232,108.103068,2136.958652,2016.112498,838.764076,1930.499403,1809.653249,2416.768623,2248.024366,929.6279164,2166.872965,1998.128708,2811.378466,2592.392796,1079.786209,2505.916578,2286.930907,293.9444696,320.6251605,367.3316724,308.5190296,343.6565975,400.9375748,236.3005769,265.3461584,311.5169613,120.8461545,168.7442565,218.9856705
"458",458,458,2020,95.3578558819365,"Freirina",100,-71.09116107,-28.4996419,84,1.71353711,315,1,1,3,32,0.542948474,0.687199652,0.271691322,0.606472486,0.689584732,0.347465992,0.063524012,0.00238508,0.07577467,828.282772,660.5463619,300.7380975,693.1771618,525.4407517,526.3966199,404.8920962,186.6029387,435.984419,314.4798953,207.205014,146.4497588,70.81470595,168.8583232,108.103068,2136.958652,2016.112498,838.764076,1930.499403,1809.653249,2416.768623,2248.024366,929.6279164,2166.872965,1998.128708,2811.378466,2592.392796,1079.786209,2505.916578,2286.930907,293.9444696,320.6251605,367.3316724,308.5190296,343.6565975,400.9375748,236.3005769,265.3461584,311.5169613,120.8461545,168.7442565,218.9856705
"459",459,459,2020,103.528548507044,"Freirina",100,-71.09119348,-28.49973164,83,2.740385528,315,1.25,0.75,4,32,0.528885283,0.688230038,0.261464208,0.606513784,0.687260032,0.341802955,0.077628501,-0.000970006,0.080338746,828.282772,660.5463619,300.7380975,693.1771618,525.4407517,526.3966199,404.8920962,186.6029387,435.984419,314.4798953,207.205014,146.4497588,70.81470595,168.8583232,108.103068,2136.958652,2016.112498,838.764076,1930.499403,1809.653249,2416.768623,2248.024366,929.6279164,2166.872965,1998.128708,2811.378466,2592.392796,1079.786209,2505.916578,2286.930907,293.9444696,320.6251605,367.3316724,308.5190296,343.6565975,400.9375748,236.3005769,265.3461584,311.5169613,120.8461545,168.7442565,218.9856705
"460",460,460,2020,90.6234643109244,"Freirina",100,-71.09123593,-28.49981219,83,1.845447935,293.1985905,0.75,-0.25,2,16,0.529079163,0.677447915,0.262841105,0.60108181,0.68361181,0.335134447,0.072002647,0.006163895,0.072293341,828.282772,660.5463619,300.7380975,693.1771618,525.4407517,526.3966199,404.8920962,186.6029387,435.984419,314.4798953,207.205014,146.4497588,70.81470595,168.8583232,108.103068,2136.958652,2016.112498,838.764076,1930.499403,1809.653249,2416.768623,2248.024366,929.6279164,2166.872965,1998.128708,2811.378466,2592.392796,1079.786209,2505.916578,2286.930907,293.9444696,320.6251605,367.3316724,308.5190296,343.6565975,400.9375748,236.3005769,265.3461584,311.5169613,120.8461545,168.7442565,218.9856705
"461",461,461,2020,83.8641222642358,"Freirina",100,-71.09127838,-28.49989275,83,1.845447935,293.1985905,0.75,-0.25,2,16,0.514205684,0.667694986,0.257034272,0.595041321,0.68130672,0.327935219,0.080835637,0.013611734,0.070900947,828.282772,660.5463619,300.7380975,693.1771618,525.4407517,526.3966199,404.8920962,186.6029387,435.984419,314.4798953,207.205014,146.4497588,70.81470595,168.8583232,108.103068,2136.958652,2016.112498,838.764076,1930.499403,1809.653249,2416.768623,2248.024366,929.6279164,2166.872965,1998.128708,2811.378466,2592.392796,1079.786209,2505.916578,2286.930907,293.9444696,320.6251605,367.3316724,308.5190296,343.6565975,400.9375748,236.3005769,265.3461584,311.5169613,120.8461545,168.7442565,218.9856705
"462",462,462,2020,82.4427933722944,"Freirina",100,-71.091321,-28.49998233,83,1.845447935,293.1985905,0.75,-0.25,2,16,0.477528098,0.650380969,0.238254145,0.585848063,0.672275007,0.321387798,0.108319965,0.021894038,0.083133653,828.282772,660.5463619,300.7380975,693.1771618,525.4407517,526.3966199,404.8920962,186.6029387,435.984419,314.4798953,207.205014,146.4497588,70.81470595,168.8583232,108.103068,2136.958652,2016.112498,838.764076,1930.499403,1809.653249,2416.768623,2248.024366,929.6279164,2166.872965,1998.128708,2811.378466,2592.392796,1079.786209,2505.916578,2286.930907,293.9444696,320.6251605,367.3316724,308.5190296,343.6565975,400.9375748,236.3005769,265.3461584,311.5169613,120.8461545,168.7442565,218.9856705
"463",463,463,2020,78.8654095537452,"Freirina",100,-71.09135306,-28.50005402,84,1.083929915,243.4349488,1.125,1.125,2,32,0.494391005,0.653368831,0.246931687,0.583508049,0.672942042,0.318621218,0.089117044,0.019573212,0.071689531,828.282772,660.5463619,300.7380975,693.1771618,525.4407517,526.3966199,404.8920962,186.6029387,435.984419,314.4798953,207.205014,146.4497588,70.81470595,168.8583232,108.103068,2136.958652,2016.112498,838.764076,1930.499403,1809.653249,2416.768623,2248.024366,929.6279164,2166.872965,1998.128708,2811.378466,2592.392796,1079.786209,2505.916578,2286.930907,293.9444696,320.6251605,367.3316724,308.5190296,343.6565975,400.9375748,236.3005769,265.3461584,311.5169613,120.8461545,168.7442565,218.9856705
"464",464,464,2020,78.3050207922327,"Freirina",100,-71.0913955,-28.50013458,84,1.083929915,243.4349488,1.125,1.125,2,32,0.476249482,0.645488024,0.233054847,0.552313165,0.670624256,0.298079371,0.076063683,0.025136232,0.065024525,828.282772,660.5463619,300.7380975,693.1771618,525.4407517,526.3966199,404.8920962,186.6029387,435.984419,314.4798953,207.205014,146.4497588,70.81470595,168.8583232,108.103068,2136.958652,2016.112498,838.764076,1930.499403,1809.653249,2416.768623,2248.024366,929.6279164,2166.872965,1998.128708,2811.378466,2592.392796,1079.786209,2505.916578,2286.930907,293.9444696,320.6251605,367.3316724,308.5190296,343.6565975,400.9375748,236.3005769,265.3461584,311.5169613,120.8461545,168.7442565,218.9856705
"465",465,465,2020,77.8970178315019,"Freirina",100,-71.09142774,-28.50021529,84,1.083929915,243.4349488,1.125,1.125,2,32,0.479578938,0.66382575,0.231661007,0.551864155,0.659037113,0.290893763,0.072285217,-0.004788637,0.059232756,828.282772,660.5463619,300.7380975,693.1771618,525.4407517,526.3966199,404.8920962,186.6029387,435.984419,314.4798953,207.205014,146.4497588,70.81470595,168.8583232,108.103068,2136.958652,2016.112498,838.764076,1930.499403,1809.653249,2416.768623,2248.024366,929.6279164,2166.872965,1998.128708,2811.378466,2592.392796,1079.786209,2505.916578,2286.930907,293.9444696,320.6251605,367.3316724,308.5190296,343.6565975,400.9375748,236.3005769,265.3461584,311.5169613,120.8461545,168.7442565,218.9856705
"466",466,466,2020,78.7696780580081,"Freirina",100,-71.09128425,-28.50019043,84,1.083929915,243.4349488,1.125,1.125,2,32,0.410300412,0.643000007,0.195634365,0.556104461,0.662269115,0.301761568,0.145804049,0.019269109,0.106127203,828.282772,660.5463619,300.7380975,693.1771618,525.4407517,526.3966199,404.8920962,186.6029387,435.984419,314.4798953,207.205014,146.4497588,70.81470595,168.8583232,108.103068,2136.958652,2016.112498,838.764076,1930.499403,1809.653249,2416.768623,2248.024366,929.6279164,2166.872965,1998.128708,2811.378466,2592.392796,1079.786209,2505.916578,2286.930907,293.9444696,320.6251605,367.3316724,308.5190296,343.6565975,400.9375748,236.3005769,265.3461584,311.5169613,120.8461545,168.7442565,218.9856705
"467",467,467,2020,79.4259536228451,"Freirina",100,-71.09125183,-28.50010069,84,1.083929915,243.4349488,1.125,1.125,2,32,0.505197485,0.664367855,0.246117473,0.582813602,0.660487115,0.31993407,0.077616117,-0.003880739,0.073816597,828.282772,660.5463619,300.7380975,693.1771618,525.4407517,526.3966199,404.8920962,186.6029387,435.984419,314.4798953,207.205014,146.4497588,70.81470595,168.8583232,108.103068,2136.958652,2016.112498,838.764076,1930.499403,1809.653249,2416.768623,2248.024366,929.6279164,2166.872965,1998.128708,2811.378466,2592.392796,1079.786209,2505.916578,2286.930907,293.9444696,320.6251605,367.3316724,308.5190296,343.6565975,400.9375748,236.3005769,265.3461584,311.5169613,120.8461545,168.7442565,218.9856705
"468",468,468,2020,79.5168429285715,"Freirina",100,-71.09121942,-28.50001096,84,1.083929915,243.4349488,1.125,1.125,2,32,0.495948135,0.672101438,0.245848954,0.589513612,0.679912508,0.324534744,0.093565477,0.007811069,0.07868579,828.282772,660.5463619,300.7380975,693.1771618,525.4407517,526.3966199,404.8920962,186.6029387,435.984419,314.4798953,207.205014,146.4497588,70.81470595,168.8583232,108.103068,2136.958652,2016.112498,838.764076,1930.499403,1809.653249,2416.768623,2248.024366,929.6279164,2166.872965,1998.128708,2811.378466,2592.392796,1079.786209,2505.916578,2286.930907,293.9444696,320.6251605,367.3316724,308.5190296,343.6565975,400.9375748,236.3005769,265.3461584,311.5169613,120.8461545,168.7442565,218.9856705
"469",469,469,2020,82.2026942775443,"Freirina",100,-71.09117697,-28.4999304,83,1.845447935,293.1985905,0.75,-0.25,2,16,0.480880656,0.657587588,0.246079847,0.584673287,0.678869128,0.323551685,0.103792631,0.02128154,0.077471837,828.282772,660.5463619,300.7380975,693.1771618,525.4407517,526.3966199,404.8920962,186.6029387,435.984419,314.4798953,207.205014,146.4497588,70.81470595,168.8583232,108.103068,2136.958652,2016.112498,838.764076,1930.499403,1809.653249,2416.768623,2248.024366,929.6279164,2166.872965,1998.128708,2811.378466,2592.392796,1079.786209,2505.916578,2286.930907,293.9444696,320.6251605,367.3316724,308.5190296,343.6565975,400.9375748,236.3005769,265.3461584,311.5169613,120.8461545,168.7442565,218.9856705
"470",470,470,2020,80.6283754316722,"Freirina",100,-71.09113435,-28.49984083,84,7.11e-15,243.4349488,0.5,0.5,1,1,0.510739839,0.678303123,0.25632152,0.585699963,0.69077307,0.32897535,0.074960124,0.012469947,0.07265383,828.282772,660.5463619,300.7380975,693.1771618,525.4407517,526.3966199,404.8920962,186.6029387,435.984419,314.4798953,207.205014,146.4497588,70.81470595,168.8583232,108.103068,2136.958652,2016.112498,838.764076,1930.499403,1809.653249,2416.768623,2248.024366,929.6279164,2166.872965,1998.128708,2811.378466,2592.392796,1079.786209,2505.916578,2286.930907,293.9444696,320.6251605,367.3316724,308.5190296,343.6565975,400.9375748,236.3005769,265.3461584,311.5169613,120.8461545,168.7442565,218.9856705
"471",471,471,2020,81.9077687309562,"Freirina",100,-71.09110194,-28.49975109,84,7.11e-15,243.4349488,0.5,0.5,1,1,0.543760145,0.696349084,0.269550085,0.601821723,0.692096174,0.343695819,0.058061578,-0.004252911,0.074145734,828.282772,660.5463619,300.7380975,693.1771618,525.4407517,526.3966199,404.8920962,186.6029387,435.984419,314.4798953,207.205014,146.4497588,70.81470595,168.8583232,108.103068,2136.958652,2016.112498,838.764076,1930.499403,1809.653249,2416.768623,2248.024366,929.6279164,2166.872965,1998.128708,2811.378466,2592.392796,1079.786209,2505.916578,2286.930907,293.9444696,320.6251605,367.3316724,308.5190296,343.6565975,400.9375748,236.3005769,265.3461584,311.5169613,120.8461545,168.7442565,218.9856705
"472",472,472,2020,95.5273927421839,"Freirina",100,-71.09106988,-28.4996794,84,1.71353711,315,1,1,3,32,0.468999648,0.655379355,0.24243021,0.578075197,0.664537847,0.334357321,0.109075549,0.009158492,0.091927111,828.282772,660.5463619,300.7380975,693.1771618,525.4407517,526.3966199,404.8920962,186.6029387,435.984419,314.4798953,207.205014,146.4497588,70.81470595,168.8583232,108.103068,2136.958652,2016.112498,838.764076,1930.499403,1809.653249,2416.768623,2248.024366,929.6279164,2166.872965,1998.128708,2811.378466,2592.392796,1079.786209,2505.916578,2286.930907,293.9444696,320.6251605,367.3316724,308.5190296,343.6565975,400.9375748,236.3005769,265.3461584,311.5169613,120.8461545,168.7442565,218.9856705
"473",473,473,2020,99.9213920924753,"Freirina",100,-71.09095756,-28.49968113,84,1.71353711,315,1,1,3,32,0.401896425,0.603671312,0.213510722,0.497769278,0.626860499,0.287908584,0.095872853,0.023189187,0.074397862,828.282772,660.5463619,300.7380975,693.1771618,525.4407517,526.3966199,404.8920962,186.6029387,435.984419,314.4798953,207.205014,146.4497588,70.81470595,168.8583232,108.103068,2136.958652,2016.112498,838.764076,1930.499403,1809.653249,2416.768623,2248.024366,929.6279164,2166.872965,1998.128708,2811.378466,2592.392796,1079.786209,2505.916578,2286.930907,293.9444696,320.6251605,367.3316724,308.5190296,343.6565975,400.9375748,236.3005769,265.3461584,311.5169613,120.8461545,168.7442565,218.9856705
"474",474,474,2020,86.1348453318904,"Freirina",100,-71.091,-28.49976168,84,7.11e-15,243.4349488,0.5,0.5,1,1,0.471931863,0.648742437,0.241131485,0.58679308,0.672639608,0.334098518,0.114861217,0.023897171,0.092967033,828.282772,660.5463619,300.7380975,693.1771618,525.4407517,526.3966199,404.8920962,186.6029387,435.984419,314.4798953,207.205014,146.4497588,70.81470595,168.8583232,108.103068,2136.958652,2016.112498,838.764076,1930.499403,1809.653249,2416.768623,2248.024366,929.6279164,2166.872965,1998.128708,2811.378466,2592.392796,1079.786209,2505.916578,2286.930907,293.9444696,320.6251605,367.3316724,308.5190296,343.6565975,400.9375748,236.3005769,265.3461584,311.5169613,120.8461545,168.7442565,218.9856705
"475",475,475,2020,85.6237573515374,"Freirina",100,-71.09105302,-28.49986012,84,7.11e-15,243.4349488,0.5,0.5,1,1,0.474786663,0.655923307,0.24228029,0.575154415,0.663043439,0.317664891,0.100367752,0.007120132,0.075384602,828.282772,660.5463619,300.7380975,693.1771618,525.4407517,526.3966199,404.8920962,186.6029387,435.984419,314.4798953,207.205014,146.4497588,70.81470595,168.8583232,108.103068,2136.958652,2016.112498,838.764076,1930.499403,1809.653249,2416.768623,2248.024366,929.6279164,2166.872965,1998.128708,2811.378466,2592.392796,1079.786209,2505.916578,2286.930907,293.9444696,320.6251605,367.3316724,308.5190296,343.6565975,400.9375748,236.3005769,265.3461584,311.5169613,120.8461545,168.7442565,218.9856705
"476",476,476,2020,84.7615913064713,"Freirina",100,-71.09107486,-28.49993197,84,7.11e-15,243.4349488,0.5,0.5,1,1,0.483995359,0.658620715,0.247925714,0.582650285,0.665708125,0.322780013,0.098654926,0.007087409,0.074854299,828.282772,660.5463619,300.7380975,693.1771618,525.4407517,526.3966199,404.8920962,186.6029387,435.984419,314.4798953,207.205014,146.4497588,70.81470595,168.8583232,108.103068,2136.958652,2016.112498,838.764076,1930.499403,1809.653249,2416.768623,2248.024366,929.6279164,2166.872965,1998.128708,2811.378466,2592.392796,1079.786209,2505.916578,2286.930907,293.9444696,320.6251605,367.3316724,308.5190296,343.6565975,400.9375748,236.3005769,265.3461584,311.5169613,120.8461545,168.7442565,218.9856705
"477",477,477,2020,80.8207378253969,"Freirina",100,-71.09110727,-28.50002171,84,1.747450997,146.3099325,1.125,1.125,3,2,0.457994575,0.648140073,0.234010279,0.588295343,0.683375418,0.326678425,0.130300768,0.035235345,0.092668146,828.282772,660.5463619,300.7380975,693.1771618,525.4407517,526.3966199,404.8920962,186.6029387,435.984419,314.4798953,207.205014,146.4497588,70.81470595,168.8583232,108.103068,2136.958652,2016.112498,838.764076,1930.499403,1809.653249,2416.768623,2248.024366,929.6279164,2166.872965,1998.128708,2811.378466,2592.392796,1079.786209,2505.916578,2286.930907,293.9444696,320.6251605,367.3316724,308.5190296,343.6565975,400.9375748,236.3005769,265.3461584,311.5169613,120.8461545,168.7442565,218.9856705
"478",478,478,2020,83.0434607142858,"Freirina",100,-71.09113951,-28.50010242,84,1.747450997,146.3099325,1.125,1.125,3,2,0.453045183,0.637007535,0.229224652,0.578838187,0.656147957,0.318170309,0.125793004,0.019140422,0.088945657,828.282772,660.5463619,300.7380975,693.1771618,525.4407517,526.3966199,404.8920962,186.6029387,435.984419,314.4798953,207.205014,146.4497588,70.81470595,168.8583232,108.103068,2136.958652,2016.112498,838.764076,1930.499403,1809.653249,2416.768623,2248.024366,929.6279164,2166.872965,1998.128708,2811.378466,2592.392796,1079.786209,2505.916578,2286.930907,293.9444696,320.6251605,367.3316724,308.5190296,343.6565975,400.9375748,236.3005769,265.3461584,311.5169613,120.8461545,168.7442565,218.9856705
"479",479,479,2020,79.8543279822955,"Freirina",100,-71.09119235,-28.50019184,84,1.083929915,243.4349488,1.125,1.125,2,32,0.417783208,0.606994987,0.206820324,0.558227402,0.652459025,0.308115274,0.140444194,0.045464039,0.10129495,828.282772,660.5463619,300.7380975,693.1771618,525.4407517,526.3966199,404.8920962,186.6029387,435.984419,314.4798953,207.205014,146.4497588,70.81470595,168.8583232,108.103068,2136.958652,2016.112498,838.764076,1930.499403,1809.653249,2416.768623,2248.024366,929.6279164,2166.872965,1998.128708,2811.378466,2592.392796,1079.786209,2505.916578,2286.930907,293.9444696,320.6251605,367.3316724,308.5190296,343.6565975,400.9375748,236.3005769,265.3461584,311.5169613,120.8461545,168.7442565,218.9856705
"480",480,480,2020,82.4993206017317,"Freirina",100,-71.09104832,-28.50013992,84,1.747450997,146.3099325,1.125,1.125,3,2,0.514879733,0.662639797,0.254192948,0.580578512,0.678858817,0.319964558,0.065698779,0.01621902,0.06577161,828.282772,660.5463619,300.7380975,693.1771618,525.4407517,526.3966199,404.8920962,186.6029387,435.984419,314.4798953,207.205014,146.4497588,70.81470595,168.8583232,108.103068,2136.958652,2016.112498,838.764076,1930.499403,1809.653249,2416.768623,2248.024366,929.6279164,2166.872965,1998.128708,2811.378466,2592.392796,1079.786209,2505.916578,2286.930907,293.9444696,320.6251605,367.3316724,308.5190296,343.6565975,400.9375748,236.3005769,265.3461584,311.5169613,120.8461545,168.7442565,218.9856705
"481",481,481,2020,83.7892335714286,"Freirina",100,-71.09100569,-28.50005034,84,1.747450997,146.3099325,1.125,1.125,3,2,0.514879733,0.662639797,0.254192948,0.580578512,0.678858817,0.319964558,0.065698779,0.01621902,0.06577161,828.282772,660.5463619,300.7380975,693.1771618,525.4407517,526.3966199,404.8920962,186.6029387,435.984419,314.4798953,207.205014,146.4497588,70.81470595,168.8583232,108.103068,2136.958652,2016.112498,838.764076,1930.499403,1809.653249,2416.768623,2248.024366,929.6279164,2166.872965,1998.128708,2811.378466,2592.392796,1079.786209,2505.916578,2286.930907,293.9444696,320.6251605,367.3316724,308.5190296,343.6565975,400.9375748,236.3005769,265.3461584,311.5169613,120.8461545,168.7442565,218.9856705
"482",482,482,2020,87.5262820879121,"Freirina",100,-71.09098349,-28.49996045,84,7.11e-15,243.4349488,0.5,0.5,1,1,0.479922035,0.668571413,0.244084597,0.580545015,0.66315788,0.319597423,0.10062298,-0.005413532,0.075512826,828.282772,660.5463619,300.7380975,693.1771618,525.4407517,526.3966199,404.8920962,186.6029387,435.984419,314.4798953,207.205014,146.4497588,70.81470595,168.8583232,108.103068,2136.958652,2016.112498,838.764076,1930.499403,1809.653249,2416.768623,2248.024366,929.6279164,2166.872965,1998.128708,2811.378466,2592.392796,1079.786209,2505.916578,2286.930907,293.9444696,320.6251605,367.3316724,308.5190296,343.6565975,400.9375748,236.3005769,265.3461584,311.5169613,120.8461545,168.7442565,218.9856705
"483",483,483,2020,87.8570771399712,"Freirina",100,-71.09093084,-28.49988005,84,7.11e-15,243.4349488,0.5,0.5,1,1,0.479922035,0.668571413,0.244084597,0.580545015,0.66315788,0.319597423,0.10062298,-0.005413532,0.075512826,828.282772,660.5463619,300.7380975,693.1771618,525.4407517,526.3966199,404.8920962,186.6029387,435.984419,314.4798953,207.205014,146.4497588,70.81470595,168.8583232,108.103068,2136.958652,2016.112498,838.764076,1930.499403,1809.653249,2416.768623,2248.024366,929.6279164,2166.872965,1998.128708,2811.378466,2592.392796,1079.786209,2505.916578,2286.930907,293.9444696,320.6251605,367.3316724,308.5190296,343.6565975,400.9375748,236.3005769,265.3461584,311.5169613,120.8461545,168.7442565,218.9856705
"484",484,484,2020,88.1302875513663,"Freirina",100,-71.09088839,-28.49979949,84,7.11e-15,243.4349488,0.5,0.5,1,1,0.476350109,0.626590073,0.249642164,0.575347092,0.659058511,0.32044512,0.098996983,0.032468438,0.070802957,828.282772,660.5463619,300.7380975,693.1771618,525.4407517,526.3966199,404.8920962,186.6029387,435.984419,314.4798953,207.205014,146.4497588,70.81470595,168.8583232,108.103068,2136.958652,2016.112498,838.764076,1930.499403,1809.653249,2416.768623,2248.024366,929.6279164,2166.872965,1998.128708,2811.378466,2592.392796,1079.786209,2505.916578,2286.930907,293.9444696,320.6251605,367.3316724,308.5190296,343.6565975,400.9375748,236.3005769,265.3461584,311.5169613,120.8461545,168.7442565,218.9856705
"485",485,485,2020,89.0341679155649,"Freirina",100,-71.09081869,-28.4998908,83,7.11e-15,243.4349488,0.5,0.5,1,1,0.452631577,0.627632678,0.23577024,0.582469055,0.671378076,0.326886952,0.129837478,0.043745399,0.091116711,828.282772,660.5463619,300.7380975,693.1771618,525.4407517,526.3966199,404.8920962,186.6029387,435.984419,314.4798953,207.205014,146.4497588,70.81470595,168.8583232,108.103068,2136.958652,2016.112498,838.764076,1930.499403,1809.653249,2416.768623,2248.024366,929.6279164,2166.872965,1998.128708,2811.378466,2592.392796,1079.786209,2505.916578,2286.930907,293.9444696,320.6251605,367.3316724,308.5190296,343.6565975,400.9375748,236.3005769,265.3461584,311.5169613,120.8461545,168.7442565,218.9856705
"486",486,486,2020,91.4220104211773,"Freirina",100,-71.0908717,-28.49998924,84,7.11e-15,243.4349488,0.5,0.5,1,1,0.503729883,0.637451887,0.255001992,0.601895726,0.682189822,0.335302979,0.098165843,0.044737935,0.080300987,828.282772,660.5463619,300.7380975,693.1771618,525.4407517,526.3966199,404.8920962,186.6029387,435.984419,314.4798953,207.205014,146.4497588,70.81470595,168.8583232,108.103068,2136.958652,2016.112498,838.764076,1930.499403,1809.653249,2416.768623,2248.024366,929.6279164,2166.872965,1998.128708,2811.378466,2592.392796,1079.786209,2505.916578,2286.930907,293.9444696,320.6251605,367.3316724,308.5190296,343.6565975,400.9375748,236.3005769,265.3461584,311.5169613,120.8461545,168.7442565,218.9856705
"487",487,487,2020,81.8023978679655,"Freirina",100,-71.09091397,-28.50006078,84,1.747450997,146.3099325,1.125,1.125,3,2,0.511041006,0.697077036,0.25796178,0.578056206,0.669054449,0.321953982,0.0670152,-0.028022587,0.063992202,828.282772,660.5463619,300.7380975,693.1771618,525.4407517,526.3966199,404.8920962,186.6029387,435.984419,314.4798953,207.205014,146.4497588,70.81470595,168.8583232,108.103068,2136.958652,2016.112498,838.764076,1930.499403,1809.653249,2416.768623,2248.024366,929.6279164,2166.872965,1998.128708,2811.378466,2592.392796,1079.786209,2505.916578,2286.930907,293.9444696,320.6251605,367.3316724,308.5190296,343.6565975,400.9375748,236.3005769,265.3461584,311.5169613,120.8461545,168.7442565,218.9856705
"488",488,488,2020,85.9879927380953,"Freirina",100,-71.09096734,-28.50017726,84,1.747450997,146.3099325,1.125,1.125,3,2,0.446475165,0.631010771,0.210879683,0.571981683,0.665175259,0.310865939,0.125506518,0.034164488,0.099986255,828.282772,660.5463619,300.7380975,693.1771618,525.4407517,526.3966199,404.8920962,186.6029387,435.984419,314.4798953,207.205014,146.4497588,70.81470595,168.8583232,108.103068,2136.958652,2016.112498,838.764076,1930.499403,1809.653249,2416.768623,2248.024366,929.6279164,2166.872965,1998.128708,2811.378466,2592.392796,1079.786209,2505.916578,2286.930907,293.9444696,320.6251605,367.3316724,308.5190296,343.6565975,400.9375748,236.3005769,265.3461584,311.5169613,120.8461545,168.7442565,218.9856705
"489",489,489,2020,87.7079839870131,"Freirina",100,-71.09080236,-28.50009859,83,1.747450997,146.3099325,1.125,1.125,3,2,0.46299213,0.647163153,0.233952254,0.580858077,0.677170873,0.328767121,0.117865947,0.03000772,0.094814867,828.282772,660.5463619,300.7380975,693.1771618,525.4407517,526.3966199,404.8920962,186.6029387,435.984419,314.4798953,207.205014,146.4497588,70.81470595,168.8583232,108.103068,2136.958652,2016.112498,838.764076,1930.499403,1809.653249,2416.768623,2248.024366,929.6279164,2166.872965,1998.128708,2811.378466,2592.392796,1079.786209,2505.916578,2286.930907,293.9444696,320.6251605,367.3316724,308.5190296,343.6565975,400.9375748,236.3005769,265.3461584,311.5169613,120.8461545,168.7442565,218.9856705
"490",490,490,2020,86.9852461904763,"Freirina",100,-71.09075973,-28.50000901,83,1.747450997,146.3099325,1.125,1.125,3,2,0.487040645,0.661911011,0.248978257,0.569767439,0.663646221,0.315371007,0.082726794,0.00173521,0.06639275,828.282772,660.5463619,300.7380975,693.1771618,525.4407517,526.3966199,404.8920962,186.6029387,435.984419,314.4798953,207.205014,146.4497588,70.81470595,168.8583232,108.103068,2136.958652,2016.112498,838.764076,1930.499403,1809.653249,2416.768623,2248.024366,929.6279164,2166.872965,1998.128708,2811.378466,2592.392796,1079.786209,2505.916578,2286.930907,293.9444696,320.6251605,367.3316724,308.5190296,343.6565975,400.9375748,236.3005769,265.3461584,311.5169613,120.8461545,168.7442565,218.9856705
"491",491,491,2020,104.343011035354,"Freirina",100,-71.09072732,-28.49991928,83,0.766499914,108.4349488,0.25,0,2,2,0.493063389,0.680878043,0.257271439,0.534743178,0.655322254,0.299473614,0.041679789,-0.025555789,0.042202175,828.282772,660.5463619,300.7380975,693.1771618,525.4407517,526.3966199,404.8920962,186.6029387,435.984419,314.4798953,207.205014,146.4497588,70.81470595,168.8583232,108.103068,2136.958652,2016.112498,838.764076,1930.499403,1809.653249,2416.768623,2248.024366,929.6279164,2166.872965,1998.128708,2811.378466,2592.392796,1079.786209,2505.916578,2286.930907,293.9444696,320.6251605,367.3316724,308.5190296,343.6565975,400.9375748,236.3005769,265.3461584,311.5169613,120.8461545,168.7442565,218.9856705
"492",492,492,2020,107.423786888889,"Freirina",100,-71.09066819,-28.50002847,83,0.766499914,108.4349488,0.25,0,2,2,0.482408125,0.66024524,0.244906068,0.521146472,0.626915872,0.284505785,0.038738347,-0.033329368,0.039599717,828.282772,660.5463619,300.7380975,693.1771618,525.4407517,526.3966199,404.8920962,186.6029387,435.984419,314.4798953,207.205014,146.4497588,70.81470595,168.8583232,108.103068,2136.958652,2016.112498,838.764076,1930.499403,1809.653249,2416.768623,2248.024366,929.6279164,2166.872965,1998.128708,2811.378466,2592.392796,1079.786209,2505.916578,2286.930907,293.9444696,320.6251605,367.3316724,308.5190296,343.6565975,400.9375748,236.3005769,265.3461584,311.5169613,120.8461545,168.7442565,218.9856705
"493",493,493,2020,89.9798398015873,"Freirina",100,-71.09225166,-28.50004018,82,0.766499914,108.4349488,0.25,0,2,2,0.378800324,0.566760004,0.186037123,0.504028024,0.616108418,0.274793118,0.1252277,0.049348414,0.088755995,828.282772,660.5463619,300.7380975,693.1771618,525.4407517,526.3966199,404.8920962,186.6029387,435.984419,314.4798953,207.205014,146.4497588,70.81470595,168.8583232,108.103068,2136.958652,2016.112498,838.764076,1930.499403,1809.653249,2416.768623,2248.024366,929.6279164,2166.872965,1998.128708,2811.378466,2592.392796,1079.786209,2505.916578,2286.930907,293.9444696,320.6251605,367.3316724,308.5190296,343.6565975,400.9375748,236.3005769,265.3461584,311.5169613,120.8461545,168.7442565,218.9856705
"494",494,494,2020,102.401392535409,"Freirina",100,-71.09222981,-28.49996833,82,1.235826027,348.6900675,0.5,0.25,3,32,0.4055625,0.606261909,0.197799981,0.534967571,0.642746925,0.286339074,0.129405071,0.036485016,0.088539094,828.282772,660.5463619,300.7380975,693.1771618,525.4407517,526.3966199,404.8920962,186.6029387,435.984419,314.4798953,207.205014,146.4497588,70.81470595,168.8583232,108.103068,2136.958652,2016.112498,838.764076,1930.499403,1809.653249,2416.768623,2248.024366,929.6279164,2166.872965,1998.128708,2811.378466,2592.392796,1079.786209,2505.916578,2286.930907,293.9444696,320.6251605,367.3316724,308.5190296,343.6565975,400.9375748,236.3005769,265.3461584,311.5169613,120.8461545,168.7442565,218.9856705
"495",495,495,2020,98.1480349268477,"Freirina",100,-71.09219722,-28.49986958,82,1.235826027,348.6900675,0.5,0.25,3,32,0.364540175,0.577586234,0.178041548,0.529920688,0.644323945,0.283637762,0.165380513,0.066737711,0.105596215,828.282772,660.5463619,300.7380975,693.1771618,525.4407517,526.3966199,404.8920962,186.6029387,435.984419,314.4798953,207.205014,146.4497588,70.81470595,168.8583232,108.103068,2136.958652,2016.112498,838.764076,1930.499403,1809.653249,2416.768623,2248.024366,929.6279164,2166.872965,1998.128708,2811.378466,2592.392796,1079.786209,2505.916578,2286.930907,293.9444696,320.6251605,367.3316724,308.5190296,343.6565975,400.9375748,236.3005769,265.3461584,311.5169613,120.8461545,168.7442565,218.9856705
"496",496,496,2020,93.5172776558821,"Freirina",100,-71.09217501,-28.49977969,82,1.235826027,348.6900675,0.5,0.25,3,32,0.41240114,0.620047748,0.200796962,0.535871163,0.64162755,0.284014493,0.123470023,0.021579802,0.083217531,828.282772,660.5463619,300.7380975,693.1771618,525.4407517,526.3966199,404.8920962,186.6029387,435.984419,314.4798953,207.205014,146.4497588,70.81470595,168.8583232,108.103068,2136.958652,2016.112498,838.764076,1930.499403,1809.653249,2416.768623,2248.024366,929.6279164,2166.872965,1998.128708,2811.378466,2592.392796,1079.786209,2505.916578,2286.930907,293.9444696,320.6251605,367.3316724,308.5190296,343.6565975,400.9375748,236.3005769,265.3461584,311.5169613,120.8461545,168.7442565,218.9856705
"497",497,497,2020,81.8787678888889,"Freirina",100,-71.09213257,-28.49969913,81,1.747450997,303.6900675,0.875,-0.375,2,16,0.427876812,0.624711871,0.212104976,0.558131369,0.652757108,0.303746641,0.130254557,0.028045237,0.091641665,828.282772,660.5463619,300.7380975,693.1771618,525.4407517,526.3966199,404.8920962,186.6029387,435.984419,314.4798953,207.205014,146.4497588,70.81470595,168.8583232,108.103068,2136.958652,2016.112498,838.764076,1930.499403,1809.653249,2416.768623,2248.024366,929.6279164,2166.872965,1998.128708,2811.378466,2592.392796,1079.786209,2505.916578,2286.930907,293.9444696,320.6251605,367.3316724,308.5190296,343.6565975,400.9375748,236.3005769,265.3461584,311.5169613,120.8461545,168.7442565,218.9856705
"498",498,498,2020,80.2910262647908,"Freirina",100,-71.09211054,-28.49961826,81,1.747450997,303.6900675,0.875,-0.375,2,16,0.38699185,0.58550185,0.191420898,0.543262403,0.64350456,0.293861896,0.156270553,0.05800271,0.102440998,828.282772,660.5463619,300.7380975,693.1771618,525.4407517,526.3966199,404.8920962,186.6029387,435.984419,314.4798953,207.205014,146.4497588,70.81470595,168.8583232,108.103068,2136.958652,2016.112498,838.764076,1930.499403,1809.653249,2416.768623,2248.024366,929.6279164,2166.872965,1998.128708,2811.378466,2592.392796,1079.786209,2505.916578,2286.930907,293.9444696,320.6251605,367.3316724,308.5190296,343.6565975,400.9375748,236.3005769,265.3461584,311.5169613,120.8461545,168.7442565,218.9856705
"499",499,499,2020,83.1686376111111,"Freirina",100,-71.09207902,-28.49957363,81,1.747450997,303.6900675,0.875,-0.375,2,16,0.395501019,0.619364023,0.194828734,0.559730586,0.651031911,0.302838504,0.164229567,0.031667888,0.108009771,828.282772,660.5463619,300.7380975,693.1771618,525.4407517,526.3966199,404.8920962,186.6029387,435.984419,314.4798953,207.205014,146.4497588,70.81470595,168.8583232,108.103068,2136.958652,2016.112498,838.764076,1930.499403,1809.653249,2416.768623,2248.024366,929.6279164,2166.872965,1998.128708,2811.378466,2592.392796,1079.786209,2505.916578,2286.930907,293.9444696,320.6251605,367.3316724,308.5190296,343.6565975,400.9375748,236.3005769,265.3461584,311.5169613,120.8461545,168.7442565,218.9856705
"500",500,500,2020,82.4998139523809,"Freirina",100,-71.09207813,-28.49952853,81,1.747450997,303.6900675,0.875,-0.375,2,16,0.395501019,0.619364023,0.194828734,0.559730586,0.651031911,0.302838504,0.164229567,0.031667888,0.108009771,828.282772,660.5463619,300.7380975,693.1771618,525.4407517,526.3966199,404.8920962,186.6029387,435.984419,314.4798953,207.205014,146.4497588,70.81470595,168.8583232,108.103068,2136.958652,2016.112498,838.764076,1930.499403,1809.653249,2416.768623,2248.024366,929.6279164,2166.872965,1998.128708,2811.378466,2592.392796,1079.786209,2505.916578,2286.930907,293.9444696,320.6251605,367.3316724,308.5190296,343.6565975,400.9375748,236.3005769,265.3461584,311.5169613,120.8461545,168.7442565,218.9856705
"501",501,501,2020,84.9878316452759,"Freirina",100,-71.09204554,-28.49942977,82,0.342805543,315,0.75,0.75,2,1,0.395850608,0.617307723,0.19311741,0.57006152,0.662685513,0.315669954,0.174210912,0.045377791,0.122552544,828.282772,660.5463619,300.7380975,693.1771618,525.4407517,526.3966199,404.8920962,186.6029387,435.984419,314.4798953,207.205014,146.4497588,70.81470595,168.8583232,108.103068,2136.958652,2016.112498,838.764076,1930.499403,1809.653249,2416.768623,2248.024366,929.6279164,2166.872965,1998.128708,2811.378466,2592.392796,1079.786209,2505.916578,2286.930907,293.9444696,320.6251605,367.3316724,308.5190296,343.6565975,400.9375748,236.3005769,265.3461584,311.5169613,120.8461545,168.7442565,218.9856705
"502",502,502,2020,82.0874308361572,"Freirina",100,-71.09203372,-28.49934874,82,0.342805543,315,0.75,0.75,2,1,0.329562605,0.569203436,0.17132777,0.568062833,0.662157476,0.32323733,0.238500228,0.09295404,0.15190956,828.282772,660.5463619,300.7380975,693.1771618,525.4407517,526.3966199,404.8920962,186.6029387,435.984419,314.4798953,207.205014,146.4497588,70.81470595,168.8583232,108.103068,2136.958652,2016.112498,838.764076,1930.499403,1809.653249,2416.768623,2248.024366,929.6279164,2166.872965,1998.128708,2811.378466,2592.392796,1079.786209,2505.916578,2286.930907,293.9444696,320.6251605,367.3316724,308.5190296,343.6565975,400.9375748,236.3005769,265.3461584,311.5169613,120.8461545,168.7442565,218.9856705
"503",503,503,2020,85.0296034696969,"Freirina",100,-71.0920117,-28.49926787,82,0.342805543,315,0.75,0.75,2,1,0.284371736,0.526686013,0.155658573,0.572557704,0.66410172,0.33278206,0.288185968,0.137415707,0.177123487,828.282772,660.5463619,300.7380975,693.1771618,525.4407517,526.3966199,404.8920962,186.6029387,435.984419,314.4798953,207.205014,146.4497588,70.81470595,168.8583232,108.103068,2136.958652,2016.112498,838.764076,1930.499403,1809.653249,2416.768623,2248.024366,929.6279164,2166.872965,1998.128708,2811.378466,2592.392796,1079.786209,2505.916578,2286.930907,293.9444696,320.6251605,367.3316724,308.5190296,343.6565975,400.9375748,236.3005769,265.3461584,311.5169613,120.8461545,168.7442565,218.9856705
"504",504,504,2020,80.5932218422474,"Freirina",100,-71.09196836,-28.49914221,82,0.342805543,315,0.75,0.75,2,1,0.295678808,0.521982431,0.164189443,0.544902883,0.640463889,0.324734777,0.249224075,0.118481457,0.160545334,828.282772,660.5463619,300.7380975,693.1771618,525.4407517,526.3966199,404.8920962,186.6029387,435.984419,314.4798953,207.205014,146.4497588,70.81470595,168.8583232,108.103068,2136.958652,2016.112498,838.764076,1930.499403,1809.653249,2416.768623,2248.024366,929.6279164,2166.872965,1998.128708,2811.378466,2592.392796,1079.786209,2505.916578,2286.930907,293.9444696,320.6251605,367.3316724,308.5190296,343.6565975,400.9375748,236.3005769,265.3461584,311.5169613,120.8461545,168.7442565,218.9856705
"505",505,505,2020,77.099879952381,"Freirina",100,-71.091968,-28.499142,82,1.532725565,288.4349488,1.125,1.125,3,32,0.295678808,0.521982431,0.164189443,0.544902883,0.640463889,0.324734777,0.249224075,0.118481457,0.160545334,828.282772,660.5463619,300.7380975,693.1771618,525.4407517,526.3966199,404.8920962,186.6029387,435.984419,314.4798953,207.205014,146.4497588,70.81470595,168.8583232,108.103068,2136.958652,2016.112498,838.764076,1930.499403,1809.653249,2416.768623,2248.024366,929.6279164,2166.872965,1998.128708,2811.378466,2592.392796,1079.786209,2505.916578,2286.930907,293.9444696,320.6251605,367.3316724,308.5190296,343.6565975,400.9375748,236.3005769,265.3461584,311.5169613,120.8461545,168.7442565,218.9856705
