Idshp,Produccion,Kg arbol,Campo,Marco,Lon,Lat,DEM,slope,aspect,tri,tpi,roughness,flowdir,NDVISep,gNDVISep,SAVISep,NDVIEne,gNDVIEne,SAVIEne,DifNDVISepEne,DifgNDVISepEne,DifSAVISepEne,DG10ABRNOV,DG10ABROCT,DG10AGOOCT,DG10MAYNOV,DG10MAYOCT,DG12ABRNOV,DG12ABROCT,DG12AGOOCT,DG12MAYNOV,DG12MAYOCT,DG15ABRNOV,DG15ABROCT,DG15AGOOCT,DG15MAYNOV,DG15MAYOCT,CH10ABRNOV,CH10ABROCT,CH10AGOOCT,CH10MAYNOV,CH10MAYOCT,CH12ABRNOV,CH12ABROCT,CH12AGOOCT,CH12MAYNOV,CH12MAYOCT,CH15ABRNOV,CH15ABROCT,CH15AGOOCT,CH15MAYNOV,CH15MAYOCT,CH10ago,CH12ago,CH15ago,CH10sep,CH12sep,CH15sep,CH10oct,CH12oct,CH15oct,CH10nov,CH12nov,CH15nov
3,2019,150.2,Freirina,100,-71.09372529,-28.5001799,81,2.298403281,288.4349488,2,2,4,16,0.59277918,0.699059606,0.28691411,0.54838708,0.688212931,0.258705765,-0.0443921,-0.010846674,-0.028208345,1091.282333,894.2469481,427.5536891,935.9423401,738.9069547,756.531781,608.9959915,298.3907931,647.488399,499.9526094,378.0799698,296.2268556,153.0506195,325.33845,243.4853357,1671.082273,1601.914383,617.9506434,1503.285915,1434.118025,1916.422201,1798.651458,708.9971398,1707.959706,1590.188963,2208.224533,2047.035567,832.3239363,1951.758613,1790.569647,291.5560415,318.1922053,360.6088338,203.5360886,235.7814944,278.5593042,122.8585134,155.0234401,193.1557984,69.16789008,117.7707423,161.1889663
4,2019,149.3,Freirina,100,-71.09375735,-28.5002516,80,1.71353711,261.8698976,0.75,0.5,3,16,0.602137291,0.698475003,0.295641065,0.540709802,0.678035438,0.262677461,-0.061427489,-0.020439565,-0.032963604,1091.282333,894.2469481,427.5536891,935.9423401,738.9069547,756.531781,608.9959915,298.3907931,647.488399,499.9526094,378.0799698,296.2268556,153.0506195,325.33845,243.4853357,1671.082273,1601.914383,617.9506434,1503.285915,1434.118025,1916.422201,1798.651458,708.9971398,1707.959706,1590.188963,2208.224533,2047.035567,832.3239363,1951.758613,1790.569647,291.5560415,318.1922053,360.6088338,203.5360886,235.7814944,278.5593042,122.8585134,155.0234401,193.1557984,69.16789008,117.7707423,161.1889663
5,2019,98.6,Freirina,100,-71.09378959,-28.50033231,80,1.71353711,261.8698976,0.75,0.5,3,16,0.594311982,0.700267673,0.288391262,0.523019475,0.67365545,0.255228698,-0.071292507,-0.026612222,-0.033162564,1091.282333,894.2469481,427.5536891,935.9423401,738.9069547,756.531781,608.9959915,298.3907931,647.488399,499.9526094,378.0799698,296.2268556,153.0506195,325.33845,243.4853357,1671.082273,1601.914383,617.9506434,1503.285915,1434.118025,1916.422201,1798.651458,708.9971398,1707.959706,1590.188963,2208.224533,2047.035567,832.3239363,1951.758613,1790.569647,291.5560415,318.1922053,360.6088338,203.5360886,235.7814944,278.5593042,122.8585134,155.0234401,193.1557984,69.16789008,117.7707423,161.1889663
6,2019,119.4,Freirina,100,-71.09382218,-28.50043106,80,1.71353711,261.8698976,0.75,0.5,3,16,0.535245904,0.667111695,0.263306439,0.419432217,0.602708817,0.209772021,-0.115813687,-0.064402878,-0.053534418,1091.282333,894.2469481,427.5536891,935.9423401,738.9069547,756.531781,608.9959915,298.3907931,647.488399,499.9526094,378.0799698,296.2268556,153.0506195,325.33845,243.4853357,1671.082273,1601.914383,617.9506434,1503.285915,1434.118025,1916.422201,1798.651458,708.9971398,1707.959706,1590.188963,2208.224533,2047.035567,832.3239363,1951.758613,1790.569647,291.5560415,318.1922053,360.6088338,203.5360886,235.7814944,278.5593042,122.8585134,155.0234401,193.1557984,69.16789008,117.7707423,161.1889663
7,2019,118.4,Freirina,100,-71.09383417,-28.50052111,80,1.454105826,270,0.75,0.5,3,32,0.492492505,0.646376789,0.256784976,0.363892239,0.550274253,0.181314275,-0.128600266,-0.096102536,-0.075470701,1091.282333,894.2469481,427.5536891,935.9423401,738.9069547,756.531781,608.9959915,298.3907931,647.488399,499.9526094,378.0799698,296.2268556,153.0506195,325.33845,243.4853357,1671.082273,1601.914383,617.9506434,1503.285915,1434.118025,1916.422201,1798.651458,708.9971398,1707.959706,1590.188963,2208.224533,2047.035567,832.3239363,1951.758613,1790.569647,291.5560415,318.1922053,360.6088338,203.5360886,235.7814944,278.5593042,122.8585134,155.0234401,193.1557984,69.16789008,117.7707423,161.1889663
8,2019,116.6,Freirina,100,-71.09385638,-28.500611,80,1.454105826,270,0.75,0.5,3,32,0.502894351,0.638658762,0.268547148,0.377201119,0.580851078,0.170578375,-0.125693232,-0.057807684,-0.097968772,1091.282333,894.2469481,427.5536891,935.9423401,738.9069547,756.531781,608.9959915,298.3907931,647.488399,499.9526094,378.0799698,296.2268556,153.0506195,325.33845,243.4853357,1671.082273,1601.914383,617.9506434,1503.285915,1434.118025,1916.422201,1798.651458,708.9971398,1707.959706,1590.188963,2208.224533,2047.035567,832.3239363,1951.758613,1790.569647,291.5560415,318.1922053,360.6088338,203.5360886,235.7814944,278.5593042,122.8585134,155.0234401,193.1557984,69.16789008,117.7707423,161.1889663
9,2019,135.4,Freirina,100,-71.09387858,-28.50070089,80,1.454105826,270,0.75,0.5,3,32,0.499669961,0.635120571,0.282814443,0.431215845,0.622317612,0.208418071,-0.068454116,-0.012802958,-0.074396372,1091.282333,894.2469481,427.5536891,935.9423401,738.9069547,756.531781,608.9959915,298.3907931,647.488399,499.9526094,378.0799698,296.2268556,153.0506195,325.33845,243.4853357,1671.082273,1601.914383,617.9506434,1503.285915,1434.118025,1916.422201,1798.651458,708.9971398,1707.959706,1590.188963,2208.224533,2047.035567,832.3239363,1951.758613,1790.569647,291.5560415,318.1922053,360.6088338,203.5360886,235.7814944,278.5593042,122.8585134,155.0234401,193.1557984,69.16789008,117.7707423,161.1889663
10,2019,96.9,Freirina,100,-71.09392139,-28.50079949,79,1.845447935,293.1985905,1.125,-1.125,3,16,0.597792346,0.68008709,0.329092294,0.473732313,0.646758556,0.216372237,-0.124060033,-0.033328533,-0.112720057,1091.282333,894.2469481,427.5536891,935.9423401,738.9069547,756.531781,608.9959915,298.3907931,647.488399,499.9526094,378.0799698,296.2268556,153.0506195,325.33845,243.4853357,1671.082273,1601.914383,617.9506434,1503.285915,1434.118025,1916.422201,1798.651458,708.9971398,1707.959706,1590.188963,2208.224533,2047.035567,832.3239363,1951.758613,1790.569647,291.5560415,318.1922053,360.6088338,203.5360886,235.7814944,278.5593042,122.8585134,155.0234401,193.1557984,69.16789008,117.7707423,161.1889663
13,2019,37.5,Freirina,100,-71.09397743,-28.50105128,80,1.454105826,270,0.75,0.5,3,32,0.556328852,0.65955478,0.262844235,0.565709329,0.688409209,0.267196506,0.009380477,0.02885443,0.004352272,1091.282333,894.2469481,427.5536891,935.9423401,738.9069547,756.531781,608.9959915,298.3907931,647.488399,499.9526094,378.0799698,296.2268556,153.0506195,325.33845,243.4853357,1671.082273,1601.914383,617.9506434,1503.285915,1434.118025,1916.422201,1798.651458,708.9971398,1707.959706,1590.188963,2208.224533,2047.035567,832.3239363,1951.758613,1790.569647,291.5560415,318.1922053,360.6088338,203.5360886,235.7814944,278.5593042,122.8585134,155.0234401,193.1557984,69.16789008,117.7707423,161.1889663
14,2019,113,Freirina,100,-71.09400967,-28.50113199,80,1.454105826,270,0.75,0.5,3,32,0.565105284,0.677567959,0.269209772,0.553154716,0.684950769,0.26251027,-0.011950568,0.00738281,-0.006699502,1091.282333,894.2469481,427.5536891,935.9423401,738.9069547,756.531781,608.9959915,298.3907931,647.488399,499.9526094,378.0799698,296.2268556,153.0506195,325.33845,243.4853357,1671.082273,1601.914383,617.9506434,1503.285915,1434.118025,1916.422201,1798.651458,708.9971398,1707.959706,1590.188963,2208.224533,2047.035567,832.3239363,1951.758613,1790.569647,291.5560415,318.1922053,360.6088338,203.5360886,235.7814944,278.5593042,122.8585134,155.0234401,193.1557984,69.16789008,117.7707423,161.1889663
15,2019,114,Freirina,100,-71.09405265,-28.50123961,80,1.454105826,270,0.75,0.5,3,32,0.587102184,0.69045496,0.284650803,0.519716425,0.669099748,0.242455557,-0.067385759,-0.021355212,-0.042195246,1091.282333,894.2469481,427.5536891,935.9423401,738.9069547,756.531781,608.9959915,298.3907931,647.488399,499.9526094,378.0799698,296.2268556,153.0506195,325.33845,243.4853357,1671.082273,1601.914383,617.9506434,1503.285915,1434.118025,1916.422201,1798.651458,708.9971398,1707.959706,1590.188963,2208.224533,2047.035567,832.3239363,1951.758613,1790.569647,291.5560415,318.1922053,360.6088338,203.5360886,235.7814944,278.5593042,122.8585134,155.0234401,193.1557984,69.16789008,117.7707423,161.1889663
16,2019,52.2,Freirina,100,-71.09405444,-28.50132982,80,1.454105826,270,0.75,0.5,3,32,0.579884268,0.680871248,0.269697785,0.521434818,0.672115386,0.245402128,-0.05844945,-0.008755863,-0.024295658,1091.282333,894.2469481,427.5536891,935.9423401,738.9069547,756.531781,608.9959915,298.3907931,647.488399,499.9526094,378.0799698,296.2268556,153.0506195,325.33845,243.4853357,1671.082273,1601.914383,617.9506434,1503.285915,1434.118025,1916.422201,1798.651458,708.9971398,1707.959706,1590.188963,2208.224533,2047.035567,832.3239363,1951.758613,1790.569647,291.5560415,318.1922053,360.6088338,203.5360886,235.7814944,278.5593042,122.8585134,155.0234401,193.1557984,69.16789008,117.7707423,161.1889663
17,2019,156.7,Freirina,100,-71.09408685,-28.50141955,80,1.454105826,270,0.75,0.5,3,32,0.589256214,0.686842084,0.288274944,0.49108433,0.652777791,0.216042399,-0.098171884,-0.034064293,-0.072232544,1091.282333,894.2469481,427.5536891,935.9423401,738.9069547,756.531781,608.9959915,298.3907931,647.488399,499.9526094,378.0799698,296.2268556,153.0506195,325.33845,243.4853357,1671.082273,1601.914383,617.9506434,1503.285915,1434.118025,1916.422201,1798.651458,708.9971398,1707.959706,1590.188963,2208.224533,2047.035567,832.3239363,1951.758613,1790.569647,291.5560415,318.1922053,360.6088338,203.5360886,235.7814944,278.5593042,122.8585134,155.0234401,193.1557984,69.16789008,117.7707423,161.1889663
18,2019,38.1,Freirina,100,-71.09411945,-28.5015183,80,1.454105826,270,0.75,0.5,3,32,0.56429157,0.691013753,0.277747929,0.518094373,0.657000065,0.23618266,-0.046197197,-0.034013689,-0.041565269,1091.282333,894.2469481,427.5536891,935.9423401,738.9069547,756.531781,608.9959915,298.3907931,647.488399,499.9526094,378.0799698,296.2268556,153.0506195,325.33845,243.4853357,1671.082273,1601.914383,617.9506434,1503.285915,1434.118025,1916.422201,1798.651458,708.9971398,1707.959706,1590.188963,2208.224533,2047.035567,832.3239363,1951.758613,1790.569647,291.5560415,318.1922053,360.6088338,203.5360886,235.7814944,278.5593042,122.8585134,155.0234401,193.1557984,69.16789008,117.7707423,161.1889663
20,2019,35,Freirina,100,-71.0940501,-28.50162765,80,1.454105826,270,0.75,0.5,3,32,0.611377904,0.711259305,0.322109759,0.510777881,0.679166675,0.229184195,-0.100600023,-0.032092631,-0.092925563,1091.282333,894.2469481,427.5536891,935.9423401,738.9069547,756.531781,608.9959915,298.3907931,647.488399,499.9526094,378.0799698,296.2268556,153.0506195,325.33845,243.4853357,1671.082273,1601.914383,617.9506434,1503.285915,1434.118025,1916.422201,1798.651458,708.9971398,1707.959706,1590.188963,2208.224533,2047.035567,832.3239363,1951.758613,1790.569647,291.5560415,318.1922053,360.6088338,203.5360886,235.7814944,278.5593042,122.8585134,155.0234401,193.1557984,69.16789008,117.7707423,161.1889663
21,2019,34,Freirina,100,-71.09401769,-28.50153792,80,1.454105826,270,0.75,0.5,3,32,0.602352072,0.698480725,0.318417311,0.47761926,0.655096412,0.207095116,-0.124732812,-0.043384314,-0.111322194,1091.282333,894.2469481,427.5536891,935.9423401,738.9069547,756.531781,608.9959915,298.3907931,647.488399,499.9526094,378.0799698,296.2268556,153.0506195,325.33845,243.4853357,1671.082273,1601.914383,617.9506434,1503.285915,1434.118025,1916.422201,1798.651458,708.9971398,1707.959706,1590.188963,2208.224533,2047.035567,832.3239363,1951.758613,1790.569647,291.5560415,318.1922053,360.6088338,203.5360886,235.7814944,278.5593042,122.8585134,155.0234401,193.1557984,69.16789008,117.7707423,161.1889663
22,2019,67.7,Freirina,100,-71.09399548,-28.50144803,80,1.454105826,270,0.75,0.5,3,32,0.602352072,0.698480725,0.318417311,0.47761926,0.655096412,0.207095116,-0.124732812,-0.043384314,-0.111322194,1091.282333,894.2469481,427.5536891,935.9423401,738.9069547,756.531781,608.9959915,298.3907931,647.488399,499.9526094,378.0799698,296.2268556,153.0506195,325.33845,243.4853357,1671.082273,1601.914383,617.9506434,1503.285915,1434.118025,1916.422201,1798.651458,708.9971398,1707.959706,1590.188963,2208.224533,2047.035567,832.3239363,1951.758613,1790.569647,291.5560415,318.1922053,360.6088338,203.5360886,235.7814944,278.5593042,122.8585134,155.0234401,193.1557984,69.16789008,117.7707423,161.1889663
23,2019,33.8,Freirina,100,-71.09396307,-28.5013583,80,1.454105826,270,0.75,0.5,3,32,0.580897485,0.678321719,0.284897029,0.474559694,0.653318703,0.206558779,-0.106337791,-0.025003016,-0.078338251,1091.282333,894.2469481,427.5536891,935.9423401,738.9069547,756.531781,608.9959915,298.3907931,647.488399,499.9526094,378.0799698,296.2268556,153.0506195,325.33845,243.4853357,1671.082273,1601.914383,617.9506434,1503.285915,1434.118025,1916.422201,1798.651458,708.9971398,1707.959706,1590.188963,2208.224533,2047.035567,832.3239363,1951.758613,1790.569647,291.5560415,318.1922053,360.6088338,203.5360886,235.7814944,278.5593042,122.8585134,155.0234401,193.1557984,69.16789008,117.7707423,161.1889663
25,2019,125,Freirina,100,-71.09390809,-28.50116063,80,2.084309673,305.5376778,0.875,-0.375,3,64,0.578004065,0.696890056,0.285513073,0.483486232,0.650000036,0.220194981,-0.094517833,-0.04689002,-0.065318093,1091.282333,894.2469481,427.5536891,935.9423401,738.9069547,756.531781,608.9959915,298.3907931,647.488399,499.9526094,378.0799698,296.2268556,153.0506195,325.33845,243.4853357,1671.082273,1601.914383,617.9506434,1503.285915,1434.118025,1916.422201,1798.651458,708.9971398,1707.959706,1590.188963,2208.224533,2047.035567,832.3239363,1951.758613,1790.569647,291.5560415,318.1922053,360.6088338,203.5360886,235.7814944,278.5593042,122.8585134,155.0234401,193.1557984,69.16789008,117.7707423,161.1889663
26,2019,123.3,Freirina,100,-71.09388589,-28.50107074,80,2.084309673,305.5376778,0.875,-0.375,3,64,0.575878591,0.681295276,0.288246274,0.506874407,0.670731723,0.230994135,-0.069004184,-0.010563552,-0.057252139,1091.282333,894.2469481,427.5536891,935.9423401,738.9069547,756.531781,608.9959915,298.3907931,647.488399,499.9526094,378.0799698,296.2268556,153.0506195,325.33845,243.4853357,1671.082273,1601.914383,617.9506434,1503.285915,1434.118025,1916.422201,1798.651458,708.9971398,1707.959706,1590.188963,2208.224533,2047.035567,832.3239363,1951.758613,1790.569647,291.5560415,318.1922053,360.6088338,203.5360886,235.7814944,278.5593042,122.8585134,155.0234401,193.1557984,69.16789008,117.7707423,161.1889663
27,2019,151.3,Freirina,100,-71.09386422,-28.50100791,79,1.845447935,293.1985905,1.125,-1.125,3,16,0.578988343,0.68451643,0.294848084,0.480193226,0.658008635,0.210891083,-0.098795117,-0.026507795,-0.083957002,1091.282333,894.2469481,427.5536891,935.9423401,738.9069547,756.531781,608.9959915,298.3907931,647.488399,499.9526094,378.0799698,296.2268556,153.0506195,325.33845,243.4853357,1671.082273,1601.914383,617.9506434,1503.285915,1434.118025,1916.422201,1798.651458,708.9971398,1707.959706,1590.188963,2208.224533,2047.035567,832.3239363,1951.758613,1790.569647,291.5560415,318.1922053,360.6088338,203.5360886,235.7814944,278.5593042,122.8585134,155.0234401,193.1557984,69.16789008,117.7707423,161.1889663
28,2019,138.5,Freirina,100,-71.09383162,-28.50090915,79,1.845447935,293.1985905,1.125,-1.125,3,16,0.582711187,0.699578047,0.294831008,0.520260842,0.675564647,0.234434038,-0.062450345,-0.0240134,-0.060396969,1091.282333,894.2469481,427.5536891,935.9423401,738.9069547,756.531781,608.9959915,298.3907931,647.488399,499.9526094,378.0799698,296.2268556,153.0506195,325.33845,243.4853357,1671.082273,1601.914383,617.9506434,1503.285915,1434.118025,1916.422201,1798.651458,708.9971398,1707.959706,1590.188963,2208.224533,2047.035567,832.3239363,1951.758613,1790.569647,291.5560415,318.1922053,360.6088338,203.5360886,235.7814944,278.5593042,122.8585134,155.0234401,193.1557984,69.16789008,117.7707423,161.1889663
29,2019,119.6,Freirina,100,-71.09380924,-28.50081024,79,1.845447935,293.1985905,1.125,-1.125,3,16,0.590309924,0.668785036,0.318368107,0.452015338,0.624261916,0.199463576,-0.138294586,-0.04452312,-0.118904531,1091.282333,894.2469481,427.5536891,935.9423401,738.9069547,756.531781,608.9959915,298.3907931,647.488399,499.9526094,378.0799698,296.2268556,153.0506195,325.33845,243.4853357,1671.082273,1601.914383,617.9506434,1503.285915,1434.118025,1916.422201,1798.651458,708.9971398,1707.959706,1590.188963,2208.224533,2047.035567,832.3239363,1951.758613,1790.569647,291.5560415,318.1922053,360.6088338,203.5360886,235.7814944,278.5593042,122.8585134,155.0234401,193.1557984,69.16789008,117.7707423,161.1889663
30,2019,133,Freirina,100,-71.09379725,-28.50072019,80,1.454105826,270,0.75,0.5,3,32,0.509618741,0.635468006,0.278088808,0.433124084,0.614798665,0.190284252,-0.076494657,-0.020669341,-0.087804556,1091.282333,894.2469481,427.5536891,935.9423401,738.9069547,756.531781,608.9959915,298.3907931,647.488399,499.9526094,378.0799698,296.2268556,153.0506195,325.33845,243.4853357,1671.082273,1601.914383,617.9506434,1503.285915,1434.118025,1916.422201,1798.651458,708.9971398,1707.959706,1590.188963,2208.224533,2047.035567,832.3239363,1951.758613,1790.569647,291.5560415,318.1922053,360.6088338,203.5360886,235.7814944,278.5593042,122.8585134,155.0234401,193.1557984,69.16789008,117.7707423,161.1889663
31,2019,131.5,Freirina,100,-71.09376501,-28.50063948,80,1.454105826,270,0.75,0.5,3,32,0.502894351,0.638658762,0.268547148,0.377201119,0.580851078,0.170578375,-0.125693232,-0.057807684,-0.097968772,1091.282333,894.2469481,427.5536891,935.9423401,738.9069547,756.531781,608.9959915,298.3907931,647.488399,499.9526094,378.0799698,296.2268556,153.0506195,325.33845,243.4853357,1671.082273,1601.914383,617.9506434,1503.285915,1434.118025,1916.422201,1798.651458,708.9971398,1707.959706,1590.188963,2208.224533,2047.035567,832.3239363,1951.758613,1790.569647,291.5560415,318.1922053,360.6088338,203.5360886,235.7814944,278.5593042,122.8585134,155.0234401,193.1557984,69.16789008,117.7707423,161.1889663
32,2019,147.8,Freirina,100,-71.09374281,-28.50054959,80,1.454105826,270,0.75,0.5,3,32,0.5293233,0.634391367,0.275718004,0.41519926,0.613312244,0.187761948,-0.11412404,-0.021079123,-0.087956056,1091.282333,894.2469481,427.5536891,935.9423401,738.9069547,756.531781,608.9959915,298.3907931,647.488399,499.9526094,378.0799698,296.2268556,153.0506195,325.33845,243.4853357,1671.082273,1601.914383,617.9506434,1503.285915,1434.118025,1916.422201,1798.651458,708.9971398,1707.959706,1590.188963,2208.224533,2047.035567,832.3239363,1951.758613,1790.569647,291.5560415,318.1922053,360.6088338,203.5360886,235.7814944,278.5593042,122.8585134,155.0234401,193.1557984,69.16789008,117.7707423,161.1889663
33,2019,146.5,Freirina,100,-71.09373064,-28.50045052,80,1.71353711,261.8698976,0.75,0.5,3,16,0.539867105,0.661290348,0.263228923,0.507136863,0.640767813,0.245461941,-0.032730242,-0.020522535,-0.017766982,1091.282333,894.2469481,427.5536891,935.9423401,738.9069547,756.531781,608.9959915,298.3907931,647.488399,499.9526094,378.0799698,296.2268556,153.0506195,325.33845,243.4853357,1671.082273,1601.914383,617.9506434,1503.285915,1434.118025,1916.422201,1798.651458,708.9971398,1707.959706,1590.188963,2208.224533,2047.035567,832.3239363,1951.758613,1790.569647,291.5560415,318.1922053,360.6088338,203.5360886,235.7814944,278.5593042,122.8585134,155.0234401,193.1557984,69.16789008,117.7707423,161.1889663
34,2019,76.8,Freirina,100,-71.0936778,-28.5003611,80,1.71353711,261.8698976,0.75,0.5,3,16,0.585093187,0.700577557,0.285839528,0.557700362,0.689576685,0.27001217,-0.027392825,-0.011000872,-0.015827358,1091.282333,894.2469481,427.5536891,935.9423401,738.9069547,756.531781,608.9959915,298.3907931,647.488399,499.9526094,378.0799698,296.2268556,153.0506195,325.33845,243.4853357,1671.082273,1601.914383,617.9506434,1503.285915,1434.118025,1916.422201,1798.651458,708.9971398,1707.959706,1590.188963,2208.224533,2047.035567,832.3239363,1951.758613,1790.569647,291.5560415,318.1922053,360.6088338,203.5360886,235.7814944,278.5593042,122.8585134,155.0234401,193.1557984,69.16789008,117.7707423,161.1889663
35,2019,97.7,Freirina,100,-71.09365577,-28.50028023,80,1.71353711,261.8698976,0.75,0.5,3,16,0.589527026,0.697789788,0.28420195,0.589353608,0.712334991,0.284036905,-0.000173418,0.014545202,-0.000165045,1091.282333,894.2469481,427.5536891,935.9423401,738.9069547,756.531781,608.9959915,298.3907931,647.488399,499.9526094,378.0799698,296.2268556,153.0506195,325.33845,243.4853357,1671.082273,1601.914383,617.9506434,1503.285915,1434.118025,1916.422201,1798.651458,708.9971398,1707.959706,1590.188963,2208.224533,2047.035567,832.3239363,1951.758613,1790.569647,291.5560415,318.1922053,360.6088338,203.5360886,235.7814944,278.5593042,122.8585134,155.0234401,193.1557984,69.16789008,117.7707423,161.1889663
36,2019,96,Freirina,100,-71.09363375,-28.50019936,81,2.298403281,288.4349488,2,2,4,16,0.580008387,0.70072335,0.28065303,0.59575372,0.707405746,0.286131889,0.015745333,0.006682396,0.005478859,1091.282333,894.2469481,427.5536891,935.9423401,738.9069547,756.531781,608.9959915,298.3907931,647.488399,499.9526094,378.0799698,296.2268556,153.0506195,325.33845,243.4853357,1671.082273,1601.914383,617.9506434,1503.285915,1434.118025,1916.422201,1798.651458,708.9971398,1707.959706,1590.188963,2208.224533,2047.035567,832.3239363,1951.758613,1790.569647,291.5560415,318.1922053,360.6088338,203.5360886,235.7814944,278.5593042,122.8585134,155.0234401,193.1557984,69.16789008,117.7707423,161.1889663
37,2019,115.2,Freirina,100,-71.09361154,-28.50010947,81,2.298403281,288.4349488,2,2,4,16,0.579166662,0.699551582,0.281756759,0.566835891,0.690552294,0.272949487,-0.012330771,-0.008999288,-0.008807272,1091.282333,894.2469481,427.5536891,935.9423401,738.9069547,756.531781,608.9959915,298.3907931,647.488399,499.9526094,378.0799698,296.2268556,153.0506195,325.33845,243.4853357,1671.082273,1601.914383,617.9506434,1503.285915,1434.118025,1916.422201,1798.651458,708.9971398,1707.959706,1590.188963,2208.224533,2047.035567,832.3239363,1951.758613,1790.569647,291.5560415,318.1922053,360.6088338,203.5360886,235.7814944,278.5593042,122.8585134,155.0234401,193.1557984,69.16789008,117.7707423,161.1889663
40,2019,76.7,Freirina,100,-71.09351982,-28.50011991,80,0.342805543,315,0.375,-0.125,2,32,0.605035397,0.707112968,0.305887014,0.562947368,0.687272727,0.271932214,-0.042088029,-0.01984024,-0.033954799,1091.282333,894.2469481,427.5536891,935.9423401,738.9069547,756.531781,608.9959915,298.3907931,647.488399,499.9526094,378.0799698,296.2268556,153.0506195,325.33845,243.4853357,1671.082273,1601.914383,617.9506434,1503.285915,1434.118025,1916.422201,1798.651458,708.9971398,1707.959706,1590.188963,2208.224533,2047.035567,832.3239363,1951.758613,1790.569647,291.5560415,318.1922053,360.6088338,203.5360886,235.7814944,278.5593042,122.8585134,155.0234401,193.1557984,69.16789008,117.7707423,161.1889663
41,2019,136.1,Freirina,100,-71.0935422,-28.50021882,80,0.342805543,315,0.375,-0.125,2,32,0.609336621,0.713164806,0.299919397,0.600649362,0.720767856,0.297427654,-0.008687259,0.007603049,-0.002491742,1091.282333,894.2469481,427.5536891,935.9423401,738.9069547,756.531781,608.9959915,298.3907931,647.488399,499.9526094,378.0799698,296.2268556,153.0506195,325.33845,243.4853357,1671.082273,1601.914383,617.9506434,1503.285915,1434.118025,1916.422201,1798.651458,708.9971398,1707.959706,1590.188963,2208.224533,2047.035567,832.3239363,1951.758613,1790.569647,291.5560415,318.1922053,360.6088338,203.5360886,235.7814944,278.5593042,122.8585134,155.0234401,193.1557984,69.16789008,117.7707423,161.1889663
42,2019,121,Freirina,100,-71.09357444,-28.50029953,80,0.342805543,225,0.375,-0.375,1,16,0.589527026,0.697789788,0.28420195,0.589353608,0.712334991,0.284036905,-0.000173418,0.014545202,-0.000165045,1091.282333,894.2469481,427.5536891,935.9423401,738.9069547,756.531781,608.9959915,298.3907931,647.488399,499.9526094,378.0799698,296.2268556,153.0506195,325.33845,243.4853357,1671.082273,1601.914383,617.9506434,1503.285915,1434.118025,1916.422201,1798.651458,708.9971398,1707.959706,1590.188963,2208.224533,2047.035567,832.3239363,1951.758613,1790.569647,291.5560415,318.1922053,360.6088338,203.5360886,235.7814944,278.5593042,122.8585134,155.0234401,193.1557984,69.16789008,117.7707423,161.1889663
43,2019,131.7,Freirina,100,-71.09359646,-28.5003804,80,0.342805543,225,0.375,-0.375,1,16,0.570298765,0.677934289,0.267592072,0.550227362,0.681614339,0.269106358,-0.020071403,0.00368005,0.001514286,1091.282333,894.2469481,427.5536891,935.9423401,738.9069547,756.531781,608.9959915,298.3907931,647.488399,499.9526094,378.0799698,296.2268556,153.0506195,325.33845,243.4853357,1671.082273,1601.914383,617.9506434,1503.285915,1434.118025,1916.422201,1798.651458,708.9971398,1707.959706,1590.188963,2208.224533,2047.035567,832.3239363,1951.758613,1790.569647,291.5560415,318.1922053,360.6088338,203.5360886,235.7814944,278.5593042,122.8585134,155.0234401,193.1557984,69.16789008,117.7707423,161.1889663
44,2019,76.9,Freirina,100,-71.09362906,-28.50047916,80,1.71353711,261.8698976,0.75,0.5,3,16,0.504737303,0.641146123,0.240098342,0.485239075,0.645324707,0.236394316,-0.019498228,0.004178584,-0.003704026,1091.282333,894.2469481,427.5536891,935.9423401,738.9069547,756.531781,608.9959915,298.3907931,647.488399,499.9526094,378.0799698,296.2268556,153.0506195,325.33845,243.4853357,1671.082273,1601.914383,617.9506434,1503.285915,1434.118025,1916.422201,1798.651458,708.9971398,1707.959706,1590.188963,2208.224533,2047.035567,832.3239363,1951.758613,1790.569647,291.5560415,318.1922053,360.6088338,203.5360886,235.7814944,278.5593042,122.8585134,155.0234401,193.1557984,69.16789008,117.7707423,161.1889663
45,2019,72,Freirina,100,-71.09365126,-28.50056905,80,1.454105826,270,0.75,0.5,3,32,0.495153482,0.625823498,0.245987162,0.494949495,0.651115656,0.225271657,-0.000203987,0.025292158,-0.020715505,1091.282333,894.2469481,427.5536891,935.9423401,738.9069547,756.531781,608.9959915,298.3907931,647.488399,499.9526094,378.0799698,296.2268556,153.0506195,325.33845,243.4853357,1671.082273,1601.914383,617.9506434,1503.285915,1434.118025,1916.422201,1798.651458,708.9971398,1707.959706,1590.188963,2208.224533,2047.035567,832.3239363,1951.758613,1790.569647,291.5560415,318.1922053,360.6088338,203.5360886,235.7814944,278.5593042,122.8585134,155.0234401,193.1557984,69.16789008,117.7707423,161.1889663
46,2019,131,Freirina,100,-71.09367346,-28.50065894,80,1.454105826,270,0.75,0.5,3,32,0.504459096,0.642675698,0.257487804,0.42618932,0.613762498,0.185182557,-0.078269776,-0.0289132,-0.072305247,1091.282333,894.2469481,427.5536891,935.9423401,738.9069547,756.531781,608.9959915,298.3907931,647.488399,499.9526094,378.0799698,296.2268556,153.0506195,325.33845,243.4853357,1671.082273,1601.914383,617.9506434,1503.285915,1434.118025,1916.422201,1798.651458,708.9971398,1707.959706,1590.188963,2208.224533,2047.035567,832.3239363,1951.758613,1790.569647,291.5560415,318.1922053,360.6088338,203.5360886,235.7814944,278.5593042,122.8585134,155.0234401,193.1557984,69.16789008,117.7707423,161.1889663
47,2019,115,Freirina,100,-71.09368546,-28.50074899,80,1.454105826,270,0.75,0.5,3,32,0.536377718,0.667366683,0.274129748,0.417831318,0.60852927,0.183816254,-0.1185464,-0.058837414,-0.090313494,1091.282333,894.2469481,427.5536891,935.9423401,738.9069547,756.531781,608.9959915,298.3907931,647.488399,499.9526094,378.0799698,296.2268556,153.0506195,325.33845,243.4853357,1671.082273,1601.914383,617.9506434,1503.285915,1434.118025,1916.422201,1798.651458,708.9971398,1707.959706,1590.188963,2208.224533,2047.035567,832.3239363,1951.758613,1790.569647,291.5560415,318.1922053,360.6088338,203.5360886,235.7814944,278.5593042,122.8585134,155.0234401,193.1557984,69.16789008,117.7707423,161.1889663
48,2019,77.8,Freirina,100,-71.09371787,-28.50083872,79,1.845447935,293.1985905,1.125,-1.125,3,16,0.572571442,0.689725757,0.295672148,0.448146416,0.638004243,0.200883478,-0.124425026,-0.051721513,-0.094788671,1091.282333,894.2469481,427.5536891,935.9423401,738.9069547,756.531781,608.9959915,298.3907931,647.488399,499.9526094,378.0799698,296.2268556,153.0506195,325.33845,243.4853357,1671.082273,1601.914383,617.9506434,1503.285915,1434.118025,1916.422201,1798.651458,708.9971398,1707.959706,1590.188963,2208.224533,2047.035567,832.3239363,1951.758613,1790.569647,291.5560415,318.1922053,360.6088338,203.5360886,235.7814944,278.5593042,122.8585134,155.0234401,193.1557984,69.16789008,117.7707423,161.1889663
49,2019,118.5,Freirina,100,-71.09374008,-28.50092861,79,1.845447935,293.1985905,1.125,-1.125,3,16,0.589020202,0.688132882,0.304014176,0.495652163,0.658275306,0.217680335,-0.093368039,-0.029857576,-0.086333841,1091.282333,894.2469481,427.5536891,935.9423401,738.9069547,756.531781,608.9959915,298.3907931,647.488399,499.9526094,378.0799698,296.2268556,153.0506195,325.33845,243.4853357,1671.082273,1601.914383,617.9506434,1503.285915,1434.118025,1916.422201,1798.651458,708.9971398,1707.959706,1590.188963,2208.224533,2047.035567,832.3239363,1951.758613,1790.569647,291.5560415,318.1922053,360.6088338,203.5360886,235.7814944,278.5593042,122.8585134,155.0234401,193.1557984,69.16789008,117.7707423,161.1889663
50,2019,60.1,Freirina,100,-71.09376228,-28.5010185,79,1.845447935,293.1985905,1.125,-1.125,3,16,0.534979426,0.676404476,0.262449533,0.464886265,0.645555556,0.200797498,-0.070093161,-0.03084892,-0.061652035,1091.282333,894.2469481,427.5536891,935.9423401,738.9069547,756.531781,608.9959915,298.3907931,647.488399,499.9526094,378.0799698,296.2268556,153.0506195,325.33845,243.4853357,1671.082273,1601.914383,617.9506434,1503.285915,1434.118025,1916.422201,1798.651458,708.9971398,1707.959706,1590.188963,2208.224533,2047.035567,832.3239363,1951.758613,1790.569647,291.5560415,318.1922053,360.6088338,203.5360886,235.7814944,278.5593042,122.8585134,155.0234401,193.1557984,69.16789008,117.7707423,161.1889663
51,2019,62,Freirina,100,-71.09378377,-28.50107231,80,2.084309673,305.5376778,0.875,-0.375,3,64,0.578988343,0.68451643,0.294848084,0.480193226,0.658008635,0.210891083,-0.098795117,-0.026507795,-0.083957002,1091.282333,894.2469481,427.5536891,935.9423401,738.9069547,756.531781,608.9959915,298.3907931,647.488399,499.9526094,378.0799698,296.2268556,153.0506195,325.33845,243.4853357,1671.082273,1601.914383,617.9506434,1503.285915,1434.118025,1916.422201,1798.651458,708.9971398,1707.959706,1590.188963,2208.224533,2047.035567,832.3239363,1951.758613,1790.569647,291.5560415,318.1922053,360.6088338,203.5360886,235.7814944,278.5593042,122.8585134,155.0234401,193.1557984,69.16789008,117.7707423,161.1889663
52,2019,63,Freirina,100,-71.09380616,-28.50117122,80,2.084309673,305.5376778,0.875,-0.375,3,64,0.579446646,0.683944404,0.292031884,0.45761079,0.636560321,0.201384962,-0.121835856,-0.047384083,-0.090646923,1091.282333,894.2469481,427.5536891,935.9423401,738.9069547,756.531781,608.9959915,298.3907931,647.488399,499.9526094,378.0799698,296.2268556,153.0506195,325.33845,243.4853357,1671.082273,1601.914383,617.9506434,1503.285915,1434.118025,1916.422201,1798.651458,708.9971398,1707.959706,1590.188963,2208.224533,2047.035567,832.3239363,1951.758613,1790.569647,291.5560415,318.1922053,360.6088338,203.5360886,235.7814944,278.5593042,122.8585134,155.0234401,193.1557984,69.16789008,117.7707423,161.1889663
53,2019,59,Freirina,100,-71.09383857,-28.50126096,80,2.084309673,305.5376778,0.875,-0.375,3,64,0.592684954,0.703868389,0.288819879,0.479768794,0.642780781,0.211136252,-0.11291616,-0.061087608,-0.077683628,1091.282333,894.2469481,427.5536891,935.9423401,738.9069547,756.531781,608.9959915,298.3907931,647.488399,499.9526094,378.0799698,296.2268556,153.0506195,325.33845,243.4853357,1671.082273,1601.914383,617.9506434,1503.285915,1434.118025,1916.422201,1798.651458,708.9971398,1707.959706,1590.188963,2208.224533,2047.035567,832.3239363,1951.758613,1790.569647,291.5560415,318.1922053,360.6088338,203.5360886,235.7814944,278.5593042,122.8585134,155.0234401,193.1557984,69.16789008,117.7707423,161.1889663
54,2019,60,Freirina,100,-71.0938717,-28.50138677,81,0.969519521,270,0.75,0.5,2,64,0.575832289,0.691968262,0.282725662,0.477597715,0.644562364,0.211749792,-0.098234574,-0.047405899,-0.07097587,1091.282333,894.2469481,427.5536891,935.9423401,738.9069547,756.531781,608.9959915,298.3907931,647.488399,499.9526094,378.0799698,296.2268556,153.0506195,325.33845,243.4853357,1671.082273,1601.914383,617.9506434,1503.285915,1434.118025,1916.422201,1798.651458,708.9971398,1707.959706,1590.188963,2208.224533,2047.035567,832.3239363,1951.758613,1790.569647,291.5560415,318.1922053,360.6088338,203.5360886,235.7814944,278.5593042,122.8585134,155.0234401,193.1557984,69.16789008,117.7707423,161.1889663
57,2019,56.3,Freirina,100,-71.09396877,-28.50164695,80,0.969519521,270,0.75,0.5,2,64,0.536114867,0.650120497,0.247959614,0.545937127,0.675221264,0.269230783,0.00982226,0.025100768,0.021271169,1091.282333,894.2469481,427.5536891,935.9423401,738.9069547,756.531781,608.9959915,298.3907931,647.488399,499.9526094,378.0799698,296.2268556,153.0506195,325.33845,243.4853357,1671.082273,1601.914383,617.9506434,1503.285915,1434.118025,1916.422201,1798.651458,708.9971398,1707.959706,1590.188963,2208.224533,2047.035567,832.3239363,1951.758613,1790.569647,291.5560415,318.1922053,360.6088338,203.5360886,235.7814944,278.5593042,122.8585134,155.0234401,193.1557984,69.16789008,117.7707423,161.1889663
58,2019,53.5,Freirina,100,-71.09385662,-28.50165771,81,0.969519521,270,0.75,0.5,2,64,0.571185017,0.670140505,0.273618311,0.474039689,0.654192388,0.228592768,-0.097145328,-0.015948117,-0.045025542,1091.282333,894.2469481,427.5536891,935.9423401,738.9069547,756.531781,608.9959915,298.3907931,647.488399,499.9526094,378.0799698,296.2268556,153.0506195,325.33845,243.4853357,1671.082273,1601.914383,617.9506434,1503.285915,1434.118025,1916.422201,1798.651458,708.9971398,1707.959706,1590.188963,2208.224533,2047.035567,832.3239363,1951.758613,1790.569647,291.5560415,318.1922053,360.6088338,203.5360886,235.7814944,278.5593042,122.8585134,155.0234401,193.1557984,69.16789008,117.7707423,161.1889663
59,2019,55.7,Freirina,100,-71.09382421,-28.50156797,81,0.969519521,270,0.75,0.5,2,64,0.584102764,0.694289386,0.29134962,0.399346103,0.605573416,0.179596692,-0.184756661,-0.088715971,-0.111752927,1091.282333,894.2469481,427.5536891,935.9423401,738.9069547,756.531781,608.9959915,298.3907931,647.488399,499.9526094,378.0799698,296.2268556,153.0506195,325.33845,243.4853357,1671.082273,1601.914383,617.9506434,1503.285915,1434.118025,1916.422201,1798.651458,708.9971398,1707.959706,1590.188963,2208.224533,2047.035567,832.3239363,1951.758613,1790.569647,291.5560415,318.1922053,360.6088338,203.5360886,235.7814944,278.5593042,122.8585134,155.0234401,193.1557984,69.16789008,117.7707423,161.1889663
60,2019,74.3,Freirina,100,-71.09380236,-28.50149612,81,0.969519521,270,0.75,0.5,2,64,0.587736975,0.68565315,0.292218208,0.463753731,0.636868417,0.199743375,-0.123983244,-0.048784733,-0.092474833,1091.282333,894.2469481,427.5536891,935.9423401,738.9069547,756.531781,608.9959915,298.3907931,647.488399,499.9526094,378.0799698,296.2268556,153.0506195,325.33845,243.4853357,1671.082273,1601.914383,617.9506434,1503.285915,1434.118025,1916.422201,1798.651458,708.9971398,1707.959706,1590.188963,2208.224533,2047.035567,832.3239363,1951.758613,1790.569647,291.5560415,318.1922053,360.6088338,203.5360886,235.7814944,278.5593042,122.8585134,155.0234401,193.1557984,69.16789008,117.7707423,161.1889663
61,2019,72.9,Freirina,100,-71.09376994,-28.50140639,81,0.969519521,270,0.75,0.5,2,64,0.576774211,0.68784529,0.274607509,0.462025296,0.626760542,0.212562382,-0.114748915,-0.061084747,-0.062045127,1091.282333,894.2469481,427.5536891,935.9423401,738.9069547,756.531781,608.9959915,298.3907931,647.488399,499.9526094,378.0799698,296.2268556,153.0506195,325.33845,243.4853357,1671.082273,1601.914383,617.9506434,1503.285915,1434.118025,1916.422201,1798.651458,708.9971398,1707.959706,1590.188963,2208.224533,2047.035567,832.3239363,1951.758613,1790.569647,291.5560415,318.1922053,360.6088338,203.5360886,235.7814944,278.5593042,122.8585134,155.0234401,193.1557984,69.16789008,117.7707423,161.1889663
62,2019,73,Freirina,100,-71.09372678,-28.50128975,81,0.969519521,270,0.75,0.5,2,64,0.574611177,0.676062703,0.277883172,0.454463491,0.626008093,0.209476322,-0.120147686,-0.05005461,-0.06840685,1091.282333,894.2469481,427.5536891,935.9423401,738.9069547,756.531781,608.9959915,298.3907931,647.488399,499.9526094,378.0799698,296.2268556,153.0506195,325.33845,243.4853357,1671.082273,1601.914383,617.9506434,1503.285915,1434.118025,1916.422201,1798.651458,708.9971398,1707.959706,1590.188963,2208.224533,2047.035567,832.3239363,1951.758613,1790.569647,291.5560415,318.1922053,360.6088338,203.5360886,235.7814944,278.5593042,122.8585134,155.0234401,193.1557984,69.16789008,117.7707423,161.1889663
63,2019,76,Freirina,100,-71.0937044,-28.50119084,80,2.084309673,305.5376778,0.875,-0.375,3,64,0.546331255,0.684018314,0.264658093,0.524253726,0.665647268,0.236002237,-0.022077529,-0.018371046,-0.028655857,1091.282333,894.2469481,427.5536891,935.9423401,738.9069547,756.531781,608.9959915,298.3907931,647.488399,499.9526094,378.0799698,296.2268556,153.0506195,325.33845,243.4853357,1671.082273,1601.914383,617.9506434,1503.285915,1434.118025,1916.422201,1798.651458,708.9971398,1707.959706,1590.188963,2208.224533,2047.035567,832.3239363,1951.758613,1790.569647,291.5560415,318.1922053,360.6088338,203.5360886,235.7814944,278.5593042,122.8585134,155.0234401,193.1557984,69.16789008,117.7707423,161.1889663
64,2019,77,Freirina,100,-71.0936924,-28.50110079,80,2.084309673,305.5376778,0.875,-0.375,3,64,0.52695091,0.674459636,0.262489974,0.489608511,0.651661336,0.214952618,-0.037342399,-0.0227983,-0.047537357,1091.282333,894.2469481,427.5536891,935.9423401,738.9069547,756.531781,608.9959915,298.3907931,647.488399,499.9526094,378.0799698,296.2268556,153.0506195,325.33845,243.4853357,1671.082273,1601.914383,617.9506434,1503.285915,1434.118025,1916.422201,1798.651458,708.9971398,1707.959706,1590.188963,2208.224533,2047.035567,832.3239363,1951.758613,1790.569647,291.5560415,318.1922053,360.6088338,203.5360886,235.7814944,278.5593042,122.8585134,155.0234401,193.1557984,69.16789008,117.7707423,161.1889663
67,2019,155,Freirina,100,-71.09361612,-28.50085834,79,1.845447935,293.1985905,1.125,-1.125,3,16,0.553852047,0.675206661,0.284860045,0.481921751,0.669642866,0.207935601,-0.071930296,-0.005563796,-0.076924443,1091.282333,894.2469481,427.5536891,935.9423401,738.9069547,756.531781,608.9959915,298.3907931,647.488399,499.9526094,378.0799698,296.2268556,153.0506195,325.33845,243.4853357,1671.082273,1601.914383,617.9506434,1503.285915,1434.118025,1916.422201,1798.651458,708.9971398,1707.959706,1590.188963,2208.224533,2047.035567,832.3239363,1951.758613,1790.569647,291.5560415,318.1922053,360.6088338,203.5360886,235.7814944,278.5593042,122.8585134,155.0234401,193.1557984,69.16789008,117.7707423,161.1889663
68,2019,79,Freirina,100,-71.09359373,-28.50075942,81,3.248691813,296.5650512,1.25,0,4,16,0.503482185,0.638392866,0.247748971,0.446310445,0.638040364,0.188872948,-0.05717174,-0.000352502,-0.058876023,1091.282333,894.2469481,427.5536891,935.9423401,738.9069547,756.531781,608.9959915,298.3907931,647.488399,499.9526094,378.0799698,296.2268556,153.0506195,325.33845,243.4853357,1671.082273,1601.914383,617.9506434,1503.285915,1434.118025,1916.422201,1798.651458,708.9971398,1707.959706,1590.188963,2208.224533,2047.035567,832.3239363,1951.758613,1790.569647,291.5560415,318.1922053,360.6088338,203.5360886,235.7814944,278.5593042,122.8585134,155.0234401,193.1557984,69.16789008,117.7707423,161.1889663
69,2019,78,Freirina,100,-71.0935821,-28.50068742,80,1.747450997,303.6900675,0.75,-0.5,4,8,0.488568989,0.630041718,0.235126317,0.494736856,0.647513807,0.211651191,0.006167867,0.017472088,-0.023475125,1091.282333,894.2469481,427.5536891,935.9423401,738.9069547,756.531781,608.9959915,298.3907931,647.488399,499.9526094,378.0799698,296.2268556,153.0506195,325.33845,243.4853357,1671.082273,1601.914383,617.9506434,1503.285915,1434.118025,1916.422201,1798.651458,708.9971398,1707.959706,1590.188963,2208.224533,2047.035567,832.3239363,1951.758613,1790.569647,291.5560415,318.1922053,360.6088338,203.5360886,235.7814944,278.5593042,122.8585134,155.0234401,193.1557984,69.16789008,117.7707423,161.1889663
70,2019,90,Freirina,100,-71.0935495,-28.50058866,80,1.747450997,303.6900675,0.75,-0.5,4,8,0.532985314,0.670977831,0.237019852,0.543370792,0.680861533,0.251003474,0.010385478,0.009883702,0.013983622,1091.282333,894.2469481,427.5536891,935.9423401,738.9069547,756.531781,608.9959915,298.3907931,647.488399,499.9526094,378.0799698,296.2268556,153.0506195,325.33845,243.4853357,1671.082273,1601.914383,617.9506434,1503.285915,1434.118025,1916.422201,1798.651458,708.9971398,1707.959706,1590.188963,2208.224533,2047.035567,832.3239363,1951.758613,1790.569647,291.5560415,318.1922053,360.6088338,203.5360886,235.7814944,278.5593042,122.8585134,155.0234401,193.1557984,69.16789008,117.7707423,161.1889663
71,2019,96.2,Freirina,100,-71.09351691,-28.50048991,80,0.342805543,225,0.375,-0.375,1,16,0.528632284,0.685803831,0.235554621,0.518599567,0.668269217,0.243994519,-0.010032717,-0.017534614,0.008439898,1091.282333,894.2469481,427.5536891,935.9423401,738.9069547,756.531781,608.9959915,298.3907931,647.488399,499.9526094,378.0799698,296.2268556,153.0506195,325.33845,243.4853357,1671.082273,1601.914383,617.9506434,1503.285915,1434.118025,1916.422201,1798.651458,708.9971398,1707.959706,1590.188963,2208.224533,2047.035567,832.3239363,1951.758613,1790.569647,291.5560415,318.1922053,360.6088338,203.5360886,235.7814944,278.5593042,122.8585134,155.0234401,193.1557984,69.16789008,117.7707423,161.1889663
72,2019,144,Freirina,100,-71.09348467,-28.50040919,80,0.342805543,225,0.375,-0.375,1,16,0.564126397,0.689759076,0.254614085,0.564882219,0.688539743,0.269734144,0.000755822,-0.001219332,0.015120059,1091.282333,894.2469481,427.5536891,935.9423401,738.9069547,756.531781,608.9959915,298.3907931,647.488399,499.9526094,378.0799698,296.2268556,153.0506195,325.33845,243.4853357,1671.082273,1601.914383,617.9506434,1503.285915,1434.118025,1916.422201,1798.651458,708.9971398,1707.959706,1590.188963,2208.224533,2047.035567,832.3239363,1951.758613,1790.569647,291.5560415,318.1922053,360.6088338,203.5360886,235.7814944,278.5593042,122.8585134,155.0234401,193.1557984,69.16789008,117.7707423,161.1889663
73,2019,145.7,Freirina,100,-71.09345261,-28.5003375,80,0.342805543,225,0.375,-0.375,1,16,0.582446802,0.69435215,0.271637261,0.615866383,0.719235897,0.299188644,0.033419581,0.024883747,0.027551383,1091.282333,894.2469481,427.5536891,935.9423401,738.9069547,756.531781,608.9959915,298.3907931,647.488399,499.9526094,378.0799698,296.2268556,153.0506195,325.33845,243.4853357,1671.082273,1601.914383,617.9506434,1503.285915,1434.118025,1916.422201,1798.651458,708.9971398,1707.959706,1590.188963,2208.224533,2047.035567,832.3239363,1951.758613,1790.569647,291.5560415,318.1922053,360.6088338,203.5360886,235.7814944,278.5593042,122.8585134,155.0234401,193.1557984,69.16789008,117.7707423,161.1889663
74,2019,153.6,Freirina,100,-71.09343041,-28.50024761,80,0.342805543,225,0.375,-0.375,1,16,0.598991181,0.713513553,0.289673388,0.604928141,0.712532878,0.297175527,0.00593696,-0.000980675,0.007502139,1091.282333,894.2469481,427.5536891,935.9423401,738.9069547,756.531781,608.9959915,298.3907931,647.488399,499.9526094,378.0799698,296.2268556,153.0506195,325.33845,243.4853357,1671.082273,1601.914383,617.9506434,1503.285915,1434.118025,1916.422201,1798.651458,708.9971398,1707.959706,1590.188963,2208.224533,2047.035567,832.3239363,1951.758613,1790.569647,291.5560415,318.1922053,360.6088338,203.5360886,235.7814944,278.5593042,122.8585134,155.0234401,193.1557984,69.16789008,117.7707423,161.1889663
75,2019,149.8,Freirina,100,-71.09339817,-28.5001669,80,0.342805543,315,0.375,-0.125,2,32,0.587663727,0.698915064,0.283222497,0.587436348,0.697685003,0.282218605,-0.000227379,-0.001230061,-0.001003891,1091.282333,894.2469481,427.5536891,935.9423401,738.9069547,756.531781,608.9959915,298.3907931,647.488399,499.9526094,378.0799698,296.2268556,153.0506195,325.33845,243.4853357,1671.082273,1601.914383,617.9506434,1503.285915,1434.118025,1916.422201,1798.651458,708.9971398,1707.959706,1590.188963,2208.224533,2047.035567,832.3239363,1951.758613,1790.569647,291.5560415,318.1922053,360.6088338,203.5360886,235.7814944,278.5593042,122.8585134,155.0234401,193.1557984,69.16789008,117.7707423,161.1889663
78,2019,118.8,Freirina,100,-71.09330663,-28.50018635,80,0.342805543,315,0.375,-0.125,2,32,0.617575271,0.718236804,0.305309743,0.585466557,0.701373518,0.286580443,-0.032108714,-0.016863286,-0.018729299,1091.282333,894.2469481,427.5536891,935.9423401,738.9069547,756.531781,608.9959915,298.3907931,647.488399,499.9526094,378.0799698,296.2268556,153.0506195,325.33845,243.4853357,1671.082273,1601.914383,617.9506434,1503.285915,1434.118025,1916.422201,1798.651458,708.9971398,1707.959706,1590.188963,2208.224533,2047.035567,832.3239363,1951.758613,1790.569647,291.5560415,318.1922053,360.6088338,203.5360886,235.7814944,278.5593042,122.8585134,155.0234401,193.1557984,69.16789008,117.7707423,161.1889663
79,2019,120.7,Freirina,100,-71.09332865,-28.50026723,80,0.342805543,225,0.375,-0.375,1,16,0.603208109,0.718552053,0.29088071,0.613034625,0.717259347,0.302816898,0.009826516,-0.001292706,0.011936188,1091.282333,894.2469481,427.5536891,935.9423401,738.9069547,756.531781,608.9959915,298.3907931,647.488399,499.9526094,378.0799698,296.2268556,153.0506195,325.33845,243.4853357,1671.082273,1601.914383,617.9506434,1503.285915,1434.118025,1916.422201,1798.651458,708.9971398,1707.959706,1590.188963,2208.224533,2047.035567,832.3239363,1951.758613,1790.569647,291.5560415,318.1922053,360.6088338,203.5360886,235.7814944,278.5593042,122.8585134,155.0234401,193.1557984,69.16789008,117.7707423,161.1889663
83,2019,127.7,Freirina,100,-71.09342732,-28.50060859,80,1.747450997,303.6900675,0.75,-0.5,4,8,0.545665297,0.670340717,0.246681586,0.527111123,0.681017637,0.245379314,-0.018554174,0.01067692,-0.001302272,1091.282333,894.2469481,427.5536891,935.9423401,738.9069547,756.531781,608.9959915,298.3907931,647.488399,499.9526094,378.0799698,296.2268556,153.0506195,325.33845,243.4853357,1671.082273,1601.914383,617.9506434,1503.285915,1434.118025,1916.422201,1798.651458,708.9971398,1707.959706,1590.188963,2208.224533,2047.035567,832.3239363,1951.758613,1790.569647,291.5560415,318.1922053,360.6088338,203.5360886,235.7814944,278.5593042,122.8585134,155.0234401,193.1557984,69.16789008,117.7707423,161.1889663
85,2019,124.9,Freirina,100,-71.09349215,-28.50078806,81,3.248691813,296.5650512,1.25,0,4,16,0.531305916,0.670243919,0.246268675,0.502713369,0.667214036,0.217518151,-0.028592547,-0.003029883,-0.028750524,1091.282333,894.2469481,427.5536891,935.9423401,738.9069547,756.531781,608.9959915,298.3907931,647.488399,499.9526094,378.0799698,296.2268556,153.0506195,325.33845,243.4853357,1671.082273,1601.914383,617.9506434,1503.285915,1434.118025,1916.422201,1798.651458,708.9971398,1707.959706,1590.188963,2208.224533,2047.035567,832.3239363,1951.758613,1790.569647,291.5560415,318.1922053,360.6088338,203.5360886,235.7814944,278.5593042,122.8585134,155.0234401,193.1557984,69.16789008,117.7707423,161.1889663
86,2019,115.2,Freirina,100,-71.09350432,-28.50088713,81,3.248691813,296.5650512,1.25,0,4,16,0.563106803,0.677083373,0.263418674,0.54124748,0.670665205,0.230967373,-0.021859323,-0.006418169,-0.032451302,1091.282333,894.2469481,427.5536891,935.9423401,738.9069547,756.531781,608.9959915,298.3907931,647.488399,499.9526094,378.0799698,296.2268556,153.0506195,325.33845,243.4853357,1671.082273,1601.914383,617.9506434,1503.285915,1434.118025,1916.422201,1798.651458,708.9971398,1707.959706,1590.188963,2208.224533,2047.035567,832.3239363,1951.758613,1790.569647,291.5560415,318.1922053,360.6088338,203.5360886,235.7814944,278.5593042,122.8585134,155.0234401,193.1557984,69.16789008,117.7707423,161.1889663
87,2019,114.8,Freirina,100,-71.09353656,-28.50096784,81,3.248691813,296.5650512,1.25,0,4,16,0.551293486,0.672919691,0.256006628,0.512588105,0.676339328,0.218580008,-0.038705381,0.003419638,-0.037426621,1091.282333,894.2469481,427.5536891,935.9423401,738.9069547,756.531781,608.9959915,298.3907931,647.488399,499.9526094,378.0799698,296.2268556,153.0506195,325.33845,243.4853357,1671.082273,1601.914383,617.9506434,1503.285915,1434.118025,1916.422201,1798.651458,708.9971398,1707.959706,1590.188963,2208.224533,2047.035567,832.3239363,1951.758613,1790.569647,291.5560415,318.1922053,360.6088338,203.5360886,235.7814944,278.5593042,122.8585134,155.0234401,193.1557984,69.16789008,117.7707423,161.1889663
88,2019,97.7,Freirina,100,-71.09356898,-28.50105758,82,2.422585452,270,1.375,0.875,4,32,0.498532501,0.646246016,0.241503045,0.480594129,0.655948579,0.212290093,-0.017938372,0.009702563,-0.029212952,1091.282333,894.2469481,427.5536891,935.9423401,738.9069547,756.531781,608.9959915,298.3907931,647.488399,499.9526094,378.0799698,296.2268556,153.0506195,325.33845,243.4853357,1671.082273,1601.914383,617.9506434,1503.285915,1434.118025,1916.422201,1798.651458,708.9971398,1707.959706,1590.188963,2208.224533,2047.035567,832.3239363,1951.758613,1790.569647,291.5560415,318.1922053,360.6088338,203.5360886,235.7814944,278.5593042,122.8585134,155.0234401,193.1557984,69.16789008,117.7707423,161.1889663
89,2019,82.6,Freirina,100,-71.09358097,-28.50114762,82,2.422585452,270,1.375,0.875,4,32,0.503534987,0.621346891,0.254837006,0.472609103,0.649505973,0.213447019,-0.030925884,0.028159082,-0.041389987,1091.282333,894.2469481,427.5536891,935.9423401,738.9069547,756.531781,608.9959915,298.3907931,647.488399,499.9526094,378.0799698,296.2268556,153.0506195,325.33845,243.4853357,1671.082273,1601.914383,617.9506434,1503.285915,1434.118025,1916.422201,1798.651458,708.9971398,1707.959706,1590.188963,2208.224533,2047.035567,832.3239363,1951.758613,1790.569647,291.5560415,318.1922053,360.6088338,203.5360886,235.7814944,278.5593042,122.8585134,155.0234401,193.1557984,69.16789008,117.7707423,161.1889663
90,2019,116.9,Freirina,100,-71.09361321,-28.50122834,80,2.084309673,305.5376778,0.875,-0.375,3,64,0.542494725,0.655172467,0.261303455,0.506363651,0.676277161,0.232083336,-0.036131074,0.021104693,-0.029220119,1091.282333,894.2469481,427.5536891,935.9423401,738.9069547,756.531781,608.9959915,298.3907931,647.488399,499.9526094,378.0799698,296.2268556,153.0506195,325.33845,243.4853357,1671.082273,1601.914383,617.9506434,1503.285915,1434.118025,1916.422201,1798.651458,708.9971398,1707.959706,1590.188963,2208.224533,2047.035567,832.3239363,1951.758613,1790.569647,291.5560415,318.1922053,360.6088338,203.5360886,235.7814944,278.5593042,122.8585134,155.0234401,193.1557984,69.16789008,117.7707423,161.1889663
91,2019,57.2,Freirina,100,-71.09363541,-28.50131823,81,0.969519521,270,0.75,0.5,2,64,0.531578967,0.66127497,0.249725282,0.488536158,0.647633016,0.228673637,-0.043042809,-0.013641953,-0.021051645,1091.282333,894.2469481,427.5536891,935.9423401,738.9069547,756.531781,608.9959915,298.3907931,647.488399,499.9526094,378.0799698,296.2268556,153.0506195,325.33845,243.4853357,1671.082273,1601.914383,617.9506434,1503.285915,1434.118025,1916.422201,1798.651458,708.9971398,1707.959706,1590.188963,2208.224533,2047.035567,832.3239363,1951.758613,1790.569647,291.5560415,318.1922053,360.6088338,203.5360886,235.7814944,278.5593042,122.8585134,155.0234401,193.1557984,69.16789008,117.7707423,161.1889663
92,2019,76.2,Freirina,100,-71.093668,-28.50141698,81,0.969519521,270,0.75,0.5,2,64,0.547071565,0.677328289,0.258932233,0.464317167,0.649627805,0.217469037,-0.082754398,-0.027700484,-0.041463196,1091.282333,894.2469481,427.5536891,935.9423401,738.9069547,756.531781,608.9959915,298.3907931,647.488399,499.9526094,378.0799698,296.2268556,153.0506195,325.33845,243.4853357,1671.082273,1601.914383,617.9506434,1503.285915,1434.118025,1916.422201,1798.651458,708.9971398,1707.959706,1590.188963,2208.224533,2047.035567,832.3239363,1951.758613,1790.569647,291.5560415,318.1922053,360.6088338,203.5360886,235.7814944,278.5593042,122.8585134,155.0234401,193.1557984,69.16789008,117.7707423,161.1889663
93,2019,35.4,Freirina,100,-71.09369074,-28.50153394,81,0.969519521,270,0.75,0.5,2,64,0.558498877,0.671401501,0.261183739,0.475875133,0.638655484,0.212116957,-0.082623744,-0.032746017,-0.049066782,1091.282333,894.2469481,427.5536891,935.9423401,738.9069547,756.531781,608.9959915,298.3907931,647.488399,499.9526094,378.0799698,296.2268556,153.0506195,325.33845,243.4853357,1671.082273,1601.914383,617.9506434,1503.285915,1434.118025,1916.422201,1798.651458,708.9971398,1707.959706,1590.188963,2208.224533,2047.035567,832.3239363,1951.758613,1790.569647,291.5560415,318.1922053,360.6088338,203.5360886,235.7814944,278.5593042,122.8585134,155.0234401,193.1557984,69.16789008,117.7707423,161.1889663
94,2019,53.1,Freirina,100,-71.09371259,-28.50160579,81,0.969519521,270,0.75,0.5,2,64,0.523893049,0.637305737,0.24618873,0.44220363,0.613648832,0.191738933,-0.081689419,-0.023656905,-0.054449797,1091.282333,894.2469481,427.5536891,935.9423401,738.9069547,756.531781,608.9959915,298.3907931,647.488399,499.9526094,378.0799698,296.2268556,153.0506195,325.33845,243.4853357,1671.082273,1601.914383,617.9506434,1503.285915,1434.118025,1916.422201,1798.651458,708.9971398,1707.959706,1590.188963,2208.224533,2047.035567,832.3239363,1951.758613,1790.569647,291.5560415,318.1922053,360.6088338,203.5360886,235.7814944,278.5593042,122.8585134,155.0234401,193.1557984,69.16789008,117.7707423,161.1889663
95,2019,38.6,Freirina,100,-71.09376543,-28.5016952,81,1.71353711,188.1301024,0.875,0.125,4,2,0.52669683,0.620557189,0.242163658,0.433114059,0.636819124,0.173651829,-0.093582771,0.016261935,-0.068511829,1091.282333,894.2469481,427.5536891,935.9423401,738.9069547,756.531781,608.9959915,298.3907931,647.488399,499.9526094,378.0799698,296.2268556,153.0506195,325.33845,243.4853357,1671.082273,1601.914383,617.9506434,1503.285915,1434.118025,1916.422201,1798.651458,708.9971398,1707.959706,1590.188963,2208.224533,2047.035567,832.3239363,1951.758613,1790.569647,291.5560415,318.1922053,360.6088338,203.5360886,235.7814944,278.5593042,122.8585134,155.0234401,193.1557984,69.16789008,117.7707423,161.1889663
96,2019,57.9,Freirina,100,-71.09359884,-28.50153535,81,1.71353711,188.1301024,0.875,0.125,4,2,0.545916033,0.679198027,0.24759315,0.463081151,0.642784059,0.211843207,-0.082834882,-0.036413968,-0.035749942,1091.282333,894.2469481,427.5536891,935.9423401,738.9069547,756.531781,608.9959915,298.3907931,647.488399,499.9526094,378.0799698,296.2268556,153.0506195,325.33845,243.4853357,1671.082273,1601.914383,617.9506434,1503.285915,1434.118025,1916.422201,1798.651458,708.9971398,1707.959706,1590.188963,2208.224533,2047.035567,832.3239363,1951.758613,1790.569647,291.5560415,318.1922053,360.6088338,203.5360886,235.7814944,278.5593042,122.8585134,155.0234401,193.1557984,69.16789008,117.7707423,161.1889663
97,2019,90.7,Freirina,100,-71.09357646,-28.50143644,81,1.71353711,188.1301024,0.875,0.125,4,2,0.547071565,0.677328289,0.258932233,0.464317167,0.649627805,0.217469037,-0.082754398,-0.027700484,-0.041463196,1091.282333,894.2469481,427.5536891,935.9423401,738.9069547,756.531781,608.9959915,298.3907931,647.488399,499.9526094,378.0799698,296.2268556,153.0506195,325.33845,243.4853357,1671.082273,1601.914383,617.9506434,1503.285915,1434.118025,1916.422201,1798.651458,708.9971398,1707.959706,1590.188963,2208.224533,2047.035567,832.3239363,1951.758613,1790.569647,291.5560415,318.1922053,360.6088338,203.5360886,235.7814944,278.5593042,122.8585134,155.0234401,193.1557984,69.16789008,117.7707423,161.1889663
98,2019,77.2,Freirina,100,-71.09354369,-28.50132867,81,1.71353711,188.1301024,0.875,0.125,4,2,0.559617048,0.68738234,0.264318973,0.511324047,0.666666687,0.241365135,-0.048293001,-0.020715654,-0.022953838,1091.282333,894.2469481,427.5536891,935.9423401,738.9069547,756.531781,608.9959915,298.3907931,647.488399,499.9526094,378.0799698,296.2268556,153.0506195,325.33845,243.4853357,1671.082273,1601.914383,617.9506434,1503.285915,1434.118025,1916.422201,1798.651458,708.9971398,1707.959706,1590.188963,2208.224533,2047.035567,832.3239363,1951.758613,1790.569647,291.5560415,318.1922053,360.6088338,203.5360886,235.7814944,278.5593042,122.8585134,155.0234401,193.1557984,69.16789008,117.7707423,161.1889663
99,2019,115.9,Freirina,100,-71.09351127,-28.50123893,82,2.422585452,270,1.375,0.875,4,32,0.572224619,0.672594666,0.273080617,0.520585535,0.687309682,0.237545222,-0.051639084,0.014715016,-0.035535395,1091.282333,894.2469481,427.5536891,935.9423401,738.9069547,756.531781,608.9959915,298.3907931,647.488399,499.9526094,378.0799698,296.2268556,153.0506195,325.33845,243.4853357,1671.082273,1601.914383,617.9506434,1503.285915,1434.118025,1916.422201,1798.651458,708.9971398,1707.959706,1590.188963,2208.224533,2047.035567,832.3239363,1951.758613,1790.569647,291.5560415,318.1922053,360.6088338,203.5360886,235.7814944,278.5593042,122.8585134,155.0234401,193.1557984,69.16789008,117.7707423,161.1889663
102,2019,135.8,Freirina,100,-71.09344519,-28.50099632,81,3.248691813,296.5650512,1.25,0,4,16,0.488174071,0.650577128,0.217599094,0.538242282,0.699737549,0.239197746,0.050068211,0.049160421,0.021598652,1091.282333,894.2469481,427.5536891,935.9423401,738.9069547,756.531781,608.9959915,298.3907931,647.488399,499.9526094,378.0799698,296.2268556,153.0506195,325.33845,243.4853357,1671.082273,1601.914383,617.9506434,1503.285915,1434.118025,1916.422201,1798.651458,708.9971398,1707.959706,1590.188963,2208.224533,2047.035567,832.3239363,1951.758613,1790.569647,291.5560415,318.1922053,360.6088338,203.5360886,235.7814944,278.5593042,122.8585134,155.0234401,193.1557984,69.16789008,117.7707423,161.1889663
103,2019,81.4,Freirina,100,-71.09341278,-28.50090659,81,3.248691813,296.5650512,1.25,0,4,16,0.542857141,0.696335077,0.240845069,0.550593839,0.696465731,0.244686857,0.007736698,0.000130653,0.003841788,1091.282333,894.2469481,427.5536891,935.9423401,738.9069547,756.531781,608.9959915,298.3907931,647.488399,499.9526094,378.0799698,296.2268556,153.0506195,325.33845,243.4853357,1671.082273,1601.914383,617.9506434,1503.285915,1434.118025,1916.422201,1798.651458,708.9971398,1707.959706,1590.188963,2208.224533,2047.035567,832.3239363,1951.758613,1790.569647,291.5560415,318.1922053,360.6088338,203.5360886,235.7814944,278.5593042,122.8585134,155.0234401,193.1557984,69.16789008,117.7707423,161.1889663
104,2019,58.1,Freirina,100,-71.09338036,-28.50081685,81,3.248691813,296.5650512,1.25,0,4,16,0.507299249,0.664483666,0.231924355,0.527536213,0.67923522,0.23168315,0.020236964,0.014751554,-0.000241205,1091.282333,894.2469481,427.5536891,935.9423401,738.9069547,756.531781,608.9959915,298.3907931,647.488399,499.9526094,378.0799698,296.2268556,153.0506195,325.33845,243.4853357,1671.082273,1601.914383,617.9506434,1503.285915,1434.118025,1916.422201,1798.651458,708.9971398,1707.959706,1590.188963,2208.224533,2047.035567,832.3239363,1951.758613,1790.569647,291.5560415,318.1922053,360.6088338,203.5360886,235.7814944,278.5593042,122.8585134,155.0234401,193.1557984,69.16789008,117.7707423,161.1889663
105,2019,36.8,Freirina,100,-71.09335816,-28.50072696,80,1.747450997,303.6900675,0.75,-0.5,4,8,0.516791025,0.647416413,0.23264277,0.501283162,0.662719131,0.23957482,-0.015507863,0.015302718,0.00693205,1091.282333,894.2469481,427.5536891,935.9423401,738.9069547,756.531781,608.9959915,298.3907931,647.488399,499.9526094,378.0799698,296.2268556,153.0506195,325.33845,243.4853357,1671.082273,1601.914383,617.9506434,1503.285915,1434.118025,1916.422201,1798.651458,708.9971398,1707.959706,1590.188963,2208.224533,2047.035567,832.3239363,1951.758613,1790.569647,291.5560415,318.1922053,360.6088338,203.5360886,235.7814944,278.5593042,122.8585134,155.0234401,193.1557984,69.16789008,117.7707423,161.1889663
106,2019,151.8,Freirina,100,-71.09333595,-28.50063707,80,1.747450997,303.6900675,0.75,-0.5,4,8,0.532918152,0.651173949,0.247930467,0.540329572,0.670743167,0.255817145,0.00741142,0.019569218,0.007886678,1091.282333,894.2469481,427.5536891,935.9423401,738.9069547,756.531781,608.9959915,298.3907931,647.488399,499.9526094,378.0799698,296.2268556,153.0506195,325.33845,243.4853357,1671.082273,1601.914383,617.9506434,1503.285915,1434.118025,1916.422201,1798.651458,708.9971398,1707.959706,1590.188963,2208.224533,2047.035567,832.3239363,1951.758613,1790.569647,291.5560415,318.1922053,360.6088338,203.5360886,235.7814944,278.5593042,122.8585134,155.0234401,193.1557984,69.16789008,117.7707423,161.1889663
107,2019,116.9,Freirina,100,-71.09330336,-28.50053831,80,1.747450997,303.6900675,0.75,-0.5,4,8,0.536363644,0.674020767,0.262398928,0.484123514,0.655507028,0.228729948,-0.05224013,-0.018513739,-0.03366898,1091.282333,894.2469481,427.5536891,935.9423401,738.9069547,756.531781,608.9959915,298.3907931,647.488399,499.9526094,378.0799698,296.2268556,153.0506195,325.33845,243.4853357,1671.082273,1601.914383,617.9506434,1503.285915,1434.118025,1916.422201,1798.651458,708.9971398,1707.959706,1590.188963,2208.224533,2047.035567,832.3239363,1951.758613,1790.569647,291.5560415,318.1922053,360.6088338,203.5360886,235.7814944,278.5593042,122.8585134,155.0234401,193.1557984,69.16789008,117.7707423,161.1889663
108,2019,61.7,Freirina,100,-71.09328151,-28.50046646,80,1.938484153,270,1,-1,2,32,0.599512583,0.713664055,0.296703279,0.533080485,0.680369496,0.257357925,-0.066432098,-0.033294559,-0.039345354,1091.282333,894.2469481,427.5536891,935.9423401,738.9069547,756.531781,608.9959915,298.3907931,647.488399,499.9526094,378.0799698,296.2268556,153.0506195,325.33845,243.4853357,1671.082273,1601.914383,617.9506434,1503.285915,1434.118025,1916.422201,1798.651458,708.9971398,1707.959706,1590.188963,2208.224533,2047.035567,832.3239363,1951.758613,1790.569647,291.5560415,318.1922053,360.6088338,203.5360886,235.7814944,278.5593042,122.8585134,155.0234401,193.1557984,69.16789008,117.7707423,161.1889663
109,2019,139.2,Freirina,100,-71.0932491,-28.50037673,80,1.938484153,270,1,-1,2,32,0.553697159,0.694671154,0.259488434,0.560878248,0.703703701,0.2808128,0.007181089,0.009032547,0.021324366,1091.282333,894.2469481,427.5536891,935.9423401,738.9069547,756.531781,608.9959915,298.3907931,647.488399,499.9526094,378.0799698,296.2268556,153.0506195,325.33845,243.4853357,1671.082273,1601.914383,617.9506434,1503.285915,1434.118025,1916.422201,1798.651458,708.9971398,1707.959706,1590.188963,2208.224533,2047.035567,832.3239363,1951.758613,1790.569647,291.5560415,318.1922053,360.6088338,203.5360886,235.7814944,278.5593042,122.8585134,155.0234401,193.1557984,69.16789008,117.7707423,161.1889663
110,2019,76.5,Freirina,100,-71.09322707,-28.50029586,80,1.938484153,270,1,-1,2,32,0.553697159,0.694671154,0.259488434,0.560878248,0.703703701,0.2808128,0.007181089,0.009032547,0.021324366,1091.282333,894.2469481,427.5536891,935.9423401,738.9069547,756.531781,608.9959915,298.3907931,647.488399,499.9526094,378.0799698,296.2268556,153.0506195,325.33845,243.4853357,1671.082273,1601.914383,617.9506434,1503.285915,1434.118025,1916.422201,1798.651458,708.9971398,1707.959706,1590.188963,2208.224533,2047.035567,832.3239363,1951.758613,1790.569647,291.5560415,318.1922053,360.6088338,203.5360886,235.7814944,278.5593042,122.8585134,155.0234401,193.1557984,69.16789008,117.7707423,161.1889663
111,2019,78,Freirina,100,-71.09320487,-28.50020597,81,1.71353711,278.1301024,0.875,0.375,2,64,0.586846546,0.684870183,0.283233851,0.607101488,0.723509967,0.310828596,0.020254942,0.038639784,0.027594745,1091.282333,894.2469481,427.5536891,935.9423401,738.9069547,756.531781,608.9959915,298.3907931,647.488399,499.9526094,378.0799698,296.2268556,153.0506195,325.33845,243.4853357,1671.082273,1601.914383,617.9506434,1503.285915,1434.118025,1916.422201,1798.651458,708.9971398,1707.959706,1590.188963,2208.224533,2047.035567,832.3239363,1951.758613,1790.569647,291.5560415,318.1922053,360.6088338,203.5360886,235.7814944,278.5593042,122.8585134,155.0234401,193.1557984,69.16789008,117.7707423,161.1889663
112,2019,79,Freirina,100,-71.09318267,-28.50011608,81,1.71353711,278.1301024,0.875,0.375,2,64,0.609570836,0.702008069,0.31540677,0.565539965,0.685752332,0.277134389,-0.044030871,-0.016255736,-0.038272381,1091.282333,894.2469481,427.5536891,935.9423401,738.9069547,756.531781,608.9959915,298.3907931,647.488399,499.9526094,378.0799698,296.2268556,153.0506195,325.33845,243.4853357,1671.082273,1601.914383,617.9506434,1503.285915,1434.118025,1916.422201,1798.651458,708.9971398,1707.959706,1590.188963,2208.224533,2047.035567,832.3239363,1951.758613,1790.569647,291.5560415,318.1922053,360.6088338,203.5360886,235.7814944,278.5593042,122.8585134,155.0234401,193.1557984,69.16789008,117.7707423,161.1889663
113,2019,63,Freirina,100,-71.09307105,-28.50015389,81,1.71353711,278.1301024,0.875,0.375,2,64,0.563903963,0.680399537,0.288050652,0.554642555,0.679538429,0.272397101,-0.009261408,-0.000861108,-0.015653551,1091.282333,894.2469481,427.5536891,935.9423401,738.9069547,756.531781,608.9959915,298.3907931,647.488399,499.9526094,378.0799698,296.2268556,153.0506195,325.33845,243.4853357,1671.082273,1601.914383,617.9506434,1503.285915,1434.118025,1916.422201,1798.651458,708.9971398,1707.959706,1590.188963,2208.224533,2047.035567,832.3239363,1951.758613,1790.569647,291.5560415,318.1922053,360.6088338,203.5360886,235.7814944,278.5593042,122.8585134,155.0234401,193.1557984,69.16789008,117.7707423,161.1889663
114,2019,62,Freirina,100,-71.09310311,-28.50022558,81,1.71353711,278.1301024,0.875,0.375,2,64,0.599838316,0.70824343,0.297832489,0.614130442,0.722452402,0.313225985,0.014292126,0.014208972,0.015393496,1091.282333,894.2469481,427.5536891,935.9423401,738.9069547,756.531781,608.9959915,298.3907931,647.488399,499.9526094,378.0799698,296.2268556,153.0506195,325.33845,243.4853357,1671.082273,1601.914383,617.9506434,1503.285915,1434.118025,1916.422201,1798.651458,708.9971398,1707.959706,1590.188963,2208.224533,2047.035567,832.3239363,1951.758613,1790.569647,291.5560415,318.1922053,360.6088338,203.5360886,235.7814944,278.5593042,122.8585134,155.0234401,193.1557984,69.16789008,117.7707423,161.1889663
115,2019,185.5,Freirina,100,-71.09312496,-28.50029743,80,1.938484153,270,1,-1,2,32,0.563288387,0.700899184,0.266132355,0.573731814,0.724256754,0.290136546,0.010443427,0.02335757,0.024004191,1091.282333,894.2469481,427.5536891,935.9423401,738.9069547,756.531781,608.9959915,298.3907931,647.488399,499.9526094,378.0799698,296.2268556,153.0506195,325.33845,243.4853357,1671.082273,1601.914383,617.9506434,1503.285915,1434.118025,1916.422201,1798.651458,708.9971398,1707.959706,1590.188963,2208.224533,2047.035567,832.3239363,1951.758613,1790.569647,291.5560415,318.1922053,360.6088338,203.5360886,235.7814944,278.5593042,122.8585134,155.0234401,193.1557984,69.16789008,117.7707423,161.1889663
116,2019,64.3,Freirina,100,-71.09315755,-28.50039619,80,1.938484153,270,1,-1,2,32,0.551287269,0.680389524,0.271720141,0.577748565,0.698255539,0.27166003,0.026461296,0.017866015,-6.01E-05,1091.282333,894.2469481,427.5536891,935.9423401,738.9069547,756.531781,608.9959915,298.3907931,647.488399,499.9526094,378.0799698,296.2268556,153.0506195,325.33845,243.4853357,1671.082273,1601.914383,617.9506434,1503.285915,1434.118025,1916.422201,1798.651458,708.9971398,1707.959706,1590.188963,2208.224533,2047.035567,832.3239363,1951.758613,1790.569647,291.5560415,318.1922053,360.6088338,203.5360886,235.7814944,278.5593042,122.8585134,155.0234401,193.1557984,69.16789008,117.7707423,161.1889663
119,2019,104.4,Freirina,100,-71.09324441,-28.50065653,81,2.398265815,315,1,-0.25,3,64,0.525846724,0.675146818,0.244340152,0.539062505,0.683760703,0.255065739,0.013215781,0.008613884,0.010725588,1091.282333,894.2469481,427.5536891,935.9423401,738.9069547,756.531781,608.9959915,298.3907931,647.488399,499.9526094,378.0799698,296.2268556,153.0506195,325.33845,243.4853357,1671.082273,1601.914383,617.9506434,1503.285915,1434.118025,1916.422201,1798.651458,708.9971398,1707.959706,1590.188963,2208.224533,2047.035567,832.3239363,1951.758613,1790.569647,291.5560415,318.1922053,360.6088338,203.5360886,235.7814944,278.5593042,122.8585134,155.0234401,193.1557984,69.16789008,117.7707423,161.1889663
123,2019,92.3,Freirina,100,-71.09334344,-28.50101593,81,3.248691813,296.5650512,1.25,0,4,16,0.505838388,0.643221259,0.227489144,0.6,0.716504872,0.275866836,0.094161612,0.073283613,0.048377693,1091.282333,894.2469481,427.5536891,935.9423401,738.9069547,756.531781,608.9959915,298.3907931,647.488399,499.9526094,378.0799698,296.2268556,153.0506195,325.33845,243.4853357,1671.082273,1601.914383,617.9506434,1503.285915,1434.118025,1916.422201,1798.651458,708.9971398,1707.959706,1590.188963,2208.224533,2047.035567,832.3239363,1951.758613,1790.569647,291.5560415,318.1922053,360.6088338,203.5360886,235.7814944,278.5593042,122.8585134,155.0234401,193.1557984,69.16789008,117.7707423,161.1889663
124,2019,108.4,Freirina,100,-71.09337585,-28.50110567,82,2.422585452,270,1.375,0.875,4,32,0.550280542,0.656826615,0.261377603,0.516984654,0.661569834,0.233109534,-0.033295888,0.004743218,-0.028268069,1091.282333,894.2469481,427.5536891,935.9423401,738.9069547,756.531781,608.9959915,298.3907931,647.488399,499.9526094,378.0799698,296.2268556,153.0506195,325.33845,243.4853357,1671.082273,1601.914383,617.9506434,1503.285915,1434.118025,1916.422201,1798.651458,708.9971398,1707.959706,1590.188963,2208.224533,2047.035567,832.3239363,1951.758613,1790.569647,291.5560415,318.1922053,360.6088338,203.5360886,235.7814944,278.5593042,122.8585134,155.0234401,193.1557984,69.16789008,117.7707423,161.1889663
126,2019,89.8,Freirina,100,-71.09343154,-28.50133942,81,1.71353711,188.1301024,0.875,0.125,4,2,0.565406329,0.682391465,0.267292142,0.552880479,0.694978952,0.263308764,-0.01252585,0.012587488,-0.003983378,1091.282333,894.2469481,427.5536891,935.9423401,738.9069547,756.531781,608.9959915,298.3907931,647.488399,499.9526094,378.0799698,296.2268556,153.0506195,325.33845,243.4853357,1671.082273,1601.914383,617.9506434,1503.285915,1434.118025,1916.422201,1798.651458,708.9971398,1707.959706,1590.188963,2208.224533,2047.035567,832.3239363,1951.758613,1790.569647,291.5560415,318.1922053,360.6088338,203.5360886,235.7814944,278.5593042,122.8585134,155.0234401,193.1557984,69.16789008,117.7707423,161.1889663
129,2019,93.2,Freirina,100,-71.09339515,-28.50156556,80,1.71353711,188.1301024,0.875,0.125,4,2,0.438349296,0.622941554,0.186990142,0.520187785,0.657113612,0.23309958,0.081838489,0.034172058,0.046109438,1091.282333,894.2469481,427.5536891,935.9423401,738.9069547,756.531781,608.9959915,298.3907931,647.488399,499.9526094,378.0799698,296.2268556,153.0506195,325.33845,243.4853357,1671.082273,1601.914383,617.9506434,1503.285915,1434.118025,1916.422201,1798.651458,708.9971398,1707.959706,1590.188963,2208.224533,2047.035567,832.3239363,1951.758613,1790.569647,291.5560415,318.1922053,360.6088338,203.5360886,235.7814944,278.5593042,122.8585134,155.0234401,193.1557984,69.16789008,117.7707423,161.1889663
131,2019,77,Freirina,100,-71.09332978,-28.50135903,81,1.71353711,188.1301024,0.875,0.125,4,2,0.570428691,0.675221622,0.268460065,0.534591187,0.663636386,0.258970886,-0.035837504,-0.011585236,-0.009489179,1091.282333,894.2469481,427.5536891,935.9423401,738.9069547,756.531781,608.9959915,298.3907931,647.488399,499.9526094,378.0799698,296.2268556,153.0506195,325.33845,243.4853357,1671.082273,1601.914383,617.9506434,1503.285915,1434.118025,1916.422201,1798.651458,708.9971398,1707.959706,1590.188963,2208.224533,2047.035567,832.3239363,1951.758613,1790.569647,291.5560415,318.1922053,360.6088338,203.5360886,235.7814944,278.5593042,122.8585134,155.0234401,193.1557984,69.16789008,117.7707423,161.1889663
132,2019,103.5,Freirina,100,-71.09330793,-28.50128718,82,2.422585452,270,1.375,0.875,4,32,0.570428691,0.675221622,0.268460065,0.534591187,0.663636386,0.258970886,-0.035837504,-0.011585236,-0.009489179,1091.282333,894.2469481,427.5536891,935.9423401,738.9069547,756.531781,608.9959915,298.3907931,647.488399,499.9526094,378.0799698,296.2268556,153.0506195,325.33845,243.4853357,1671.082273,1601.914383,617.9506434,1503.285915,1434.118025,1916.422201,1798.651458,708.9971398,1707.959706,1590.188963,2208.224533,2047.035567,832.3239363,1951.758613,1790.569647,291.5560415,318.1922053,360.6088338,203.5360886,235.7814944,278.5593042,122.8585134,155.0234401,193.1557984,69.16789008,117.7707423,161.1889663
133,2019,78,Freirina,100,-71.09327516,-28.50117941,83,1.370976822,225,1.125,1.125,2,4,0.551310527,0.681271136,0.256723225,0.562201974,0.690431535,0.266251534,0.010891447,0.009160399,0.009528309,1091.282333,894.2469481,427.5536891,935.9423401,738.9069547,756.531781,608.9959915,298.3907931,647.488399,499.9526094,378.0799698,296.2268556,153.0506195,325.33845,243.4853357,1671.082273,1601.914383,617.9506434,1503.285915,1434.118025,1916.422201,1798.651458,708.9971398,1707.959706,1590.188963,2208.224533,2047.035567,832.3239363,1951.758613,1790.569647,291.5560415,318.1922053,360.6088338,203.5360886,235.7814944,278.5593042,122.8585134,155.0234401,193.1557984,69.16789008,117.7707423,161.1889663
134,2019,119.1,Freirina,100,-71.09326335,-28.50109838,83,1.370976822,225,1.125,1.125,2,4,0.551310527,0.681271136,0.256723225,0.562201974,0.690431535,0.266251534,0.010891447,0.009160399,0.009528309,1091.282333,894.2469481,427.5536891,935.9423401,738.9069547,756.531781,608.9959915,298.3907931,647.488399,499.9526094,378.0799698,296.2268556,153.0506195,325.33845,243.4853357,1671.082273,1601.914383,617.9506434,1503.285915,1434.118025,1916.422201,1798.651458,708.9971398,1707.959706,1590.188963,2208.224533,2047.035567,832.3239363,1951.758613,1790.569647,291.5560415,318.1922053,360.6088338,203.5360886,235.7814944,278.5593042,122.8585134,155.0234401,193.1557984,69.16789008,117.7707423,161.1889663
135,2019,74.8,Freirina,100,-71.09324132,-28.50101751,83,2.084309673,324.4623222,1.25,1.25,3,32,0.568464746,0.697604835,0.257985771,0.591078063,0.705934465,0.289246738,0.022613317,0.00832963,0.031260967,1091.282333,894.2469481,427.5536891,935.9423401,738.9069547,756.531781,608.9959915,298.3907931,647.488399,499.9526094,378.0799698,296.2268556,153.0506195,325.33845,243.4853357,1671.082273,1601.914383,617.9506434,1503.285915,1434.118025,1916.422201,1798.651458,708.9971398,1707.959706,1590.188963,2208.224533,2047.035567,832.3239363,1951.758613,1790.569647,291.5560415,318.1922053,360.6088338,203.5360886,235.7814944,278.5593042,122.8585134,155.0234401,193.1557984,69.16789008,117.7707423,161.1889663
136,2019,79,Freirina,100,-71.09321912,-28.50092762,83,2.084309673,324.4623222,1.25,1.25,3,32,0.544933057,0.683333337,0.241116732,0.563003825,0.684499323,0.270558655,0.018070768,0.001165986,0.029441923,1091.282333,894.2469481,427.5536891,935.9423401,738.9069547,756.531781,608.9959915,298.3907931,647.488399,499.9526094,378.0799698,296.2268556,153.0506195,325.33845,243.4853357,1671.082273,1601.914383,617.9506434,1503.285915,1434.118025,1916.422201,1798.651458,708.9971398,1707.959706,1590.188963,2208.224533,2047.035567,832.3239363,1951.758613,1790.569647,291.5560415,318.1922053,360.6088338,203.5360886,235.7814944,278.5593042,122.8585134,155.0234401,193.1557984,69.16789008,117.7707423,161.1889663
137,2019,90.4,Freirina,100,-71.09319709,-28.50084675,83,2.084309673,324.4623222,1.25,1.25,3,32,0.564657161,0.679841936,0.256587207,0.54939341,0.693181813,0.260262728,-0.015263751,0.013339877,0.00367552,1091.282333,894.2469481,427.5536891,935.9423401,738.9069547,756.531781,608.9959915,298.3907931,647.488399,499.9526094,378.0799698,296.2268556,153.0506195,325.33845,243.4853357,1671.082273,1601.914383,617.9506434,1503.285915,1434.118025,1916.422201,1798.651458,708.9971398,1707.959706,1590.188963,2208.224533,2047.035567,832.3239363,1951.758613,1790.569647,291.5560415,318.1922053,360.6088338,203.5360886,235.7814944,278.5593042,122.8585134,155.0234401,193.1557984,69.16789008,117.7707423,161.1889663
138,2019,156.5,Freirina,100,-71.09317489,-28.50075685,81,2.398265815,315,1,-0.25,3,64,0.558308423,0.664993167,0.26706171,0.565979832,0.700142801,0.265966207,0.007671409,0.035149634,-0.001095504,1091.282333,894.2469481,427.5536891,935.9423401,738.9069547,756.531781,608.9959915,298.3907931,647.488399,499.9526094,378.0799698,296.2268556,153.0506195,325.33845,243.4853357,1671.082273,1601.914383,617.9506434,1503.285915,1434.118025,1916.422201,1798.651458,708.9971398,1707.959706,1590.188963,2208.224533,2047.035567,832.3239363,1951.758613,1790.569647,291.5560415,318.1922053,360.6088338,203.5360886,235.7814944,278.5593042,122.8585134,155.0234401,193.1557984,69.16789008,117.7707423,161.1889663
140,2019,80.5,Freirina,100,-71.09311006,-28.50057739,81,2.398265815,315,1,-0.25,3,64,0.555939524,0.695856929,0.263909757,0.499567849,0.671483636,0.237079576,-0.056371675,-0.024373293,-0.026830181,1091.282333,894.2469481,427.5536891,935.9423401,738.9069547,756.531781,608.9959915,298.3907931,647.488399,499.9526094,378.0799698,296.2268556,153.0506195,325.33845,243.4853357,1671.082273,1601.914383,617.9506434,1503.285915,1434.118025,1916.422201,1798.651458,708.9971398,1707.959706,1590.188963,2208.224533,2047.035567,832.3239363,1951.758613,1790.569647,291.5560415,318.1922053,360.6088338,203.5360886,235.7814944,278.5593042,122.8585134,155.0234401,193.1557984,69.16789008,117.7707423,161.1889663
141,2019,76.5,Freirina,100,-71.09309807,-28.50048734,80,1.938484153,270,1,-1,2,32,0.549431326,0.686666667,0.258578092,0.543405688,0.691674292,0.26406166,-0.006025638,0.005007625,0.005483568,1091.282333,894.2469481,427.5536891,935.9423401,738.9069547,756.531781,608.9959915,298.3907931,647.488399,499.9526094,378.0799698,296.2268556,153.0506195,325.33845,243.4853357,1671.082273,1601.914383,617.9506434,1503.285915,1434.118025,1916.422201,1798.651458,708.9971398,1707.959706,1590.188963,2208.224533,2047.035567,832.3239363,1951.758613,1790.569647,291.5560415,318.1922053,360.6088338,203.5360886,235.7814944,278.5593042,122.8585134,155.0234401,193.1557984,69.16789008,117.7707423,161.1889663
142,2019,72.4,Freirina,100,-71.09306619,-28.50042467,80,1.938484153,270,1,-1,2,32,0.549307978,0.681690156,0.260530651,0.588405798,0.715563536,0.287457854,0.03909782,0.033873379,0.026927203,1091.282333,894.2469481,427.5536891,935.9423401,738.9069547,756.531781,608.9959915,298.3907931,647.488399,499.9526094,378.0799698,296.2268556,153.0506195,325.33845,243.4853357,1671.082273,1601.914383,617.9506434,1503.285915,1434.118025,1916.422201,1798.651458,708.9971398,1707.959706,1590.188963,2208.224533,2047.035567,832.3239363,1951.758613,1790.569647,291.5560415,318.1922053,360.6088338,203.5360886,235.7814944,278.5593042,122.8585134,155.0234401,193.1557984,69.16789008,117.7707423,161.1889663
143,2019,54.1,Freirina,100,-71.09305419,-28.50033462,80,1.938484153,270,1,-1,2,32,0.563288387,0.700899184,0.266132355,0.573731814,0.724256754,0.290136546,0.010443427,0.02335757,0.024004191,1091.282333,894.2469481,427.5536891,935.9423401,738.9069547,756.531781,608.9959915,298.3907931,647.488399,499.9526094,378.0799698,296.2268556,153.0506195,325.33845,243.4853357,1671.082273,1601.914383,617.9506434,1503.285915,1434.118025,1916.422201,1798.651458,708.9971398,1707.959706,1590.188963,2208.224533,2047.035567,832.3239363,1951.758613,1790.569647,291.5560415,318.1922053,360.6088338,203.5360886,235.7814944,278.5593042,122.8585134,155.0234401,193.1557984,69.16789008,117.7707423,161.1889663
145,2019,123.4,Freirina,100,-71.093001,-28.50022716,81,1.71353711,278.1301024,0.875,0.375,2,64,0.593502385,0.723960578,0.298644334,0.539393951,0.691829503,0.267892987,-0.054108434,-0.032131076,-0.030751348,1091.282333,894.2469481,427.5536891,935.9423401,738.9069547,756.531781,608.9959915,298.3907931,647.488399,499.9526094,378.0799698,296.2268556,153.0506195,325.33845,243.4853357,1671.082273,1601.914383,617.9506434,1503.285915,1434.118025,1916.422201,1798.651458,708.9971398,1707.959706,1590.188963,2208.224533,2047.035567,832.3239363,1951.758613,1790.569647,291.5560415,318.1922053,360.6088338,203.5360886,235.7814944,278.5593042,122.8585134,155.0234401,193.1557984,69.16789008,117.7707423,161.1889663
146,2019,48,Freirina,100,-71.09298919,-28.50014613,81,1.71353711,278.1301024,0.875,0.375,2,64,0.528271395,0.660377383,0.262439817,0.529689348,0.662393153,0.267864257,0.001417953,0.002015769,0.00542444,1091.282333,894.2469481,427.5536891,935.9423401,738.9069547,756.531781,608.9959915,298.3907931,647.488399,499.9526094,378.0799698,296.2268556,153.0506195,325.33845,243.4853357,1671.082273,1601.914383,617.9506434,1503.285915,1434.118025,1916.422201,1798.651458,708.9971398,1707.959706,1590.188963,2208.224533,2047.035567,832.3239363,1951.758613,1790.569647,291.5560415,318.1922053,360.6088338,203.5360886,235.7814944,278.5593042,122.8585134,155.0234401,193.1557984,69.16789008,117.7707423,161.1889663
147,2019,134.1,Freirina,100,-71.09290821,-28.50018347,82,1.998096092,284.0362435,0.875,0.625,3,8,0.528764811,0.665437818,0.254617065,0.478084407,0.639063954,0.236736327,-0.050680404,-0.026373863,-0.017880738,1091.282333,894.2469481,427.5536891,935.9423401,738.9069547,756.531781,608.9959915,298.3907931,647.488399,499.9526094,378.0799698,296.2268556,153.0506195,325.33845,243.4853357,1671.082273,1601.914383,617.9506434,1503.285915,1434.118025,1916.422201,1798.651458,708.9971398,1707.959706,1590.188963,2208.224533,2047.035567,832.3239363,1951.758613,1790.569647,291.5560415,318.1922053,360.6088338,203.5360886,235.7814944,278.5593042,122.8585134,155.0234401,193.1557984,69.16789008,117.7707423,161.1889663
148,2019,40.7,Freirina,100,-71.09294027,-28.50025516,82,1.532725565,251.5650512,0.75,0.5,3,16,0.593502385,0.723960578,0.298644334,0.539393951,0.691829503,0.267892987,-0.054108434,-0.032131076,-0.030751348,1091.282333,894.2469481,427.5536891,935.9423401,738.9069547,756.531781,608.9959915,298.3907931,647.488399,499.9526094,378.0799698,296.2268556,153.0506195,325.33845,243.4853357,1671.082273,1601.914383,617.9506434,1503.285915,1434.118025,1916.422201,1798.651458,708.9971398,1707.959706,1590.188963,2208.224533,2047.035567,832.3239363,1951.758613,1790.569647,291.5560415,318.1922053,360.6088338,203.5360886,235.7814944,278.5593042,122.8585134,155.0234401,193.1557984,69.16789008,117.7707423,161.1889663
160,2019,79.5,Freirina,100,-71.09321639,-28.50130664,81,3.424014446,188.1301024,1.375,-0.125,4,4,0.547023298,0.677268505,0.259907067,0.522491352,0.661160946,0.247811809,-0.024531946,-0.016107559,-0.012095258,1091.282333,894.2469481,427.5536891,935.9423401,738.9069547,756.531781,608.9959915,298.3907931,647.488399,499.9526094,378.0799698,296.2268556,153.0506195,325.33845,243.4853357,1671.082273,1601.914383,617.9506434,1503.285915,1434.118025,1916.422201,1798.651458,708.9971398,1707.959706,1590.188963,2208.224533,2047.035567,832.3239363,1951.758613,1790.569647,291.5560415,318.1922053,360.6088338,203.5360886,235.7814944,278.5593042,122.8585134,155.0234401,193.1557984,69.16789008,117.7707423,161.1889663
161,2019,78,Freirina,100,-71.09323841,-28.50138751,81,3.424014446,188.1301024,1.375,-0.125,4,4,0.523316054,0.671317875,0.233960405,0.528520484,0.674804688,0.245582536,0.00520443,0.003486812,0.011622131,1091.282333,894.2469481,427.5536891,935.9423401,738.9069547,756.531781,608.9959915,298.3907931,647.488399,499.9526094,378.0799698,296.2268556,153.0506195,325.33845,243.4853357,1671.082273,1601.914383,617.9506434,1503.285915,1434.118025,1916.422201,1798.651458,708.9971398,1707.959706,1590.188963,2208.224533,2047.035567,832.3239363,1951.758613,1790.569647,291.5560415,318.1922053,360.6088338,203.5360886,235.7814944,278.5593042,122.8585134,155.0234401,193.1557984,69.16789008,117.7707423,161.1889663
165,2019,79.3,Freirina,100,-71.09308221,-28.50123652,83,1.370976822,225,1.125,1.125,2,4,0.550227362,0.654168487,0.269106358,0.517601049,0.668418586,0.244692519,-0.032626313,0.0142501,-0.024413839,1091.282333,894.2469481,427.5536891,935.9423401,738.9069547,756.531781,608.9959915,298.3907931,647.488399,499.9526094,378.0799698,296.2268556,153.0506195,325.33845,243.4853357,1671.082273,1601.914383,617.9506434,1503.285915,1434.118025,1916.422201,1798.651458,708.9971398,1707.959706,1590.188963,2208.224533,2047.035567,832.3239363,1951.758613,1790.569647,291.5560415,318.1922053,360.6088338,203.5360886,235.7814944,278.5593042,122.8585134,155.0234401,193.1557984,69.16789008,117.7707423,161.1889663
167,2019,87.4,Freirina,100,-71.09304819,-28.5010656,83,1.370976822,225,1.125,1.125,2,4,0.533807822,0.673786461,0.248344362,0.515370729,0.678517818,0.237104833,-0.018437093,0.004731357,-0.011239529,1091.282333,894.2469481,427.5536891,935.9423401,738.9069547,756.531781,608.9959915,298.3907931,647.488399,499.9526094,378.0799698,296.2268556,153.0506195,325.33845,243.4853357,1671.082273,1601.914383,617.9506434,1503.285915,1434.118025,1916.422201,1798.651458,708.9971398,1707.959706,1590.188963,2208.224533,2047.035567,832.3239363,1951.758613,1790.569647,291.5560415,318.1922053,360.6088338,203.5360886,235.7814944,278.5593042,122.8585134,155.0234401,193.1557984,69.16789008,117.7707423,161.1889663
168,2019,159.3,Freirina,100,-71.09301614,-28.50099391,83,2.084309673,324.4623222,1.25,1.25,3,32,0.49810527,0.620956779,0.240610167,0.482448241,0.655276418,0.222653002,-0.015657029,0.034319639,-0.017957166,1091.282333,894.2469481,427.5536891,935.9423401,738.9069547,756.531781,608.9959915,298.3907931,647.488399,499.9526094,378.0799698,296.2268556,153.0506195,325.33845,243.4853357,1671.082273,1601.914383,617.9506434,1503.285915,1434.118025,1916.422201,1798.651458,708.9971398,1707.959706,1590.188963,2208.224533,2047.035567,832.3239363,1951.758613,1790.569647,291.5560415,318.1922053,360.6088338,203.5360886,235.7814944,278.5593042,122.8585134,155.0234401,193.1557984,69.16789008,117.7707423,161.1889663
172,2019,85.5,Freirina,100,-71.09290672,-28.50062564,82,0.484794463,3.69E-13,0.75,0.5,3,32,0.582445683,0.672972977,0.279093504,0.598673302,0.707705975,0.292228818,0.016227619,0.034732997,0.013135314,1091.282333,894.2469481,427.5536891,935.9423401,738.9069547,756.531781,608.9959915,298.3907931,647.488399,499.9526094,378.0799698,296.2268556,153.0506195,325.33845,243.4853357,1671.082273,1601.914383,617.9506434,1503.285915,1434.118025,1916.422201,1798.651458,708.9971398,1707.959706,1590.188963,2208.224533,2047.035567,832.3239363,1951.758613,1790.569647,291.5560415,318.1922053,360.6088338,203.5360886,235.7814944,278.5593042,122.8585134,155.0234401,193.1557984,69.16789008,117.7707423,161.1889663
175,2019,153,Freirina,100,-71.09283008,-28.50036514,82,1.532725565,251.5650512,0.75,0.5,3,16,0.463673447,0.625566661,0.228724822,0.524675315,0.681948423,0.24870041,0.061001868,0.056381762,0.019975588,1091.282333,894.2469481,427.5536891,935.9423401,738.9069547,756.531781,608.9959915,298.3907931,647.488399,499.9526094,378.0799698,296.2268556,153.0506195,325.33845,243.4853357,1671.082273,1601.914383,617.9506434,1503.285915,1434.118025,1916.422201,1798.651458,708.9971398,1707.959706,1590.188963,2208.224533,2047.035567,832.3239363,1951.758613,1790.569647,291.5560415,318.1922053,360.6088338,203.5360886,235.7814944,278.5593042,122.8585134,155.0234401,193.1557984,69.16789008,117.7707423,161.1889663
177,2019,97.4,Freirina,100,-71.09278603,-28.5002034,82,1.998096092,284.0362435,0.875,0.625,3,8,0.493540047,0.660919547,0.234771922,0.432119195,0.617578328,0.211165041,-0.061420852,-0.043341219,-0.023606881,1091.282333,894.2469481,427.5536891,935.9423401,738.9069547,756.531781,608.9959915,298.3907931,647.488399,499.9526094,378.0799698,296.2268556,153.0506195,325.33845,243.4853357,1671.082273,1601.914383,617.9506434,1503.285915,1434.118025,1916.422201,1798.651458,708.9971398,1707.959706,1590.188963,2208.224533,2047.035567,832.3239363,1951.758613,1790.569647,291.5560415,318.1922053,360.6088338,203.5360886,235.7814944,278.5593042,122.8585134,155.0234401,193.1557984,69.16789008,117.7707423,161.1889663
178,2019,121.5,Freirina,100,-71.09268427,-28.50022301,82,1.998096092,284.0362435,0.875,0.625,3,8,0.512133902,0.647219718,0.248443857,0.577927551,0.684352517,0.279088676,0.065793649,0.0371328,0.030644819,1091.282333,894.2469481,427.5536891,935.9423401,738.9069547,756.531781,608.9959915,298.3907931,647.488399,499.9526094,378.0799698,296.2268556,153.0506195,325.33845,243.4853357,1671.082273,1601.914383,617.9506434,1503.285915,1434.118025,1916.422201,1798.651458,708.9971398,1707.959706,1590.188963,2208.224533,2047.035567,832.3239363,1951.758613,1790.569647,291.5560415,318.1922053,360.6088338,203.5360886,235.7814944,278.5593042,122.8585134,155.0234401,193.1557984,69.16789008,117.7707423,161.1889663
179,2019,78.5,Freirina,100,-71.09270612,-28.50029486,82,1.532725565,251.5650512,0.75,0.5,3,16,0.508936179,0.630344868,0.244081646,0.573078474,0.707000911,0.28737852,0.064142295,0.076656044,0.043296874,1091.282333,894.2469481,427.5536891,935.9423401,738.9069547,756.531781,608.9959915,298.3907931,647.488399,499.9526094,378.0799698,296.2268556,153.0506195,325.33845,243.4853357,1671.082273,1601.914383,617.9506434,1503.285915,1434.118025,1916.422201,1798.651458,708.9971398,1707.959706,1590.188963,2208.224533,2047.035567,832.3239363,1951.758613,1790.569647,291.5560415,318.1922053,360.6088338,203.5360886,235.7814944,278.5593042,122.8585134,155.0234401,193.1557984,69.16789008,117.7707423,161.1889663
180,2019,96,Freirina,100,-71.09272832,-28.50038475,82,1.532725565,251.5650512,0.75,0.5,3,16,0.556120277,0.675330579,0.267558753,0.603103311,0.715909123,0.297422469,0.046983034,0.040578544,0.029863715,1091.282333,894.2469481,427.5536891,935.9423401,738.9069547,756.531781,608.9959915,298.3907931,647.488399,499.9526094,378.0799698,296.2268556,153.0506195,325.33845,243.4853357,1671.082273,1601.914383,617.9506434,1503.285915,1434.118025,1916.422201,1798.651458,708.9971398,1707.959706,1590.188963,2208.224533,2047.035567,832.3239363,1951.758613,1790.569647,291.5560415,318.1922053,360.6088338,203.5360886,235.7814944,278.5593042,122.8585134,155.0234401,193.1557984,69.16789008,117.7707423,161.1889663
181,2019,35.8,Freirina,100,-71.09276056,-28.50046547,82,1.532725565,251.5650512,0.75,0.5,3,16,0.509387754,0.671034813,0.251275182,0.548190124,0.685660005,0.258535564,0.03880237,0.014625192,0.007260382,1091.282333,894.2469481,427.5536891,935.9423401,738.9069547,756.531781,608.9959915,298.3907931,647.488399,499.9526094,378.0799698,296.2268556,153.0506195,325.33845,243.4853357,1671.082273,1601.914383,617.9506434,1503.285915,1434.118025,1916.422201,1798.651458,708.9971398,1707.959706,1590.188963,2208.224533,2047.035567,832.3239363,1951.758613,1790.569647,291.5560415,318.1922053,360.6088338,203.5360886,235.7814944,278.5593042,122.8585134,155.0234401,193.1557984,69.16789008,117.7707423,161.1889663
182,2019,53.7,Freirina,100,-71.09279315,-28.50056422,82,0.484794463,3.69E-13,0.75,0.5,3,32,0.579172006,0.70036763,0.277202785,0.547291836,0.711985707,0.271742046,-0.03188017,0.011618078,-0.005460739,1091.282333,894.2469481,427.5536891,935.9423401,738.9069547,756.531781,608.9959915,298.3907931,647.488399,499.9526094,378.0799698,296.2268556,153.0506195,325.33845,243.4853357,1671.082273,1601.914383,617.9506434,1503.285915,1434.118025,1916.422201,1798.651458,708.9971398,1707.959706,1590.188963,2208.224533,2047.035567,832.3239363,1951.758613,1790.569647,291.5560415,318.1922053,360.6088338,203.5360886,235.7814944,278.5593042,122.8585134,155.0234401,193.1557984,69.16789008,117.7707423,161.1889663
183,2019,85.5,Freirina,100,-71.09280496,-28.50064525,82,0.484794463,3.69E-13,0.75,0.5,3,32,0.579172006,0.70036763,0.277202785,0.547291836,0.711985707,0.271742046,-0.03188017,0.011618078,-0.005460739,1091.282333,894.2469481,427.5536891,935.9423401,738.9069547,756.531781,608.9959915,298.3907931,647.488399,499.9526094,378.0799698,296.2268556,153.0506195,325.33845,243.4853357,1671.082273,1601.914383,617.9506434,1503.285915,1434.118025,1916.422201,1798.651458,708.9971398,1707.959706,1590.188963,2208.224533,2047.035567,832.3239363,1951.758613,1790.569647,291.5560415,318.1922053,360.6088338,203.5360886,235.7814944,278.5593042,122.8585134,155.0234401,193.1557984,69.16789008,117.7707423,161.1889663
184,2019,77,Freirina,100,-71.09283738,-28.50073498,82,0.484794463,3.69E-13,0.75,0.5,3,32,0.573839647,0.723659873,0.276797831,0.592638034,0.715418518,0.291940898,0.018798387,-0.008241355,0.015143067,1091.282333,894.2469481,427.5536891,935.9423401,738.9069547,756.531781,608.9959915,298.3907931,647.488399,499.9526094,378.0799698,296.2268556,153.0506195,325.33845,243.4853357,1671.082273,1601.914383,617.9506434,1503.285915,1434.118025,1916.422201,1798.651458,708.9971398,1707.959706,1590.188963,2208.224533,2047.035567,832.3239363,1951.758613,1790.569647,291.5560415,318.1922053,360.6088338,203.5360886,235.7814944,278.5593042,122.8585134,155.0234401,193.1557984,69.16789008,117.7707423,161.1889663
185,2019,93.8,Freirina,100,-71.09287033,-28.50085178,82,1.747450997,56.30993247,0.875,0.125,2,1,0.521547914,0.680427372,0.244569689,0.548780494,0.708520234,0.271447718,0.02723258,0.028092861,0.026878029,1091.282333,894.2469481,427.5536891,935.9423401,738.9069547,756.531781,608.9959915,298.3907931,647.488399,499.9526094,378.0799698,296.2268556,153.0506195,325.33845,243.4853357,1671.082273,1601.914383,617.9506434,1503.285915,1434.118025,1916.422201,1798.651458,708.9971398,1707.959706,1590.188963,2208.224533,2047.035567,832.3239363,1951.758613,1790.569647,291.5560415,318.1922053,360.6088338,203.5360886,235.7814944,278.5593042,122.8585134,155.0234401,193.1557984,69.16789008,117.7707423,161.1889663
186,2019,62,Freirina,100,-71.09290256,-28.50093249,82,1.747450997,56.30993247,0.875,0.125,2,1,0.522920189,0.658807218,0.251223475,0.563778851,0.700757563,0.266205281,0.040858662,0.041950345,0.014981806,1091.282333,894.2469481,427.5536891,935.9423401,738.9069547,756.531781,608.9959915,298.3907931,647.488399,499.9526094,378.0799698,296.2268556,153.0506195,325.33845,243.4853357,1671.082273,1601.914383,617.9506434,1503.285915,1434.118025,1916.422201,1798.651458,708.9971398,1707.959706,1590.188963,2208.224533,2047.035567,832.3239363,1951.758613,1790.569647,291.5560415,318.1922053,360.6088338,203.5360886,235.7814944,278.5593042,122.8585134,155.0234401,193.1557984,69.16789008,117.7707423,161.1889663
187,2019,117.8,Freirina,100,-71.09292477,-28.50102238,82,1.747450997,56.30993247,0.875,0.125,2,1,0.540249693,0.677449644,0.257066786,0.591434698,0.71165365,0.282413095,0.051185005,0.034204006,0.025346309,1091.282333,894.2469481,427.5536891,935.9423401,738.9069547,756.531781,608.9959915,298.3907931,647.488399,499.9526094,378.0799698,296.2268556,153.0506195,325.33845,243.4853357,1671.082273,1601.914383,617.9506434,1503.285915,1434.118025,1916.422201,1798.651458,708.9971398,1707.959706,1590.188963,2208.224533,2047.035567,832.3239363,1951.758613,1790.569647,291.5560415,318.1922053,360.6088338,203.5360886,235.7814944,278.5593042,122.8585134,155.0234401,193.1557984,69.16789008,117.7707423,161.1889663
188,2019,54,Freirina,100,-71.09294644,-28.50108521,83,1.532725565,108.4349488,1.25,1.25,2,1,0.540249693,0.677449644,0.257066786,0.591434698,0.71165365,0.282413095,0.051185005,0.034204006,0.025346309,1091.282333,894.2469481,427.5536891,935.9423401,738.9069547,756.531781,608.9959915,298.3907931,647.488399,499.9526094,378.0799698,296.2268556,153.0506195,325.33845,243.4853357,1671.082273,1601.914383,617.9506434,1503.285915,1434.118025,1916.422201,1798.651458,708.9971398,1707.959706,1590.188963,2208.224533,2047.035567,832.3239363,1951.758613,1790.569647,291.5560415,318.1922053,360.6088338,203.5360886,235.7814944,278.5593042,122.8585134,155.0234401,193.1557984,69.16789008,117.7707423,161.1889663
189,2019,53,Freirina,100,-71.09295825,-28.50116624,83,1.532725565,108.4349488,1.25,1.25,2,1,0.567785223,0.683805883,0.263096064,0.541013016,0.672992706,0.250380307,-0.026772207,-0.010813177,-0.012715757,1091.282333,894.2469481,427.5536891,935.9423401,738.9069547,756.531781,608.9959915,298.3907931,647.488399,499.9526094,378.0799698,296.2268556,153.0506195,325.33845,243.4853357,1671.082273,1601.914383,617.9506434,1503.285915,1434.118025,1916.422201,1798.651458,708.9971398,1707.959706,1590.188963,2208.224533,2047.035567,832.3239363,1951.758613,1790.569647,291.5560415,318.1922053,360.6088338,203.5360886,235.7814944,278.5593042,122.8585134,155.0234401,193.1557984,69.16789008,117.7707423,161.1889663
190,2019,127.8,Freirina,100,-71.09287763,-28.50122162,83,1.532725565,108.4349488,1.25,1.25,2,1,0.521166492,0.663580298,0.233230412,0.526044089,0.671979427,0.235801414,0.004877597,0.008399129,0.002571002,1091.282333,894.2469481,427.5536891,935.9423401,738.9069547,756.531781,608.9959915,298.3907931,647.488399,499.9526094,378.0799698,296.2268556,153.0506195,325.33845,243.4853357,1671.082273,1601.914383,617.9506434,1503.285915,1434.118025,1916.422201,1798.651458,708.9971398,1707.959706,1590.188963,2208.224533,2047.035567,832.3239363,1951.758613,1790.569647,291.5560415,318.1922053,360.6088338,203.5360886,235.7814944,278.5593042,122.8585134,155.0234401,193.1557984,69.16789008,117.7707423,161.1889663
192,2019,57.1,Freirina,100,-71.09282301,-28.501042,83,1.532725565,108.4349488,1.25,1.25,2,1,0.614566287,0.702329636,0.302659869,0.550935538,0.67189604,0.268399715,-0.063630749,-0.030433595,-0.034260154,1091.282333,894.2469481,427.5536891,935.9423401,738.9069547,756.531781,608.9959915,298.3907931,647.488399,499.9526094,378.0799698,296.2268556,153.0506195,325.33845,243.4853357,1671.082273,1601.914383,617.9506434,1503.285915,1434.118025,1916.422201,1798.651458,708.9971398,1707.959706,1590.188963,2208.224533,2047.035567,832.3239363,1951.758613,1790.569647,291.5560415,318.1922053,360.6088338,203.5360886,235.7814944,278.5593042,122.8585134,155.0234401,193.1557984,69.16789008,117.7707423,161.1889663
193,2019,132.6,Freirina,100,-71.09279077,-28.50096128,82,1.747450997,56.30993247,0.875,0.125,2,1,0.597715228,0.688658893,0.294926852,0.549237741,0.682326615,0.269220412,-0.048477487,-0.006332278,-0.02570644,1091.282333,894.2469481,427.5536891,935.9423401,738.9069547,756.531781,608.9959915,298.3907931,647.488399,499.9526094,378.0799698,296.2268556,153.0506195,325.33845,243.4853357,1671.082273,1601.914383,617.9506434,1503.285915,1434.118025,1916.422201,1798.651458,708.9971398,1707.959706,1590.188963,2208.224533,2047.035567,832.3239363,1951.758613,1790.569647,291.5560415,318.1922053,360.6088338,203.5360886,235.7814944,278.5593042,122.8585134,155.0234401,193.1557984,69.16789008,117.7707423,161.1889663
194,2019,18.8,Freirina,100,-71.09276839,-28.50086237,82,1.747450997,56.30993247,0.875,0.125,2,1,0.605481722,0.706843317,0.295221388,0.5177079,0.672806978,0.25974974,-0.087773822,-0.034036338,-0.035471648,1091.282333,894.2469481,427.5536891,935.9423401,738.9069547,756.531781,608.9959915,298.3907931,647.488399,499.9526094,378.0799698,296.2268556,153.0506195,325.33845,243.4853357,1671.082273,1601.914383,617.9506434,1503.285915,1434.118025,1916.422201,1798.651458,708.9971398,1707.959706,1590.188963,2208.224533,2047.035567,832.3239363,1951.758613,1790.569647,291.5560415,318.1922053,360.6088338,203.5360886,235.7814944,278.5593042,122.8585134,155.0234401,193.1557984,69.16789008,117.7707423,161.1889663
195,2019,37.6,Freirina,100,-71.09274601,-28.50076346,82,0.484794463,3.69E-13,0.75,0.5,3,32,0.592529711,0.717948735,0.284665585,0.561258289,0.692998171,0.274271846,-0.031271422,-0.024950564,-0.010393739,1091.282333,894.2469481,427.5536891,935.9423401,738.9069547,756.531781,608.9959915,298.3907931,647.488399,499.9526094,378.0799698,296.2268556,153.0506195,325.33845,243.4853357,1671.082273,1601.914383,617.9506434,1503.285915,1434.118025,1916.422201,1798.651458,708.9971398,1707.959706,1590.188963,2208.224533,2047.035567,832.3239363,1951.758613,1790.569647,291.5560415,318.1922053,360.6088338,203.5360886,235.7814944,278.5593042,122.8585134,155.0234401,193.1557984,69.16789008,117.7707423,161.1889663
196,2019,104.7,Freirina,100,-71.09271359,-28.50067373,82,0.484794463,3.69E-13,0.75,0.5,3,32,0.603161402,0.712127984,0.293760121,0.560050572,0.686560392,0.270378411,-0.04311083,-0.025567591,-0.02338171,1091.282333,894.2469481,427.5536891,935.9423401,738.9069547,756.531781,608.9959915,298.3907931,647.488399,499.9526094,378.0799698,296.2268556,153.0506195,325.33845,243.4853357,1671.082273,1601.914383,617.9506434,1503.285915,1434.118025,1916.422201,1798.651458,708.9971398,1707.959706,1590.188963,2208.224533,2047.035567,832.3239363,1951.758613,1790.569647,291.5560415,318.1922053,360.6088338,203.5360886,235.7814944,278.5593042,122.8585134,155.0234401,193.1557984,69.16789008,117.7707423,161.1889663
199,2019,80.3,Freirina,100,-71.09263713,-28.50042225,82,1.532725565,161.5650512,0.5,0.25,3,2,0.556120277,0.675330579,0.267558753,0.603103311,0.715909123,0.297422469,0.046983034,0.040578544,0.029863715,1091.282333,894.2469481,427.5536891,935.9423401,738.9069547,756.531781,608.9959915,298.3907931,647.488399,499.9526094,378.0799698,296.2268556,153.0506195,325.33845,243.4853357,1671.082273,1601.914383,617.9506434,1503.285915,1434.118025,1916.422201,1798.651458,708.9971398,1707.959706,1590.188963,2208.224533,2047.035567,832.3239363,1951.758613,1790.569647,291.5560415,318.1922053,360.6088338,203.5360886,235.7814944,278.5593042,122.8585134,155.0234401,193.1557984,69.16789008,117.7707423,161.1889663
200,2019,122.2,Freirina,100,-71.09260436,-28.50031448,82,1.532725565,161.5650512,0.5,0.25,3,2,0.590280672,0.719981909,0.286110729,0.594626633,0.722577929,0.299760997,0.004345961,0.002596021,0.013650268,1091.282333,894.2469481,427.5536891,935.9423401,738.9069547,756.531781,608.9959915,298.3907931,647.488399,499.9526094,378.0799698,296.2268556,153.0506195,325.33845,243.4853357,1671.082273,1601.914383,617.9506434,1503.285915,1434.118025,1916.422201,1798.651458,708.9971398,1707.959706,1590.188963,2208.224533,2047.035567,832.3239363,1951.758613,1790.569647,291.5560415,318.1922053,360.6088338,203.5360886,235.7814944,278.5593042,122.8585134,155.0234401,193.1557984,69.16789008,117.7707423,161.1889663
201,2019,119.1,Freirina,100,-71.09258233,-28.50023361,83,0.342805543,315,1.125,1.125,2,32,0.57738342,0.691899061,0.282702416,0.568217047,0.696436048,0.290105522,-0.009166373,0.004536986,0.007403105,1091.282333,894.2469481,427.5536891,935.9423401,738.9069547,756.531781,608.9959915,298.3907931,647.488399,499.9526094,378.0799698,296.2268556,153.0506195,325.33845,243.4853357,1671.082273,1601.914383,617.9506434,1503.285915,1434.118025,1916.422201,1798.651458,708.9971398,1707.959706,1590.188963,2208.224533,2047.035567,832.3239363,1951.758613,1790.569647,291.5560415,318.1922053,360.6088338,203.5360886,235.7814944,278.5593042,122.8585134,155.0234401,193.1557984,69.16789008,117.7707423,161.1889663
204,2019,78.5,Freirina,100,-71.09249061,-28.50024404,82,1.532725565,161.5650512,0.5,0.25,3,2,0.623996962,0.719255686,0.321583301,0.504559263,0.651376188,0.261006296,-0.119437699,-0.067879498,-0.060577005,1091.282333,894.2469481,427.5536891,935.9423401,738.9069547,756.531781,608.9959915,298.3907931,647.488399,499.9526094,378.0799698,296.2268556,153.0506195,325.33845,243.4853357,1671.082273,1601.914383,617.9506434,1503.285915,1434.118025,1916.422201,1798.651458,708.9971398,1707.959706,1590.188963,2208.224533,2047.035567,832.3239363,1951.758613,1790.569647,291.5560415,318.1922053,360.6088338,203.5360886,235.7814944,278.5593042,122.8585134,155.0234401,193.1557984,69.16789008,117.7707423,161.1889663
205,2019,98,Freirina,100,-71.09252302,-28.50033378,82,1.532725565,161.5650512,0.5,0.25,3,2,0.619735258,0.714649737,0.309288681,0.558941457,0.683116913,0.27902323,-0.060793801,-0.031532824,-0.03026545,1091.282333,894.2469481,427.5536891,935.9423401,738.9069547,756.531781,608.9959915,298.3907931,647.488399,499.9526094,378.0799698,296.2268556,153.0506195,325.33845,243.4853357,1671.082273,1601.914383,617.9506434,1503.285915,1434.118025,1916.422201,1798.651458,708.9971398,1707.959706,1590.188963,2208.224533,2047.035567,832.3239363,1951.758613,1790.569647,291.5560415,318.1922053,360.6088338,203.5360886,235.7814944,278.5593042,122.8585134,155.0234401,193.1557984,69.16789008,117.7707423,161.1889663
206,2019,113.1,Freirina,100,-71.09255544,-28.50042351,82,1.532725565,161.5650512,0.5,0.25,3,2,0.608924955,0.717626691,0.301607519,0.59917011,0.715175748,0.292307675,-0.009754845,-0.002450943,-0.009299845,1091.282333,894.2469481,427.5536891,935.9423401,738.9069547,756.531781,608.9959915,298.3907931,647.488399,499.9526094,378.0799698,296.2268556,153.0506195,325.33845,243.4853357,1671.082273,1601.914383,617.9506434,1503.285915,1434.118025,1916.422201,1798.651458,708.9971398,1707.959706,1590.188963,2208.224533,2047.035567,832.3239363,1951.758613,1790.569647,291.5560415,318.1922053,360.6088338,203.5360886,235.7814944,278.5593042,122.8585134,155.0234401,193.1557984,69.16789008,117.7707423,161.1889663
207,2019,91.1,Freirina,100,-71.09256761,-28.50052258,81,2.084309673,125.5376778,1,-0.25,3,2,0.576788828,0.696713686,0.27194187,0.600995454,0.714031994,0.293280274,0.024206626,0.017318308,0.021338403,1091.282333,894.2469481,427.5536891,935.9423401,738.9069547,756.531781,608.9959915,298.3907931,647.488399,499.9526094,378.0799698,296.2268556,153.0506195,325.33845,243.4853357,1671.082273,1601.914383,617.9506434,1503.285915,1434.118025,1916.422201,1798.651458,708.9971398,1707.959706,1590.188963,2208.224533,2047.035567,832.3239363,1951.758613,1790.569647,291.5560415,318.1922053,360.6088338,203.5360886,235.7814944,278.5593042,122.8585134,155.0234401,193.1557984,69.16789008,117.7707423,161.1889663
208,2019,39.1,Freirina,100,-71.09257924,-28.50059459,81,2.084309673,125.5376778,1,-0.25,3,2,0.56958868,0.683600724,0.277642757,0.55080214,0.692860365,0.270286649,-0.01878654,0.009259641,-0.007356107,1091.282333,894.2469481,427.5536891,935.9423401,738.9069547,756.531781,608.9959915,298.3907931,647.488399,499.9526094,378.0799698,296.2268556,153.0506195,325.33845,243.4853357,1671.082273,1601.914383,617.9506434,1503.285915,1434.118025,1916.422201,1798.651458,708.9971398,1707.959706,1590.188963,2208.224533,2047.035567,832.3239363,1951.758613,1790.569647,291.5560415,318.1922053,360.6088338,203.5360886,235.7814944,278.5593042,122.8585134,155.0234401,193.1557984,69.16789008,117.7707423,161.1889663
209,2019,58.7,Freirina,100,-71.09261237,-28.5007204,81,2.084309673,125.5376778,1,-0.25,3,2,0.616019818,0.704703867,0.301535994,0.539765835,0.684628963,0.268222541,-0.076253983,-0.020074904,-0.033313453,1091.282333,894.2469481,427.5536891,935.9423401,738.9069547,756.531781,608.9959915,298.3907931,647.488399,499.9526094,378.0799698,296.2268556,153.0506195,325.33845,243.4853357,1671.082273,1601.914383,617.9506434,1503.285915,1434.118025,1916.422201,1798.651458,708.9971398,1707.959706,1590.188963,2208.224533,2047.035567,832.3239363,1951.758613,1790.569647,291.5560415,318.1922053,360.6088338,203.5360886,235.7814944,278.5593042,122.8585134,155.0234401,193.1557984,69.16789008,117.7707423,161.1889663
210,2019,68.9,Freirina,100,-71.09266663,-28.50088199,81,3.15734881,94.39870535,1.25,0.25,5,2,0.60973723,0.71369803,0.311939895,0.562627497,0.694690287,0.277613729,-0.047109733,-0.019007742,-0.034326166,1091.282333,894.2469481,427.5536891,935.9423401,738.9069547,756.531781,608.9959915,298.3907931,647.488399,499.9526094,378.0799698,296.2268556,153.0506195,325.33845,243.4853357,1671.082273,1601.914383,617.9506434,1503.285915,1434.118025,1916.422201,1798.651458,708.9971398,1707.959706,1590.188963,2208.224533,2047.035567,832.3239363,1951.758613,1790.569647,291.5560415,318.1922053,360.6088338,203.5360886,235.7814944,278.5593042,122.8585134,155.0234401,193.1557984,69.16789008,117.7707423,161.1889663
211,2019,67,Freirina,100,-71.09269923,-28.50098074,82,1.747450997,56.30993247,0.875,0.125,2,1,0.59603175,0.701353669,0.299601078,0.578904342,0.701321602,0.285253823,-0.017127408,-3.21E-05,-0.014347255,1091.282333,894.2469481,427.5536891,935.9423401,738.9069547,756.531781,608.9959915,298.3907931,647.488399,499.9526094,378.0799698,296.2268556,153.0506195,325.33845,243.4853357,1671.082273,1601.914383,617.9506434,1503.285915,1434.118025,1916.422201,1798.651458,708.9971398,1707.959706,1590.188963,2208.224533,2047.035567,832.3239363,1951.758613,1790.569647,291.5560415,318.1922053,360.6088338,203.5360886,235.7814944,278.5593042,122.8585134,155.0234401,193.1557984,69.16789008,117.7707423,161.1889663
212,2019,53,Freirina,100,-71.09272089,-28.50104357,83,1.532725565,108.4349488,1.25,1.25,2,1,0.598692278,0.702349901,0.295085281,0.555456978,0.692084968,0.258891642,-0.0432353,-0.010264933,-0.036193639,1091.282333,894.2469481,427.5536891,935.9423401,738.9069547,756.531781,608.9959915,298.3907931,647.488399,499.9526094,378.0799698,296.2268556,153.0506195,325.33845,243.4853357,1671.082273,1601.914383,617.9506434,1503.285915,1434.118025,1916.422201,1798.651458,708.9971398,1707.959706,1590.188963,2208.224533,2047.035567,832.3239363,1951.758613,1790.569647,291.5560415,318.1922053,360.6088338,203.5360886,235.7814944,278.5593042,122.8585134,155.0234401,193.1557984,69.16789008,117.7707423,161.1889663
215,2019,114.2,Freirina,100,-71.09255271,-28.50080253,81,3.15734881,94.39870535,1.25,0.25,5,2,0.595850258,0.713317215,0.274560064,0.555084769,0.678865492,0.266983718,-0.040765489,-0.034451723,-0.007576346,1091.282333,894.2469481,427.5536891,935.9423401,738.9069547,756.531781,608.9959915,298.3907931,647.488399,499.9526094,378.0799698,296.2268556,153.0506195,325.33845,243.4853357,1671.082273,1601.914383,617.9506434,1503.285915,1434.118025,1916.422201,1798.651458,708.9971398,1707.959706,1590.188963,2208.224533,2047.035567,832.3239363,1951.758613,1790.569647,291.5560415,318.1922053,360.6088338,203.5360886,235.7814944,278.5593042,122.8585134,155.0234401,193.1557984,69.16789008,117.7707423,161.1889663
216,2019,38,Freirina,100,-71.09253068,-28.50072166,81,2.084309673,125.5376778,1,-0.25,3,2,0.630525121,0.71337831,0.32738328,0.517470899,0.67262727,0.252025932,-0.113054222,-0.04075104,-0.075357348,1091.282333,894.2469481,427.5536891,935.9423401,738.9069547,756.531781,608.9959915,298.3907931,647.488399,499.9526094,378.0799698,296.2268556,153.0506195,325.33845,243.4853357,1671.082273,1601.914383,617.9506434,1503.285915,1434.118025,1916.422201,1798.651458,708.9971398,1707.959706,1590.188963,2208.224533,2047.035567,832.3239363,1951.758613,1790.569647,291.5560415,318.1922053,360.6088338,203.5360886,235.7814944,278.5593042,122.8585134,155.0234401,193.1557984,69.16789008,117.7707423,161.1889663
217,2019,95,Freirina,100,-71.09248752,-28.50060502,81,2.084309673,125.5376778,1,-0.25,3,2,0.623538886,0.701732218,0.31018579,0.548308193,0.692513347,0.270696372,-0.075230693,-0.009218872,-0.039489418,1091.282333,894.2469481,427.5536891,935.9423401,738.9069547,756.531781,608.9959915,298.3907931,647.488399,499.9526094,378.0799698,296.2268556,153.0506195,325.33845,243.4853357,1671.082273,1601.914383,617.9506434,1503.285915,1434.118025,1916.422201,1798.651458,708.9971398,1707.959706,1590.188963,2208.224533,2047.035567,832.3239363,1951.758613,1790.569647,291.5560415,318.1922053,360.6088338,203.5360886,235.7814944,278.5593042,122.8585134,155.0234401,193.1557984,69.16789008,117.7707423,161.1889663
218,2019,57,Freirina,100,-71.09246532,-28.50051513,81,2.084309673,125.5376778,1,-0.25,3,2,0.622656881,0.709012866,0.307485908,0.590476171,0.72017169,0.296808511,-0.03218071,0.011158824,-0.010677397,1091.282333,894.2469481,427.5536891,935.9423401,738.9069547,756.531781,608.9959915,298.3907931,647.488399,499.9526094,378.0799698,296.2268556,153.0506195,325.33845,243.4853357,1671.082273,1601.914383,617.9506434,1503.285915,1434.118025,1916.422201,1798.651458,708.9971398,1707.959706,1590.188963,2208.224533,2047.035567,832.3239363,1951.758613,1790.569647,291.5560415,318.1922053,360.6088338,203.5360886,235.7814944,278.5593042,122.8585134,155.0234401,193.1557984,69.16789008,117.7707423,161.1889663
219,2019,141.9,Freirina,100,-71.09245333,-28.50042508,82,1.532725565,161.5650512,0.5,0.25,3,2,0.614104598,0.706744909,0.309011161,0.571428567,0.69076854,0.27531904,-0.042676031,-0.015976369,-0.033692122,1091.282333,894.2469481,427.5536891,935.9423401,738.9069547,756.531781,608.9959915,298.3907931,647.488399,499.9526094,378.0799698,296.2268556,153.0506195,325.33845,243.4853357,1671.082273,1601.914383,617.9506434,1503.285915,1434.118025,1916.422201,1798.651458,708.9971398,1707.959706,1590.188963,2208.224533,2047.035567,832.3239363,1951.758613,1790.569647,291.5560415,318.1922053,360.6088338,203.5360886,235.7814944,278.5593042,122.8585134,155.0234401,193.1557984,69.16789008,117.7707423,161.1889663
220,2019,122.8,Freirina,100,-71.09242127,-28.50035339,82,1.532725565,161.5650512,0.5,0.25,3,2,0.615642456,0.695856154,0.322641522,0.532276775,0.678238809,0.27224201,-0.083365681,-0.017617345,-0.050399512,1091.282333,894.2469481,427.5536891,935.9423401,738.9069547,756.531781,608.9959915,298.3907931,647.488399,499.9526094,378.0799698,296.2268556,153.0506195,325.33845,243.4853357,1671.082273,1601.914383,617.9506434,1503.285915,1434.118025,1916.422201,1798.651458,708.9971398,1707.959706,1590.188963,2208.224533,2047.035567,832.3239363,1951.758613,1790.569647,291.5560415,318.1922053,360.6088338,203.5360886,235.7814944,278.5593042,122.8585134,155.0234401,193.1557984,69.16789008,117.7707423,161.1889663
221,2019,172.3,Freirina,100,-71.09239906,-28.5002635,82,1.532725565,161.5650512,0.5,0.25,3,2,0.628666912,0.70462501,0.330105305,0.492272024,0.655379355,0.251845032,-0.136394888,-0.049245656,-0.078260273,1091.282333,894.2469481,427.5536891,935.9423401,738.9069547,756.531781,608.9959915,298.3907931,647.488399,499.9526094,378.0799698,296.2268556,153.0506195,325.33845,243.4853357,1671.082273,1601.914383,617.9506434,1503.285915,1434.118025,1916.422201,1798.651458,708.9971398,1707.959706,1590.188963,2208.224533,2047.035567,832.3239363,1951.758613,1790.569647,291.5560415,318.1922053,360.6088338,203.5360886,235.7814944,278.5593042,122.8585134,155.0234401,193.1557984,69.16789008,117.7707423,161.1889663
223,2019,91.6,Freirina,100,-71.09224465,-28.50020271,82,0.766499914,108.4349488,0.25,0,2,2,0.490319671,0.64349556,0.226215199,0.4947839,0.644262314,0.259239972,0.004464229,0.000766754,0.033024773,1091.282333,894.2469481,427.5536891,935.9423401,738.9069547,756.531781,608.9959915,298.3907931,647.488399,499.9526094,378.0799698,296.2268556,153.0506195,325.33845,243.4853357,1671.082273,1601.914383,617.9506434,1503.285915,1434.118025,1916.422201,1798.651458,708.9971398,1707.959706,1590.188963,2208.224533,2047.035567,832.3239363,1951.758613,1790.569647,291.5560415,318.1922053,360.6088338,203.5360886,235.7814944,278.5593042,122.8585134,155.0234401,193.1557984,69.16789008,117.7707423,161.1889663
224,2019,61,Freirina,100,-71.09226685,-28.5002926,82,2.167084517,153.4349488,0.875,0.625,3,4,0.605623105,0.699236035,0.313286155,0.525565789,0.672794163,0.254670978,-0.080057316,-0.026441872,-0.058615178,1091.282333,894.2469481,427.5536891,935.9423401,738.9069547,756.531781,608.9959915,298.3907931,647.488399,499.9526094,378.0799698,296.2268556,153.0506195,325.33845,243.4853357,1671.082273,1601.914383,617.9506434,1503.285915,1434.118025,1916.422201,1798.651458,708.9971398,1707.959706,1590.188963,2208.224533,2047.035567,832.3239363,1951.758613,1790.569647,291.5560415,318.1922053,360.6088338,203.5360886,235.7814944,278.5593042,122.8585134,155.0234401,193.1557984,69.16789008,117.7707423,161.1889663
226,2019,88.9,Freirina,100,-71.09232076,-28.50043615,82,2.167084517,153.4349488,0.875,0.625,3,4,0.573940835,0.696682453,0.287123412,0.547840812,0.689463973,0.263651162,-0.026100023,-0.00721848,-0.02347225,1091.282333,894.2469481,427.5536891,935.9423401,738.9069547,756.531781,608.9959915,298.3907931,647.488399,499.9526094,378.0799698,296.2268556,153.0506195,325.33845,243.4853357,1671.082273,1601.914383,617.9506434,1503.285915,1434.118025,1916.422201,1798.651458,708.9971398,1707.959706,1590.188963,2208.224533,2047.035567,832.3239363,1951.758613,1790.569647,291.5560415,318.1922053,360.6088338,203.5360886,235.7814944,278.5593042,122.8585134,155.0234401,193.1557984,69.16789008,117.7707423,161.1889663
232,2019,33,Freirina,100,-71.09223099,-28.50054581,80,3.15734881,147.5288077,1.375,-0.375,5,2,0.586355786,0.699352443,0.27843082,0.576153162,0.691732883,0.272129327,-0.010202624,-0.00761956,-0.006301492,1091.282333,894.2469481,427.5536891,935.9423401,738.9069547,756.531781,608.9959915,298.3907931,647.488399,499.9526094,378.0799698,296.2268556,153.0506195,325.33845,243.4853357,1671.082273,1601.914383,617.9506434,1503.285915,1434.118025,1916.422201,1798.651458,708.9971398,1707.959706,1590.188963,2208.224533,2047.035567,832.3239363,1951.758613,1790.569647,291.5560415,318.1922053,360.6088338,203.5360886,235.7814944,278.5593042,122.8585134,155.0234401,193.1557984,69.16789008,117.7707423,161.1889663
233,2019,90.3,Freirina,100,-71.09220914,-28.50047396,82,2.167084517,153.4349488,0.875,0.625,3,4,0.572731224,0.688578069,0.270916045,0.555749898,0.699952245,0.261630297,-0.016981326,0.011374176,-0.009285748,1091.282333,894.2469481,427.5536891,935.9423401,738.9069547,756.531781,608.9959915,298.3907931,647.488399,499.9526094,378.0799698,296.2268556,153.0506195,325.33845,243.4853357,1671.082273,1601.914383,617.9506434,1503.285915,1434.118025,1916.422201,1798.651458,708.9971398,1707.959706,1590.188963,2208.224533,2047.035567,832.3239363,1951.758613,1790.569647,291.5560415,318.1922053,360.6088338,203.5360886,235.7814944,278.5593042,122.8585134,155.0234401,193.1557984,69.16789008,117.7707423,161.1889663
234,2019,34,Freirina,100,-71.09218712,-28.50039309,82,2.167084517,153.4349488,0.875,0.625,3,4,0.572731224,0.688578069,0.270916045,0.555749898,0.699952245,0.261630297,-0.016981326,0.011374176,-0.009285748,1091.282333,894.2469481,427.5536891,935.9423401,738.9069547,756.531781,608.9959915,298.3907931,647.488399,499.9526094,378.0799698,296.2268556,153.0506195,325.33845,243.4853357,1671.082273,1601.914383,617.9506434,1503.285915,1434.118025,1916.422201,1798.651458,708.9971398,1707.959706,1590.188963,2208.224533,2047.035567,832.3239363,1951.758613,1790.569647,291.5560415,318.1922053,360.6088338,203.5360886,235.7814944,278.5593042,122.8585134,155.0234401,193.1557984,69.16789008,117.7707423,161.1889663
235,2019,103.5,Freirina,100,-71.09216509,-28.50031222,82,2.167084517,153.4349488,0.875,0.625,3,4,0.583132532,0.684615374,0.290787727,0.535901938,0.684109449,0.252059311,-0.047230594,-0.000505924,-0.038728416,1091.282333,894.2469481,427.5536891,935.9423401,738.9069547,756.531781,608.9959915,298.3907931,647.488399,499.9526094,378.0799698,296.2268556,153.0506195,325.33845,243.4853357,1671.082273,1601.914383,617.9506434,1503.285915,1434.118025,1916.422201,1798.651458,708.9971398,1707.959706,1590.188963,2208.224533,2047.035567,832.3239363,1951.758613,1790.569647,291.5560415,318.1922053,360.6088338,203.5360886,235.7814944,278.5593042,122.8585134,155.0234401,193.1557984,69.16789008,117.7707423,161.1889663
236,2019,87.5,Freirina,100,-71.0921325,-28.50021346,82,0.766499914,108.4349488,0.25,0,2,2,0.580862007,0.687631905,0.292668343,0.472473287,0.65925926,0.232041955,-0.10838872,-0.028372645,-0.060626388,1091.282333,894.2469481,427.5536891,935.9423401,738.9069547,756.531781,608.9959915,298.3907931,647.488399,499.9526094,378.0799698,296.2268556,153.0506195,325.33845,243.4853357,1671.082273,1601.914383,617.9506434,1503.285915,1434.118025,1916.422201,1798.651458,708.9971398,1707.959706,1590.188963,2208.224533,2047.035567,832.3239363,1951.758613,1790.569647,291.5560415,318.1922053,360.6088338,203.5360886,235.7814944,278.5593042,122.8585134,155.0234401,193.1557984,69.16789008,117.7707423,161.1889663
237,2019,74.3,Freirina,100,-71.09207355,-28.50033167,81,2.193979706,186.3401917,1.125,-0.375,3,4,0.533114155,0.675564706,0.238813311,0.507601346,0.662785292,0.244706839,-0.025512809,-0.012779415,0.005893528,1091.282333,894.2469481,427.5536891,935.9423401,738.9069547,756.531781,608.9959915,298.3907931,647.488399,499.9526094,378.0799698,296.2268556,153.0506195,325.33845,243.4853357,1671.082273,1601.914383,617.9506434,1503.285915,1434.118025,1916.422201,1798.651458,708.9971398,1707.959706,1590.188963,2208.224533,2047.035567,832.3239363,1951.758613,1790.569647,291.5560415,318.1922053,360.6088338,203.5360886,235.7814944,278.5593042,122.8585134,155.0234401,193.1557984,69.16789008,117.7707423,161.1889663
242,2019,75,Freirina,100,-71.09202534,-28.50047679,81,2.193979706,186.3401917,1.125,-0.375,3,4,0.546049758,0.685061872,0.257372111,0.602734216,0.722558379,0.300320566,0.056684458,0.037496507,0.042948455,1091.282333,894.2469481,427.5536891,935.9423401,738.9069547,756.531781,608.9959915,298.3907931,647.488399,499.9526094,378.0799698,296.2268556,153.0506195,325.33845,243.4853357,1671.082273,1601.914383,617.9506434,1503.285915,1434.118025,1916.422201,1798.651458,708.9971398,1707.959706,1590.188963,2208.224533,2047.035567,832.3239363,1951.758613,1790.569647,291.5560415,318.1922053,360.6088338,203.5360886,235.7814944,278.5593042,122.8585134,155.0234401,193.1557984,69.16789008,117.7707423,161.1889663
243,2019,79.8,Freirina,100,-71.09201352,-28.50039576,81,2.193979706,186.3401917,1.125,-0.375,3,4,0.546049758,0.685061872,0.257372111,0.602734216,0.722558379,0.300320566,0.056684458,0.037496507,0.042948455,1091.282333,894.2469481,427.5536891,935.9423401,738.9069547,756.531781,608.9959915,298.3907931,647.488399,499.9526094,378.0799698,296.2268556,153.0506195,325.33845,243.4853357,1671.082273,1601.914383,617.9506434,1503.285915,1434.118025,1916.422201,1798.651458,708.9971398,1707.959706,1590.188963,2208.224533,2047.035567,832.3239363,1951.758613,1790.569647,291.5560415,318.1922053,360.6088338,203.5360886,235.7814944,278.5593042,122.8585134,155.0234401,193.1557984,69.16789008,117.7707423,161.1889663
245,2019,51.5,Freirina,100,-71.09195873,-28.50020712,82,0.685586544,225,0.25,0,2,4,0.409619878,0.625223696,0.209026143,0.501501513,0.635322988,0.261482269,0.091881635,0.010099292,0.052456126,1091.282333,894.2469481,427.5536891,935.9423401,738.9069547,756.531781,608.9959915,298.3907931,647.488399,499.9526094,378.0799698,296.2268556,153.0506195,325.33845,243.4853357,1671.082273,1601.914383,617.9506434,1503.285915,1434.118025,1916.422201,1798.651458,708.9971398,1707.959706,1590.188963,2208.224533,2047.035567,832.3239363,1951.758613,1790.569647,291.5560415,318.1922053,360.6088338,203.5360886,235.7814944,278.5593042,122.8585134,155.0234401,193.1557984,69.16789008,117.7707423,161.1889663
246,2019,110.6,Freirina,100,-71.09189889,-28.50028022,81,2.193979706,186.3401917,1.125,-0.375,3,4,0.565622353,0.68473804,0.272208631,0.579194366,0.700926721,0.293965876,0.013572013,0.016188681,0.021757245,1091.282333,894.2469481,427.5536891,935.9423401,738.9069547,756.531781,608.9959915,298.3907931,647.488399,499.9526094,378.0799698,296.2268556,153.0506195,325.33845,243.4853357,1671.082273,1601.914383,617.9506434,1503.285915,1434.118025,1916.422201,1798.651458,708.9971398,1707.959706,1590.188963,2208.224533,2047.035567,832.3239363,1951.758613,1790.569647,291.5560415,318.1922053,360.6088338,203.5360886,235.7814944,278.5593042,122.8585134,155.0234401,193.1557984,69.16789008,117.7707423,161.1889663
250,2019,18,Freirina,100,-71.09183922,-28.50036235,81,2.193979706,186.3401917,1.125,-0.375,3,4,0.586893406,0.70044446,0.28639859,0.575609755,0.701492548,0.284718513,-0.011283651,0.001048088,-0.001680076,1091.282333,894.2469481,427.5536891,935.9423401,738.9069547,756.531781,608.9959915,298.3907931,647.488399,499.9526094,378.0799698,296.2268556,153.0506195,325.33845,243.4853357,1671.082273,1601.914383,617.9506434,1503.285915,1434.118025,1916.422201,1798.651458,708.9971398,1707.959706,1590.188963,2208.224533,2047.035567,832.3239363,1951.758613,1790.569647,291.5560415,318.1922053,360.6088338,203.5360886,235.7814944,278.5593042,122.8585134,155.0234401,193.1557984,69.16789008,117.7707423,161.1889663
251,2019,19,Freirina,100,-71.09181737,-28.5002905,81,2.193979706,186.3401917,1.125,-0.375,3,4,0.556856178,0.687358439,0.270292193,0.588566826,0.697934568,0.293025136,0.031710648,0.010576129,0.022732943,1091.282333,894.2469481,427.5536891,935.9423401,738.9069547,756.531781,608.9959915,298.3907931,647.488399,499.9526094,378.0799698,296.2268556,153.0506195,325.33845,243.4853357,1671.082273,1601.914383,617.9506434,1503.285915,1434.118025,1916.422201,1798.651458,708.9971398,1707.959706,1590.188963,2208.224533,2047.035567,832.3239363,1951.758613,1790.569647,291.5560415,318.1922053,360.6088338,203.5360886,235.7814944,278.5593042,122.8585134,155.0234401,193.1557984,69.16789008,117.7707423,161.1889663
252,2019,17,Freirina,100,-71.09175611,-28.50029144,82,3.15734881,212.4711923,1.25,0.25,4,4,0.556856178,0.687358439,0.270292193,0.588566826,0.697934568,0.293025136,0.031710648,0.010576129,0.022732943,1091.282333,894.2469481,427.5536891,935.9423401,738.9069547,756.531781,608.9959915,298.3907931,647.488399,499.9526094,378.0799698,296.2268556,153.0506195,325.33845,243.4853357,1671.082273,1601.914383,617.9506434,1503.285915,1434.118025,1916.422201,1798.651458,708.9971398,1707.959706,1590.188963,2208.224533,2047.035567,832.3239363,1951.758613,1790.569647,291.5560415,318.1922053,360.6088338,203.5360886,235.7814944,278.5593042,122.8585134,155.0234401,193.1557984,69.16789008,117.7707423,161.1889663
253,2019,21,Freirina,100,-71.09175788,-28.50038165,82,3.15734881,212.4711923,1.25,0.25,4,4,0.572506296,0.681757092,0.277416736,0.571050319,0.698473275,0.267134607,-0.001455977,0.016716182,-0.010282129,1091.282333,894.2469481,427.5536891,935.9423401,738.9069547,756.531781,608.9959915,298.3907931,647.488399,499.9526094,378.0799698,296.2268556,153.0506195,325.33845,243.4853357,1671.082273,1601.914383,617.9506434,1503.285915,1434.118025,1916.422201,1798.651458,708.9971398,1707.959706,1590.188963,2208.224533,2047.035567,832.3239363,1951.758613,1790.569647,291.5560415,318.1922053,360.6088338,203.5360886,235.7814944,278.5593042,122.8585134,155.0234401,193.1557984,69.16789008,117.7707423,161.1889663
254,2019,19,Freirina,100,-71.09178959,-28.5004353,81,2.193979706,186.3401917,1.125,-0.375,3,4,0.574887147,0.683333337,0.282573611,0.563250242,0.691308737,0.255372614,-0.011636905,0.007975399,-0.027200997,1091.282333,894.2469481,427.5536891,935.9423401,738.9069547,756.531781,608.9959915,298.3907931,647.488399,499.9526094,378.0799698,296.2268556,153.0506195,325.33845,243.4853357,1671.082273,1601.914383,617.9506434,1503.285915,1434.118025,1916.422201,1798.651458,708.9971398,1707.959706,1590.188963,2208.224533,2047.035567,832.3239363,1951.758613,1790.569647,291.5560415,318.1922053,360.6088338,203.5360886,235.7814944,278.5593042,122.8585134,155.0234401,193.1557984,69.16789008,117.7707423,161.1889663
255,2019,17,Freirina,100,-71.09169662,-28.50038259,82,3.15734881,212.4711923,1.25,0.25,4,4,0.520578927,0.661067188,0.239425883,0.586459275,0.695014715,0.267603666,0.065880348,0.033947527,0.028177783,1091.282333,894.2469481,427.5536891,935.9423401,738.9069547,756.531781,608.9959915,298.3907931,647.488399,499.9526094,378.0799698,296.2268556,153.0506195,325.33845,243.4853357,1671.082273,1601.914383,617.9506434,1503.285915,1434.118025,1916.422201,1798.651458,708.9971398,1707.959706,1590.188963,2208.224533,2047.035567,832.3239363,1951.758613,1790.569647,291.5560415,318.1922053,360.6088338,203.5360886,235.7814944,278.5593042,122.8585134,155.0234401,193.1557984,69.16789008,117.7707423,161.1889663
256,2019,16.4,Freirina,100,-71.09168498,-28.50031059,82,3.15734881,212.4711923,1.25,0.25,4,4,0.520578927,0.661067188,0.239425883,0.586459275,0.695014715,0.267603666,0.065880348,0.033947527,0.028177783,1091.282333,894.2469481,427.5536891,935.9423401,738.9069547,756.531781,608.9959915,298.3907931,647.488399,499.9526094,378.0799698,296.2268556,153.0506195,325.33845,243.4853357,1671.082273,1601.914383,617.9506434,1503.285915,1434.118025,1916.422201,1798.651458,708.9971398,1707.959706,1590.188963,2208.224533,2047.035567,832.3239363,1951.758613,1790.569647,291.5560415,318.1922053,360.6088338,203.5360886,235.7814944,278.5593042,122.8585134,155.0234401,193.1557984,69.16789008,117.7707423,161.1889663
261,2019,132.9,Freirina,100,-71.09298723,-28.5000469,81,1.71353711,278.1301024,0.875,0.375,2,64,0.442333183,0.579864502,0.206732765,0.467829878,0.604928493,0.249064639,0.025496695,0.025063992,0.042331874,1091.282333,894.2469481,427.5536891,935.9423401,738.9069547,756.531781,608.9959915,298.3907931,647.488399,499.9526094,378.0799698,296.2268556,153.0506195,325.33845,243.4853357,1671.082273,1601.914383,617.9506434,1503.285915,1434.118025,1916.422201,1798.651458,708.9971398,1707.959706,1590.188963,2208.224533,2047.035567,832.3239363,1951.758613,1790.569647,291.5560415,318.1922053,360.6088338,203.5360886,235.7814944,278.5593042,122.8585134,155.0234401,193.1557984,69.16789008,117.7707423,161.1889663
262,2019,80.8,Freirina,100,-71.09295517,-28.49997521,82,1.998096092,284.0362435,0.875,0.625,3,8,0.449193545,0.581170321,0.22339572,0.464921835,0.608140469,0.247516438,0.01572829,0.026970148,0.024120718,1091.282333,894.2469481,427.5536891,935.9423401,738.9069547,756.531781,608.9959915,298.3907931,647.488399,499.9526094,378.0799698,296.2268556,153.0506195,325.33845,243.4853357,1671.082273,1601.914383,617.9506434,1503.285915,1434.118025,1916.422201,1798.651458,708.9971398,1707.959706,1590.188963,2208.224533,2047.035567,832.3239363,1951.758613,1790.569647,291.5560415,318.1922053,360.6088338,203.5360886,235.7814944,278.5593042,122.8585134,155.0234401,193.1557984,69.16789008,117.7707423,161.1889663
265,2019,43,Freirina,100,-71.09286867,-28.49973291,81,3.491657157,326.3099325,1.375,0.375,5,32,0.496158515,0.637892902,0.246286631,0.491045417,0.661252916,0.238954201,-0.005113098,0.023360014,-0.007332429,1091.282333,894.2469481,427.5536891,935.9423401,738.9069547,756.531781,608.9959915,298.3907931,647.488399,499.9526094,378.0799698,296.2268556,153.0506195,325.33845,243.4853357,1671.082273,1601.914383,617.9506434,1503.285915,1434.118025,1916.422201,1798.651458,708.9971398,1707.959706,1590.188963,2208.224533,2047.035567,832.3239363,1951.758613,1790.569647,291.5560415,318.1922053,360.6088338,203.5360886,235.7814944,278.5593042,122.8585134,155.0234401,193.1557984,69.16789008,117.7707423,161.1889663
268,2019,70,Freirina,100,-71.09280384,-28.49955344,79,3.441050997,320.7105931,1.5,-0.5,5,32,0.456357391,0.618174911,0.251833111,0.470633119,0.631824017,0.242849648,0.014275728,0.013649106,-0.008983463,1091.282333,894.2469481,427.5536891,935.9423401,738.9069547,756.531781,608.9959915,298.3907931,647.488399,499.9526094,378.0799698,296.2268556,153.0506195,325.33845,243.4853357,1671.082273,1601.914383,617.9506434,1503.285915,1434.118025,1916.422201,1798.651458,708.9971398,1707.959706,1590.188963,2208.224533,2047.035567,832.3239363,1951.758613,1790.569647,291.5560415,318.1922053,360.6088338,203.5360886,235.7814944,278.5593042,122.8585134,155.0234401,193.1557984,69.16789008,117.7707423,161.1889663
269,2019,63,Freirina,100,-71.09278235,-28.49949963,79,3.441050997,320.7105931,1.5,-0.5,5,32,0.456357391,0.618174911,0.251833111,0.470633119,0.631824017,0.242849648,0.014275728,0.013649106,-0.008983463,1091.282333,894.2469481,427.5536891,935.9423401,738.9069547,756.531781,608.9959915,298.3907931,647.488399,499.9526094,378.0799698,296.2268556,153.0506195,325.33845,243.4853357,1671.082273,1601.914383,617.9506434,1503.285915,1434.118025,1916.422201,1798.651458,708.9971398,1707.959706,1590.188963,2208.224533,2047.035567,832.3239363,1951.758613,1790.569647,291.5560415,318.1922053,360.6088338,203.5360886,235.7814944,278.5593042,122.8585134,155.0234401,193.1557984,69.16789008,117.7707423,161.1889663
270,2019,74,Freirina,100,-71.09275029,-28.49942794,78,2.608955733,291.8014095,1,-0.5,3,16,0.44482016,0.586230218,0.262995273,0.547735181,0.651915252,0.29961881,0.102915021,0.065685034,0.036623538,1091.282333,894.2469481,427.5536891,935.9423401,738.9069547,756.531781,608.9959915,298.3907931,647.488399,499.9526094,378.0799698,296.2268556,153.0506195,325.33845,243.4853357,1671.082273,1601.914383,617.9506434,1503.285915,1434.118025,1916.422201,1798.651458,708.9971398,1707.959706,1590.188963,2208.224533,2047.035567,832.3239363,1951.758613,1790.569647,291.5560415,318.1922053,360.6088338,203.5360886,235.7814944,278.5593042,122.8585134,155.0234401,193.1557984,69.16789008,117.7707423,161.1889663
274,2019,78.2,Freirina,100,-71.09264284,-28.4991589,79,2.422585452,306.8698976,1,0,3,64,0.46303766,0.597798169,0.259152472,0.554078989,0.675955415,0.292061239,0.091041329,0.078157246,0.032908767,1091.282333,894.2469481,427.5536891,935.9423401,738.9069547,756.531781,608.9959915,298.3907931,647.488399,499.9526094,378.0799698,296.2268556,153.0506195,325.33845,243.4853357,1671.082273,1601.914383,617.9506434,1503.285915,1434.118025,1916.422201,1798.651458,708.9971398,1707.959706,1590.188963,2208.224533,2047.035567,832.3239363,1951.758613,1790.569647,291.5560415,318.1922053,360.6088338,203.5360886,235.7814944,278.5593042,122.8585134,155.0234401,193.1557984,69.16789008,117.7707423,161.1889663
276,2019,58.7,Freirina,100,-71.09257926,-28.49904257,79,2.422585452,306.8698976,1,0,3,64,0.425344171,0.568764627,0.23075451,0.5314203,0.673680067,0.283051729,0.106076129,0.10491544,0.05229722,1091.282333,894.2469481,427.5536891,935.9423401,738.9069547,756.531781,608.9959915,298.3907931,647.488399,499.9526094,378.0799698,296.2268556,153.0506195,325.33845,243.4853357,1671.082273,1601.914383,617.9506434,1503.285915,1434.118025,1916.422201,1798.651458,708.9971398,1707.959706,1590.188963,2208.224533,2047.035567,832.3239363,1951.758613,1790.569647,291.5560415,318.1922053,360.6088338,203.5360886,235.7814944,278.5593042,122.8585134,155.0234401,193.1557984,69.16789008,117.7707423,161.1889663
279,2019,115.2,Freirina,100,-71.09264658,-28.49934833,80,2.608955733,291.8014095,1,0.5,3,16,0.444941072,0.593190014,0.220144749,0.464554475,0.631950557,0.233820602,0.019613403,0.038760543,0.013675854,1091.282333,894.2469481,427.5536891,935.9423401,738.9069547,756.531781,608.9959915,298.3907931,647.488399,499.9526094,378.0799698,296.2268556,153.0506195,325.33845,243.4853357,1671.082273,1601.914383,617.9506434,1503.285915,1434.118025,1916.422201,1798.651458,708.9971398,1707.959706,1590.188963,2208.224533,2047.035567,832.3239363,1951.758613,1790.569647,291.5560415,318.1922053,360.6088338,203.5360886,235.7814944,278.5593042,122.8585134,155.0234401,193.1557984,69.16789008,117.7707423,161.1889663
280,2019,57.5,Freirina,100,-71.09267881,-28.49942904,78,2.608955733,291.8014095,1,-0.5,3,16,0.425354487,0.569329679,0.206812665,0.44615385,0.628410578,0.228947371,0.020799363,0.059080899,0.022134706,1091.282333,894.2469481,427.5536891,935.9423401,738.9069547,756.531781,608.9959915,298.3907931,647.488399,499.9526094,378.0799698,296.2268556,153.0506195,325.33845,243.4853357,1671.082273,1601.914383,617.9506434,1503.285915,1434.118025,1916.422201,1798.651458,708.9971398,1707.959706,1590.188963,2208.224533,2047.035567,832.3239363,1951.758613,1790.569647,291.5560415,318.1922053,360.6088338,203.5360886,235.7814944,278.5593042,122.8585134,155.0234401,193.1557984,69.16789008,117.7707423,161.1889663
281,2019,172.2,Freirina,100,-71.09270084,-28.49950991,79,3.441050997,320.7105931,1.5,-0.5,5,32,0.43900343,0.595998168,0.209197596,0.425829647,0.614305079,0.212971583,-0.013173783,0.018306911,0.003773987,1091.282333,894.2469481,427.5536891,935.9423401,738.9069547,756.531781,608.9959915,298.3907931,647.488399,499.9526094,378.0799698,296.2268556,153.0506195,325.33845,243.4853357,1671.082273,1601.914383,617.9506434,1503.285915,1434.118025,1916.422201,1798.651458,708.9971398,1707.959706,1590.188963,2208.224533,2047.035567,832.3239363,1951.758613,1790.569647,291.5560415,318.1922053,360.6088338,203.5360886,235.7814944,278.5593042,122.8585134,155.0234401,193.1557984,69.16789008,117.7707423,161.1889663
282,2019,56.1,Freirina,100,-71.09272269,-28.49958176,79,3.441050997,320.7105931,1.5,-0.5,5,32,0.494940177,0.631526113,0.224979073,0.45577154,0.613896191,0.229158372,-0.039168637,-0.017629921,0.004179299,1091.282333,894.2469481,427.5536891,935.9423401,738.9069547,756.531781,608.9959915,298.3907931,647.488399,499.9526094,378.0799698,296.2268556,153.0506195,325.33845,243.4853357,1671.082273,1601.914383,617.9506434,1503.285915,1434.118025,1916.422201,1798.651458,708.9971398,1707.959706,1590.188963,2208.224533,2047.035567,832.3239363,1951.758613,1790.569647,291.5560415,318.1922053,360.6088338,203.5360886,235.7814944,278.5593042,122.8585134,155.0234401,193.1557984,69.16789008,117.7707423,161.1889663
283,2019,74.9,Freirina,100,-71.09274453,-28.49965361,79,3.441050997,320.7105931,1.5,-0.5,5,32,0.494940177,0.631526113,0.224979073,0.45577154,0.613896191,0.229158372,-0.039168637,-0.017629921,0.004179299,1091.282333,894.2469481,427.5536891,935.9423401,738.9069547,756.531781,608.9959915,298.3907931,647.488399,499.9526094,378.0799698,296.2268556,153.0506195,325.33845,243.4853357,1671.082273,1601.914383,617.9506434,1503.285915,1434.118025,1916.422201,1798.651458,708.9971398,1707.959706,1590.188963,2208.224533,2047.035567,832.3239363,1951.758613,1790.569647,291.5560415,318.1922053,360.6088338,203.5360886,235.7814944,278.5593042,122.8585134,155.0234401,193.1557984,69.16789008,117.7707423,161.1889663
284,2019,74,Freirina,100,-71.09277677,-28.49973433,81,3.491657157,326.3099325,1.375,0.375,5,32,0.483720932,0.652849734,0.218181819,0.433648399,0.612244904,0.225049064,-0.050072533,-0.04060483,0.006867245,1091.282333,894.2469481,427.5536891,935.9423401,738.9069547,756.531781,608.9959915,298.3907931,647.488399,499.9526094,378.0799698,296.2268556,153.0506195,325.33845,243.4853357,1671.082273,1601.914383,617.9506434,1503.285915,1434.118025,1916.422201,1798.651458,708.9971398,1707.959706,1590.188963,2208.224533,2047.035567,832.3239363,1951.758613,1790.569647,291.5560415,318.1922053,360.6088338,203.5360886,235.7814944,278.5593042,122.8585134,155.0234401,193.1557984,69.16789008,117.7707423,161.1889663
285,2019,115.4,Freirina,100,-71.092809,-28.49981504,81,3.491657157,326.3099325,1.375,0.375,5,32,0.435402312,0.613436699,0.197979107,0.477824911,0.626485586,0.244764909,0.042422599,0.013048887,0.046785802,1091.282333,894.2469481,427.5536891,935.9423401,738.9069547,756.531781,608.9959915,298.3907931,647.488399,499.9526094,378.0799698,296.2268556,153.0506195,325.33845,243.4853357,1671.082273,1601.914383,617.9506434,1503.285915,1434.118025,1916.422201,1798.651458,708.9971398,1707.959706,1590.188963,2208.224533,2047.035567,832.3239363,1951.758613,1790.569647,291.5560415,318.1922053,360.6088338,203.5360886,235.7814944,278.5593042,122.8585134,155.0234401,193.1557984,69.16789008,117.7707423,161.1889663
286,2019,75.2,Freirina,100,-71.09282117,-28.49991411,81,3.491657157,326.3099325,1.375,0.375,5,32,0.364368836,0.583376646,0.168786287,0.449583026,0.618966997,0.232914388,0.08521419,0.035590351,0.064128101,1091.282333,894.2469481,427.5536891,935.9423401,738.9069547,756.531781,608.9959915,298.3907931,647.488399,499.9526094,378.0799698,296.2268556,153.0506195,325.33845,243.4853357,1671.082273,1601.914383,617.9506434,1503.285915,1434.118025,1916.422201,1798.651458,708.9971398,1707.959706,1590.188963,2208.224533,2047.035567,832.3239363,1951.758613,1790.569647,291.5560415,318.1922053,360.6088338,203.5360886,235.7814944,278.5593042,122.8585134,155.0234401,193.1557984,69.16789008,117.7707423,161.1889663
287,2019,79.1,Freirina,100,-71.09285341,-28.49999482,82,1.998096092,284.0362435,0.875,0.625,3,8,0.424378311,0.573165298,0.209512949,0.364157729,0.556646228,0.195635438,-0.060220582,-0.01651907,-0.013877511,1091.282333,894.2469481,427.5536891,935.9423401,738.9069547,756.531781,608.9959915,298.3907931,647.488399,499.9526094,378.0799698,296.2268556,153.0506195,325.33845,243.4853357,1671.082273,1601.914383,617.9506434,1503.285915,1434.118025,1916.422201,1798.651458,708.9971398,1707.959706,1590.188963,2208.224533,2047.035567,832.3239363,1951.758613,1790.569647,291.5560415,318.1922053,360.6088338,203.5360886,235.7814944,278.5593042,122.8585134,155.0234401,193.1557984,69.16789008,117.7707423,161.1889663
288,2019,60.3,Freirina,100,-71.09288547,-28.50006652,82,1.998096092,284.0362435,0.875,0.625,3,8,0.380715247,0.560900748,0.174989596,0.396718866,0.577927589,0.207758397,0.016003619,0.017026842,0.032768801,1091.282333,894.2469481,427.5536891,935.9423401,738.9069547,756.531781,608.9959915,298.3907931,647.488399,499.9526094,378.0799698,296.2268556,153.0506195,325.33845,243.4853357,1671.082273,1601.914383,617.9506434,1503.285915,1434.118025,1916.422201,1798.651458,708.9971398,1707.959706,1590.188963,2208.224533,2047.035567,832.3239363,1951.758613,1790.569647,291.5560415,318.1922053,360.6088338,203.5360886,235.7814944,278.5593042,122.8585134,155.0234401,193.1557984,69.16789008,117.7707423,161.1889663
290,2019,118,Freirina,100,-71.09272909,-28.4999065,81,3.491657157,326.3099325,1.375,0.375,5,32,0.425056917,0.614868343,0.194510058,0.543685617,0.676056385,0.280474991,0.1186287,0.061188042,0.085964933,1091.282333,894.2469481,427.5536891,935.9423401,738.9069547,756.531781,608.9959915,298.3907931,647.488399,499.9526094,378.0799698,296.2268556,153.0506195,325.33845,243.4853357,1671.082273,1601.914383,617.9506434,1503.285915,1434.118025,1916.422201,1798.651458,708.9971398,1707.959706,1590.188963,2208.224533,2047.035567,832.3239363,1951.758613,1790.569647,291.5560415,318.1922053,360.6088338,203.5360886,235.7814944,278.5593042,122.8585134,155.0234401,193.1557984,69.16789008,117.7707423,161.1889663
291,2019,114.4,Freirina,100,-71.09271746,-28.4998345,81,3.491657157,326.3099325,1.375,0.375,5,32,0.463908454,0.640039444,0.217409238,0.542533077,0.674876869,0.281556576,0.078624623,0.034837425,0.064147338,1091.282333,894.2469481,427.5536891,935.9423401,738.9069547,756.531781,608.9959915,298.3907931,647.488399,499.9526094,378.0799698,296.2268556,153.0506195,325.33845,243.4853357,1671.082273,1601.914383,617.9506434,1503.285915,1434.118025,1916.422201,1798.651458,708.9971398,1707.959706,1590.188963,2208.224533,2047.035567,832.3239363,1951.758613,1790.569647,291.5560415,318.1922053,360.6088338,203.5360886,235.7814944,278.5593042,122.8585134,155.0234401,193.1557984,69.16789008,117.7707423,161.1889663
292,2019,117.9,Freirina,100,-71.09268504,-28.49974476,81,3.491657157,326.3099325,1.375,0.375,5,32,0.447781283,0.638762057,0.207232758,0.519421147,0.676470578,0.268292665,0.071639864,0.037708521,0.061059907,1091.282333,894.2469481,427.5536891,935.9423401,738.9069547,756.531781,608.9959915,298.3907931,647.488399,499.9526094,378.0799698,296.2268556,153.0506195,325.33845,243.4853357,1671.082273,1601.914383,617.9506434,1503.285915,1434.118025,1916.422201,1798.651458,708.9971398,1707.959706,1590.188963,2208.224533,2047.035567,832.3239363,1951.758613,1790.569647,291.5560415,318.1922053,360.6088338,203.5360886,235.7814944,278.5593042,122.8585134,155.0234401,193.1557984,69.16789008,117.7707423,161.1889663
294,2019,134.7,Freirina,100,-71.09264135,-28.49960106,80,2.740385528,315,1.25,-0.5,4,32,0.462138587,0.618902504,0.21040535,0.481421665,0.657478571,0.239165336,0.019283078,0.038576066,0.028759986,1091.282333,894.2469481,427.5536891,935.9423401,738.9069547,756.531781,608.9959915,298.3907931,647.488399,499.9526094,378.0799698,296.2268556,153.0506195,325.33845,243.4853357,1671.082273,1601.914383,617.9506434,1503.285915,1434.118025,1916.422201,1798.651458,708.9971398,1707.959706,1590.188963,2208.224533,2047.035567,832.3239363,1951.758613,1790.569647,291.5560415,318.1922053,360.6088338,203.5360886,235.7814944,278.5593042,122.8585134,155.0234401,193.1557984,69.16789008,117.7707423,161.1889663
295,2019,96,Freirina,100,-71.09262004,-28.49955627,80,2.740385528,315,1.25,-0.5,4,32,0.43900343,0.595998168,0.209197596,0.425829647,0.614305079,0.212971583,-0.013173783,0.018306911,0.003773987,1091.282333,894.2469481,427.5536891,935.9423401,738.9069547,756.531781,608.9959915,298.3907931,647.488399,499.9526094,378.0799698,296.2268556,153.0506195,325.33845,243.4853357,1671.082273,1601.914383,617.9506434,1503.285915,1434.118025,1916.422201,1798.651458,708.9971398,1707.959706,1590.188963,2208.224533,2047.035567,832.3239363,1951.758613,1790.569647,291.5560415,318.1922053,360.6088338,203.5360886,235.7814944,278.5593042,122.8585134,155.0234401,193.1557984,69.16789008,117.7707423,161.1889663
296,2019,115.2,Freirina,100,-71.09258762,-28.49946654,80,2.740385528,315,1.25,-0.5,4,32,0.414252875,0.614698172,0.18836236,0.403508786,0.597915769,0.208213076,-0.010744089,-0.016782403,0.019850716,1091.282333,894.2469481,427.5536891,935.9423401,738.9069547,756.531781,608.9959915,298.3907931,647.488399,499.9526094,378.0799698,296.2268556,153.0506195,325.33845,243.4853357,1671.082273,1601.914383,617.9506434,1503.285915,1434.118025,1916.422201,1798.651458,708.9971398,1707.959706,1590.188963,2208.224533,2047.035567,832.3239363,1951.758613,1790.569647,291.5560415,318.1922053,360.6088338,203.5360886,235.7814944,278.5593042,122.8585134,155.0234401,193.1557984,69.16789008,117.7707423,161.1889663
297,2019,75.6,Freirina,100,-71.09257634,-28.49941257,80,2.608955733,291.8014095,1,0.5,3,16,0.414252875,0.614698172,0.18836236,0.403508786,0.597915769,0.208213076,-0.010744089,-0.016782403,0.019850716,1091.282333,894.2469481,427.5536891,935.9423401,738.9069547,756.531781,608.9959915,298.3907931,647.488399,499.9526094,378.0799698,296.2268556,153.0506195,325.33845,243.4853357,1671.082273,1601.914383,617.9506434,1503.285915,1434.118025,1916.422201,1798.651458,708.9971398,1707.959706,1590.188963,2208.224533,2047.035567,832.3239363,1951.758613,1790.569647,291.5560415,318.1922053,360.6088338,203.5360886,235.7814944,278.5593042,122.8585134,155.0234401,193.1557984,69.16789008,117.7707423,161.1889663
298,2019,56.7,Freirina,100,-71.09255485,-28.49935876,80,2.608955733,291.8014095,1,0.5,3,16,0.449416348,0.616928995,0.196428582,0.445792896,0.608460903,0.221225917,-0.003623452,-0.008468091,0.024797335,1091.282333,894.2469481,427.5536891,935.9423401,738.9069547,756.531781,608.9959915,298.3907931,647.488399,499.9526094,378.0799698,296.2268556,153.0506195,325.33845,243.4853357,1671.082273,1601.914383,617.9506434,1503.285915,1434.118025,1916.422201,1798.651458,708.9971398,1707.959706,1590.188963,2208.224533,2047.035567,832.3239363,1951.758613,1790.569647,291.5560415,318.1922053,360.6088338,203.5360886,235.7814944,278.5593042,122.8585134,155.0234401,193.1557984,69.16789008,117.7707423,161.1889663
299,2019,37.4,Freirina,100,-71.09253301,-28.49928691,80,2.608955733,291.8014095,1,0.5,3,16,0.48854265,0.626439691,0.222639948,0.39845559,0.557849467,0.203952566,-0.09008706,-0.068590224,-0.018687382,1091.282333,894.2469481,427.5536891,935.9423401,738.9069547,756.531781,608.9959915,298.3907931,647.488399,499.9526094,378.0799698,296.2268556,153.0506195,325.33845,243.4853357,1671.082273,1601.914383,617.9506434,1503.285915,1434.118025,1916.422201,1798.651458,708.9971398,1707.959706,1590.188963,2208.224533,2047.035567,832.3239363,1951.758613,1790.569647,291.5560415,318.1922053,360.6088338,203.5360886,235.7814944,278.5593042,122.8585134,155.0234401,193.1557984,69.16789008,117.7707423,161.1889663
301,2019,125.6,Freirina,100,-71.09246854,-28.49912549,79,2.422585452,306.8698976,1,0,3,64,0.402800688,0.615749538,0.197495982,0.522092618,0.66834563,0.282986343,0.11929193,0.052596092,0.085490361,1091.282333,894.2469481,427.5536891,935.9423401,738.9069547,756.531781,608.9959915,298.3907931,647.488399,499.9526094,378.0799698,296.2268556,153.0506195,325.33845,243.4853357,1671.082273,1601.914383,617.9506434,1503.285915,1434.118025,1916.422201,1798.651458,708.9971398,1707.959706,1590.188963,2208.224533,2047.035567,832.3239363,1951.758613,1790.569647,291.5560415,318.1922053,360.6088338,203.5360886,235.7814944,278.5593042,122.8585134,155.0234401,193.1557984,69.16789008,117.7707423,161.1889663
302,2019,84.5,Freirina,100,-71.09238685,-28.49912675,79,2.422585452,306.8698976,1,0,3,64,0.38623409,0.570789874,0.181499779,0.422128255,0.585231781,0.229267672,0.035894165,0.014441907,0.047767892,1091.282333,894.2469481,427.5536891,935.9423401,738.9069547,756.531781,608.9959915,298.3907931,647.488399,499.9526094,378.0799698,296.2268556,153.0506195,325.33845,243.4853357,1671.082273,1601.914383,617.9506434,1503.285915,1434.118025,1916.422201,1798.651458,708.9971398,1707.959706,1590.188963,2208.224533,2047.035567,832.3239363,1951.758613,1790.569647,291.5560415,318.1922053,360.6088338,203.5360886,235.7814944,278.5593042,122.8585134,155.0234401,193.1557984,69.16789008,117.7707423,161.1889663
303,2019,37.5,Freirina,100,-71.09240905,-28.49921664,80,2.608955733,291.8014095,1,0.5,3,16,0.450549466,0.620825171,0.211340219,0.457346869,0.608461261,0.238284826,0.006797403,-0.012363911,0.026944607,1091.282333,894.2469481,427.5536891,935.9423401,738.9069547,756.531781,608.9959915,298.3907931,647.488399,499.9526094,378.0799698,296.2268556,153.0506195,325.33845,243.4853357,1671.082273,1601.914383,617.9506434,1503.285915,1434.118025,1916.422201,1798.651458,708.9971398,1707.959706,1590.188963,2208.224533,2047.035567,832.3239363,1951.758613,1790.569647,291.5560415,318.1922053,360.6088338,203.5360886,235.7814944,278.5593042,122.8585134,155.0234401,193.1557984,69.16789008,117.7707423,161.1889663
304,2019,56.3,Freirina,100,-71.09243107,-28.49929751,80,2.608955733,291.8014095,1,0.5,3,16,0.47019276,0.644934833,0.217604771,0.425862709,0.588508666,0.220570892,-0.044330051,-0.056426167,0.002966121,1091.282333,894.2469481,427.5536891,935.9423401,738.9069547,756.531781,608.9959915,298.3907931,647.488399,499.9526094,378.0799698,296.2268556,153.0506195,325.33845,243.4853357,1671.082273,1601.914383,617.9506434,1503.285915,1434.118025,1916.422201,1798.651458,708.9971398,1707.959706,1590.188963,2208.224533,2047.035567,832.3239363,1951.758613,1790.569647,291.5560415,318.1922053,360.6088338,203.5360886,235.7814944,278.5593042,122.8585134,155.0234401,193.1557984,69.16789008,117.7707423,161.1889663
305,2019,97,Freirina,100,-71.09244253,-28.49936049,80,2.608955733,291.8014095,1,0.5,3,16,0.449220608,0.631914914,0.200435579,0.460683067,0.622408509,0.231444523,0.011462459,-0.009506404,0.031008944,1091.282333,894.2469481,427.5536891,935.9423401,738.9069547,756.531781,608.9959915,298.3907931,647.488399,499.9526094,378.0799698,296.2268556,153.0506195,325.33845,243.4853357,1671.082273,1601.914383,617.9506434,1503.285915,1434.118025,1916.422201,1798.651458,708.9971398,1707.959706,1590.188963,2208.224533,2047.035567,832.3239363,1951.758613,1790.569647,291.5560415,318.1922053,360.6088338,203.5360886,235.7814944,278.5593042,122.8585134,155.0234401,193.1557984,69.16789008,117.7707423,161.1889663
307,2019,38.5,Freirina,100,-71.09248587,-28.49948615,80,2.740385528,315,1.25,-0.5,4,32,0.4382117,0.599437118,0.211436704,0.448330697,0.628239512,0.225119755,0.010118997,0.028802395,0.013683051,1091.282333,894.2469481,427.5536891,935.9423401,738.9069547,756.531781,608.9959915,298.3907931,647.488399,499.9526094,378.0799698,296.2268556,153.0506195,325.33845,243.4853357,1671.082273,1601.914383,617.9506434,1503.285915,1434.118025,1916.422201,1798.651458,708.9971398,1707.959706,1590.188963,2208.224533,2047.035567,832.3239363,1951.758613,1790.569647,291.5560415,318.1922053,360.6088338,203.5360886,235.7814944,278.5593042,122.8585134,155.0234401,193.1557984,69.16789008,117.7707423,161.1889663
308,2019,80,Freirina,100,-71.09250807,-28.49957605,80,2.740385528,315,1.25,-0.5,4,32,0.496265559,0.654128432,0.24210526,0.465011311,0.629288673,0.242099777,-0.031254248,-0.024839759,-5.48E-06,1091.282333,894.2469481,427.5536891,935.9423401,738.9069547,756.531781,608.9959915,298.3907931,647.488399,499.9526094,378.0799698,296.2268556,153.0506195,325.33845,243.4853357,1671.082273,1601.914383,617.9506434,1503.285915,1434.118025,1916.422201,1798.651458,708.9971398,1707.959706,1590.188963,2208.224533,2047.035567,832.3239363,1951.758613,1790.569647,291.5560415,318.1922053,360.6088338,203.5360886,235.7814944,278.5593042,122.8585134,155.0234401,193.1557984,69.16789008,117.7707423,161.1889663
309,2019,75.2,Freirina,100,-71.09256055,-28.49964742,80,2.740385528,315,1.25,-0.5,4,32,0.444146553,0.634800196,0.205996126,0.462027669,0.636515915,0.241430983,0.017881116,0.00171572,0.035434857,1091.282333,894.2469481,427.5536891,935.9423401,738.9069547,756.531781,608.9959915,298.3907931,647.488399,499.9526094,378.0799698,296.2268556,153.0506195,325.33845,243.4853357,1671.082273,1601.914383,617.9506434,1503.285915,1434.118025,1916.422201,1798.651458,708.9971398,1707.959706,1590.188963,2208.224533,2047.035567,832.3239363,1951.758613,1790.569647,291.5560415,318.1922053,360.6088338,203.5360886,235.7814944,278.5593042,122.8585134,155.0234401,193.1557984,69.16789008,117.7707423,161.1889663
310,2019,35.9,Freirina,100,-71.09258347,-28.4997734,82,2.608955733,338.1985905,1,0.75,4,32,0.513274329,0.647831857,0.255677253,0.549275367,0.676862717,0.293041229,0.036001038,0.029030859,0.037363976,1091.282333,894.2469481,427.5536891,935.9423401,738.9069547,756.531781,608.9959915,298.3907931,647.488399,499.9526094,378.0799698,296.2268556,153.0506195,325.33845,243.4853357,1671.082273,1601.914383,617.9506434,1503.285915,1434.118025,1916.422201,1798.651458,708.9971398,1707.959706,1590.188963,2208.224533,2047.035567,832.3239363,1951.758613,1790.569647,291.5560415,318.1922053,360.6088338,203.5360886,235.7814944,278.5593042,122.8585134,155.0234401,193.1557984,69.16789008,117.7707423,161.1889663
311,2019,53.88,Freirina,100,-71.0925951,-28.49984541,82,2.608955733,338.1985905,1,0.75,4,32,0.500208946,0.659731865,0.242864877,0.54022989,0.67567569,0.283941805,0.040020944,0.015943825,0.041076928,1091.282333,894.2469481,427.5536891,935.9423401,738.9069547,756.531781,608.9959915,298.3907931,647.488399,499.9526094,378.0799698,296.2268556,153.0506195,325.33845,243.4853357,1671.082273,1601.914383,617.9506434,1503.285915,1434.118025,1916.422201,1798.651458,708.9971398,1707.959706,1590.188963,2208.224533,2047.035567,832.3239363,1951.758613,1790.569647,291.5560415,318.1922053,360.6088338,203.5360886,235.7814944,278.5593042,122.8585134,155.0234401,193.1557984,69.16789008,117.7707423,161.1889663
314,2019,166.5,Freirina,100,-71.09251519,-28.49993687,82,2.608955733,338.1985905,1,0.75,4,32,0.474174039,0.64742589,0.213806123,0.45284974,0.610260308,0.249081701,-0.021324299,-0.037165582,0.035275578,1091.282333,894.2469481,427.5536891,935.9423401,738.9069547,756.531781,608.9959915,298.3907931,647.488399,499.9526094,378.0799698,296.2268556,153.0506195,325.33845,243.4853357,1671.082273,1601.914383,617.9506434,1503.285915,1434.118025,1916.422201,1798.651458,708.9971398,1707.959706,1590.188963,2208.224533,2047.035567,832.3239363,1951.758613,1790.569647,291.5560415,318.1922053,360.6088338,203.5360886,235.7814944,278.5593042,122.8585134,155.0234401,193.1557984,69.16789008,117.7707423,161.1889663
315,2019,119.2,Freirina,100,-71.09250231,-28.49980172,82,2.608955733,338.1985905,1,0.75,4,32,0.567323466,0.689380527,0.278778911,0.562117396,0.674903452,0.301080108,-0.00520607,-0.014477074,0.022301197,1091.282333,894.2469481,427.5536891,935.9423401,738.9069547,756.531781,608.9959915,298.3907931,647.488399,499.9526094,378.0799698,296.2268556,153.0506195,325.33845,243.4853357,1671.082273,1601.914383,617.9506434,1503.285915,1434.118025,1916.422201,1798.651458,708.9971398,1707.959706,1590.188963,2208.224533,2047.035567,832.3239363,1951.758613,1790.569647,291.5560415,318.1922053,360.6088338,203.5360886,235.7814944,278.5593042,122.8585134,155.0234401,193.1557984,69.16789008,117.7707423,161.1889663
317,2019,93.7,Freirina,100,-71.09241688,-28.49961354,80,2.740385528,315,1.25,-0.5,4,32,0.496265559,0.654128432,0.24210526,0.465011311,0.629288673,0.242099777,-0.031254248,-0.024839759,-5.48E-06,1091.282333,894.2469481,427.5536891,935.9423401,738.9069547,756.531781,608.9959915,298.3907931,647.488399,499.9526094,378.0799698,296.2268556,153.0506195,325.33845,243.4853357,1671.082273,1601.914383,617.9506434,1503.285915,1434.118025,1916.422201,1798.651458,708.9971398,1707.959706,1590.188963,2208.224533,2047.035567,832.3239363,1951.758613,1790.569647,291.5560415,318.1922053,360.6088338,203.5360886,235.7814944,278.5593042,122.8585134,155.0234401,193.1557984,69.16789008,117.7707423,161.1889663
318,2019,62.5,Freirina,100,-71.09239539,-28.49955973,80,2.740385528,315,1.25,-0.5,4,32,0.473303154,0.630445659,0.217614412,0.41719391,0.603368461,0.218745947,-0.056109244,-0.027077198,0.001131535,1091.282333,894.2469481,427.5536891,935.9423401,738.9069547,756.531781,608.9959915,298.3907931,647.488399,499.9526094,378.0799698,296.2268556,153.0506195,325.33845,243.4853357,1671.082273,1601.914383,617.9506434,1503.285915,1434.118025,1916.422201,1798.651458,708.9971398,1707.959706,1590.188963,2208.224533,2047.035567,832.3239363,1951.758613,1790.569647,291.5560415,318.1922053,360.6088338,203.5360886,235.7814944,278.5593042,122.8585134,155.0234401,193.1557984,69.16789008,117.7707423,161.1889663
319,2019,79.6,Freirina,100,-71.09237372,-28.4994969,80,2.740385528,315,1.25,-0.5,4,32,0.473303154,0.630445659,0.217614412,0.41719391,0.603368461,0.218745947,-0.056109244,-0.027077198,0.001131535,1091.282333,894.2469481,427.5536891,935.9423401,738.9069547,756.531781,608.9959915,298.3907931,647.488399,499.9526094,378.0799698,296.2268556,153.0506195,325.33845,243.4853357,1671.082273,1601.914383,617.9506434,1503.285915,1434.118025,1916.422201,1798.651458,708.9971398,1707.959706,1590.188963,2208.224533,2047.035567,832.3239363,1951.758613,1790.569647,291.5560415,318.1922053,360.6088338,203.5360886,235.7814944,278.5593042,122.8585134,155.0234401,193.1557984,69.16789008,117.7707423,161.1889663
323,2019,194.8,Freirina,100,-71.09229708,-28.49923641,81,2.298403281,288.4349488,1,0.25,3,32,0.488823257,0.637291253,0.235856727,0.430370393,0.606489182,0.226363644,-0.058452864,-0.030802071,-0.009493083,1091.282333,894.2469481,427.5536891,935.9423401,738.9069547,756.531781,608.9959915,298.3907931,647.488399,499.9526094,378.0799698,296.2268556,153.0506195,325.33845,243.4853357,1671.082273,1601.914383,617.9506434,1503.285915,1434.118025,1916.422201,1798.651458,708.9971398,1707.959706,1590.188963,2208.224533,2047.035567,832.3239363,1951.758613,1790.569647,291.5560415,318.1922053,360.6088338,203.5360886,235.7814944,278.5593042,122.8585134,155.0234401,193.1557984,69.16789008,117.7707423,161.1889663
325,2019,82.7,Freirina,100,-71.0921733,-28.49917515,80,3.15734881,302.4711923,1.25,-0.25,4,32,0.443986809,0.599452555,0.217689827,0.41977872,0.602654159,0.230739996,-0.024208089,0.003201604,0.013050169,1091.282333,894.2469481,427.5536891,935.9423401,738.9069547,756.531781,608.9959915,298.3907931,647.488399,499.9526094,378.0799698,296.2268556,153.0506195,325.33845,243.4853357,1671.082273,1601.914383,617.9506434,1503.285915,1434.118025,1916.422201,1798.651458,708.9971398,1707.959706,1590.188963,2208.224533,2047.035567,832.3239363,1951.758613,1790.569647,291.5560415,318.1922053,360.6088338,203.5360886,235.7814944,278.5593042,122.8585134,155.0234401,193.1557984,69.16789008,117.7707423,161.1889663
326,2019,91,Freirina,100,-71.09220518,-28.49923782,81,2.298403281,288.4349488,1,0.25,3,32,0.451882857,0.622253418,0.219215155,0.392946224,0.58556366,0.211925209,-0.058936633,-0.036689758,-0.007289946,1091.282333,894.2469481,427.5536891,935.9423401,738.9069547,756.531781,608.9959915,298.3907931,647.488399,499.9526094,378.0799698,296.2268556,153.0506195,325.33845,243.4853357,1671.082273,1601.914383,617.9506434,1503.285915,1434.118025,1916.422201,1798.651458,708.9971398,1707.959706,1590.188963,2208.224533,2047.035567,832.3239363,1951.758613,1790.569647,291.5560415,318.1922053,360.6088338,203.5360886,235.7814944,278.5593042,122.8585134,155.0234401,193.1557984,69.16789008,117.7707423,161.1889663
327,2019,90.5,Freirina,100,-71.09223742,-28.49931854,81,2.298403281,288.4349488,1,0.25,3,32,0.516211609,0.660747707,0.247140527,0.416451509,0.589403987,0.21962133,-0.0997601,-0.07134372,-0.027519196,1091.282333,894.2469481,427.5536891,935.9423401,738.9069547,756.531781,608.9959915,298.3907931,647.488399,499.9526094,378.0799698,296.2268556,153.0506195,325.33845,243.4853357,1671.082273,1601.914383,617.9506434,1503.285915,1434.118025,1916.422201,1798.651458,708.9971398,1707.959706,1590.188963,2208.224533,2047.035567,832.3239363,1951.758613,1790.569647,291.5560415,318.1922053,360.6088338,203.5360886,235.7814944,278.5593042,122.8585134,155.0234401,193.1557984,69.16789008,117.7707423,161.1889663
328,2019,97.8,Freirina,100,-71.09225926,-28.49939039,81,2.298403281,288.4349488,1,0.25,3,32,0.516211609,0.660747707,0.247140527,0.416451509,0.589403987,0.21962133,-0.0997601,-0.07134372,-0.027519196,1091.282333,894.2469481,427.5536891,935.9423401,738.9069547,756.531781,608.9959915,298.3907931,647.488399,499.9526094,378.0799698,296.2268556,153.0506195,325.33845,243.4853357,1671.082273,1601.914383,617.9506434,1503.285915,1434.118025,1916.422201,1798.651458,708.9971398,1707.959706,1590.188963,2208.224533,2047.035567,832.3239363,1951.758613,1790.569647,291.5560415,318.1922053,360.6088338,203.5360886,235.7814944,278.5593042,122.8585134,155.0234401,193.1557984,69.16789008,117.7707423,161.1889663
329,2019,63.8,Freirina,100,-71.09228075,-28.4994442,81,2.298403281,288.4349488,1,0.25,3,32,0.44430846,0.600361705,0.219232321,0.360967172,0.564733922,0.19854337,-0.083341288,-0.035627782,-0.020688951,1091.282333,894.2469481,427.5536891,935.9423401,738.9069547,756.531781,608.9959915,298.3907931,647.488399,499.9526094,378.0799698,296.2268556,153.0506195,325.33845,243.4853357,1671.082273,1601.914383,617.9506434,1503.285915,1434.118025,1916.422201,1798.651458,708.9971398,1707.959706,1590.188963,2208.224533,2047.035567,832.3239363,1951.758613,1790.569647,291.5560415,318.1922053,360.6088338,203.5360886,235.7814944,278.5593042,122.8585134,155.0234401,193.1557984,69.16789008,117.7707423,161.1889663
331,2019,93.1,Freirina,100,-71.09232445,-28.4995879,81,1.747450997,303.6900675,0.875,-0.375,2,16,0.485585585,0.63429141,0.223961219,0.446887844,0.63246429,0.234088272,-0.038697741,-0.001827121,0.010127053,1091.282333,894.2469481,427.5536891,935.9423401,738.9069547,756.531781,608.9959915,298.3907931,647.488399,499.9526094,378.0799698,296.2268556,153.0506195,325.33845,243.4853357,1671.082273,1601.914383,617.9506434,1503.285915,1434.118025,1916.422201,1798.651458,708.9971398,1707.959706,1590.188963,2208.224533,2047.035567,832.3239363,1951.758613,1790.569647,291.5560415,318.1922053,360.6088338,203.5360886,235.7814944,278.5593042,122.8585134,155.0234401,193.1557984,69.16789008,117.7707423,161.1889663
332,2019,67.1,Freirina,100,-71.09236707,-28.49967747,81,1.747450997,303.6900675,0.875,-0.375,2,16,0.526271888,0.650135279,0.255879968,0.493440231,0.659781277,0.26226756,-0.032831657,0.009645998,0.006387591,1091.282333,894.2469481,427.5536891,935.9423401,738.9069547,756.531781,608.9959915,298.3907931,647.488399,499.9526094,378.0799698,296.2268556,153.0506195,325.33845,243.4853357,1671.082273,1601.914383,617.9506434,1503.285915,1434.118025,1916.422201,1798.651458,708.9971398,1707.959706,1590.188963,2208.224533,2047.035567,832.3239363,1951.758613,1790.569647,291.5560415,318.1922053,360.6088338,203.5360886,235.7814944,278.5593042,122.8585134,155.0234401,193.1557984,69.16789008,117.7707423,161.1889663
336,2019,92.2,Freirina,100,-71.09245606,-28.50004606,83,0.342805543,315,1.125,1.125,2,32,0.361917915,0.571276605,0.164248839,0.4238742,0.589784563,0.228135422,0.061956285,0.018507957,0.063886583,1091.282333,894.2469481,427.5536891,935.9423401,738.9069547,756.531781,608.9959915,298.3907931,647.488399,499.9526094,378.0799698,296.2268556,153.0506195,325.33845,243.4853357,1671.082273,1601.914383,617.9506434,1503.285915,1434.118025,1916.422201,1798.651458,708.9971398,1707.959706,1590.188963,2208.224533,2047.035567,832.3239363,1951.758613,1790.569647,291.5560415,318.1922053,360.6088338,203.5360886,235.7814944,278.5593042,122.8585134,155.0234401,193.1557984,69.16789008,117.7707423,161.1889663
337,2019,124.8,Freirina,100,-71.09233192,-28.49996676,82,1.235826027,348.6900675,0.5,0.25,3,32,0.41551248,0.606918275,0.188389629,0.464714704,0.627189338,0.242301658,0.049202224,0.020271063,0.053912029,1091.282333,894.2469481,427.5536891,935.9423401,738.9069547,756.531781,608.9959915,298.3907931,647.488399,499.9526094,378.0799698,296.2268556,153.0506195,325.33845,243.4853357,1671.082273,1601.914383,617.9506434,1503.285915,1434.118025,1916.422201,1798.651458,708.9971398,1707.959706,1590.188963,2208.224533,2047.035567,832.3239363,1951.758613,1790.569647,291.5560415,318.1922053,360.6088338,203.5360886,235.7814944,278.5593042,122.8585134,155.0234401,193.1557984,69.16789008,117.7707423,161.1889663
338,2019,54.6,Freirina,100,-71.09229808,-28.49980486,82,1.235826027,348.6900675,0.5,0.25,3,32,0.507234737,0.65855819,0.252804488,0.510971797,0.662068963,0.259004235,0.00373706,0.003510773,0.006199747,1091.282333,894.2469481,427.5536891,935.9423401,738.9069547,756.531781,608.9959915,298.3907931,647.488399,499.9526094,378.0799698,296.2268556,153.0506195,325.33845,243.4853357,1671.082273,1601.914383,617.9506434,1503.285915,1434.118025,1916.422201,1798.651458,708.9971398,1707.959706,1590.188963,2208.224533,2047.035567,832.3239363,1951.758613,1790.569647,291.5560415,318.1922053,360.6088338,203.5360886,235.7814944,278.5593042,122.8585134,155.0234401,193.1557984,69.16789008,117.7707423,161.1889663
340,2019,54.9,Freirina,100,-71.0922123,-28.49959865,81,1.747450997,303.6900675,0.875,-0.375,2,16,0.455914919,0.626732707,0.212691188,0.42581334,0.594562173,0.229126573,-0.030101579,-0.032170534,0.016435385,1091.282333,894.2469481,427.5536891,935.9423401,738.9069547,756.531781,608.9959915,298.3907931,647.488399,499.9526094,378.0799698,296.2268556,153.0506195,325.33845,243.4853357,1671.082273,1601.914383,617.9506434,1503.285915,1434.118025,1916.422201,1798.651458,708.9971398,1707.959706,1590.188963,2208.224533,2047.035567,832.3239363,1951.758613,1790.569647,291.5560415,318.1922053,360.6088338,203.5360886,235.7814944,278.5593042,122.8585134,155.0234401,193.1557984,69.16789008,117.7707423,161.1889663
341,2019,54.9,Freirina,100,-71.0921901,-28.49950876,81,1.747450997,303.6900675,0.875,-0.375,2,16,0.431192654,0.577142894,0.215998396,0.477367805,0.633992434,0.246755794,0.046175151,0.056849539,0.030757397,1091.282333,894.2469481,427.5536891,935.9423401,738.9069547,756.531781,608.9959915,298.3907931,647.488399,499.9526094,378.0799698,296.2268556,153.0506195,325.33845,243.4853357,1671.082273,1601.914383,617.9506434,1503.285915,1434.118025,1916.422201,1798.651458,708.9971398,1707.959706,1590.188963,2208.224533,2047.035567,832.3239363,1951.758613,1790.569647,291.5560415,318.1922053,360.6088338,203.5360886,235.7814944,278.5593042,122.8585134,155.0234401,193.1557984,69.16789008,117.7707423,161.1889663
342,2019,72.3,Freirina,100,-71.09215786,-28.49942804,81,2.298403281,288.4349488,1,0.25,3,32,0.368421065,0.539473712,0.187376082,0.471522659,0.642733574,0.240799367,0.103101594,0.103259861,0.053423285,1091.282333,894.2469481,427.5536891,935.9423401,738.9069547,756.531781,608.9959915,298.3907931,647.488399,499.9526094,378.0799698,296.2268556,153.0506195,325.33845,243.4853357,1671.082273,1601.914383,617.9506434,1503.285915,1434.118025,1916.422201,1798.651458,708.9971398,1707.959706,1590.188963,2208.224533,2047.035567,832.3239363,1951.758613,1790.569647,291.5560415,318.1922053,360.6088338,203.5360886,235.7814944,278.5593042,122.8585134,155.0234401,193.1557984,69.16789008,117.7707423,161.1889663
343,2019,66.7,Freirina,100,-71.09213566,-28.49933815,81,2.298403281,288.4349488,1,0.25,3,32,0.438983029,0.634263754,0.211141288,0.429445497,0.59948653,0.22120814,-0.009537532,-0.034777224,0.010066852,1091.282333,894.2469481,427.5536891,935.9423401,738.9069547,756.531781,608.9959915,298.3907931,647.488399,499.9526094,378.0799698,296.2268556,153.0506195,325.33845,243.4853357,1671.082273,1601.914383,617.9506434,1503.285915,1434.118025,1916.422201,1798.651458,708.9971398,1707.959706,1590.188963,2208.224533,2047.035567,832.3239363,1951.758613,1790.569647,291.5560415,318.1922053,360.6088338,203.5360886,235.7814944,278.5593042,122.8585134,155.0234401,193.1557984,69.16789008,117.7707423,161.1889663
344,2019,66.7,Freirina,100,-71.09211363,-28.49925728,81,2.298403281,288.4349488,1,0.25,3,32,0.451882857,0.622253418,0.219215155,0.392946224,0.58556366,0.211925209,-0.058936633,-0.036689758,-0.007289946,1091.282333,894.2469481,427.5536891,935.9423401,738.9069547,756.531781,608.9959915,298.3907931,647.488399,499.9526094,378.0799698,296.2268556,153.0506195,325.33845,243.4853357,1671.082273,1601.914383,617.9506434,1503.285915,1434.118025,1916.422201,1798.651458,708.9971398,1707.959706,1590.188963,2208.224533,2047.035567,832.3239363,1951.758613,1790.569647,291.5560415,318.1922053,360.6088338,203.5360886,235.7814944,278.5593042,122.8585134,155.0234401,193.1557984,69.16789008,117.7707423,161.1889663
347,2019,59.4,Freirina,100,-71.09176865,-28.49885654,81,1.532725565,288.4349488,1.125,1.125,3,32,0.470003998,0.605902851,0.236064926,0.362530424,0.551246583,0.215733603,-0.107473574,-0.054656267,-0.020331323,1091.282333,894.2469481,427.5536891,935.9423401,738.9069547,756.531781,608.9959915,298.3907931,647.488399,499.9526094,378.0799698,296.2268556,153.0506195,325.33845,243.4853357,1671.082273,1601.914383,617.9506434,1503.285915,1434.118025,1916.422201,1798.651458,708.9971398,1707.959706,1590.188963,2208.224533,2047.035567,832.3239363,1951.758613,1790.569647,291.5560415,318.1922053,360.6088338,203.5360886,235.7814944,278.5593042,122.8585134,155.0234401,193.1557984,69.16789008,117.7707423,161.1889663
348,2019,61,Freirina,100,-71.09179086,-28.49894643,82,1.532725565,288.4349488,1.125,1.125,3,32,0.496548941,0.632418096,0.245812684,0.401985104,0.580972373,0.236381322,-0.094563837,-0.051445723,-0.009431362,1091.282333,894.2469481,427.5536891,935.9423401,738.9069547,756.531781,608.9959915,298.3907931,647.488399,499.9526094,378.0799698,296.2268556,153.0506195,325.33845,243.4853357,1671.082273,1601.914383,617.9506434,1503.285915,1434.118025,1916.422201,1798.651458,708.9971398,1707.959706,1590.188963,2208.224533,2047.035567,832.3239363,1951.758613,1790.569647,291.5560415,318.1922053,360.6088338,203.5360886,235.7814944,278.5593042,122.8585134,155.0234401,193.1557984,69.16789008,117.7707423,161.1889663
349,2019,57,Freirina,100,-71.09182327,-28.49903617,82,1.532725565,288.4349488,1.125,1.125,3,32,0.435398242,0.59960556,0.203305796,0.32840875,0.533214927,0.19402352,-0.106989492,-0.066390634,-0.009282276,1091.282333,894.2469481,427.5536891,935.9423401,738.9069547,756.531781,608.9959915,298.3907931,647.488399,499.9526094,378.0799698,296.2268556,153.0506195,325.33845,243.4853357,1671.082273,1601.914383,617.9506434,1503.285915,1434.118025,1916.422201,1798.651458,708.9971398,1707.959706,1590.188963,2208.224533,2047.035567,832.3239363,1951.758613,1790.569647,291.5560415,318.1922053,360.6088338,203.5360886,235.7814944,278.5593042,122.8585134,155.0234401,193.1557984,69.16789008,117.7707423,161.1889663
350,2019,81.1,Freirina,100,-71.09186625,-28.49914379,82,1.532725565,288.4349488,1.125,1.125,3,32,0.371984789,0.568456769,0.179071039,0.316472086,0.506493509,0.181098446,-0.055512703,-0.06196326,0.002027407,1091.282333,894.2469481,427.5536891,935.9423401,738.9069547,756.531781,608.9959915,298.3907931,647.488399,499.9526094,378.0799698,296.2268556,153.0506195,325.33845,243.4853357,1671.082273,1601.914383,617.9506434,1503.285915,1434.118025,1916.422201,1798.651458,708.9971398,1707.959706,1590.188963,2208.224533,2047.035567,832.3239363,1951.758613,1790.569647,291.5560415,318.1922053,360.6088338,203.5360886,235.7814944,278.5593042,122.8585134,155.0234401,193.1557984,69.16789008,117.7707423,161.1889663
351,2019,59.1,Freirina,100,-71.09187789,-28.49921579,82,0.342805543,315,0.75,0.75,2,1,0.371984789,0.568456769,0.179071039,0.316472086,0.506493509,0.181098446,-0.055512703,-0.06196326,0.002027407,1091.282333,894.2469481,427.5536891,935.9423401,738.9069547,756.531781,608.9959915,298.3907931,647.488399,499.9526094,378.0799698,296.2268556,153.0506195,325.33845,243.4853357,1671.082273,1601.914383,617.9506434,1503.285915,1434.118025,1916.422201,1798.651458,708.9971398,1707.959706,1590.188963,2208.224533,2047.035567,832.3239363,1951.758613,1790.569647,291.5560415,318.1922053,360.6088338,203.5360886,235.7814944,278.5593042,122.8585134,155.0234401,193.1557984,69.16789008,117.7707423,161.1889663
352,2019,77.6,Freirina,100,-71.09188916,-28.49926976,82,0.342805543,315,0.75,0.75,2,1,0.343856664,0.544117689,0.164624184,0.314947252,0.508004725,0.17481418,-0.028909412,-0.036112964,0.010189995,1091.282333,894.2469481,427.5536891,935.9423401,738.9069547,756.531781,608.9959915,298.3907931,647.488399,499.9526094,378.0799698,296.2268556,153.0506195,325.33845,243.4853357,1671.082273,1601.914383,617.9506434,1503.285915,1434.118025,1916.422201,1798.651458,708.9971398,1707.959706,1590.188963,2208.224533,2047.035567,832.3239363,1951.758613,1790.569647,291.5560415,318.1922053,360.6088338,203.5360886,235.7814944,278.5593042,122.8585134,155.0234401,193.1557984,69.16789008,117.7707423,161.1889663
353,2019,77.8,Freirina,100,-71.09192122,-28.49934145,82,0.342805543,315,0.75,0.75,2,1,0.514855531,0.628884077,0.254458904,0.344262314,0.545979261,0.193203166,-0.170593217,-0.082904816,-0.061255738,1091.282333,894.2469481,427.5536891,935.9423401,738.9069547,756.531781,608.9959915,298.3907931,647.488399,499.9526094,378.0799698,296.2268556,153.0506195,325.33845,243.4853357,1671.082273,1601.914383,617.9506434,1503.285915,1434.118025,1916.422201,1798.651458,708.9971398,1707.959706,1590.188963,2208.224533,2047.035567,832.3239363,1951.758613,1790.569647,291.5560415,318.1922053,360.6088338,203.5360886,235.7814944,278.5593042,122.8585134,155.0234401,193.1557984,69.16789008,117.7707423,161.1889663
356,2019,82.6,Freirina,100,-71.09200843,-28.49961983,82,0.766499914,341.5650512,0.5,0.5,2,128,0.423499591,0.610712588,0.204045624,0.457602865,0.621169925,0.24611932,0.034103274,0.010457337,0.042073697,1091.282333,894.2469481,427.5536891,935.9423401,738.9069547,756.531781,608.9959915,298.3907931,647.488399,499.9526094,378.0799698,296.2268556,153.0506195,325.33845,243.4853357,1671.082273,1601.914383,617.9506434,1503.285915,1434.118025,1916.422201,1798.651458,708.9971398,1707.959706,1590.188963,2208.224533,2047.035567,832.3239363,1951.758613,1790.569647,291.5560415,318.1922053,360.6088338,203.5360886,235.7814944,278.5593042,122.8585134,155.0234401,193.1557984,69.16789008,117.7707423,161.1889663
358,2019,78.9,Freirina,100,-71.09206269,-28.49978142,82,0.685586544,315,0.25,0,2,32,0.512520855,0.634641409,0.249053538,0.435768246,0.617349029,0.233513296,-0.076752609,-0.01729238,-0.015540242,1091.282333,894.2469481,427.5536891,935.9423401,738.9069547,756.531781,608.9959915,298.3907931,647.488399,499.9526094,378.0799698,296.2268556,153.0506195,325.33845,243.4853357,1671.082273,1601.914383,617.9506434,1503.285915,1434.118025,1916.422201,1798.651458,708.9971398,1707.959706,1590.188963,2208.224533,2047.035567,832.3239363,1951.758613,1790.569647,291.5560415,318.1922053,360.6088338,203.5360886,235.7814944,278.5593042,122.8585134,155.0234401,193.1557984,69.16789008,117.7707423,161.1889663
359,2019,81.2,Freirina,100,-71.09210531,-28.49987099,82,1.235826027,348.6900675,0.5,0.25,3,32,0.472803339,0.612459898,0.229364008,0.463886847,0.618107021,0.243169412,-0.008916492,0.005647123,0.013805404,1091.282333,894.2469481,427.5536891,935.9423401,738.9069547,756.531781,608.9959915,298.3907931,647.488399,499.9526094,378.0799698,296.2268556,153.0506195,325.33845,243.4853357,1671.082273,1601.914383,617.9506434,1503.285915,1434.118025,1916.422201,1798.651458,708.9971398,1707.959706,1590.188963,2208.224533,2047.035567,832.3239363,1951.758613,1790.569647,291.5560415,318.1922053,360.6088338,203.5360886,235.7814944,278.5593042,122.8585134,155.0234401,193.1557984,69.16789008,117.7707423,161.1889663
360,2019,62,Freirina,100,-71.09212787,-28.49997893,82,1.235826027,348.6900675,0.5,0.25,3,32,0.538658672,0.666820943,0.257662416,0.542031207,0.673823297,0.280180901,0.003372535,0.007002354,0.022518486,1091.282333,894.2469481,427.5536891,935.9423401,738.9069547,756.531781,608.9959915,298.3907931,647.488399,499.9526094,378.0799698,296.2268556,153.0506195,325.33845,243.4853357,1671.082273,1601.914383,617.9506434,1503.285915,1434.118025,1916.422201,1798.651458,708.9971398,1707.959706,1590.188963,2208.224533,2047.035567,832.3239363,1951.758613,1790.569647,291.5560415,318.1922053,360.6088338,203.5360886,235.7814944,278.5593042,122.8585134,155.0234401,193.1557984,69.16789008,117.7707423,161.1889663
361,2019,98.3,Freirina,100,-71.09214972,-28.50005078,82,0.766499914,108.4349488,0.25,0,2,2,0.447869469,0.628760874,0.205661967,0.470648818,0.610526323,0.259888798,0.022779349,-0.018234551,0.054226831,1091.282333,894.2469481,427.5536891,935.9423401,738.9069547,756.531781,608.9959915,298.3907931,647.488399,499.9526094,378.0799698,296.2268556,153.0506195,325.33845,243.4853357,1671.082273,1601.914383,617.9506434,1503.285915,1434.118025,1916.422201,1798.651458,708.9971398,1707.959706,1590.188963,2208.224533,2047.035567,832.3239363,1951.758613,1790.569647,291.5560415,318.1922053,360.6088338,203.5360886,235.7814944,278.5593042,122.8585134,155.0234401,193.1557984,69.16789008,117.7707423,161.1889663
362,2019,72.3,Freirina,100,-71.092058,-28.50006121,82,0.685586544,225,0.25,0,2,4,0.452115808,0.639839053,0.210144922,0.421875011,0.595907927,0.240832508,-0.030240797,-0.043931127,0.030687585,1091.282333,894.2469481,427.5536891,935.9423401,738.9069547,756.531781,608.9959915,298.3907931,647.488399,499.9526094,378.0799698,296.2268556,153.0506195,325.33845,243.4853357,1671.082273,1601.914383,617.9506434,1503.285915,1434.118025,1916.422201,1798.651458,708.9971398,1707.959706,1590.188963,2208.224533,2047.035567,832.3239363,1951.758613,1790.569647,291.5560415,318.1922053,360.6088338,203.5360886,235.7814944,278.5593042,122.8585134,155.0234401,193.1557984,69.16789008,117.7707423,161.1889663
365,2019,118.2,Freirina,100,-71.09196093,-28.49980103,82,0.685586544,315,0.25,0,2,32,0.42857142,0.59366262,0.208141729,0.464996313,0.630176306,0.24539797,0.036424893,0.036513686,0.037256241,1091.282333,894.2469481,427.5536891,935.9423401,738.9069547,756.531781,608.9959915,298.3907931,647.488399,499.9526094,378.0799698,296.2268556,153.0506195,325.33845,243.4853357,1671.082273,1601.914383,617.9506434,1503.285915,1434.118025,1916.422201,1798.651458,708.9971398,1707.959706,1590.188963,2208.224533,2047.035567,832.3239363,1951.758613,1790.569647,291.5560415,318.1922053,360.6088338,203.5360886,235.7814944,278.5593042,122.8585134,155.0234401,193.1557984,69.16789008,117.7707423,161.1889663
366,2019,59.5,Freirina,100,-71.09192816,-28.49969326,82,0.766499914,341.5650512,0.5,0.5,2,128,0.48166061,0.607345879,0.239606991,0.461648749,0.621471167,0.248010263,-0.020011861,0.014125288,0.008403271,1091.282333,894.2469481,427.5536891,935.9423401,738.9069547,756.531781,608.9959915,298.3907931,647.488399,499.9526094,378.0799698,296.2268556,153.0506195,325.33845,243.4853357,1671.082273,1601.914383,617.9506434,1503.285915,1434.118025,1916.422201,1798.651458,708.9971398,1707.959706,1590.188963,2208.224533,2047.035567,832.3239363,1951.758613,1790.569647,291.5560415,318.1922053,360.6088338,203.5360886,235.7814944,278.5593042,122.8585134,155.0234401,193.1557984,69.16789008,117.7707423,161.1889663
367,2019,55.9,Freirina,100,-71.09190614,-28.49961238,82,0.766499914,341.5650512,0.5,0.5,2,128,0.497622128,0.656623662,0.236086413,0.544274798,0.671900809,0.280708641,0.04665267,0.015277147,0.044622228,1091.282333,894.2469481,427.5536891,935.9423401,738.9069547,756.531781,608.9959915,298.3907931,647.488399,499.9526094,378.0799698,296.2268556,153.0506195,325.33845,243.4853357,1671.082273,1601.914383,617.9506434,1503.285915,1434.118025,1916.422201,1798.651458,708.9971398,1707.959706,1590.188963,2208.224533,2047.035567,832.3239363,1951.758613,1790.569647,291.5560415,318.1922053,360.6088338,203.5360886,235.7814944,278.5593042,122.8585134,155.0234401,193.1557984,69.16789008,117.7707423,161.1889663
368,2019,86.7,Freirina,100,-71.09187408,-28.49954069,82,0.766499914,341.5650512,0.5,0.5,2,128,0.492454334,0.632493496,0.247406229,0.478396245,0.637068927,0.243559241,-0.014058089,0.004575431,-0.003846988,1091.282333,894.2469481,427.5536891,935.9423401,738.9069547,756.531781,608.9959915,298.3907931,647.488399,499.9526094,378.0799698,296.2268556,153.0506195,325.33845,243.4853357,1671.082273,1601.914383,617.9506434,1503.285915,1434.118025,1916.422201,1798.651458,708.9971398,1707.959706,1590.188963,2208.224533,2047.035567,832.3239363,1951.758613,1790.569647,291.5560415,318.1922053,360.6088338,203.5360886,235.7814944,278.5593042,122.8585134,155.0234401,193.1557984,69.16789008,117.7707423,161.1889663
369,2019,172.6,Freirina,100,-71.09184167,-28.49945096,82,0.342805543,315,0.75,0.75,2,1,0.401854093,0.604983866,0.199906424,0.38964378,0.556561112,0.206072778,-0.012210313,-0.048422754,0.006166354,1091.282333,894.2469481,427.5536891,935.9423401,738.9069547,756.531781,608.9959915,298.3907931,647.488399,499.9526094,378.0799698,296.2268556,153.0506195,325.33845,243.4853357,1671.082273,1601.914383,617.9506434,1503.285915,1434.118025,1916.422201,1798.651458,708.9971398,1707.959706,1590.188963,2208.224533,2047.035567,832.3239363,1951.758613,1790.569647,291.5560415,318.1922053,360.6088338,203.5360886,235.7814944,278.5593042,122.8585134,155.0234401,193.1557984,69.16789008,117.7707423,161.1889663
370,2019,125,Freirina,100,-71.09180925,-28.49936122,82,0.342805543,315,0.75,0.75,2,1,0.408439173,0.579237461,0.200981051,0.311989078,0.505863965,0.173135072,-0.096450095,-0.073373497,-0.027845979,1091.282333,894.2469481,427.5536891,935.9423401,738.9069547,756.531781,608.9959915,298.3907931,647.488399,499.9526094,378.0799698,296.2268556,153.0506195,325.33845,243.4853357,1671.082273,1601.914383,617.9506434,1503.285915,1434.118025,1916.422201,1798.651458,708.9971398,1707.959706,1590.188963,2208.224533,2047.035567,832.3239363,1951.758613,1790.569647,291.5560415,318.1922053,360.6088338,203.5360886,235.7814944,278.5593042,122.8585134,155.0234401,193.1557984,69.16789008,117.7707423,161.1889663
371,2019,125.6,Freirina,100,-71.09179744,-28.49928019,82,0.342805543,315,0.75,0.75,2,1,0.361373396,0.548828125,0.172305599,0.382286147,0.569402695,0.198246539,0.020912751,0.02057457,0.02594094,1091.282333,894.2469481,427.5536891,935.9423401,738.9069547,756.531781,608.9959915,298.3907931,647.488399,499.9526094,378.0799698,296.2268556,153.0506195,325.33845,243.4853357,1671.082273,1601.914383,617.9506434,1503.285915,1434.118025,1916.422201,1798.651458,708.9971398,1707.959706,1590.188963,2208.224533,2047.035567,832.3239363,1951.758613,1790.569647,291.5560415,318.1922053,360.6088338,203.5360886,235.7814944,278.5593042,122.8585134,155.0234401,193.1557984,69.16789008,117.7707423,161.1889663
374,2019,105.7,Freirina,100,-71.0917319,-28.49906464,82,1.028318474,135,0.75,0.75,2,4,0.335296584,0.549804688,0.162057742,0.264128507,0.464507222,0.159292042,-0.071168077,-0.085297465,-0.0027657,1091.282333,894.2469481,427.5536891,935.9423401,738.9069547,756.531781,608.9959915,298.3907931,647.488399,499.9526094,378.0799698,296.2268556,153.0506195,325.33845,243.4853357,1671.082273,1601.914383,617.9506434,1503.285915,1434.118025,1916.422201,1798.651458,708.9971398,1707.959706,1590.188963,2208.224533,2047.035567,832.3239363,1951.758613,1790.569647,291.5560415,318.1922053,360.6088338,203.5360886,235.7814944,278.5593042,122.8585134,155.0234401,193.1557984,69.16789008,117.7707423,161.1889663
377,2019,61.6,Freirina,100,-71.09159791,-28.49900354,82,1.028318474,135,0.75,0.75,2,4,0.269151998,0.508276522,0.132441878,0.263444095,0.471498907,0.157400712,-0.005707903,-0.036777616,0.024958834,1091.282333,894.2469481,427.5536891,935.9423401,738.9069547,756.531781,608.9959915,298.3907931,647.488399,499.9526094,378.0799698,296.2268556,153.0506195,325.33845,243.4853357,1671.082273,1601.914383,617.9506434,1503.285915,1434.118025,1916.422201,1798.651458,708.9971398,1707.959706,1590.188963,2208.224533,2047.035567,832.3239363,1951.758613,1790.569647,291.5560415,318.1922053,360.6088338,203.5360886,235.7814944,278.5593042,122.8585134,155.0234401,193.1557984,69.16789008,117.7707423,161.1889663
378,2019,63,Freirina,100,-71.09164036,-28.4990841,82,1.028318474,135,0.75,0.75,2,4,0.301143587,0.509582341,0.144885212,0.249140359,0.465884089,0.14581047,-0.052003228,-0.043698251,0.000925258,1091.282333,894.2469481,427.5536891,935.9423401,738.9069547,756.531781,608.9959915,298.3907931,647.488399,499.9526094,378.0799698,296.2268556,153.0506195,325.33845,243.4853357,1671.082273,1601.914383,617.9506434,1503.285915,1434.118025,1916.422201,1798.651458,708.9971398,1707.959706,1590.188963,2208.224533,2047.035567,832.3239363,1951.758613,1790.569647,291.5560415,318.1922053,360.6088338,203.5360886,235.7814944,278.5593042,122.8585134,155.0234401,193.1557984,69.16789008,117.7707423,161.1889663
379,2019,72.9,Freirina,100,-71.09165253,-28.49918317,82,1.028318474,135,0.75,0.75,2,4,0.353833164,0.546679497,0.170870617,0.308650771,0.503476501,0.166538611,-0.045182393,-0.043202996,-0.004332006,1091.282333,894.2469481,427.5536891,935.9423401,738.9069547,756.531781,608.9959915,298.3907931,647.488399,499.9526094,378.0799698,296.2268556,153.0506195,325.33845,243.4853357,1671.082273,1601.914383,617.9506434,1503.285915,1434.118025,1916.422201,1798.651458,708.9971398,1707.959706,1590.188963,2208.224533,2047.035567,832.3239363,1951.758613,1790.569647,291.5560415,318.1922053,360.6088338,203.5360886,235.7814944,278.5593042,122.8585134,155.0234401,193.1557984,69.16789008,117.7707423,161.1889663
380,2019,54.6,Freirina,100,-71.09167419,-28.499246,80,0.685586544,45,1.875,-1.875,3,128,0.412939656,0.593535781,0.195330694,0.450531478,0.609800339,0.221998379,0.037591822,0.016264558,0.026667684,1091.282333,894.2469481,427.5536891,935.9423401,738.9069547,756.531781,608.9959915,298.3907931,647.488399,499.9526094,378.0799698,296.2268556,153.0506195,325.33845,243.4853357,1671.082273,1601.914383,617.9506434,1503.285915,1434.118025,1916.422201,1798.651458,708.9971398,1707.959706,1590.188963,2208.224533,2047.035567,832.3239363,1951.758613,1790.569647,291.5560415,318.1922053,360.6088338,203.5360886,235.7814944,278.5593042,122.8585134,155.0234401,193.1557984,69.16789008,117.7707423,161.1889663
381,2019,134.5,Freirina,100,-71.09168547,-28.49929997,80,0.685586544,45,1.875,-1.875,3,128,0.412939656,0.593535781,0.195330694,0.450531478,0.609800339,0.221998379,0.037591822,0.016264558,0.026667684,1091.282333,894.2469481,427.5536891,935.9423401,738.9069547,756.531781,608.9959915,298.3907931,647.488399,499.9526094,378.0799698,296.2268556,153.0506195,325.33845,243.4853357,1671.082273,1601.914383,617.9506434,1503.285915,1434.118025,1916.422201,1798.651458,708.9971398,1707.959706,1590.188963,2208.224533,2047.035567,832.3239363,1951.758613,1790.569647,291.5560415,318.1922053,360.6088338,203.5360886,235.7814944,278.5593042,122.8585134,155.0234401,193.1557984,69.16789008,117.7707423,161.1889663
382,2019,134.8,Freirina,100,-71.09170732,-28.49937182,80,0.685586544,45,1.875,-1.875,3,128,0.384223936,0.576050222,0.184696943,0.3756654,0.562851012,0.194233283,-0.008558536,-0.01319921,0.009536341,1091.282333,894.2469481,427.5536891,935.9423401,738.9069547,756.531781,608.9959915,298.3907931,647.488399,499.9526094,378.0799698,296.2268556,153.0506195,325.33845,243.4853357,1671.082273,1601.914383,617.9506434,1503.285915,1434.118025,1916.422201,1798.651458,708.9971398,1707.959706,1590.188963,2208.224533,2047.035567,832.3239363,1951.758613,1790.569647,291.5560415,318.1922053,360.6088338,203.5360886,235.7814944,278.5593042,122.8585134,155.0234401,193.1557984,69.16789008,117.7707423,161.1889663
383,2019,145.1,Freirina,100,-71.0917297,-28.49947073,82,1.532725565,341.5650512,0.625,0.125,3,64,0.437165221,0.601469278,0.214285716,0.404687504,0.584141016,0.205555558,-0.032477717,-0.017328262,-0.008730158,1091.282333,894.2469481,427.5536891,935.9423401,738.9069547,756.531781,608.9959915,298.3907931,647.488399,499.9526094,378.0799698,296.2268556,153.0506195,325.33845,243.4853357,1671.082273,1601.914383,617.9506434,1503.285915,1434.118025,1916.422201,1798.651458,708.9971398,1707.959706,1590.188963,2208.224533,2047.035567,832.3239363,1951.758613,1790.569647,291.5560415,318.1922053,360.6088338,203.5360886,235.7814944,278.5593042,122.8585134,155.0234401,193.1557984,69.16789008,117.7707423,161.1889663
384,2019,152.2,Freirina,100,-71.09176176,-28.49954242,82,1.532725565,341.5650512,0.625,0.125,3,64,0.528373254,0.654984057,0.25552243,0.461111104,0.637900352,0.231781915,-0.06726215,-0.017083704,-0.023740515,1091.282333,894.2469481,427.5536891,935.9423401,738.9069547,756.531781,608.9959915,298.3907931,647.488399,499.9526094,378.0799698,296.2268556,153.0506195,325.33845,243.4853357,1671.082273,1601.914383,617.9506434,1503.285915,1434.118025,1916.422201,1798.651458,708.9971398,1707.959706,1590.188963,2208.224533,2047.035567,832.3239363,1951.758613,1790.569647,291.5560415,318.1922053,360.6088338,203.5360886,235.7814944,278.5593042,122.8585134,155.0234401,193.1557984,69.16789008,117.7707423,161.1889663
385,2019,135.9,Freirina,100,-71.09179417,-28.49963216,82,0.766499914,341.5650512,0.5,0.5,2,128,0.52749141,0.665573776,0.251364619,0.522197124,0.663651347,0.27187255,-0.005294286,-0.001922429,0.020507932,1091.282333,894.2469481,427.5536891,935.9423401,738.9069547,756.531781,608.9959915,298.3907931,647.488399,499.9526094,378.0799698,296.2268556,153.0506195,325.33845,243.4853357,1671.082273,1601.914383,617.9506434,1503.285915,1434.118025,1916.422201,1798.651458,708.9971398,1707.959706,1590.188963,2208.224533,2047.035567,832.3239363,1951.758613,1790.569647,291.5560415,318.1922053,360.6088338,203.5360886,235.7814944,278.5593042,122.8585134,155.0234401,193.1557984,69.16789008,117.7707423,161.1889663
387,2019,50.8,Freirina,100,-71.09185882,-28.4998026,82,0.685586544,315,0.25,0,2,32,0.439834012,0.641438007,0.214574888,0.56703381,0.681336641,0.293397099,0.127199798,0.039898634,0.07882221,1091.282333,894.2469481,427.5536891,935.9423401,738.9069547,756.531781,608.9959915,298.3907931,647.488399,499.9526094,378.0799698,296.2268556,153.0506195,325.33845,243.4853357,1671.082273,1601.914383,617.9506434,1503.285915,1434.118025,1916.422201,1798.651458,708.9971398,1707.959706,1590.188963,2208.224533,2047.035567,832.3239363,1951.758613,1790.569647,291.5560415,318.1922053,360.6088338,203.5360886,235.7814944,278.5593042,122.8585134,155.0234401,193.1557984,69.16789008,117.7707423,161.1889663
388,2019,50.8,Freirina,100,-71.09189141,-28.49990136,82,0.685586544,315,0.25,0,2,32,0.489684201,0.625919163,0.236542374,0.542001437,0.689475775,0.287671208,0.052317236,0.063556612,0.051128834,1091.282333,894.2469481,427.5536891,935.9423401,738.9069547,756.531781,608.9959915,298.3907931,647.488399,499.9526094,378.0799698,296.2268556,153.0506195,325.33845,243.4853357,1671.082273,1601.914383,617.9506434,1503.285915,1434.118025,1916.422201,1798.651458,708.9971398,1707.959706,1590.188963,2208.224533,2047.035567,832.3239363,1951.758613,1790.569647,291.5560415,318.1922053,360.6088338,203.5360886,235.7814944,278.5593042,122.8585134,155.0234401,193.1557984,69.16789008,117.7707423,161.1889663
390,2019,79.1,Freirina,100,-71.09189426,-28.50004569,82,0.685586544,225,0.25,0,2,4,0.438087793,0.57038939,0.222060397,0.561389952,0.691342592,0.287351757,0.123302159,0.120953202,0.06529136,1091.282333,894.2469481,427.5536891,935.9423401,738.9069547,756.531781,608.9959915,298.3907931,647.488399,499.9526094,378.0799698,296.2268556,153.0506195,325.33845,243.4853357,1671.082273,1601.914383,617.9506434,1503.285915,1434.118025,1916.422201,1798.651458,708.9971398,1707.959706,1590.188963,2208.224533,2047.035567,832.3239363,1951.758613,1790.569647,291.5560415,318.1922053,360.6088338,203.5360886,235.7814944,278.5593042,122.8585134,155.0234401,193.1557984,69.16789008,117.7707423,161.1889663
391,2019,58,Freirina,100,-71.09184142,-28.49995627,82,0.685586544,315,0.25,0,2,32,0.44029546,0.618257284,0.216417924,0.486326698,0.63562423,0.256164044,0.046031238,0.017366946,0.039746121,1091.282333,894.2469481,427.5536891,935.9423401,738.9069547,756.531781,608.9959915,298.3907931,647.488399,499.9526094,378.0799698,296.2268556,153.0506195,325.33845,243.4853357,1671.082273,1601.914383,617.9506434,1503.285915,1434.118025,1916.422201,1798.651458,708.9971398,1707.959706,1590.188963,2208.224533,2047.035567,832.3239363,1951.758613,1790.569647,291.5560415,318.1922053,360.6088338,203.5360886,235.7814944,278.5593042,122.8585134,155.0234401,193.1557984,69.16789008,117.7707423,161.1889663
392,2019,59,Freirina,100,-71.09180972,-28.49990262,82,0.685586544,315,0.25,0,2,32,0.489684201,0.625919163,0.236542374,0.542001437,0.689475775,0.287671208,0.052317236,0.063556612,0.051128834,1091.282333,894.2469481,427.5536891,935.9423401,738.9069547,756.531781,608.9959915,298.3907931,647.488399,499.9526094,378.0799698,296.2268556,153.0506195,325.33845,243.4853357,1671.082273,1601.914383,617.9506434,1503.285915,1434.118025,1916.422201,1798.651458,708.9971398,1707.959706,1590.188963,2208.224533,2047.035567,832.3239363,1951.758613,1790.569647,291.5560415,318.1922053,360.6088338,203.5360886,235.7814944,278.5593042,122.8585134,155.0234401,193.1557984,69.16789008,117.7707423,161.1889663
393,2019,74,Freirina,100,-71.09177731,-28.49981288,82,0.685586544,315,0.25,0,2,32,0.522655899,0.677706361,0.241734684,0.546345152,0.677841365,0.284165144,0.023689253,0.000135005,0.04243046,1091.282333,894.2469481,427.5536891,935.9423401,738.9069547,756.531781,608.9959915,298.3907931,647.488399,499.9526094,378.0799698,296.2268556,153.0506195,325.33845,243.4853357,1671.082273,1601.914383,617.9506434,1503.285915,1434.118025,1916.422201,1798.651458,708.9971398,1707.959706,1590.188963,2208.224533,2047.035567,832.3239363,1951.758613,1790.569647,291.5560415,318.1922053,360.6088338,203.5360886,235.7814944,278.5593042,122.8585134,155.0234401,193.1557984,69.16789008,117.7707423,161.1889663
394,2019,76,Freirina,100,-71.09172429,-28.49971444,82,1.532725565,341.5650512,0.625,0.125,3,64,0.503713394,0.66925317,0.237275332,0.550054605,0.689682543,0.292564869,0.046341211,0.020429373,0.055289537,1091.282333,894.2469481,427.5536891,935.9423401,738.9069547,756.531781,608.9959915,298.3907931,647.488399,499.9526094,378.0799698,296.2268556,153.0506195,325.33845,243.4853357,1671.082273,1601.914383,617.9506434,1503.285915,1434.118025,1916.422201,1798.651458,708.9971398,1707.959706,1590.188963,2208.224533,2047.035567,832.3239363,1951.758613,1790.569647,291.5560415,318.1922053,360.6088338,203.5360886,235.7814944,278.5593042,122.8585134,155.0234401,193.1557984,69.16789008,117.7707423,161.1889663
395,2019,122.3,Freirina,100,-71.09168167,-28.49962486,82,1.532725565,341.5650512,0.625,0.125,3,64,0.540869576,0.670910001,0.255616456,0.501519768,0.649415731,0.259433985,-0.039349808,-0.021494269,0.003817528,1091.282333,894.2469481,427.5536891,935.9423401,738.9069547,756.531781,608.9959915,298.3907931,647.488399,499.9526094,378.0799698,296.2268556,153.0506195,325.33845,243.4853357,1671.082273,1601.914383,617.9506434,1503.285915,1434.118025,1916.422201,1798.651458,708.9971398,1707.959706,1590.188963,2208.224533,2047.035567,832.3239363,1951.758613,1790.569647,291.5560415,318.1922053,360.6088338,203.5360886,235.7814944,278.5593042,122.8585134,155.0234401,193.1557984,69.16789008,117.7707423,161.1889663
397,2019,91.8,Freirina,100,-71.0915966,-28.49945473,80,0.685586544,45,1.875,-1.875,3,128,0.455223881,0.640953779,0.222207233,0.478061793,0.637362659,0.246621177,0.022837912,-0.00359112,0.024413943,1091.282333,894.2469481,427.5536891,935.9423401,738.9069547,756.531781,608.9959915,298.3907931,647.488399,499.9526094,378.0799698,296.2268556,153.0506195,325.33845,243.4853357,1671.082273,1601.914383,617.9506434,1503.285915,1434.118025,1916.422201,1798.651458,708.9971398,1707.959706,1590.188963,2208.224533,2047.035567,832.3239363,1951.758613,1790.569647,291.5560415,318.1922053,360.6088338,203.5360886,235.7814944,278.5593042,122.8585134,155.0234401,193.1557984,69.16789008,117.7707423,161.1889663
398,2019,122.5,Freirina,100,-71.09155433,-28.49938319,80,0.685586544,45,1.875,-1.875,3,128,0.544468564,0.669010818,0.257700205,0.487475919,0.639065802,0.249835417,-0.056992645,-0.029945016,-0.007864788,1091.282333,894.2469481,427.5536891,935.9423401,738.9069547,756.531781,608.9959915,298.3907931,647.488399,499.9526094,378.0799698,296.2268556,153.0506195,325.33845,243.4853357,1671.082273,1601.914383,617.9506434,1503.285915,1434.118025,1916.422201,1798.651458,708.9971398,1707.959706,1590.188963,2208.224533,2047.035567,832.3239363,1951.758613,1790.569647,291.5560415,318.1922053,360.6088338,203.5360886,235.7814944,278.5593042,122.8585134,155.0234401,193.1557984,69.16789008,117.7707423,161.1889663
399,2019,118.3,Freirina,100,-71.09152174,-28.49928444,80,0.685586544,45,1.875,-1.875,3,128,0.502786128,0.64292413,0.239942729,0.46434233,0.625329792,0.233652323,-0.038443798,-0.017594337,-0.006290406,1091.282333,894.2469481,427.5536891,935.9423401,738.9069547,756.531781,608.9959915,298.3907931,647.488399,499.9526094,378.0799698,296.2268556,153.0506195,325.33845,243.4853357,1671.082273,1601.914383,617.9506434,1503.285915,1434.118025,1916.422201,1798.651458,708.9971398,1707.959706,1590.188963,2208.224533,2047.035567,832.3239363,1951.758613,1790.569647,291.5560415,318.1922053,360.6088338,203.5360886,235.7814944,278.5593042,122.8585134,155.0234401,193.1557984,69.16789008,117.7707423,161.1889663
400,2019,120.2,Freirina,100,-71.0914895,-28.49920373,80,0.685586544,45,1.875,-1.875,3,128,0.402653,0.575204253,0.192381099,0.331905793,0.528881609,0.178800315,-0.070747207,-0.046322644,-0.013580784,1091.282333,894.2469481,427.5536891,935.9423401,738.9069547,756.531781,608.9959915,298.3907931,647.488399,499.9526094,378.0799698,296.2268556,153.0506195,325.33845,243.4853357,1671.082273,1601.914383,617.9506434,1503.285915,1434.118025,1916.422201,1798.651458,708.9971398,1707.959706,1590.188963,2208.224533,2047.035567,832.3239363,1951.758613,1790.569647,291.5560415,318.1922053,360.6088338,203.5360886,235.7814944,278.5593042,122.8585134,155.0234401,193.1557984,69.16789008,117.7707423,161.1889663
401,2019,98.5,Freirina,100,-71.09143702,-28.49913235,81,0.484794463,90,0.625,-0.125,2,128,0.336708876,0.520883381,0.162415206,0.393321619,0.5581761,0.213957936,0.056612743,0.037292719,0.051542729,1091.282333,894.2469481,427.5536891,935.9423401,738.9069547,756.531781,608.9959915,298.3907931,647.488399,499.9526094,378.0799698,296.2268556,153.0506195,325.33845,243.4853357,1671.082273,1601.914383,617.9506434,1503.285915,1434.118025,1916.422201,1798.651458,708.9971398,1707.959706,1590.188963,2208.224533,2047.035567,832.3239363,1951.758613,1790.569647,291.5560415,318.1922053,360.6088338,203.5360886,235.7814944,278.5593042,122.8585134,155.0234401,193.1557984,69.16789008,117.7707423,161.1889663
402,2019,57,Freirina,100,-71.09152857,-28.49911289,82,1.028318474,135,0.75,0.75,2,4,0.324474903,0.513963759,0.154847935,0.279346714,0.490880251,0.155120283,-0.045128189,-0.023083508,0.000272349,1091.282333,894.2469481,427.5536891,935.9423401,738.9069547,756.531781,608.9959915,298.3907931,647.488399,499.9526094,378.0799698,296.2268556,153.0506195,325.33845,243.4853357,1671.082273,1601.914383,617.9506434,1503.285915,1434.118025,1916.422201,1798.651458,708.9971398,1707.959706,1590.188963,2208.224533,2047.035567,832.3239363,1951.758613,1790.569647,291.5560415,318.1922053,360.6088338,203.5360886,235.7814944,278.5593042,122.8585134,155.0234401,193.1557984,69.16789008,117.7707423,161.1889663
403,2019,58,Freirina,100,-71.09157101,-28.49919345,80,0.685586544,45,1.875,-1.875,3,128,0.382527555,0.572600126,0.183881491,0.321266952,0.514915705,0.16701515,-0.061260603,-0.057684422,-0.016866341,1091.282333,894.2469481,427.5536891,935.9423401,738.9069547,756.531781,608.9959915,298.3907931,647.488399,499.9526094,378.0799698,296.2268556,153.0506195,325.33845,243.4853357,1671.082273,1601.914383,617.9506434,1503.285915,1434.118025,1916.422201,1798.651458,708.9971398,1707.959706,1590.188963,2208.224533,2047.035567,832.3239363,1951.758613,1790.569647,291.5560415,318.1922053,360.6088338,203.5360886,235.7814944,278.5593042,122.8585134,155.0234401,193.1557984,69.16789008,117.7707423,161.1889663
404,2019,73,Freirina,100,-71.09159268,-28.49925628,80,0.685586544,45,1.875,-1.875,3,128,0.502786128,0.64292413,0.239942729,0.46434233,0.625329792,0.233652323,-0.038443798,-0.017594337,-0.006290406,1091.282333,894.2469481,427.5536891,935.9423401,738.9069547,756.531781,608.9959915,298.3907931,647.488399,499.9526094,378.0799698,296.2268556,153.0506195,325.33845,243.4853357,1671.082273,1601.914383,617.9506434,1503.285915,1434.118025,1916.422201,1798.651458,708.9971398,1707.959706,1590.188963,2208.224533,2047.035567,832.3239363,1951.758613,1790.569647,291.5560415,318.1922053,360.6088338,203.5360886,235.7814944,278.5593042,122.8585134,155.0234401,193.1557984,69.16789008,117.7707423,161.1889663
405,2019,72,Freirina,100,-71.09160378,-28.49930122,80,0.685586544,45,1.875,-1.875,3,128,0.412939656,0.593535781,0.195330694,0.450531478,0.609800339,0.221998379,0.037591822,0.016264558,0.026667684,1091.282333,894.2469481,427.5536891,935.9423401,738.9069547,756.531781,608.9959915,298.3907931,647.488399,499.9526094,378.0799698,296.2268556,153.0506195,325.33845,243.4853357,1671.082273,1601.914383,617.9506434,1503.285915,1434.118025,1916.422201,1798.651458,708.9971398,1707.959706,1590.188963,2208.224533,2047.035567,832.3239363,1951.758613,1790.569647,291.5560415,318.1922053,360.6088338,203.5360886,235.7814944,278.5593042,122.8585134,155.0234401,193.1557984,69.16789008,117.7707423,161.1889663
406,2019,122.5,Freirina,100,-71.09163602,-28.49938194,80,0.685586544,45,1.875,-1.875,3,128,0.430206976,0.622377634,0.201554134,0.472302,0.631650746,0.232150048,0.042095024,0.009273112,0.030595914,1091.282333,894.2469481,427.5536891,935.9423401,738.9069547,756.531781,608.9959915,298.3907931,647.488399,499.9526094,378.0799698,296.2268556,153.0506195,325.33845,243.4853357,1671.082273,1601.914383,617.9506434,1503.285915,1434.118025,1916.422201,1798.651458,708.9971398,1707.959706,1590.188963,2208.224533,2047.035567,832.3239363,1951.758613,1790.569647,291.5560415,318.1922053,360.6088338,203.5360886,235.7814944,278.5593042,122.8585134,155.0234401,193.1557984,69.16789008,117.7707423,161.1889663
408,2019,121.8,Freirina,100,-71.09137771,-28.49923252,81,2.084309673,324.4623222,1.125,-0.875,4,16,0.411863688,0.587511837,0.199064657,0.417469283,0.577818871,0.235363886,0.005605595,-0.009692967,0.036299229,1091.282333,894.2469481,427.5536891,935.9423401,738.9069547,756.531781,608.9959915,298.3907931,647.488399,499.9526094,378.0799698,296.2268556,153.0506195,325.33845,243.4853357,1671.082273,1601.914383,617.9506434,1503.285915,1434.118025,1916.422201,1798.651458,708.9971398,1707.959706,1590.188963,2208.224533,2047.035567,832.3239363,1951.758613,1790.569647,291.5560415,318.1922053,360.6088338,203.5360886,235.7814944,278.5593042,122.8585134,155.0234401,193.1557984,69.16789008,117.7707423,161.1889663
409,2019,132.1,Freirina,100,-71.09141998,-28.49930405,81,2.084309673,324.4623222,1.125,-0.875,4,16,0.520066199,0.658690751,0.254213303,0.394945297,0.587805927,0.20526728,-0.125120902,-0.070884824,-0.048946023,1091.282333,894.2469481,427.5536891,935.9423401,738.9069547,756.531781,608.9959915,298.3907931,647.488399,499.9526094,378.0799698,296.2268556,153.0506195,325.33845,243.4853357,1671.082273,1601.914383,617.9506434,1503.285915,1434.118025,1916.422201,1798.651458,708.9971398,1707.959706,1590.188963,2208.224533,2047.035567,832.3239363,1951.758613,1790.569647,291.5560415,318.1922053,360.6088338,203.5360886,235.7814944,278.5593042,122.8585134,155.0234401,193.1557984,69.16789008,117.7707423,161.1889663
410,2019,162.1,Freirina,100,-71.09146225,-28.49937559,80,0.685586544,45,1.875,-1.875,3,128,0.530947352,0.667125165,0.256474555,0.433975998,0.607667208,0.230933025,-0.096971354,-0.059457958,-0.025541529,1091.282333,894.2469481,427.5536891,935.9423401,738.9069547,756.531781,608.9959915,298.3907931,647.488399,499.9526094,378.0799698,296.2268556,153.0506195,325.33845,243.4853357,1671.082273,1601.914383,617.9506434,1503.285915,1434.118025,1916.422201,1798.651458,708.9971398,1707.959706,1590.188963,2208.224533,2047.035567,832.3239363,1951.758613,1790.569647,291.5560415,318.1922053,360.6088338,203.5360886,235.7814944,278.5593042,122.8585134,155.0234401,193.1557984,69.16789008,117.7707423,161.1889663
411,2019,133.1,Freirina,100,-71.09149466,-28.49946532,82,1.532725565,341.5650512,0.625,0.125,3,64,0.56316918,0.662112951,0.26891616,0.470739771,0.6276986,0.248606965,-0.092429409,-0.034414351,-0.020309195,1091.282333,894.2469481,427.5536891,935.9423401,738.9069547,756.531781,608.9959915,298.3907931,647.488399,499.9526094,378.0799698,296.2268556,153.0506195,325.33845,243.4853357,1671.082273,1601.914383,617.9506434,1503.285915,1434.118025,1916.422201,1798.651458,708.9971398,1707.959706,1590.188963,2208.224533,2047.035567,832.3239363,1951.758613,1790.569647,291.5560415,318.1922053,360.6088338,203.5360886,235.7814944,278.5593042,122.8585134,155.0234401,193.1557984,69.16789008,117.7707423,161.1889663
412,2019,128.5,Freirina,100,-71.09153729,-28.4995549,82,1.532725565,341.5650512,0.625,0.125,3,64,0.571676788,0.678886294,0.270336896,0.487292822,0.625603855,0.257226199,-0.084383966,-0.05328244,-0.013110697,1091.282333,894.2469481,427.5536891,935.9423401,738.9069547,756.531781,608.9959915,298.3907931,647.488399,499.9526094,378.0799698,296.2268556,153.0506195,325.33845,243.4853357,1671.082273,1601.914383,617.9506434,1503.285915,1434.118025,1916.422201,1798.651458,708.9971398,1707.959706,1590.188963,2208.224533,2047.035567,832.3239363,1951.758613,1790.569647,291.5560415,318.1922053,360.6088338,203.5360886,235.7814944,278.5593042,122.8585134,155.0234401,193.1557984,69.16789008,117.7707423,161.1889663
414,2019,109,Freirina,100,-71.09163257,-28.49972488,82,1.413153707,300.9637565,0.625,-0.625,2,64,0.533532673,0.692597806,0.255210459,0.529889323,0.663723946,0.27937746,-0.00364335,-0.028873861,0.024167001,1091.282333,894.2469481,427.5536891,935.9423401,738.9069547,756.531781,608.9959915,298.3907931,647.488399,499.9526094,378.0799698,296.2268556,153.0506195,325.33845,243.4853357,1671.082273,1601.914383,617.9506434,1503.285915,1434.118025,1916.422201,1798.651458,708.9971398,1707.959706,1590.188963,2208.224533,2047.035567,832.3239363,1951.758613,1790.569647,291.5560415,318.1922053,360.6088338,203.5360886,235.7814944,278.5593042,122.8585134,155.0234401,193.1557984,69.16789008,117.7707423,161.1889663
415,2019,88.4,Freirina,100,-71.09167519,-28.49981445,82,1.413153707,300.9637565,0.625,-0.625,2,64,0.534520194,0.680456519,0.252841294,0.529020342,0.662379444,0.278585345,-0.005499852,-0.018077075,0.025744051,1091.282333,894.2469481,427.5536891,935.9423401,738.9069547,756.531781,608.9959915,298.3907931,647.488399,499.9526094,378.0799698,296.2268556,153.0506195,325.33845,243.4853357,1671.082273,1601.914383,617.9506434,1503.285915,1434.118025,1916.422201,1798.651458,708.9971398,1707.959706,1590.188963,2208.224533,2047.035567,832.3239363,1951.758613,1790.569647,291.5560415,318.1922053,360.6088338,203.5360886,235.7814944,278.5593042,122.8585134,155.0234401,193.1557984,69.16789008,117.7707423,161.1889663
416,2019,52,Freirina,100,-71.09170743,-28.49989517,82,1.413153707,300.9637565,0.625,-0.625,2,64,0.504685388,0.657817066,0.234290823,0.530402954,0.669864178,0.28098321,0.025717566,0.012047112,0.046692386,1091.282333,894.2469481,427.5536891,935.9423401,738.9069547,756.531781,608.9959915,298.3907931,647.488399,499.9526094,378.0799698,296.2268556,153.0506195,325.33845,243.4853357,1671.082273,1601.914383,617.9506434,1503.285915,1434.118025,1916.422201,1798.651458,708.9971398,1707.959706,1590.188963,2208.224533,2047.035567,832.3239363,1951.758613,1790.569647,291.5560415,318.1922053,360.6088338,203.5360886,235.7814944,278.5593042,122.8585134,155.0234401,193.1557984,69.16789008,117.7707423,161.1889663
417,2019,76.9,Freirina,100,-71.09174988,-28.49997572,82,1.413153707,300.9637565,0.625,-0.625,2,64,0.431380934,0.645208836,0.206227005,0.542037981,0.672268927,0.276810467,0.110657047,0.027060091,0.070583463,1091.282333,894.2469481,427.5536891,935.9423401,738.9069547,756.531781,608.9959915,298.3907931,647.488399,499.9526094,378.0799698,296.2268556,153.0506195,325.33845,243.4853357,1671.082273,1601.914383,617.9506434,1503.285915,1434.118025,1916.422201,1798.651458,708.9971398,1707.959706,1590.188963,2208.224533,2047.035567,832.3239363,1951.758613,1790.569647,291.5560415,318.1922053,360.6088338,203.5360886,235.7814944,278.5593042,122.8585134,155.0234401,193.1557984,69.16789008,117.7707423,161.1889663
418,2019,79,Freirina,100,-71.09179232,-28.50005628,82,0.685586544,225,0.25,0,2,4,0.51307846,0.671111107,0.255511016,0.59028831,0.718737245,0.305657417,0.07720985,0.047626138,0.050146401,1091.282333,894.2469481,427.5536891,935.9423401,738.9069547,756.531781,608.9959915,298.3907931,647.488399,499.9526094,378.0799698,296.2268556,153.0506195,325.33845,243.4853357,1671.082273,1601.914383,617.9506434,1503.285915,1434.118025,1916.422201,1798.651458,708.9971398,1707.959706,1590.188963,2208.224533,2047.035567,832.3239363,1951.758613,1790.569647,291.5560415,318.1922053,360.6088338,203.5360886,235.7814944,278.5593042,122.8585134,155.0234401,193.1557984,69.16789008,117.7707423,161.1889663
419,2019,81,Freirina,100,-71.09182456,-28.50013699,82,0.685586544,225,0.25,0,2,4,0.489943694,0.618173897,0.244055584,0.590052145,0.704213262,0.29447484,0.100108451,0.086039364,0.050419256,1091.282333,894.2469481,427.5536891,935.9423401,738.9069547,756.531781,608.9959915,298.3907931,647.488399,499.9526094,378.0799698,296.2268556,153.0506195,325.33845,243.4853357,1671.082273,1601.914383,617.9506434,1503.285915,1434.118025,1916.422201,1798.651458,708.9971398,1707.959706,1590.188963,2208.224533,2047.035567,832.3239363,1951.758613,1790.569647,291.5560415,318.1922053,360.6088338,203.5360886,235.7814944,278.5593042,122.8585134,155.0234401,193.1557984,69.16789008,117.7707423,161.1889663
420,2019,76,Freirina,100,-71.09185644,-28.50019967,82,0.685586544,225,0.25,0,2,4,0.489943694,0.618173897,0.244055584,0.590052145,0.704213262,0.29447484,0.100108451,0.086039364,0.050419256,1091.282333,894.2469481,427.5536891,935.9423401,738.9069547,756.531781,608.9959915,298.3907931,647.488399,499.9526094,378.0799698,296.2268556,153.0506195,325.33845,243.4853357,1671.082273,1601.914383,617.9506434,1503.285915,1434.118025,1916.422201,1798.651458,708.9971398,1707.959706,1590.188963,2208.224533,2047.035567,832.3239363,1951.758613,1790.569647,291.5560415,318.1922053,360.6088338,203.5360886,235.7814944,278.5593042,122.8585134,155.0234401,193.1557984,69.16789008,117.7707423,161.1889663
421,2019,81.8,Freirina,100,-71.09176489,-28.50021912,83,1.71353711,261.8698976,0.875,0.625,3,8,0.556856178,0.687358439,0.270292193,0.588566826,0.697934568,0.293025136,0.031710648,0.010576129,0.022732943,1091.282333,894.2469481,427.5536891,935.9423401,738.9069547,756.531781,608.9959915,298.3907931,647.488399,499.9526094,378.0799698,296.2268556,153.0506195,325.33845,243.4853357,1671.082273,1601.914383,617.9506434,1503.285915,1434.118025,1916.422201,1798.651458,708.9971398,1707.959706,1590.188963,2208.224533,2047.035567,832.3239363,1951.758613,1790.569647,291.5560415,318.1922053,360.6088338,203.5360886,235.7814944,278.5593042,122.8585134,155.0234401,193.1557984,69.16789008,117.7707423,161.1889663
422,2019,145,Freirina,100,-71.09173266,-28.50013841,83,1.71353711,261.8698976,0.875,0.625,3,8,0.548204911,0.688517392,0.272563159,0.610440194,0.701934934,0.310625076,0.062235283,0.013417542,0.038061917,1091.282333,894.2469481,427.5536891,935.9423401,738.9069547,756.531781,608.9959915,298.3907931,647.488399,499.9526094,378.0799698,296.2268556,153.0506195,325.33845,243.4853357,1671.082273,1601.914383,617.9506434,1503.285915,1434.118025,1916.422201,1798.651458,708.9971398,1707.959706,1590.188963,2208.224533,2047.035567,832.3239363,1951.758613,1790.569647,291.5560415,318.1922053,360.6088338,203.5360886,235.7814944,278.5593042,122.8585134,155.0234401,193.1557984,69.16789008,117.7707423,161.1889663
423,2019,95.5,Freirina,100,-71.09170078,-28.50007574,83,1.71353711,261.8698976,0.875,0.625,3,8,0.590815924,0.693583608,0.290563256,0.591373429,0.710451424,0.306751281,0.000557505,0.016867816,0.016188025,1091.282333,894.2469481,427.5536891,935.9423401,738.9069547,756.531781,608.9959915,298.3907931,647.488399,499.9526094,378.0799698,296.2268556,153.0506195,325.33845,243.4853357,1671.082273,1601.914383,617.9506434,1503.285915,1434.118025,1916.422201,1798.651458,708.9971398,1707.959706,1590.188963,2208.224533,2047.035567,832.3239363,1951.758613,1790.569647,291.5560415,318.1922053,360.6088338,203.5360886,235.7814944,278.5593042,122.8585134,155.0234401,193.1557984,69.16789008,117.7707423,161.1889663
425,2019,54.2,Freirina,100,-71.09161606,-28.49992364,82,1.413153707,300.9637565,0.625,-0.625,2,64,0.518843104,0.672779918,0.243889034,0.52867185,0.668820679,0.278268218,0.009828746,-0.003959239,0.034379184,1091.282333,894.2469481,427.5536891,935.9423401,738.9069547,756.531781,608.9959915,298.3907931,647.488399,499.9526094,378.0799698,296.2268556,153.0506195,325.33845,243.4853357,1671.082273,1601.914383,617.9506434,1503.285915,1434.118025,1916.422201,1798.651458,708.9971398,1707.959706,1590.188963,2208.224533,2047.035567,832.3239363,1951.758613,1790.569647,291.5560415,318.1922053,360.6088338,203.5360886,235.7814944,278.5593042,122.8585134,155.0234401,193.1557984,69.16789008,117.7707423,161.1889663
426,2019,85.1,Freirina,100,-71.09157344,-28.49983407,82,1.413153707,300.9637565,0.625,-0.625,2,64,0.572925748,0.686329544,0.269958824,0.545621102,0.673145592,0.28897658,-0.027304646,-0.013183951,0.019017756,1091.282333,894.2469481,427.5536891,935.9423401,738.9069547,756.531781,608.9959915,298.3907931,647.488399,499.9526094,378.0799698,296.2268556,153.0506195,325.33845,243.4853357,1671.082273,1601.914383,617.9506434,1503.285915,1434.118025,1916.422201,1798.651458,708.9971398,1707.959706,1590.188963,2208.224533,2047.035567,832.3239363,1951.758613,1790.569647,291.5560415,318.1922053,360.6088338,203.5360886,235.7814944,278.5593042,122.8585134,155.0234401,193.1557984,69.16789008,117.7707423,161.1889663
427,2019,56.5,Freirina,100,-71.09153081,-28.49974449,82,1.413153707,300.9637565,0.625,-0.625,2,64,0.552175745,0.66696918,0.266119182,0.538233128,0.668948889,0.282687813,-0.013942617,0.001979709,0.016568631,1091.282333,894.2469481,427.5536891,935.9423401,738.9069547,756.531781,608.9959915,298.3907931,647.488399,499.9526094,378.0799698,296.2268556,153.0506195,325.33845,243.4853357,1671.082273,1601.914383,617.9506434,1503.285915,1434.118025,1916.422201,1798.651458,708.9971398,1707.959706,1590.188963,2208.224533,2047.035567,832.3239363,1951.758613,1790.569647,291.5560415,318.1922053,360.6088338,203.5360886,235.7814944,278.5593042,122.8585134,155.0234401,193.1557984,69.16789008,117.7707423,161.1889663
428,2019,92.5,Freirina,100,-71.09148854,-28.49967295,82,1.532725565,341.5650512,0.625,0.125,3,64,0.526835542,0.66791749,0.251125664,0.500736362,0.651539683,0.26438567,-0.02609918,-0.016377807,0.013260007,1091.282333,894.2469481,427.5536891,935.9423401,738.9069547,756.531781,608.9959915,298.3907931,647.488399,499.9526094,378.0799698,296.2268556,153.0506195,325.33845,243.4853357,1671.082273,1601.914383,617.9506434,1503.285915,1434.118025,1916.422201,1798.651458,708.9971398,1707.959706,1590.188963,2208.224533,2047.035567,832.3239363,1951.758613,1790.569647,291.5560415,318.1922053,360.6088338,203.5360886,235.7814944,278.5593042,122.8585134,155.0234401,193.1557984,69.16789008,117.7707423,161.1889663
430,2019,77.1,Freirina,100,-71.09141333,-28.49948462,83,2.740385528,315,1.25,0.75,4,32,0.465254234,0.637310624,0.223777175,0.436117028,0.601273417,0.234939739,-0.029137206,-0.036037207,0.011162564,1091.282333,894.2469481,427.5536891,935.9423401,738.9069547,756.531781,608.9959915,298.3907931,647.488399,499.9526094,378.0799698,296.2268556,153.0506195,325.33845,243.4853357,1671.082273,1601.914383,617.9506434,1503.285915,1434.118025,1916.422201,1798.651458,708.9971398,1707.959706,1590.188963,2208.224533,2047.035567,832.3239363,1951.758613,1790.569647,291.5560415,318.1922053,360.6088338,203.5360886,235.7814944,278.5593042,122.8585134,155.0234401,193.1557984,69.16789008,117.7707423,161.1889663
431,2019,129,Freirina,100,-71.09137106,-28.49941309,81,2.084309673,324.4623222,1.125,-0.875,4,16,0.467906163,0.636722624,0.218418524,0.407063868,0.592891753,0.219338715,-0.060842295,-0.043830872,0.000920191,1091.282333,894.2469481,427.5536891,935.9423401,738.9069547,756.531781,608.9959915,298.3907931,647.488399,499.9526094,378.0799698,296.2268556,153.0506195,325.33845,243.4853357,1671.082273,1601.914383,617.9506434,1503.285915,1434.118025,1916.422201,1798.651458,708.9971398,1707.959706,1590.188963,2208.224533,2047.035567,832.3239363,1951.758613,1790.569647,291.5560415,318.1922053,360.6088338,203.5360886,235.7814944,278.5593042,122.8585134,155.0234401,193.1557984,69.16789008,117.7707423,161.1889663
432,2019,132.3,Freirina,100,-71.09132843,-28.49932351,81,2.084309673,324.4623222,1.125,-0.875,4,16,0.45652175,0.627277017,0.221590906,0.409989234,0.580983102,0.219902351,-0.046532516,-0.046293914,-0.001688555,1091.282333,894.2469481,427.5536891,935.9423401,738.9069547,756.531781,608.9959915,298.3907931,647.488399,499.9526094,378.0799698,296.2268556,153.0506195,325.33845,243.4853357,1671.082273,1601.914383,617.9506434,1503.285915,1434.118025,1916.422201,1798.651458,708.9971398,1707.959706,1590.188963,2208.224533,2047.035567,832.3239363,1951.758613,1790.569647,291.5560415,318.1922053,360.6088338,203.5360886,235.7814944,278.5593042,122.8585134,155.0234401,193.1557984,69.16789008,117.7707423,161.1889663
434,2019,159.6,Freirina,100,-71.09125927,-28.49944188,81,2.084309673,324.4623222,1.125,-0.875,4,16,0.485333325,0.642260432,0.225931033,0.430698325,0.599682927,0.23302646,-0.054635,-0.042577505,0.007095426,1091.282333,894.2469481,427.5536891,935.9423401,738.9069547,756.531781,608.9959915,298.3907931,647.488399,499.9526094,378.0799698,296.2268556,153.0506195,325.33845,243.4853357,1671.082273,1601.914383,617.9506434,1503.285915,1434.118025,1916.422201,1798.651458,708.9971398,1707.959706,1590.188963,2208.224533,2047.035567,832.3239363,1951.758613,1790.569647,291.5560415,318.1922053,360.6088338,203.5360886,235.7814944,278.5593042,122.8585134,155.0234401,193.1557984,69.16789008,117.7707423,161.1889663
435,2019,93.7,Freirina,100,-71.09130172,-28.49952243,83,2.740385528,315,1.25,0.75,4,32,0.555093564,0.67337811,0.270425409,0.496513757,0.641046286,0.262718439,-0.058579807,-0.032331824,-0.00770697,1091.282333,894.2469481,427.5536891,935.9423401,738.9069547,756.531781,608.9959915,298.3907931,647.488399,499.9526094,378.0799698,296.2268556,153.0506195,325.33845,243.4853357,1671.082273,1601.914383,617.9506434,1503.285915,1434.118025,1916.422201,1798.651458,708.9971398,1707.959706,1590.188963,2208.224533,2047.035567,832.3239363,1951.758613,1790.569647,291.5560415,318.1922053,360.6088338,203.5360886,235.7814944,278.5593042,122.8585134,155.0234401,193.1557984,69.16789008,117.7707423,161.1889663
436,2019,124.9,Freirina,100,-71.09134434,-28.49961201,83,2.740385528,315,1.25,0.75,4,32,0.542043981,0.665579915,0.257617176,0.537711065,0.673336089,0.280430526,-0.004332916,0.007756174,0.02281335,1091.282333,894.2469481,427.5536891,935.9423401,738.9069547,756.531781,608.9959915,298.3907931,647.488399,499.9526094,378.0799698,296.2268556,153.0506195,325.33845,243.4853357,1671.082273,1601.914383,617.9506434,1503.285915,1434.118025,1916.422201,1798.651458,708.9971398,1707.959706,1590.188963,2208.224533,2047.035567,832.3239363,1951.758613,1790.569647,291.5560415,318.1922053,360.6088338,203.5360886,235.7814944,278.5593042,122.8585134,155.0234401,193.1557984,69.16789008,117.7707423,161.1889663
437,2019,86.1,Freirina,100,-71.09138679,-28.49969257,83,2.740385528,315,1.25,0.75,4,32,0.546117528,0.672389805,0.260469228,0.557848206,0.6864779,0.294399798,0.011730678,0.014088094,0.03393057,1091.282333,894.2469481,427.5536891,935.9423401,738.9069547,756.531781,608.9959915,298.3907931,647.488399,499.9526094,378.0799698,296.2268556,153.0506195,325.33845,243.4853357,1671.082273,1601.914383,617.9506434,1503.285915,1434.118025,1916.422201,1798.651458,708.9971398,1707.959706,1590.188963,2208.224533,2047.035567,832.3239363,1951.758613,1790.569647,291.5560415,318.1922053,360.6088338,203.5360886,235.7814944,278.5593042,122.8585134,155.0234401,193.1557984,69.16789008,117.7707423,161.1889663
438,2019,114.9,Freirina,100,-71.09142905,-28.4997641,83,1.845447935,293.1985905,0.75,-0.25,2,16,0.551959113,0.67463237,0.264561772,0.505192911,0.654300869,0.265462607,-0.046766202,-0.020331502,0.000900835,1091.282333,894.2469481,427.5536891,935.9423401,738.9069547,756.531781,608.9959915,298.3907931,647.488399,499.9526094,378.0799698,296.2268556,153.0506195,325.33845,243.4853357,1671.082273,1601.914383,617.9506434,1503.285915,1434.118025,1916.422201,1798.651458,708.9971398,1707.959706,1590.188963,2208.224533,2047.035567,832.3239363,1951.758613,1790.569647,291.5560415,318.1922053,360.6088338,203.5360886,235.7814944,278.5593042,122.8585134,155.0234401,193.1557984,69.16789008,117.7707423,161.1889663
439,2019,45.9,Freirina,100,-71.09147168,-28.49985368,82,1.413153707,300.9637565,0.625,-0.625,2,64,0.577416596,0.708198249,0.275960773,0.537435137,0.675282717,0.282540917,-0.039981459,-0.032915533,0.006580144,1091.282333,894.2469481,427.5536891,935.9423401,738.9069547,756.531781,608.9959915,298.3907931,647.488399,499.9526094,378.0799698,296.2268556,153.0506195,325.33845,243.4853357,1671.082273,1601.914383,617.9506434,1503.285915,1434.118025,1916.422201,1798.651458,708.9971398,1707.959706,1590.188963,2208.224533,2047.035567,832.3239363,1951.758613,1790.569647,291.5560415,318.1922053,360.6088338,203.5360886,235.7814944,278.5593042,122.8585134,155.0234401,193.1557984,69.16789008,117.7707423,161.1889663
440,2019,124.3,Freirina,100,-71.09151413,-28.49993424,82,1.413153707,300.9637565,0.625,-0.625,2,64,0.54039498,0.67659992,0.249861658,0.550462107,0.682985544,0.289876699,0.010067127,0.006385624,0.040015042,1091.282333,894.2469481,427.5536891,935.9423401,738.9069547,756.531781,608.9959915,298.3907931,647.488399,499.9526094,378.0799698,296.2268556,153.0506195,325.33845,243.4853357,1671.082273,1601.914383,617.9506434,1503.285915,1434.118025,1916.422201,1798.651458,708.9971398,1707.959706,1590.188963,2208.224533,2047.035567,832.3239363,1951.758613,1790.569647,291.5560415,318.1922053,360.6088338,203.5360886,235.7814944,278.5593042,122.8585134,155.0234401,193.1557984,69.16789008,117.7707423,161.1889663
441,2019,87.2,Freirina,100,-71.09154654,-28.50002397,83,1.71353711,261.8698976,0.875,0.625,3,8,0.550235142,0.684944212,0.263046741,0.545897341,0.680651784,0.284978479,-0.004337801,-0.004292428,0.021931738,1091.282333,894.2469481,427.5536891,935.9423401,738.9069547,756.531781,608.9959915,298.3907931,647.488399,499.9526094,378.0799698,296.2268556,153.0506195,325.33845,243.4853357,1671.082273,1601.914383,617.9506434,1503.285915,1434.118025,1916.422201,1798.651458,708.9971398,1707.959706,1590.188963,2208.224533,2047.035567,832.3239363,1951.758613,1790.569647,291.5560415,318.1922053,360.6088338,203.5360886,235.7814944,278.5593042,122.8585134,155.0234401,193.1557984,69.16789008,117.7707423,161.1889663
443,2019,74.4,Freirina,100,-71.09164164,-28.50018493,83,1.71353711,261.8698976,0.875,0.625,3,8,0.584265016,0.689183235,0.285434932,0.611859833,0.722633719,0.31374225,0.027594817,0.033450484,0.028307319,1091.282333,894.2469481,427.5536891,935.9423401,738.9069547,756.531781,608.9959915,298.3907931,647.488399,499.9526094,378.0799698,296.2268556,153.0506195,325.33845,243.4853357,1671.082273,1601.914383,617.9506434,1503.285915,1434.118025,1916.422201,1798.651458,708.9971398,1707.959706,1590.188963,2208.224533,2047.035567,832.3239363,1951.758613,1790.569647,291.5560415,318.1922053,360.6088338,203.5360886,235.7814944,278.5593042,122.8585134,155.0234401,193.1557984,69.16789008,117.7707423,161.1889663
444,2019,35.8,Freirina,100,-71.09167352,-28.5002476,83,1.71353711,261.8698976,0.875,0.625,3,8,0.54146343,0.674373806,0.252446592,0.597686892,0.704715729,0.292480797,0.056223462,0.030341923,0.040034205,1091.282333,894.2469481,427.5536891,935.9423401,738.9069547,756.531781,608.9959915,298.3907931,647.488399,499.9526094,378.0799698,296.2268556,153.0506195,325.33845,243.4853357,1671.082273,1601.914383,617.9506434,1503.285915,1434.118025,1916.422201,1798.651458,708.9971398,1707.959706,1590.188963,2208.224533,2047.035567,832.3239363,1951.758613,1790.569647,291.5560415,318.1922053,360.6088338,203.5360886,235.7814944,278.5593042,122.8585134,155.0234401,193.1557984,69.16789008,117.7707423,161.1889663
445,2019,17.8,Freirina,100,-71.09155152,-28.50027655,82,3.15734881,212.4711923,1.25,0.25,4,4,0.572755405,0.695755899,0.267525136,0.590595851,0.705345511,0.292687833,0.017840446,0.009589612,0.025162697,1091.282333,894.2469481,427.5536891,935.9423401,738.9069547,756.531781,608.9959915,298.3907931,647.488399,499.9526094,378.0799698,296.2268556,153.0506195,325.33845,243.4853357,1671.082273,1601.914383,617.9506434,1503.285915,1434.118025,1916.422201,1798.651458,708.9971398,1707.959706,1590.188963,2208.224533,2047.035567,832.3239363,1951.758613,1790.569647,291.5560415,318.1922053,360.6088338,203.5360886,235.7814944,278.5593042,122.8585134,155.0234401,193.1557984,69.16789008,117.7707423,161.1889663
446,2019,71.7,Freirina,100,-71.09152968,-28.5002047,83,1.71353711,261.8698976,0.875,0.625,3,8,0.589359927,0.703340769,0.287199557,0.580181546,0.695616901,0.301020414,-0.009178381,-0.007723868,0.013820857,1091.282333,894.2469481,427.5536891,935.9423401,738.9069547,756.531781,608.9959915,298.3907931,647.488399,499.9526094,378.0799698,296.2268556,153.0506195,325.33845,243.4853357,1671.082273,1601.914383,617.9506434,1503.285915,1434.118025,1916.422201,1798.651458,708.9971398,1707.959706,1590.188963,2208.224533,2047.035567,832.3239363,1951.758613,1790.569647,291.5560415,318.1922053,360.6088338,203.5360886,235.7814944,278.5593042,122.8585134,155.0234401,193.1557984,69.16789008,117.7707423,161.1889663
447,2019,32.9,Freirina,100,-71.09149744,-28.50012398,83,1.71353711,261.8698976,0.875,0.625,3,8,0.57306226,0.683590233,0.275709808,0.554281346,0.673251033,0.285582989,-0.018780914,-0.0103392,0.009873182,1091.282333,894.2469481,427.5536891,935.9423401,738.9069547,756.531781,608.9959915,298.3907931,647.488399,499.9526094,378.0799698,296.2268556,153.0506195,325.33845,243.4853357,1671.082273,1601.914383,617.9506434,1503.285915,1434.118025,1916.422201,1798.651458,708.9971398,1707.959706,1590.188963,2208.224533,2047.035567,832.3239363,1951.758613,1790.569647,291.5560415,318.1922053,360.6088338,203.5360886,235.7814944,278.5593042,122.8585134,155.0234401,193.1557984,69.16789008,117.7707423,161.1889663
449,2019,49.3,Freirina,100,-71.09141219,-28.49994483,83,1.845447935,293.1985905,0.75,-0.25,2,16,0.573656865,0.691662848,0.271756977,0.553239024,0.680225551,0.2900078,-0.020417841,-0.011437297,0.018250823,1091.282333,894.2469481,427.5536891,935.9423401,738.9069547,756.531781,608.9959915,298.3907931,647.488399,499.9526094,378.0799698,296.2268556,153.0506195,325.33845,243.4853357,1671.082273,1601.914383,617.9506434,1503.285915,1434.118025,1916.422201,1798.651458,708.9971398,1707.959706,1590.188963,2208.224533,2047.035567,832.3239363,1951.758613,1790.569647,291.5560415,318.1922053,360.6088338,203.5360886,235.7814944,278.5593042,122.8585134,155.0234401,193.1557984,69.16789008,117.7707423,161.1889663
450,2019,95.1,Freirina,100,-71.09136974,-28.49986427,83,1.845447935,293.1985905,0.75,-0.25,2,16,0.561373375,0.689735234,0.267667115,0.541619997,0.667339504,0.283435345,-0.019753378,-0.02239573,0.01576823,1091.282333,894.2469481,427.5536891,935.9423401,738.9069547,756.531781,608.9959915,298.3907931,647.488399,499.9526094,378.0799698,296.2268556,153.0506195,325.33845,243.4853357,1671.082273,1601.914383,617.9506434,1503.285915,1434.118025,1916.422201,1798.651458,708.9971398,1707.959706,1590.188963,2208.224533,2047.035567,832.3239363,1951.758613,1790.569647,291.5560415,318.1922053,360.6088338,203.5360886,235.7814944,278.5593042,122.8585134,155.0234401,193.1557984,69.16789008,117.7707423,161.1889663
451,2019,73.5,Freirina,100,-71.09132748,-28.49979274,83,1.845447935,293.1985905,0.75,-0.25,2,16,0.563227976,0.67917788,0.274311185,0.549549569,0.680781782,0.286534458,-0.013678407,0.001603901,0.012223274,1091.282333,894.2469481,427.5536891,935.9423401,738.9069547,756.531781,608.9959915,298.3907931,647.488399,499.9526094,378.0799698,296.2268556,153.0506195,325.33845,243.4853357,1671.082273,1601.914383,617.9506434,1503.285915,1434.118025,1916.422201,1798.651458,708.9971398,1707.959706,1590.188963,2208.224533,2047.035567,832.3239363,1951.758613,1790.569647,291.5560415,318.1922053,360.6088338,203.5360886,235.7814944,278.5593042,122.8585134,155.0234401,193.1557984,69.16789008,117.7707423,161.1889663
452,2019,130.7,Freirina,100,-71.09128485,-28.49970316,83,2.740385528,315,1.25,0.75,4,32,0.564474817,0.69944346,0.270089895,0.571483924,0.687188029,0.291848034,0.007009107,-0.01225543,0.021758139,1091.282333,894.2469481,427.5536891,935.9423401,738.9069547,756.531781,608.9959915,298.3907931,647.488399,499.9526094,378.0799698,296.2268556,153.0506195,325.33845,243.4853357,1671.082273,1601.914383,617.9506434,1503.285915,1434.118025,1916.422201,1798.651458,708.9971398,1707.959706,1590.188963,2208.224533,2047.035567,832.3239363,1951.758613,1790.569647,291.5560415,318.1922053,360.6088338,203.5360886,235.7814944,278.5593042,122.8585134,155.0234401,193.1557984,69.16789008,117.7707423,161.1889663
453,2019,134.1,Freirina,100,-71.09124223,-28.49961358,83,2.740385528,315,1.25,0.75,4,32,0.572506296,0.69237709,0.277416736,0.558604469,0.678345263,0.283075094,-0.013901827,-0.014031827,0.005658358,1091.282333,894.2469481,427.5536891,935.9423401,738.9069547,756.531781,608.9959915,298.3907931,647.488399,499.9526094,378.0799698,296.2268556,153.0506195,325.33845,243.4853357,1671.082273,1601.914383,617.9506434,1503.285915,1434.118025,1916.422201,1798.651458,708.9971398,1707.959706,1590.188963,2208.224533,2047.035567,832.3239363,1951.758613,1790.569647,291.5560415,318.1922053,360.6088338,203.5360886,235.7814944,278.5593042,122.8585134,155.0234401,193.1557984,69.16789008,117.7707423,161.1889663
454,2019,86.1,Freirina,100,-71.09120999,-28.49953287,83,2.740385528,315,1.25,0.75,4,32,0.545184564,0.675253034,0.261995375,0.518434903,0.654098392,0.269913822,-0.026749661,-0.021154642,0.007918447,1091.282333,894.2469481,427.5536891,935.9423401,738.9069547,756.531781,608.9959915,298.3907931,647.488399,499.9526094,378.0799698,296.2268556,153.0506195,325.33845,243.4853357,1671.082273,1601.914383,617.9506434,1503.285915,1434.118025,1916.422201,1798.651458,708.9971398,1707.959706,1590.188963,2208.224533,2047.035567,832.3239363,1951.758613,1790.569647,291.5560415,318.1922053,360.6088338,203.5360886,235.7814944,278.5593042,122.8585134,155.0234401,193.1557984,69.16789008,117.7707423,161.1889663
455,2019,84.4,Freirina,100,-71.09116755,-28.49945231,81,2.084309673,324.4623222,1.125,-0.875,4,16,0.494496167,0.654170573,0.237978801,0.447115399,0.596212149,0.246840253,-0.047380768,-0.057958424,0.008861452,1091.282333,894.2469481,427.5536891,935.9423401,738.9069547,756.531781,608.9959915,298.3907931,647.488399,499.9526094,378.0799698,296.2268556,153.0506195,325.33845,243.4853357,1671.082273,1601.914383,617.9506434,1503.285915,1434.118025,1916.422201,1798.651458,708.9971398,1707.959706,1590.188963,2208.224533,2047.035567,832.3239363,1951.758613,1790.569647,291.5560415,318.1922053,360.6088338,203.5360886,235.7814944,278.5593042,122.8585134,155.0234401,193.1557984,69.16789008,117.7707423,161.1889663
456,2019,97.6,Freirina,100,-71.09107618,-28.49948079,84,1.71353711,315,1,1,3,32,0.50984332,0.651142418,0.254172802,0.490671031,0.628755391,0.279143393,-0.019172289,-0.022387028,0.024970591,1091.282333,894.2469481,427.5536891,935.9423401,738.9069547,756.531781,608.9959915,298.3907931,647.488399,499.9526094,378.0799698,296.2268556,153.0506195,325.33845,243.4853357,1671.082273,1601.914383,617.9506434,1503.285915,1434.118025,1916.422201,1798.651458,708.9971398,1707.959706,1590.188963,2208.224533,2047.035567,832.3239363,1951.758613,1790.569647,291.5560415,318.1922053,360.6088338,203.5360886,235.7814944,278.5593042,122.8585134,155.0234401,193.1557984,69.16789008,117.7707423,161.1889663
457,2019,95.8,Freirina,100,-71.09111845,-28.49955232,84,1.71353711,315,1,1,3,32,0.56572868,0.683830202,0.273743391,0.479509637,0.634042561,0.261425853,-0.086219043,-0.049787641,-0.012317538,1091.282333,894.2469481,427.5536891,935.9423401,738.9069547,756.531781,608.9959915,298.3907931,647.488399,499.9526094,378.0799698,296.2268556,153.0506195,325.33845,243.4853357,1671.082273,1601.914383,617.9506434,1503.285915,1434.118025,1916.422201,1798.651458,708.9971398,1707.959706,1590.188963,2208.224533,2047.035567,832.3239363,1951.758613,1790.569647,291.5560415,318.1922053,360.6088338,203.5360886,235.7814944,278.5593042,122.8585134,155.0234401,193.1557984,69.16789008,117.7707423,161.1889663
458,2019,113.6,Freirina,100,-71.09116107,-28.4996419,84,1.71353711,315,1,1,3,32,0.579746819,0.701044977,0.279647201,0.544117642,0.672640383,0.287564754,-0.035629177,-0.028404593,0.007917553,1091.282333,894.2469481,427.5536891,935.9423401,738.9069547,756.531781,608.9959915,298.3907931,647.488399,499.9526094,378.0799698,296.2268556,153.0506195,325.33845,243.4853357,1671.082273,1601.914383,617.9506434,1503.285915,1434.118025,1916.422201,1798.651458,708.9971398,1707.959706,1590.188963,2208.224533,2047.035567,832.3239363,1951.758613,1790.569647,291.5560415,318.1922053,360.6088338,203.5360886,235.7814944,278.5593042,122.8585134,155.0234401,193.1557984,69.16789008,117.7707423,161.1889663
459,2019,103.6,Freirina,100,-71.09119348,-28.49973164,83,2.740385528,315,1.25,0.75,4,32,0.564474817,0.69944346,0.270089895,0.571483924,0.687188029,0.291848034,0.007009107,-0.01225543,0.021758139,1091.282333,894.2469481,427.5536891,935.9423401,738.9069547,756.531781,608.9959915,298.3907931,647.488399,499.9526094,378.0799698,296.2268556,153.0506195,325.33845,243.4853357,1671.082273,1601.914383,617.9506434,1503.285915,1434.118025,1916.422201,1798.651458,708.9971398,1707.959706,1590.188963,2208.224533,2047.035567,832.3239363,1951.758613,1790.569647,291.5560415,318.1922053,360.6088338,203.5360886,235.7814944,278.5593042,122.8585134,155.0234401,193.1557984,69.16789008,117.7707423,161.1889663
460,2019,48,Freirina,100,-71.09123593,-28.49981219,83,1.845447935,293.1985905,0.75,-0.25,2,16,0.561181432,0.695692062,0.270691991,0.536490672,0.670042217,0.273627251,-0.02469076,-0.025649846,0.002935261,1091.282333,894.2469481,427.5536891,935.9423401,738.9069547,756.531781,608.9959915,298.3907931,647.488399,499.9526094,378.0799698,296.2268556,153.0506195,325.33845,243.4853357,1671.082273,1601.914383,617.9506434,1503.285915,1434.118025,1916.422201,1798.651458,708.9971398,1707.959706,1590.188963,2208.224533,2047.035567,832.3239363,1951.758613,1790.569647,291.5560415,318.1922053,360.6088338,203.5360886,235.7814944,278.5593042,122.8585134,155.0234401,193.1557984,69.16789008,117.7707423,161.1889663
461,2019,98.4,Freirina,100,-71.09127838,-28.49989275,83,1.845447935,293.1985905,0.75,-0.25,2,16,0.56491831,0.68909514,0.269041777,0.537414966,0.669950724,0.278969407,-0.027503344,-0.019144416,0.00992763,1091.282333,894.2469481,427.5536891,935.9423401,738.9069547,756.531781,608.9959915,298.3907931,647.488399,499.9526094,378.0799698,296.2268556,153.0506195,325.33845,243.4853357,1671.082273,1601.914383,617.9506434,1503.285915,1434.118025,1916.422201,1798.651458,708.9971398,1707.959706,1590.188963,2208.224533,2047.035567,832.3239363,1951.758613,1790.569647,291.5560415,318.1922053,360.6088338,203.5360886,235.7814944,278.5593042,122.8585134,155.0234401,193.1557984,69.16789008,117.7707423,161.1889663
462,2019,68.5,Freirina,100,-71.091321,-28.49998233,83,1.845447935,293.1985905,0.75,-0.25,2,16,0.562711866,0.685557663,0.270652175,0.545182979,0.676661253,0.285230517,-0.017528887,-0.00889641,0.014578342,1091.282333,894.2469481,427.5536891,935.9423401,738.9069547,756.531781,608.9959915,298.3907931,647.488399,499.9526094,378.0799698,296.2268556,153.0506195,325.33845,243.4853357,1671.082273,1601.914383,617.9506434,1503.285915,1434.118025,1916.422201,1798.651458,708.9971398,1707.959706,1590.188963,2208.224533,2047.035567,832.3239363,1951.758613,1790.569647,291.5560415,318.1922053,360.6088338,203.5360886,235.7814944,278.5593042,122.8585134,155.0234401,193.1557984,69.16789008,117.7707423,161.1889663
463,2019,110.5,Freirina,100,-71.09135306,-28.50005402,84,1.083929915,243.4349488,1.125,1.125,2,32,0.552470395,0.649457693,0.272452682,0.516978256,0.667785287,0.266697288,-0.035492139,0.018327594,-0.005755395,1091.282333,894.2469481,427.5536891,935.9423401,738.9069547,756.531781,608.9959915,298.3907931,647.488399,499.9526094,378.0799698,296.2268556,153.0506195,325.33845,243.4853357,1671.082273,1601.914383,617.9506434,1503.285915,1434.118025,1916.422201,1798.651458,708.9971398,1707.959706,1590.188963,2208.224533,2047.035567,832.3239363,1951.758613,1790.569647,291.5560415,318.1922053,360.6088338,203.5360886,235.7814944,278.5593042,122.8585134,155.0234401,193.1557984,69.16789008,117.7707423,161.1889663
464,2019,77,Freirina,100,-71.0913955,-28.50013458,84,1.083929915,243.4349488,1.125,1.125,2,32,0.552276557,0.663053334,0.26654911,0.464856231,0.608066618,0.23267591,-0.087420326,-0.054986715,-0.0338732,1091.282333,894.2469481,427.5536891,935.9423401,738.9069547,756.531781,608.9959915,298.3907931,647.488399,499.9526094,378.0799698,296.2268556,153.0506195,325.33845,243.4853357,1671.082273,1601.914383,617.9506434,1503.285915,1434.118025,1916.422201,1798.651458,708.9971398,1707.959706,1590.188963,2208.224533,2047.035567,832.3239363,1951.758613,1790.569647,291.5560415,318.1922053,360.6088338,203.5360886,235.7814944,278.5593042,122.8585134,155.0234401,193.1557984,69.16789008,117.7707423,161.1889663
465,2019,76,Freirina,100,-71.09142774,-28.50021529,84,1.083929915,243.4349488,1.125,1.125,2,32,0.581533239,0.700364292,0.279785365,0.550604227,0.666396141,0.285957128,-0.030929012,-0.033968151,0.006171763,1091.282333,894.2469481,427.5536891,935.9423401,738.9069547,756.531781,608.9959915,298.3907931,647.488399,499.9526094,378.0799698,296.2268556,153.0506195,325.33845,243.4853357,1671.082273,1601.914383,617.9506434,1503.285915,1434.118025,1916.422201,1798.651458,708.9971398,1707.959706,1590.188963,2208.224533,2047.035567,832.3239363,1951.758613,1790.569647,291.5560415,318.1922053,360.6088338,203.5360886,235.7814944,278.5593042,122.8585134,155.0234401,193.1557984,69.16789008,117.7707423,161.1889663
466,2019,74.4,Freirina,100,-71.09128425,-28.50019043,84,1.083929915,243.4349488,1.125,1.125,2,32,0.466900477,0.602490485,0.219406679,0.473272466,0.628242075,0.223736465,0.006371989,0.025751591,0.004329786,1091.282333,894.2469481,427.5536891,935.9423401,738.9069547,756.531781,608.9959915,298.3907931,647.488399,499.9526094,378.0799698,296.2268556,153.0506195,325.33845,243.4853357,1671.082273,1601.914383,617.9506434,1503.285915,1434.118025,1916.422201,1798.651458,708.9971398,1707.959706,1590.188963,2208.224533,2047.035567,832.3239363,1951.758613,1790.569647,291.5560415,318.1922053,360.6088338,203.5360886,235.7814944,278.5593042,122.8585134,155.0234401,193.1557984,69.16789008,117.7707423,161.1889663
467,2019,33.4,Freirina,100,-71.09125183,-28.50010069,84,1.083929915,243.4349488,1.125,1.125,2,32,0.508225102,0.66858238,0.240902871,0.489441949,0.649269342,0.254443288,-0.018783153,-0.019313037,0.013540417,1091.282333,894.2469481,427.5536891,935.9423401,738.9069547,756.531781,608.9959915,298.3907931,647.488399,499.9526094,378.0799698,296.2268556,153.0506195,325.33845,243.4853357,1671.082273,1601.914383,617.9506434,1503.285915,1434.118025,1916.422201,1798.651458,708.9971398,1707.959706,1590.188963,2208.224533,2047.035567,832.3239363,1951.758613,1790.569647,291.5560415,318.1922053,360.6088338,203.5360886,235.7814944,278.5593042,122.8585134,155.0234401,193.1557984,69.16789008,117.7707423,161.1889663
468,2019,60.7,Freirina,100,-71.09121942,-28.50001096,84,1.083929915,243.4349488,1.125,1.125,2,32,0.548951046,0.676442802,0.258507133,0.531757743,0.658536613,0.280228317,-0.017193303,-0.017906189,0.021721184,1091.282333,894.2469481,427.5536891,935.9423401,738.9069547,756.531781,608.9959915,298.3907931,647.488399,499.9526094,378.0799698,296.2268556,153.0506195,325.33845,243.4853357,1671.082273,1601.914383,617.9506434,1503.285915,1434.118025,1916.422201,1798.651458,708.9971398,1707.959706,1590.188963,2208.224533,2047.035567,832.3239363,1951.758613,1790.569647,291.5560415,318.1922053,360.6088338,203.5360886,235.7814944,278.5593042,122.8585134,155.0234401,193.1557984,69.16789008,117.7707423,161.1889663
471,2019,123.4,Freirina,100,-71.09110194,-28.49975109,84,7.11E-15,243.4349488,0.5,0.5,1,1,0.578678034,0.702851951,0.277127296,0.549870241,0.671331465,0.289008707,-0.028807793,-0.031520486,0.011881411,1091.282333,894.2469481,427.5536891,935.9423401,738.9069547,756.531781,608.9959915,298.3907931,647.488399,499.9526094,378.0799698,296.2268556,153.0506195,325.33845,243.4853357,1671.082273,1601.914383,617.9506434,1503.285915,1434.118025,1916.422201,1798.651458,708.9971398,1707.959706,1590.188963,2208.224533,2047.035567,832.3239363,1951.758613,1790.569647,291.5560415,318.1922053,360.6088338,203.5360886,235.7814944,278.5593042,122.8585134,155.0234401,193.1557984,69.16789008,117.7707423,161.1889663
472,2019,65,Freirina,100,-71.09106988,-28.4996794,84,1.71353711,315,1,1,3,32,0.58664048,0.70379746,0.296819091,0.474576275,0.622377634,0.257405519,-0.112064205,-0.081419826,-0.039413571,1091.282333,894.2469481,427.5536891,935.9423401,738.9069547,756.531781,608.9959915,298.3907931,647.488399,499.9526094,378.0799698,296.2268556,153.0506195,325.33845,243.4853357,1671.082273,1601.914383,617.9506434,1503.285915,1434.118025,1916.422201,1798.651458,708.9971398,1707.959706,1590.188963,2208.224533,2047.035567,832.3239363,1951.758613,1790.569647,291.5560415,318.1922053,360.6088338,203.5360886,235.7814944,278.5593042,122.8585134,155.0234401,193.1557984,69.16789008,117.7707423,161.1889663
473,2019,144.2,Freirina,100,-71.09095756,-28.49968113,84,1.71353711,315,1,1,3,32,0.533901738,0.658472359,0.264303893,0.511756562,0.630734801,0.281297505,-0.022145176,-0.027737558,0.016993612,1091.282333,894.2469481,427.5536891,935.9423401,738.9069547,756.531781,608.9959915,298.3907931,647.488399,499.9526094,378.0799698,296.2268556,153.0506195,325.33845,243.4853357,1671.082273,1601.914383,617.9506434,1503.285915,1434.118025,1916.422201,1798.651458,708.9971398,1707.959706,1590.188963,2208.224533,2047.035567,832.3239363,1951.758613,1790.569647,291.5560415,318.1922053,360.6088338,203.5360886,235.7814944,278.5593042,122.8585134,155.0234401,193.1557984,69.16789008,117.7707423,161.1889663
477,2019,40,Freirina,100,-71.09110727,-28.50002171,84,1.747450997,146.3099325,1.125,1.125,3,2,0.562472209,0.68375659,0.261760235,0.536744908,0.669732451,0.275365174,-0.025727301,-0.014024138,0.013604939,1091.282333,894.2469481,427.5536891,935.9423401,738.9069547,756.531781,608.9959915,298.3907931,647.488399,499.9526094,378.0799698,296.2268556,153.0506195,325.33845,243.4853357,1671.082273,1601.914383,617.9506434,1503.285915,1434.118025,1916.422201,1798.651458,708.9971398,1707.959706,1590.188963,2208.224533,2047.035567,832.3239363,1951.758613,1790.569647,291.5560415,318.1922053,360.6088338,203.5360886,235.7814944,278.5593042,122.8585134,155.0234401,193.1557984,69.16789008,117.7707423,161.1889663
478,2019,93.8,Freirina,100,-71.09113951,-28.50010242,84,1.747450997,146.3099325,1.125,1.125,3,2,0.514001808,0.645557225,0.236623242,0.510590011,0.663473547,0.264913648,-0.003411797,0.017916322,0.028290406,1091.282333,894.2469481,427.5536891,935.9423401,738.9069547,756.531781,608.9959915,298.3907931,647.488399,499.9526094,378.0799698,296.2268556,153.0506195,325.33845,243.4853357,1671.082273,1601.914383,617.9506434,1503.285915,1434.118025,1916.422201,1798.651458,708.9971398,1707.959706,1590.188963,2208.224533,2047.035567,832.3239363,1951.758613,1790.569647,291.5560415,318.1922053,360.6088338,203.5360886,235.7814944,278.5593042,122.8585134,155.0234401,193.1557984,69.16789008,117.7707423,161.1889663
479,2019,67.2,Freirina,100,-71.09119235,-28.50019184,84,1.083929915,243.4349488,1.125,1.125,2,32,0.417011494,0.572449028,0.189616725,0.545384631,0.674166679,0.279868424,0.128373137,0.101717651,0.090251699,1091.282333,894.2469481,427.5536891,935.9423401,738.9069547,756.531781,608.9959915,298.3907931,647.488399,499.9526094,378.0799698,296.2268556,153.0506195,325.33845,243.4853357,1671.082273,1601.914383,617.9506434,1503.285915,1434.118025,1916.422201,1798.651458,708.9971398,1707.959706,1590.188963,2208.224533,2047.035567,832.3239363,1951.758613,1790.569647,291.5560415,318.1922053,360.6088338,203.5360886,235.7814944,278.5593042,122.8585134,155.0234401,193.1557984,69.16789008,117.7707423,161.1889663
484,2019,90.3,Freirina,100,-71.09088839,-28.49979949,84,7.11E-15,243.4349488,0.5,0.5,1,1,0.534761714,0.682646275,0.251749694,0.475150574,0.624378145,0.247257039,-0.05961114,-0.05826813,-0.004492655,1091.282333,894.2469481,427.5536891,935.9423401,738.9069547,756.531781,608.9959915,298.3907931,647.488399,499.9526094,378.0799698,296.2268556,153.0506195,325.33845,243.4853357,1671.082273,1601.914383,617.9506434,1503.285915,1434.118025,1916.422201,1798.651458,708.9971398,1707.959706,1590.188963,2208.224533,2047.035567,832.3239363,1951.758613,1790.569647,291.5560415,318.1922053,360.6088338,203.5360886,235.7814944,278.5593042,122.8585134,155.0234401,193.1557984,69.16789008,117.7707423,161.1889663
485,2019,86.2,Freirina,100,-71.09081869,-28.4998908,83,7.11E-15,243.4349488,0.5,0.5,1,1,0.552688166,0.675951779,0.263139933,0.50769232,0.641752541,0.256204396,-0.044995846,-0.034199238,-0.006935537,1091.282333,894.2469481,427.5536891,935.9423401,738.9069547,756.531781,608.9959915,298.3907931,647.488399,499.9526094,378.0799698,296.2268556,153.0506195,325.33845,243.4853357,1671.082273,1601.914383,617.9506434,1503.285915,1434.118025,1916.422201,1798.651458,708.9971398,1707.959706,1590.188963,2208.224533,2047.035567,832.3239363,1951.758613,1790.569647,291.5560415,318.1922053,360.6088338,203.5360886,235.7814944,278.5593042,122.8585134,155.0234401,193.1557984,69.16789008,117.7707423,161.1889663
486,2019,127.5,Freirina,100,-71.0908717,-28.49998924,84,7.11E-15,243.4349488,0.5,0.5,1,1,0.552410451,0.677018642,0.258022308,0.550345895,0.669011235,0.282557219,-0.002064556,-0.008007407,0.024534911,1091.282333,894.2469481,427.5536891,935.9423401,738.9069547,756.531781,608.9959915,298.3907931,647.488399,499.9526094,378.0799698,296.2268556,153.0506195,325.33845,243.4853357,1671.082273,1601.914383,617.9506434,1503.285915,1434.118025,1916.422201,1798.651458,708.9971398,1707.959706,1590.188963,2208.224533,2047.035567,832.3239363,1951.758613,1790.569647,291.5560415,318.1922053,360.6088338,203.5360886,235.7814944,278.5593042,122.8585134,155.0234401,193.1557984,69.16789008,117.7707423,161.1889663
490,2019,78.8,Freirina,100,-71.09075973,-28.50000901,83,1.747450997,146.3099325,1.125,1.125,3,2,0.551784147,0.662470877,0.260619342,0.556495001,0.670792043,0.285714298,0.004710854,0.008321166,0.025094956,1091.282333,894.2469481,427.5536891,935.9423401,738.9069547,756.531781,608.9959915,298.3907931,647.488399,499.9526094,378.0799698,296.2268556,153.0506195,325.33845,243.4853357,1671.082273,1601.914383,617.9506434,1503.285915,1434.118025,1916.422201,1798.651458,708.9971398,1707.959706,1590.188963,2208.224533,2047.035567,832.3239363,1951.758613,1790.569647,291.5560415,318.1922053,360.6088338,203.5360886,235.7814944,278.5593042,122.8585134,155.0234401,193.1557984,69.16789008,117.7707423,161.1889663
491,2019,149.9,Freirina,100,-71.09072732,-28.49991928,83,0.766499914,108.4349488,0.25,0,2,2,0.55881154,0.680561662,0.276183426,0.540211841,0.674914658,0.27361241,-0.018599699,-0.005647004,-0.002571017,1091.282333,894.2469481,427.5536891,935.9423401,738.9069547,756.531781,608.9959915,298.3907931,647.488399,499.9526094,378.0799698,296.2268556,153.0506195,325.33845,243.4853357,1671.082273,1601.914383,617.9506434,1503.285915,1434.118025,1916.422201,1798.651458,708.9971398,1707.959706,1590.188963,2208.224533,2047.035567,832.3239363,1951.758613,1790.569647,291.5560415,318.1922053,360.6088338,203.5360886,235.7814944,278.5593042,122.8585134,155.0234401,193.1557984,69.16789008,117.7707423,161.1889663
492,2019,102.4,Freirina,100,-71.09066819,-28.50002847,83,0.766499914,108.4349488,0.25,0,2,2,0.515098463,0.651717544,0.242347285,0.58000001,0.694369972,0.28216216,0.064901547,0.042652428,0.039814875,1091.282333,894.2469481,427.5536891,935.9423401,738.9069547,756.531781,608.9959915,298.3907931,647.488399,499.9526094,378.0799698,296.2268556,153.0506195,325.33845,243.4853357,1671.082273,1601.914383,617.9506434,1503.285915,1434.118025,1916.422201,1798.651458,708.9971398,1707.959706,1590.188963,2208.224533,2047.035567,832.3239363,1951.758613,1790.569647,291.5560415,318.1922053,360.6088338,203.5360886,235.7814944,278.5593042,122.8585134,155.0234401,193.1557984,69.16789008,117.7707423,161.1889663
494,2019,184.4,Freirina,100,-71.09222981,-28.49996833,82,1.235826027,348.6900675,0.5,0.25,3,32,0.492106451,0.635195255,0.226756275,0.531345563,0.67265135,0.273765743,0.039239112,0.037456095,0.047009468,1091.282333,894.2469481,427.5536891,935.9423401,738.9069547,756.531781,608.9959915,298.3907931,647.488399,499.9526094,378.0799698,296.2268556,153.0506195,325.33845,243.4853357,1671.082273,1601.914383,617.9506434,1503.285915,1434.118025,1916.422201,1798.651458,708.9971398,1707.959706,1590.188963,2208.224533,2047.035567,832.3239363,1951.758613,1790.569647,291.5560415,318.1922053,360.6088338,203.5360886,235.7814944,278.5593042,122.8585134,155.0234401,193.1557984,69.16789008,117.7707423,161.1889663
495,2019,39.9,Freirina,100,-71.09219722,-28.49986958,82,1.235826027,348.6900675,0.5,0.25,3,32,0.489626543,0.64302063,0.238866389,0.47192263,0.625461996,0.24756144,-0.017703913,-0.017558634,0.008695051,1091.282333,894.2469481,427.5536891,935.9423401,738.9069547,756.531781,608.9959915,298.3907931,647.488399,499.9526094,378.0799698,296.2268556,153.0506195,325.33845,243.4853357,1671.082273,1601.914383,617.9506434,1503.285915,1434.118025,1916.422201,1798.651458,708.9971398,1707.959706,1590.188963,2208.224533,2047.035567,832.3239363,1951.758613,1790.569647,291.5560415,318.1922053,360.6088338,203.5360886,235.7814944,278.5593042,122.8585134,155.0234401,193.1557984,69.16789008,117.7707423,161.1889663
496,2019,60.6,Freirina,100,-71.09217501,-28.49977969,82,1.235826027,348.6900675,0.5,0.25,3,32,0.51884059,0.656729937,0.253472686,0.46380499,0.636437535,0.246806026,-0.0550356,-0.020292401,-0.00666666,1091.282333,894.2469481,427.5536891,935.9423401,738.9069547,756.531781,608.9959915,298.3907931,647.488399,499.9526094,378.0799698,296.2268556,153.0506195,325.33845,243.4853357,1671.082273,1601.914383,617.9506434,1503.285915,1434.118025,1916.422201,1798.651458,708.9971398,1707.959706,1590.188963,2208.224533,2047.035567,832.3239363,1951.758613,1790.569647,291.5560415,318.1922053,360.6088338,203.5360886,235.7814944,278.5593042,122.8585134,155.0234401,193.1557984,69.16789008,117.7707423,161.1889663
497,2019,84.3,Freirina,100,-71.09213257,-28.49969913,81,1.747450997,303.6900675,0.875,-0.375,2,16,0.490987124,0.632518828,0.234106421,0.482622715,0.642715394,0.259337693,-0.008364409,0.010196567,0.025231272,1091.282333,894.2469481,427.5536891,935.9423401,738.9069547,756.531781,608.9959915,298.3907931,647.488399,499.9526094,378.0799698,296.2268556,153.0506195,325.33845,243.4853357,1671.082273,1601.914383,617.9506434,1503.285915,1434.118025,1916.422201,1798.651458,708.9971398,1707.959706,1590.188963,2208.224533,2047.035567,832.3239363,1951.758613,1790.569647,291.5560415,318.1922053,360.6088338,203.5360886,235.7814944,278.5593042,122.8585134,155.0234401,193.1557984,69.16789008,117.7707423,161.1889663
499,2019,157.7,Freirina,100,-71.09207902,-28.49957363,81,1.747450997,303.6900675,0.875,-0.375,2,16,0.497524764,0.647753119,0.243669182,0.482386795,0.652243614,0.258673877,-0.015137969,0.004490495,0.015004694,1091.282333,894.2469481,427.5536891,935.9423401,738.9069547,756.531781,608.9959915,298.3907931,647.488399,499.9526094,378.0799698,296.2268556,153.0506195,325.33845,243.4853357,1671.082273,1601.914383,617.9506434,1503.285915,1434.118025,1916.422201,1798.651458,708.9971398,1707.959706,1590.188963,2208.224533,2047.035567,832.3239363,1951.758613,1790.569647,291.5560415,318.1922053,360.6088338,203.5360886,235.7814944,278.5593042,122.8585134,155.0234401,193.1557984,69.16789008,117.7707423,161.1889663
500,2019,91.2,Freirina,100,-71.09207813,-28.49952853,81,1.747450997,303.6900675,0.875,-0.375,2,16,0.497524764,0.647753119,0.243669182,0.482386795,0.652243614,0.258673877,-0.015137969,0.004490495,0.015004694,1091.282333,894.2469481,427.5536891,935.9423401,738.9069547,756.531781,608.9959915,298.3907931,647.488399,499.9526094,378.0799698,296.2268556,153.0506195,325.33845,243.4853357,1671.082273,1601.914383,617.9506434,1503.285915,1434.118025,1916.422201,1798.651458,708.9971398,1707.959706,1590.188963,2208.224533,2047.035567,832.3239363,1951.758613,1790.569647,291.5560415,318.1922053,360.6088338,203.5360886,235.7814944,278.5593042,122.8585134,155.0234401,193.1557984,69.16789008,117.7707423,161.1889663
501,2019,79.9,Freirina,100,-71.09204554,-28.49942977,82,0.342805543,315,0.75,0.75,2,1,0.487179482,0.646347165,0.235601023,0.470416364,0.633265674,0.249676913,-0.016763118,-0.013081491,0.01407589,1091.282333,894.2469481,427.5536891,935.9423401,738.9069547,756.531781,608.9959915,298.3907931,647.488399,499.9526094,378.0799698,296.2268556,153.0506195,325.33845,243.4853357,1671.082273,1601.914383,617.9506434,1503.285915,1434.118025,1916.422201,1798.651458,708.9971398,1707.959706,1590.188963,2208.224533,2047.035567,832.3239363,1951.758613,1790.569647,291.5560415,318.1922053,360.6088338,203.5360886,235.7814944,278.5593042,122.8585134,155.0234401,193.1557984,69.16789008,117.7707423,161.1889663
502,2019,79.9,Freirina,100,-71.09203372,-28.49934874,82,0.342805543,315,0.75,0.75,2,1,0.494223385,0.639436662,0.236131951,0.43339316,0.606438637,0.232562616,-0.060830225,-0.032998025,-0.003569335,1091.282333,894.2469481,427.5536891,935.9423401,738.9069547,756.531781,608.9959915,298.3907931,647.488399,499.9526094,378.0799698,296.2268556,153.0506195,325.33845,243.4853357,1671.082273,1601.914383,617.9506434,1503.285915,1434.118025,1916.422201,1798.651458,708.9971398,1707.959706,1590.188963,2208.224533,2047.035567,832.3239363,1951.758613,1790.569647,291.5560415,318.1922053,360.6088338,203.5360886,235.7814944,278.5593042,122.8585134,155.0234401,193.1557984,69.16789008,117.7707423,161.1889663
504,2019,99.8,Freirina,100,-71.09196836,-28.49914221,82,0.342805543,315,0.75,0.75,2,1,0.448556333,0.608852804,0.221812576,0.329733384,0.534865618,0.184038684,-0.118822949,-0.073987186,-0.037773892,1091.282333,894.2469481,427.5536891,935.9423401,738.9069547,756.531781,608.9959915,298.3907931,647.488399,499.9526094,378.0799698,296.2268556,153.0506195,325.33845,243.4853357,1671.082273,1601.914383,617.9506434,1503.285915,1434.118025,1916.422201,1798.651458,708.9971398,1707.959706,1590.188963,2208.224533,2047.035567,832.3239363,1951.758613,1790.569647,291.5560415,318.1922053,360.6088338,203.5360886,235.7814944,278.5593042,122.8585134,155.0234401,193.1557984,69.16789008,117.7707423,161.1889663
1,2018,14.1,Freirina,100,-71.09367049,-28.49999126,81,2.298403281,288.4349488,2,2,4,16,0.517025437,0.874274671,0.262276649,0.56947444,0.782502055,0.305091292,0.052449003,-0.091772616,0.042814642,1541.37955,1148.205723,633.1304417,1338.333257,945.15943,1197.231373,857.5608971,501.9279267,1041.291206,701.62073,785.700824,520.0530339,347.4695274,696.9791513,431.3313611,1298.809517,1361.169912,425.9836431,1246.639122,1308.999517,1517.619419,1567.708664,475.0687774,1414.158792,1464.248037,1748.212957,1786.409573,537.9188866,1597.957332,1636.153948,298.3651913,325.8500722,357.8977798,166.1902921,184.5054493,211.6180032,-38.57184028,-35.28674408,-31.59689647,-62.36039489,-50.08924462,-38.19661619
2,2018,61,Freirina,100,-71.0937133,-28.50008985,81,2.298403281,288.4349488,2,2,4,16,0.574306343,0.890460968,0.29701218,0.594343149,0.794721425,0.31163004,0.020036806,-0.095739543,0.01461786,1541.37955,1148.205723,633.1304417,1338.333257,945.15943,1197.231373,857.5608971,501.9279267,1041.291206,701.62073,785.700824,520.0530339,347.4695274,696.9791513,431.3313611,1298.809517,1361.169912,425.9836431,1246.639122,1308.999517,1517.619419,1567.708664,475.0687774,1414.158792,1464.248037,1748.212957,1786.409573,537.9188866,1597.957332,1636.153948,298.3651913,325.8500722,357.8977798,166.1902921,184.5054493,211.6180032,-38.57184028,-35.28674408,-31.59689647,-62.36039489,-50.08924462,-38.19661619
3,2018,57.8,Freirina,100,-71.09372529,-28.5001799,81,2.298403281,288.4349488,2,2,4,16,0.572838543,0.899856925,0.288928717,0.581342435,0.811468303,0.301099896,0.008503892,-0.088388622,0.012171179,1541.37955,1148.205723,633.1304417,1338.333257,945.15943,1197.231373,857.5608971,501.9279267,1041.291206,701.62073,785.700824,520.0530339,347.4695274,696.9791513,431.3313611,1298.809517,1361.169912,425.9836431,1246.639122,1308.999517,1517.619419,1567.708664,475.0687774,1414.158792,1464.248037,1748.212957,1786.409573,537.9188866,1597.957332,1636.153948,298.3651913,325.8500722,357.8977798,166.1902921,184.5054493,211.6180032,-38.57184028,-35.28674408,-31.59689647,-62.36039489,-50.08924462,-38.19661619
4,2018,60,Freirina,100,-71.09375735,-28.5002516,80,1.71353711,261.8698976,0.75,0.5,3,16,0.58166411,0.910656154,0.298183262,0.57667549,0.787124515,0.298979193,-0.00498862,-0.12353164,0.000795931,1541.37955,1148.205723,633.1304417,1338.333257,945.15943,1197.231373,857.5608971,501.9279267,1041.291206,701.62073,785.700824,520.0530339,347.4695274,696.9791513,431.3313611,1298.809517,1361.169912,425.9836431,1246.639122,1308.999517,1517.619419,1567.708664,475.0687774,1414.158792,1464.248037,1748.212957,1786.409573,537.9188866,1597.957332,1636.153948,298.3651913,325.8500722,357.8977798,166.1902921,184.5054493,211.6180032,-38.57184028,-35.28674408,-31.59689647,-62.36039489,-50.08924462,-38.19661619
5,2018,61.4,Freirina,100,-71.09378959,-28.50033231,80,1.71353711,261.8698976,0.75,0.5,3,16,0.559683796,0.911821723,0.28207171,0.593866874,0.800591469,0.310398757,0.034183078,-0.111230254,0.028327048,1541.37955,1148.205723,633.1304417,1338.333257,945.15943,1197.231373,857.5608971,501.9279267,1041.291206,701.62073,785.700824,520.0530339,347.4695274,696.9791513,431.3313611,1298.809517,1361.169912,425.9836431,1246.639122,1308.999517,1517.619419,1567.708664,475.0687774,1414.158792,1464.248037,1748.212957,1786.409573,537.9188866,1597.957332,1636.153948,298.3651913,325.8500722,357.8977798,166.1902921,184.5054493,211.6180032,-38.57184028,-35.28674408,-31.59689647,-62.36039489,-50.08924462,-38.19661619
6,2018,19.68,Freirina,100,-71.09382218,-28.50043106,80,1.71353711,261.8698976,0.75,0.5,3,16,0.534830614,0.858064532,0.276320964,0.56919802,0.76880002,0.307751358,0.034367406,-0.089264512,0.031430393,1541.37955,1148.205723,633.1304417,1338.333257,945.15943,1197.231373,857.5608971,501.9279267,1041.291206,701.62073,785.700824,520.0530339,347.4695274,696.9791513,431.3313611,1298.809517,1361.169912,425.9836431,1246.639122,1308.999517,1517.619419,1567.708664,475.0687774,1414.158792,1464.248037,1748.212957,1786.409573,537.9188866,1597.957332,1636.153948,298.3651913,325.8500722,357.8977798,166.1902921,184.5054493,211.6180032,-38.57184028,-35.28674408,-31.59689647,-62.36039489,-50.08924462,-38.19661619
7,2018,39.37,Freirina,100,-71.09383417,-28.50052111,80,1.454105826,270,0.75,0.5,3,32,0.533987375,0.837180018,0.291061878,0.533675211,0.741459668,0.295457423,-0.000312164,-0.095720351,0.004395545,1541.37955,1148.205723,633.1304417,1338.333257,945.15943,1197.231373,857.5608971,501.9279267,1041.291206,701.62073,785.700824,520.0530339,347.4695274,696.9791513,431.3313611,1298.809517,1361.169912,425.9836431,1246.639122,1308.999517,1517.619419,1567.708664,475.0687774,1414.158792,1464.248037,1748.212957,1786.409573,537.9188866,1597.957332,1636.153948,298.3651913,325.8500722,357.8977798,166.1902921,184.5054493,211.6180032,-38.57184028,-35.28674408,-31.59689647,-62.36039489,-50.08924462,-38.19661619
8,2018,72.9,Freirina,100,-71.09385638,-28.500611,80,1.454105826,270,0.75,0.5,3,32,0.553116135,0.855329931,0.299463183,0.500000013,0.733279645,0.273385882,-0.053116122,-0.122050285,-0.0260773,1541.37955,1148.205723,633.1304417,1338.333257,945.15943,1197.231373,857.5608971,501.9279267,1041.291206,701.62073,785.700824,520.0530339,347.4695274,696.9791513,431.3313611,1298.809517,1361.169912,425.9836431,1246.639122,1308.999517,1517.619419,1567.708664,475.0687774,1414.158792,1464.248037,1748.212957,1786.409573,537.9188866,1597.957332,1636.153948,298.3651913,325.8500722,357.8977798,166.1902921,184.5054493,211.6180032,-38.57184028,-35.28674408,-31.59689647,-62.36039489,-50.08924462,-38.19661619
9,2018,56.85,Freirina,100,-71.09387858,-28.50070089,80,1.454105826,270,0.75,0.5,3,32,0.530141243,0.818256199,0.292104274,0.538567479,0.747360229,0.29681173,0.008426236,-0.07089597,0.004707456,1541.37955,1148.205723,633.1304417,1338.333257,945.15943,1197.231373,857.5608971,501.9279267,1041.291206,701.62073,785.700824,520.0530339,347.4695274,696.9791513,431.3313611,1298.809517,1361.169912,425.9836431,1246.639122,1308.999517,1517.619419,1567.708664,475.0687774,1414.158792,1464.248037,1748.212957,1786.409573,537.9188866,1597.957332,1636.153948,298.3651913,325.8500722,357.8977798,166.1902921,184.5054493,211.6180032,-38.57184028,-35.28674408,-31.59689647,-62.36039489,-50.08924462,-38.19661619
10,2018,175.2,Freirina,100,-71.09392139,-28.50079949,79,1.845447935,293.1985905,1.125,-1.125,3,16,0.550177963,0.853617013,0.296927035,0.532100126,0.75269711,0.283679277,-0.018077837,-0.100919902,-0.013247758,1541.37955,1148.205723,633.1304417,1338.333257,945.15943,1197.231373,857.5608971,501.9279267,1041.291206,701.62073,785.700824,520.0530339,347.4695274,696.9791513,431.3313611,1298.809517,1361.169912,425.9836431,1246.639122,1308.999517,1517.619419,1567.708664,475.0687774,1414.158792,1464.248037,1748.212957,1786.409573,537.9188866,1597.957332,1636.153948,298.3651913,325.8500722,357.8977798,166.1902921,184.5054493,211.6180032,-38.57184028,-35.28674408,-31.59689647,-62.36039489,-50.08924462,-38.19661619
11,2018,144.2,Freirina,100,-71.0939332,-28.50088052,79,1.845447935,293.1985905,1.125,-1.125,3,16,0.581552306,0.908597291,0.303443313,0.556804507,0.782988548,0.277733296,-0.024747799,-0.125608742,-0.025710016,1541.37955,1148.205723,633.1304417,1338.333257,945.15943,1197.231373,857.5608971,501.9279267,1041.291206,701.62073,785.700824,520.0530339,347.4695274,696.9791513,431.3313611,1298.809517,1361.169912,425.9836431,1246.639122,1308.999517,1517.619419,1567.708664,475.0687774,1414.158792,1464.248037,1748.212957,1786.409573,537.9188866,1597.957332,1636.153948,298.3651913,325.8500722,357.8977798,166.1902921,184.5054493,211.6180032,-38.57184028,-35.28674408,-31.59689647,-62.36039489,-50.08924462,-38.19661619
12,2018,102,Freirina,100,-71.0939658,-28.50097927,79,1.845447935,293.1985905,1.125,-1.125,3,16,0.597674425,0.907450259,0.305145115,0.570407735,0.795290768,0.275850385,-0.02726669,-0.112159491,-0.029294729,1541.37955,1148.205723,633.1304417,1338.333257,945.15943,1197.231373,857.5608971,501.9279267,1041.291206,701.62073,785.700824,520.0530339,347.4695274,696.9791513,431.3313611,1298.809517,1361.169912,425.9836431,1246.639122,1308.999517,1517.619419,1567.708664,475.0687774,1414.158792,1464.248037,1748.212957,1786.409573,537.9188866,1597.957332,1636.153948,298.3651913,325.8500722,357.8977798,166.1902921,184.5054493,211.6180032,-38.57184028,-35.28674408,-31.59689647,-62.36039489,-50.08924462,-38.19661619
13,2018,99,Freirina,100,-71.09397743,-28.50105128,80,1.454105826,270,0.75,0.5,3,32,0.537156701,0.905858755,0.266853929,0.568210788,0.807051897,0.272745818,0.031054087,-0.098806858,0.005891889,1541.37955,1148.205723,633.1304417,1338.333257,945.15943,1197.231373,857.5608971,501.9279267,1041.291206,701.62073,785.700824,520.0530339,347.4695274,696.9791513,431.3313611,1298.809517,1361.169912,425.9836431,1246.639122,1308.999517,1517.619419,1567.708664,475.0687774,1414.158792,1464.248037,1748.212957,1786.409573,537.9188866,1597.957332,1636.153948,298.3651913,325.8500722,357.8977798,166.1902921,184.5054493,211.6180032,-38.57184028,-35.28674408,-31.59689647,-62.36039489,-50.08924462,-38.19661619
14,2018,68.5,Freirina,100,-71.09400967,-28.50113199,80,1.454105826,270,0.75,0.5,3,32,0.566015153,0.913255334,0.283535361,0.595276866,0.807195604,0.294125527,0.029261713,-0.10605973,0.010590166,1541.37955,1148.205723,633.1304417,1338.333257,945.15943,1197.231373,857.5608971,501.9279267,1041.291206,701.62073,785.700824,520.0530339,347.4695274,696.9791513,431.3313611,1298.809517,1361.169912,425.9836431,1246.639122,1308.999517,1517.619419,1567.708664,475.0687774,1414.158792,1464.248037,1748.212957,1786.409573,537.9188866,1597.957332,1636.153948,298.3651913,325.8500722,357.8977798,166.1902921,184.5054493,211.6180032,-38.57184028,-35.28674408,-31.59689647,-62.36039489,-50.08924462,-38.19661619
15,2018,69.9,Freirina,100,-71.09405265,-28.50123961,80,1.454105826,270,0.75,0.5,3,32,0.564620358,0.899950922,0.280497581,0.589616807,0.80196172,0.289013058,0.024996449,-0.097989202,0.008515477,1541.37955,1148.205723,633.1304417,1338.333257,945.15943,1197.231373,857.5608971,501.9279267,1041.291206,701.62073,785.700824,520.0530339,347.4695274,696.9791513,431.3313611,1298.809517,1361.169912,425.9836431,1246.639122,1308.999517,1517.619419,1567.708664,475.0687774,1414.158792,1464.248037,1748.212957,1786.409573,537.9188866,1597.957332,1636.153948,298.3651913,325.8500722,357.8977798,166.1902921,184.5054493,211.6180032,-38.57184028,-35.28674408,-31.59689647,-62.36039489,-50.08924462,-38.19661619
16,2018,116.8,Freirina,100,-71.09405444,-28.50132982,80,1.454105826,270,0.75,0.5,3,32,0.580908034,0.905519187,0.296357393,0.587848923,0.815962493,0.28886497,0.006940889,-0.089556694,-0.007492423,1541.37955,1148.205723,633.1304417,1338.333257,945.15943,1197.231373,857.5608971,501.9279267,1041.291206,701.62073,785.700824,520.0530339,347.4695274,696.9791513,431.3313611,1298.809517,1361.169912,425.9836431,1246.639122,1308.999517,1517.619419,1567.708664,475.0687774,1414.158792,1464.248037,1748.212957,1786.409573,537.9188866,1597.957332,1636.153948,298.3651913,325.8500722,357.8977798,166.1902921,184.5054493,211.6180032,-38.57184028,-35.28674408,-31.59689647,-62.36039489,-50.08924462,-38.19661619
17,2018,111,Freirina,100,-71.09408685,-28.50141955,80,1.454105826,270,0.75,0.5,3,32,0.585660359,0.889388502,0.304313719,0.587096772,0.793983638,0.291978598,0.001436413,-0.095404863,-0.012335122,1541.37955,1148.205723,633.1304417,1338.333257,945.15943,1197.231373,857.5608971,501.9279267,1041.291206,701.62073,785.700824,520.0530339,347.4695274,696.9791513,431.3313611,1298.809517,1361.169912,425.9836431,1246.639122,1308.999517,1517.619419,1567.708664,475.0687774,1414.158792,1464.248037,1748.212957,1786.409573,537.9188866,1597.957332,1636.153948,298.3651913,325.8500722,357.8977798,166.1902921,184.5054493,211.6180032,-38.57184028,-35.28674408,-31.59689647,-62.36039489,-50.08924462,-38.19661619
18,2018,54.8,Freirina,100,-71.09411945,-28.5015183,80,1.454105826,270,0.75,0.5,3,32,0.548900676,0.870879114,0.284367621,0.586404576,0.806903005,0.288632095,0.0375039,-0.063976109,0.004264474,1541.37955,1148.205723,633.1304417,1338.333257,945.15943,1197.231373,857.5608971,501.9279267,1041.291206,701.62073,785.700824,520.0530339,347.4695274,696.9791513,431.3313611,1298.809517,1361.169912,425.9836431,1246.639122,1308.999517,1517.619419,1567.708664,475.0687774,1414.158792,1464.248037,1748.212957,1786.409573,537.9188866,1597.957332,1636.153948,298.3651913,325.8500722,357.8977798,166.1902921,184.5054493,211.6180032,-38.57184028,-35.28674408,-31.59689647,-62.36039489,-50.08924462,-38.19661619
19,2018,54.7,Freirina,100,-71.09414147,-28.50159918,80,1.454105826,270,0.75,0.5,3,32,0.465245187,0.859307408,0.222804621,0.53436069,0.771153867,0.260032445,0.069115503,-0.088153541,0.037227824,1541.37955,1148.205723,633.1304417,1338.333257,945.15943,1197.231373,857.5608971,501.9279267,1041.291206,701.62073,785.700824,520.0530339,347.4695274,696.9791513,431.3313611,1298.809517,1361.169912,425.9836431,1246.639122,1308.999517,1517.619419,1567.708664,475.0687774,1414.158792,1464.248037,1748.212957,1786.409573,537.9188866,1597.957332,1636.153948,298.3651913,325.8500722,357.8977798,166.1902921,184.5054493,211.6180032,-38.57184028,-35.28674408,-31.59689647,-62.36039489,-50.08924462,-38.19661619
20,2018,40,Freirina,100,-71.0940501,-28.50162765,80,1.454105826,270,0.75,0.5,3,32,0.542393501,0.887785494,0.268653721,0.578816701,0.795764744,0.282931089,0.0364232,-0.09202075,0.014277369,1541.37955,1148.205723,633.1304417,1338.333257,945.15943,1197.231373,857.5608971,501.9279267,1041.291206,701.62073,785.700824,520.0530339,347.4695274,696.9791513,431.3313611,1298.809517,1361.169912,425.9836431,1246.639122,1308.999517,1517.619419,1567.708664,475.0687774,1414.158792,1464.248037,1748.212957,1786.409573,537.9188866,1597.957332,1636.153948,298.3651913,325.8500722,357.8977798,166.1902921,184.5054493,211.6180032,-38.57184028,-35.28674408,-31.59689647,-62.36039489,-50.08924462,-38.19661619
21,2018,57,Freirina,100,-71.09401769,-28.50153792,80,1.454105826,270,0.75,0.5,3,32,0.589082634,0.895974636,0.305184603,0.5989054,0.800176084,0.304048687,0.009822766,-0.095798552,-0.001135916,1541.37955,1148.205723,633.1304417,1338.333257,945.15943,1197.231373,857.5608971,501.9279267,1041.291206,701.62073,785.700824,520.0530339,347.4695274,696.9791513,431.3313611,1298.809517,1361.169912,425.9836431,1246.639122,1308.999517,1517.619419,1567.708664,475.0687774,1414.158792,1464.248037,1748.212957,1786.409573,537.9188866,1597.957332,1636.153948,298.3651913,325.8500722,357.8977798,166.1902921,184.5054493,211.6180032,-38.57184028,-35.28674408,-31.59689647,-62.36039489,-50.08924462,-38.19661619
22,2018,40.3,Freirina,100,-71.09399548,-28.50144803,80,1.454105826,270,0.75,0.5,3,32,0.589082634,0.895974636,0.305184603,0.5989054,0.800176084,0.304048687,0.009822766,-0.095798552,-0.001135916,1541.37955,1148.205723,633.1304417,1338.333257,945.15943,1197.231373,857.5608971,501.9279267,1041.291206,701.62073,785.700824,520.0530339,347.4695274,696.9791513,431.3313611,1298.809517,1361.169912,425.9836431,1246.639122,1308.999517,1517.619419,1567.708664,475.0687774,1414.158792,1464.248037,1748.212957,1786.409573,537.9188866,1597.957332,1636.153948,298.3651913,325.8500722,357.8977798,166.1902921,184.5054493,211.6180032,-38.57184028,-35.28674408,-31.59689647,-62.36039489,-50.08924462,-38.19661619
23,2018,59.7,Freirina,100,-71.09396307,-28.5013583,80,1.454105826,270,0.75,0.5,3,32,0.585156255,0.903377116,0.297222227,0.624140565,0.803988159,0.321737975,0.03898431,-0.099388957,0.024515748,1541.37955,1148.205723,633.1304417,1338.333257,945.15943,1197.231373,857.5608971,501.9279267,1041.291206,701.62073,785.700824,520.0530339,347.4695274,696.9791513,431.3313611,1298.809517,1361.169912,425.9836431,1246.639122,1308.999517,1517.619419,1567.708664,475.0687774,1414.158792,1464.248037,1748.212957,1786.409573,537.9188866,1597.957332,1636.153948,298.3651913,325.8500722,357.8977798,166.1902921,184.5054493,211.6180032,-38.57184028,-35.28674408,-31.59689647,-62.36039489,-50.08924462,-38.19661619
24,2018,58.8,Freirina,100,-71.09392994,-28.50123248,80,1.454105826,270,0.75,0.5,3,32,0.581983407,0.903946757,0.293387353,0.607751931,0.797227025,0.310290217,0.025768524,-0.106719732,0.016902864,1541.37955,1148.205723,633.1304417,1338.333257,945.15943,1197.231373,857.5608971,501.9279267,1041.291206,701.62073,785.700824,520.0530339,347.4695274,696.9791513,431.3313611,1298.809517,1361.169912,425.9836431,1246.639122,1308.999517,1517.619419,1567.708664,475.0687774,1414.158792,1464.248037,1748.212957,1786.409573,537.9188866,1597.957332,1636.153948,298.3651913,325.8500722,357.8977798,166.1902921,184.5054493,211.6180032,-38.57184028,-35.28674408,-31.59689647,-62.36039489,-50.08924462,-38.19661619
25,2018,40.4,Freirina,100,-71.09390809,-28.50116063,80,2.084309673,305.5376778,0.875,-0.375,3,64,0.592886863,0.90239495,0.307536304,0.588828545,0.777777791,0.300475061,-0.004058318,-0.124617159,-0.007061243,1541.37955,1148.205723,633.1304417,1338.333257,945.15943,1197.231373,857.5608971,501.9279267,1041.291206,701.62073,785.700824,520.0530339,347.4695274,696.9791513,431.3313611,1298.809517,1361.169912,425.9836431,1246.639122,1308.999517,1517.619419,1567.708664,475.0687774,1414.158792,1464.248037,1748.212957,1786.409573,537.9188866,1597.957332,1636.153948,298.3651913,325.8500722,357.8977798,166.1902921,184.5054493,211.6180032,-38.57184028,-35.28674408,-31.59689647,-62.36039489,-50.08924462,-38.19661619
26,2018,94,Freirina,100,-71.09388589,-28.50107074,80,2.084309673,305.5376778,0.875,-0.375,3,64,0.593258424,0.899107158,0.309778363,0.56439703,0.771481633,0.277493924,-0.028861394,-0.127625525,-0.032284439,1541.37955,1148.205723,633.1304417,1338.333257,945.15943,1197.231373,857.5608971,501.9279267,1041.291206,701.62073,785.700824,520.0530339,347.4695274,696.9791513,431.3313611,1298.809517,1361.169912,425.9836431,1246.639122,1308.999517,1517.619419,1567.708664,475.0687774,1414.158792,1464.248037,1748.212957,1786.409573,537.9188866,1597.957332,1636.153948,298.3651913,325.8500722,357.8977798,166.1902921,184.5054493,211.6180032,-38.57184028,-35.28674408,-31.59689647,-62.36039489,-50.08924462,-38.19661619
27,2018,94,Freirina,100,-71.09386422,-28.50100791,79,1.845447935,293.1985905,1.125,-1.125,3,16,0.580140725,0.881750464,0.294522345,0.562602972,0.790467262,0.27584815,-0.017537753,-0.091283202,-0.018674195,1541.37955,1148.205723,633.1304417,1338.333257,945.15943,1197.231373,857.5608971,501.9279267,1041.291206,701.62073,785.700824,520.0530339,347.4695274,696.9791513,431.3313611,1298.809517,1361.169912,425.9836431,1246.639122,1308.999517,1517.619419,1567.708664,475.0687774,1414.158792,1464.248037,1748.212957,1786.409573,537.9188866,1597.957332,1636.153948,298.3651913,325.8500722,357.8977798,166.1902921,184.5054493,211.6180032,-38.57184028,-35.28674408,-31.59689647,-62.36039489,-50.08924462,-38.19661619
28,2018,71,Freirina,100,-71.09383162,-28.50090915,79,1.845447935,293.1985905,1.125,-1.125,3,16,0.586101558,0.888181806,0.302204996,0.575954514,0.779816568,0.285044223,-0.010147044,-0.108365238,-0.017160773,1541.37955,1148.205723,633.1304417,1338.333257,945.15943,1197.231373,857.5608971,501.9279267,1041.291206,701.62073,785.700824,520.0530339,347.4695274,696.9791513,431.3313611,1298.809517,1361.169912,425.9836431,1246.639122,1308.999517,1517.619419,1567.708664,475.0687774,1414.158792,1464.248037,1748.212957,1786.409573,537.9188866,1597.957332,1636.153948,298.3651913,325.8500722,357.8977798,166.1902921,184.5054493,211.6180032,-38.57184028,-35.28674408,-31.59689647,-62.36039489,-50.08924462,-38.19661619
29,2018,54.8,Freirina,100,-71.09380924,-28.50081024,79,1.845447935,293.1985905,1.125,-1.125,3,16,0.564065866,0.851694942,0.303310245,0.52669038,0.743902445,0.284250945,-0.037375486,-0.107792497,-0.0190593,1541.37955,1148.205723,633.1304417,1338.333257,945.15943,1197.231373,857.5608971,501.9279267,1041.291206,701.62073,785.700824,520.0530339,347.4695274,696.9791513,431.3313611,1298.809517,1361.169912,425.9836431,1246.639122,1308.999517,1517.619419,1567.708664,475.0687774,1414.158792,1464.248037,1748.212957,1786.409573,537.9188866,1597.957332,1636.153948,298.3651913,325.8500722,357.8977798,166.1902921,184.5054493,211.6180032,-38.57184028,-35.28674408,-31.59689647,-62.36039489,-50.08924462,-38.19661619
30,2018,70,Freirina,100,-71.09379725,-28.50072019,80,1.454105826,270,0.75,0.5,3,32,0.550105128,0.854926586,0.299847215,0.504964557,0.742200375,0.273145795,-0.045140571,-0.112726212,-0.026701421,1541.37955,1148.205723,633.1304417,1338.333257,945.15943,1197.231373,857.5608971,501.9279267,1041.291206,701.62073,785.700824,520.0530339,347.4695274,696.9791513,431.3313611,1298.809517,1361.169912,425.9836431,1246.639122,1308.999517,1517.619419,1567.708664,475.0687774,1414.158792,1464.248037,1748.212957,1786.409573,537.9188866,1597.957332,1636.153948,298.3651913,325.8500722,357.8977798,166.1902921,184.5054493,211.6180032,-38.57184028,-35.28674408,-31.59689647,-62.36039489,-50.08924462,-38.19661619
31,2018,95.5,Freirina,100,-71.09376501,-28.50063948,80,1.454105826,270,0.75,0.5,3,32,0.553116135,0.855329931,0.299463183,0.500000013,0.733279645,0.273385882,-0.053116122,-0.122050285,-0.0260773,1541.37955,1148.205723,633.1304417,1338.333257,945.15943,1197.231373,857.5608971,501.9279267,1041.291206,701.62073,785.700824,520.0530339,347.4695274,696.9791513,431.3313611,1298.809517,1361.169912,425.9836431,1246.639122,1308.999517,1517.619419,1567.708664,475.0687774,1414.158792,1464.248037,1748.212957,1786.409573,537.9188866,1597.957332,1636.153948,298.3651913,325.8500722,357.8977798,166.1902921,184.5054493,211.6180032,-38.57184028,-35.28674408,-31.59689647,-62.36039489,-50.08924462,-38.19661619
32,2018,106.9,Freirina,100,-71.09374281,-28.50054959,80,1.454105826,270,0.75,0.5,3,32,0.570247945,0.87634182,0.30585894,0.479757082,0.703301013,0.267830223,-0.090490863,-0.173040807,-0.038028717,1541.37955,1148.205723,633.1304417,1338.333257,945.15943,1197.231373,857.5608971,501.9279267,1041.291206,701.62073,785.700824,520.0530339,347.4695274,696.9791513,431.3313611,1298.809517,1361.169912,425.9836431,1246.639122,1308.999517,1517.619419,1567.708664,475.0687774,1414.158792,1464.248037,1748.212957,1786.409573,537.9188866,1597.957332,1636.153948,298.3651913,325.8500722,357.8977798,166.1902921,184.5054493,211.6180032,-38.57184028,-35.28674408,-31.59689647,-62.36039489,-50.08924462,-38.19661619
33,2018,98.4,Freirina,100,-71.09373064,-28.50045052,80,1.71353711,261.8698976,0.75,0.5,3,16,0.572277232,0.889576375,0.288039863,0.566378056,0.769356191,0.303010792,-0.005899176,-0.120220184,0.014970928,1541.37955,1148.205723,633.1304417,1338.333257,945.15943,1197.231373,857.5608971,501.9279267,1041.291206,701.62073,785.700824,520.0530339,347.4695274,696.9791513,431.3313611,1298.809517,1361.169912,425.9836431,1246.639122,1308.999517,1517.619419,1567.708664,475.0687774,1414.158792,1464.248037,1748.212957,1786.409573,537.9188866,1597.957332,1636.153948,298.3651913,325.8500722,357.8977798,166.1902921,184.5054493,211.6180032,-38.57184028,-35.28674408,-31.59689647,-62.36039489,-50.08924462,-38.19661619
34,2018,190.9,Freirina,100,-71.0936778,-28.5003611,80,1.71353711,261.8698976,0.75,0.5,3,16,0.58170974,0.900621116,0.29201597,0.591911759,0.79668051,0.312823832,0.010202019,-0.103940606,0.020807862,1541.37955,1148.205723,633.1304417,1338.333257,945.15943,1197.231373,857.5608971,501.9279267,1041.291206,701.62073,785.700824,520.0530339,347.4695274,696.9791513,431.3313611,1298.809517,1361.169912,425.9836431,1246.639122,1308.999517,1517.619419,1567.708664,475.0687774,1414.158792,1464.248037,1748.212957,1786.409573,537.9188866,1597.957332,1636.153948,298.3651913,325.8500722,357.8977798,166.1902921,184.5054493,211.6180032,-38.57184028,-35.28674408,-31.59689647,-62.36039489,-50.08924462,-38.19661619
35,2018,149.2,Freirina,100,-71.09365577,-28.50028023,80,1.71353711,261.8698976,0.75,0.5,3,16,0.574043268,0.904378474,0.279578596,0.603330799,0.81646657,0.312876195,0.029287531,-0.087911904,0.033297598,1541.37955,1148.205723,633.1304417,1338.333257,945.15943,1197.231373,857.5608971,501.9279267,1041.291206,701.62073,785.700824,520.0530339,347.4695274,696.9791513,431.3313611,1298.809517,1361.169912,425.9836431,1246.639122,1308.999517,1517.619419,1567.708664,475.0687774,1414.158792,1464.248037,1748.212957,1786.409573,537.9188866,1597.957332,1636.153948,298.3651913,325.8500722,357.8977798,166.1902921,184.5054493,211.6180032,-38.57184028,-35.28674408,-31.59689647,-62.36039489,-50.08924462,-38.19661619
36,2018,158.5,Freirina,100,-71.09363375,-28.50019936,81,2.298403281,288.4349488,2,2,4,16,0.567783096,0.898599744,0.284496546,0.619654911,0.822710037,0.323245496,0.051871815,-0.075889707,0.03874895,1541.37955,1148.205723,633.1304417,1338.333257,945.15943,1197.231373,857.5608971,501.9279267,1041.291206,701.62073,785.700824,520.0530339,347.4695274,696.9791513,431.3313611,1298.809517,1361.169912,425.9836431,1246.639122,1308.999517,1517.619419,1567.708664,475.0687774,1414.158792,1464.248037,1748.212957,1786.409573,537.9188866,1597.957332,1636.153948,298.3651913,325.8500722,357.8977798,166.1902921,184.5054493,211.6180032,-38.57184028,-35.28674408,-31.59689647,-62.36039489,-50.08924462,-38.19661619
37,2018,188,Freirina,100,-71.09361154,-28.50010947,81,2.298403281,288.4349488,2,2,4,16,0.578746159,0.891025662,0.298188001,0.618795001,0.808636785,0.320657164,0.040048842,-0.082388878,0.022469163,1541.37955,1148.205723,633.1304417,1338.333257,945.15943,1197.231373,857.5608971,501.9279267,1041.291206,701.62073,785.700824,520.0530339,347.4695274,696.9791513,431.3313611,1298.809517,1361.169912,425.9836431,1246.639122,1308.999517,1517.619419,1567.708664,475.0687774,1414.158792,1464.248037,1748.212957,1786.409573,537.9188866,1597.957332,1636.153948,298.3651913,325.8500722,357.8977798,166.1902921,184.5054493,211.6180032,-38.57184028,-35.28674408,-31.59689647,-62.36039489,-50.08924462,-38.19661619
38,2018,71,Freirina,100,-71.09358934,-28.50001958,81,2.298403281,288.4349488,2,2,4,16,0.569444456,0.876383722,0.291622758,0.594512193,0.798023224,0.306925505,0.025067737,-0.078360498,0.015302747,1541.37955,1148.205723,633.1304417,1338.333257,945.15943,1197.231373,857.5608971,501.9279267,1041.291206,701.62073,785.700824,520.0530339,347.4695274,696.9791513,431.3313611,1298.809517,1361.169912,425.9836431,1246.639122,1308.999517,1517.619419,1567.708664,475.0687774,1414.158792,1464.248037,1748.212957,1786.409573,537.9188866,1597.957332,1636.153948,298.3651913,325.8500722,357.8977798,166.1902921,184.5054493,211.6180032,-38.57184028,-35.28674408,-31.59689647,-62.36039489,-50.08924462,-38.19661619
39,2018,141.5,Freirina,100,-71.09348758,-28.50003919,80,0.342805543,315,0.375,-0.125,2,32,0.560629935,0.869811296,0.283289135,0.587745858,0.798628986,0.304945081,0.027115923,-0.071182311,0.021655947,1541.37955,1148.205723,633.1304417,1338.333257,945.15943,1197.231373,857.5608971,501.9279267,1041.291206,701.62073,785.700824,520.0530339,347.4695274,696.9791513,431.3313611,1298.809517,1361.169912,425.9836431,1246.639122,1308.999517,1517.619419,1567.708664,475.0687774,1414.158792,1464.248037,1748.212957,1786.409573,537.9188866,1597.957332,1636.153948,298.3651913,325.8500722,357.8977798,166.1902921,184.5054493,211.6180032,-38.57184028,-35.28674408,-31.59689647,-62.36039489,-50.08924462,-38.19661619
40,2018,188,Freirina,100,-71.09351982,-28.50011991,80,0.342805543,315,0.375,-0.125,2,32,0.56750574,0.886186302,0.292836547,0.585401452,0.797269344,0.310852706,0.017895712,-0.088916957,0.01801616,1541.37955,1148.205723,633.1304417,1338.333257,945.15943,1197.231373,857.5608971,501.9279267,1041.291206,701.62073,785.700824,520.0530339,347.4695274,696.9791513,431.3313611,1298.809517,1361.169912,425.9836431,1246.639122,1308.999517,1517.619419,1567.708664,475.0687774,1414.158792,1464.248037,1748.212957,1786.409573,537.9188866,1597.957332,1636.153948,298.3651913,325.8500722,357.8977798,166.1902921,184.5054493,211.6180032,-38.57184028,-35.28674408,-31.59689647,-62.36039489,-50.08924462,-38.19661619
41,2018,171.5,Freirina,100,-71.0935422,-28.50021882,80,0.342805543,315,0.375,-0.125,2,32,0.579952259,0.905950069,0.291056693,0.622304834,0.815307856,0.326527953,0.042352575,-0.090642214,0.035471261,1541.37955,1148.205723,633.1304417,1338.333257,945.15943,1197.231373,857.5608971,501.9279267,1041.291206,701.62073,785.700824,520.0530339,347.4695274,696.9791513,431.3313611,1298.809517,1361.169912,425.9836431,1246.639122,1308.999517,1517.619419,1567.708664,475.0687774,1414.158792,1464.248037,1748.212957,1786.409573,537.9188866,1597.957332,1636.153948,298.3651913,325.8500722,357.8977798,166.1902921,184.5054493,211.6180032,-38.57184028,-35.28674408,-31.59689647,-62.36039489,-50.08924462,-38.19661619
42,2018,132.2,Freirina,100,-71.09357444,-28.50029953,80,0.342805543,225,0.375,-0.375,1,16,0.574043268,0.904378474,0.279578596,0.603330799,0.81646657,0.312876195,0.029287531,-0.087911904,0.033297598,1541.37955,1148.205723,633.1304417,1338.333257,945.15943,1197.231373,857.5608971,501.9279267,1041.291206,701.62073,785.700824,520.0530339,347.4695274,696.9791513,431.3313611,1298.809517,1361.169912,425.9836431,1246.639122,1308.999517,1517.619419,1567.708664,475.0687774,1414.158792,1464.248037,1748.212957,1786.409573,537.9188866,1597.957332,1636.153948,298.3651913,325.8500722,357.8977798,166.1902921,184.5054493,211.6180032,-38.57184028,-35.28674408,-31.59689647,-62.36039489,-50.08924462,-38.19661619
43,2018,89,Freirina,100,-71.09359646,-28.5003804,80,0.342805543,225,0.375,-0.375,1,16,0.565833352,0.898938894,0.275270283,0.584666921,0.794353187,0.306556523,0.018833569,-0.104585707,0.03128624,1541.37955,1148.205723,633.1304417,1338.333257,945.15943,1197.231373,857.5608971,501.9279267,1041.291206,701.62073,785.700824,520.0530339,347.4695274,696.9791513,431.3313611,1298.809517,1361.169912,425.9836431,1246.639122,1308.999517,1517.619419,1567.708664,475.0687774,1414.158792,1464.248037,1748.212957,1786.409573,537.9188866,1597.957332,1636.153948,298.3651913,325.8500722,357.8977798,166.1902921,184.5054493,211.6180032,-38.57184028,-35.28674408,-31.59689647,-62.36039489,-50.08924462,-38.19661619
44,2018,79,Freirina,100,-71.09362906,-28.50047916,80,1.71353711,261.8698976,0.75,0.5,3,16,0.56885247,0.884785831,0.279838711,0.572774866,0.774015725,0.31296885,0.003922396,-0.110770106,0.033130139,1541.37955,1148.205723,633.1304417,1338.333257,945.15943,1197.231373,857.5608971,501.9279267,1041.291206,701.62073,785.700824,520.0530339,347.4695274,696.9791513,431.3313611,1298.809517,1361.169912,425.9836431,1246.639122,1308.999517,1517.619419,1567.708664,475.0687774,1414.158792,1464.248037,1748.212957,1786.409573,537.9188866,1597.957332,1636.153948,298.3651913,325.8500722,357.8977798,166.1902921,184.5054493,211.6180032,-38.57184028,-35.28674408,-31.59689647,-62.36039489,-50.08924462,-38.19661619
45,2018,89,Freirina,100,-71.09365126,-28.50056905,80,1.454105826,270,0.75,0.5,3,32,0.572062988,0.889374077,0.284271777,0.562455887,0.77190876,0.305208057,-0.009607101,-0.117465317,0.02093628,1541.37955,1148.205723,633.1304417,1338.333257,945.15943,1197.231373,857.5608971,501.9279267,1041.291206,701.62073,785.700824,520.0530339,347.4695274,696.9791513,431.3313611,1298.809517,1361.169912,425.9836431,1246.639122,1308.999517,1517.619419,1567.708664,475.0687774,1414.158792,1464.248037,1748.212957,1786.409573,537.9188866,1597.957332,1636.153948,298.3651913,325.8500722,357.8977798,166.1902921,184.5054493,211.6180032,-38.57184028,-35.28674408,-31.59689647,-62.36039489,-50.08924462,-38.19661619
46,2018,69.5,Freirina,100,-71.09367346,-28.50065894,80,1.454105826,270,0.75,0.5,3,32,0.554419274,0.854466259,0.294262081,0.531025002,0.726323962,0.293482363,-0.023394272,-0.128142297,-0.000779718,1541.37955,1148.205723,633.1304417,1338.333257,945.15943,1197.231373,857.5608971,501.9279267,1041.291206,701.62073,785.700824,520.0530339,347.4695274,696.9791513,431.3313611,1298.809517,1361.169912,425.9836431,1246.639122,1308.999517,1517.619419,1567.708664,475.0687774,1414.158792,1464.248037,1748.212957,1786.409573,537.9188866,1597.957332,1636.153948,298.3651913,325.8500722,357.8977798,166.1902921,184.5054493,211.6180032,-38.57184028,-35.28674408,-31.59689647,-62.36039489,-50.08924462,-38.19661619
47,2018,61.6,Freirina,100,-71.09368546,-28.50074899,80,1.454105826,270,0.75,0.5,3,32,0.540935698,0.845884442,0.286970019,0.546370963,0.735948741,0.305792391,0.005435265,-0.109935701,0.018822372,1541.37955,1148.205723,633.1304417,1338.333257,945.15943,1197.231373,857.5608971,501.9279267,1041.291206,701.62073,785.700824,520.0530339,347.4695274,696.9791513,431.3313611,1298.809517,1361.169912,425.9836431,1246.639122,1308.999517,1517.619419,1567.708664,475.0687774,1414.158792,1464.248037,1748.212957,1786.409573,537.9188866,1597.957332,1636.153948,298.3651913,325.8500722,357.8977798,166.1902921,184.5054493,211.6180032,-38.57184028,-35.28674408,-31.59689647,-62.36039489,-50.08924462,-38.19661619
48,2018,80.8,Freirina,100,-71.09371787,-28.50083872,79,1.845447935,293.1985905,1.125,-1.125,3,16,0.561764717,0.859894931,0.296891212,0.588315202,0.759217441,0.327039272,0.026550485,-0.10067749,0.030148059,1541.37955,1148.205723,633.1304417,1338.333257,945.15943,1197.231373,857.5608971,501.9279267,1041.291206,701.62073,785.700824,520.0530339,347.4695274,696.9791513,431.3313611,1298.809517,1361.169912,425.9836431,1246.639122,1308.999517,1517.619419,1567.708664,475.0687774,1414.158792,1464.248037,1748.212957,1786.409573,537.9188866,1597.957332,1636.153948,298.3651913,325.8500722,357.8977798,166.1902921,184.5054493,211.6180032,-38.57184028,-35.28674408,-31.59689647,-62.36039489,-50.08924462,-38.19661619
53,2018,79,Freirina,100,-71.09383857,-28.50126096,80,2.084309673,305.5376778,0.875,-0.375,3,64,0.574265304,0.878672957,0.288507581,0.59404388,0.788918257,0.301112294,0.019778576,-0.089754701,0.012604713,1541.37955,1148.205723,633.1304417,1338.333257,945.15943,1197.231373,857.5608971,501.9279267,1041.291206,701.62073,785.700824,520.0530339,347.4695274,696.9791513,431.3313611,1298.809517,1361.169912,425.9836431,1246.639122,1308.999517,1517.619419,1567.708664,475.0687774,1414.158792,1464.248037,1748.212957,1786.409573,537.9188866,1597.957332,1636.153948,298.3651913,325.8500722,357.8977798,166.1902921,184.5054493,211.6180032,-38.57184028,-35.28674408,-31.59689647,-62.36039489,-50.08924462,-38.19661619
54,2018,98.6,Freirina,100,-71.0938717,-28.50138677,81,0.969519521,270,0.75,0.5,2,64,0.575974539,0.895693779,0.289060414,0.609717869,0.800175309,0.309057206,0.03374333,-0.09551847,0.019996792,1541.37955,1148.205723,633.1304417,1338.333257,945.15943,1197.231373,857.5608971,501.9279267,1041.291206,701.62073,785.700824,520.0530339,347.4695274,696.9791513,431.3313611,1298.809517,1361.169912,425.9836431,1246.639122,1308.999517,1517.619419,1567.708664,475.0687774,1414.158792,1464.248037,1748.212957,1786.409573,537.9188866,1597.957332,1636.153948,298.3651913,325.8500722,357.8977798,166.1902921,184.5054493,211.6180032,-38.57184028,-35.28674408,-31.59689647,-62.36039489,-50.08924462,-38.19661619
55,2018,61.4,Freirina,100,-71.09389355,-28.50145862,81,0.969519521,270,0.75,0.5,2,64,0.588258329,0.902484775,0.298411667,0.619347227,0.814096928,0.313204288,0.031088898,-0.088387847,0.014792621,1541.37955,1148.205723,633.1304417,1338.333257,945.15943,1197.231373,857.5608971,501.9279267,1041.291206,701.62073,785.700824,520.0530339,347.4695274,696.9791513,431.3313611,1298.809517,1361.169912,425.9836431,1246.639122,1308.999517,1517.619419,1567.708664,475.0687774,1414.158792,1464.248037,1748.212957,1786.409573,537.9188866,1597.957332,1636.153948,298.3651913,325.8500722,357.8977798,166.1902921,184.5054493,211.6180032,-38.57184028,-35.28674408,-31.59689647,-62.36039489,-50.08924462,-38.19661619
56,2018,62,Freirina,100,-71.09393653,-28.50156624,80,0.969519521,270,0.75,0.5,2,64,0.569549604,0.894179881,0.285457432,0.60354554,0.816522181,0.300320774,0.033995936,-0.0776577,0.014863342,1541.37955,1148.205723,633.1304417,1338.333257,945.15943,1197.231373,857.5608971,501.9279267,1041.291206,701.62073,785.700824,520.0530339,347.4695274,696.9791513,431.3313611,1298.809517,1361.169912,425.9836431,1246.639122,1308.999517,1517.619419,1567.708664,475.0687774,1414.158792,1464.248037,1748.212957,1786.409573,537.9188866,1597.957332,1636.153948,298.3651913,325.8500722,357.8977798,166.1902921,184.5054493,211.6180032,-38.57184028,-35.28674408,-31.59689647,-62.36039489,-50.08924462,-38.19661619
57,2018,61,Freirina,100,-71.09396877,-28.50164695,80,0.969519521,270,0.75,0.5,2,64,0.558148881,0.898970068,0.27795592,0.582912609,0.811555564,0.29722771,0.024763728,-0.087414503,0.019271791,1541.37955,1148.205723,633.1304417,1338.333257,945.15943,1197.231373,857.5608971,501.9279267,1041.291206,701.62073,785.700824,520.0530339,347.4695274,696.9791513,431.3313611,1298.809517,1361.169912,425.9836431,1246.639122,1308.999517,1517.619419,1567.708664,475.0687774,1414.158792,1464.248037,1748.212957,1786.409573,537.9188866,1597.957332,1636.153948,298.3651913,325.8500722,357.8977798,166.1902921,184.5054493,211.6180032,-38.57184028,-35.28674408,-31.59689647,-62.36039489,-50.08924462,-38.19661619
58,2018,20.4,Freirina,100,-71.09385662,-28.50165771,81,0.969519521,270,0.75,0.5,2,64,0.55076439,0.871333957,0.279102087,0.61334291,0.794892311,0.329352856,0.06257852,-0.076441646,0.050250769,1541.37955,1148.205723,633.1304417,1338.333257,945.15943,1197.231373,857.5608971,501.9279267,1041.291206,701.62073,785.700824,520.0530339,347.4695274,696.9791513,431.3313611,1298.809517,1361.169912,425.9836431,1246.639122,1308.999517,1517.619419,1567.708664,475.0687774,1414.158792,1464.248037,1748.212957,1786.409573,537.9188866,1597.957332,1636.153948,298.3651913,325.8500722,357.8977798,166.1902921,184.5054493,211.6180032,-38.57184028,-35.28674408,-31.59689647,-62.36039489,-50.08924462,-38.19661619
59,2018,40.9,Freirina,100,-71.09382421,-28.50156797,81,0.969519521,270,0.75,0.5,2,64,0.571753984,0.882673919,0.295913011,0.605391219,0.779253125,0.316190839,0.033637235,-0.103420794,0.020277828,1541.37955,1148.205723,633.1304417,1338.333257,945.15943,1197.231373,857.5608971,501.9279267,1041.291206,701.62073,785.700824,520.0530339,347.4695274,696.9791513,431.3313611,1298.809517,1361.169912,425.9836431,1246.639122,1308.999517,1517.619419,1567.708664,475.0687774,1414.158792,1464.248037,1748.212957,1786.409573,537.9188866,1597.957332,1636.153948,298.3651913,325.8500722,357.8977798,166.1902921,184.5054493,211.6180032,-38.57184028,-35.28674408,-31.59689647,-62.36039489,-50.08924462,-38.19661619
60,2018,39.9,Freirina,100,-71.09380236,-28.50149612,81,0.969519521,270,0.75,0.5,2,64,0.572512971,0.892307639,0.286485404,0.615717078,0.809062958,0.311530799,0.043204107,-0.083244681,0.025045395,1541.37955,1148.205723,633.1304417,1338.333257,945.15943,1197.231373,857.5608971,501.9279267,1041.291206,701.62073,785.700824,520.0530339,347.4695274,696.9791513,431.3313611,1298.809517,1361.169912,425.9836431,1246.639122,1308.999517,1517.619419,1567.708664,475.0687774,1414.158792,1464.248037,1748.212957,1786.409573,537.9188866,1597.957332,1636.153948,298.3651913,325.8500722,357.8977798,166.1902921,184.5054493,211.6180032,-38.57184028,-35.28674408,-31.59689647,-62.36039489,-50.08924462,-38.19661619
61,2018,39.4,Freirina,100,-71.09376994,-28.50140639,81,0.969519521,270,0.75,0.5,2,64,0.56676078,0.889105082,0.281789005,0.611239399,0.800430119,0.313503534,0.044478619,-0.088674963,0.031714529,1541.37955,1148.205723,633.1304417,1338.333257,945.15943,1197.231373,857.5608971,501.9279267,1041.291206,701.62073,785.700824,520.0530339,347.4695274,696.9791513,431.3313611,1298.809517,1361.169912,425.9836431,1246.639122,1308.999517,1517.619419,1567.708664,475.0687774,1414.158792,1464.248037,1748.212957,1786.409573,537.9188866,1597.957332,1636.153948,298.3651913,325.8500722,357.8977798,166.1902921,184.5054493,211.6180032,-38.57184028,-35.28674408,-31.59689647,-62.36039489,-50.08924462,-38.19661619
62,2018,39.3,Freirina,100,-71.09372678,-28.50128975,81,0.969519521,270,0.75,0.5,2,64,0.563981045,0.89202106,0.284386605,0.608999215,0.784853697,0.310768008,0.04501817,-0.107167363,0.026381403,1541.37955,1148.205723,633.1304417,1338.333257,945.15943,1197.231373,857.5608971,501.9279267,1041.291206,701.62073,785.700824,520.0530339,347.4695274,696.9791513,431.3313611,1298.809517,1361.169912,425.9836431,1246.639122,1308.999517,1517.619419,1567.708664,475.0687774,1414.158792,1464.248037,1748.212957,1786.409573,537.9188866,1597.957332,1636.153948,298.3651913,325.8500722,357.8977798,166.1902921,184.5054493,211.6180032,-38.57184028,-35.28674408,-31.59689647,-62.36039489,-50.08924462,-38.19661619
63,2018,39,Freirina,100,-71.0937044,-28.50119084,80,2.084309673,305.5376778,0.875,-0.375,3,64,0.574332421,0.885441542,0.287854582,0.581433225,0.798981071,0.287285388,0.007100804,-0.086460471,-0.000569195,1541.37955,1148.205723,633.1304417,1338.333257,945.15943,1197.231373,857.5608971,501.9279267,1041.291206,701.62073,785.700824,520.0530339,347.4695274,696.9791513,431.3313611,1298.809517,1361.169912,425.9836431,1246.639122,1308.999517,1517.619419,1567.708664,475.0687774,1414.158792,1464.248037,1748.212957,1786.409573,537.9188866,1597.957332,1636.153948,298.3651913,325.8500722,357.8977798,166.1902921,184.5054493,211.6180032,-38.57184028,-35.28674408,-31.59689647,-62.36039489,-50.08924462,-38.19661619
66,2018,71,Freirina,100,-71.09364853,-28.50094807,79,1.845447935,293.1985905,1.125,-1.125,3,16,0.562984106,0.893333375,0.277941763,0.58867363,0.797639132,0.308433115,0.025689524,-0.095694244,0.030491352,1541.37955,1148.205723,633.1304417,1338.333257,945.15943,1197.231373,857.5608971,501.9279267,1041.291206,701.62073,785.700824,520.0530339,347.4695274,696.9791513,431.3313611,1298.809517,1361.169912,425.9836431,1246.639122,1308.999517,1517.619419,1567.708664,475.0687774,1414.158792,1464.248037,1748.212957,1786.409573,537.9188866,1597.957332,1636.153948,298.3651913,325.8500722,357.8977798,166.1902921,184.5054493,211.6180032,-38.57184028,-35.28674408,-31.59689647,-62.36039489,-50.08924462,-38.19661619
67,2018,54.7,Freirina,100,-71.09361612,-28.50085834,79,1.845447935,293.1985905,1.125,-1.125,3,16,0.54078084,0.866104841,0.276591539,0.591892827,0.758633792,0.326697022,0.051111987,-0.107471049,0.050105482,1541.37955,1148.205723,633.1304417,1338.333257,945.15943,1197.231373,857.5608971,501.9279267,1041.291206,701.62073,785.700824,520.0530339,347.4695274,696.9791513,431.3313611,1298.809517,1361.169912,425.9836431,1246.639122,1308.999517,1517.619419,1567.708664,475.0687774,1414.158792,1464.248037,1748.212957,1786.409573,537.9188866,1597.957332,1636.153948,298.3651913,325.8500722,357.8977798,166.1902921,184.5054493,211.6180032,-38.57184028,-35.28674408,-31.59689647,-62.36039489,-50.08924462,-38.19661619
68,2018,72,Freirina,100,-71.09359373,-28.50075942,81,3.248691813,296.5650512,1.25,0,4,16,0.535291868,0.853523731,0.276144862,0.553371758,0.758342922,0.308074474,0.01807989,-0.095180809,0.031929612,1541.37955,1148.205723,633.1304417,1338.333257,945.15943,1197.231373,857.5608971,501.9279267,1041.291206,701.62073,785.700824,520.0530339,347.4695274,696.9791513,431.3313611,1298.809517,1361.169912,425.9836431,1246.639122,1308.999517,1517.619419,1567.708664,475.0687774,1414.158792,1464.248037,1748.212957,1786.409573,537.9188866,1597.957332,1636.153948,298.3651913,325.8500722,357.8977798,166.1902921,184.5054493,211.6180032,-38.57184028,-35.28674408,-31.59689647,-62.36039489,-50.08924462,-38.19661619
69,2018,61.9,Freirina,100,-71.0935821,-28.50068742,80,1.747450997,303.6900675,0.75,-0.5,4,8,0.56752347,0.879647732,0.280029535,0.570000002,0.780477941,0.306923062,0.002476532,-0.099169791,0.026893526,1541.37955,1148.205723,633.1304417,1338.333257,945.15943,1197.231373,857.5608971,501.9279267,1041.291206,701.62073,785.700824,520.0530339,347.4695274,696.9791513,431.3313611,1298.809517,1361.169912,425.9836431,1246.639122,1308.999517,1517.619419,1567.708664,475.0687774,1414.158792,1464.248037,1748.212957,1786.409573,537.9188866,1597.957332,1636.153948,298.3651913,325.8500722,357.8977798,166.1902921,184.5054493,211.6180032,-38.57184028,-35.28674408,-31.59689647,-62.36039489,-50.08924462,-38.19661619
70,2018,72.9,Freirina,100,-71.0935495,-28.50058866,80,1.747450997,303.6900675,0.75,-0.5,4,8,0.566775239,0.914427876,0.280042917,0.620598268,0.817409754,0.321751088,0.053823029,-0.097018123,0.041708171,1541.37955,1148.205723,633.1304417,1338.333257,945.15943,1197.231373,857.5608971,501.9279267,1041.291206,701.62073,785.700824,520.0530339,347.4695274,696.9791513,431.3313611,1298.809517,1361.169912,425.9836431,1246.639122,1308.999517,1517.619419,1567.708664,475.0687774,1414.158792,1464.248037,1748.212957,1786.409573,537.9188866,1597.957332,1636.153948,298.3651913,325.8500722,357.8977798,166.1902921,184.5054493,211.6180032,-38.57184028,-35.28674408,-31.59689647,-62.36039489,-50.08924462,-38.19661619
71,2018,96.5,Freirina,100,-71.09351691,-28.50048991,80,0.342805543,225,0.375,-0.375,1,16,0.559393445,0.901386738,0.270138323,0.593950861,0.790994048,0.308240682,0.034557416,-0.11039269,0.038102359,1541.37955,1148.205723,633.1304417,1338.333257,945.15943,1197.231373,857.5608971,501.9279267,1041.291206,701.62073,785.700824,520.0530339,347.4695274,696.9791513,431.3313611,1298.809517,1361.169912,425.9836431,1246.639122,1308.999517,1517.619419,1567.708664,475.0687774,1414.158792,1464.248037,1748.212957,1786.409573,537.9188866,1597.957332,1636.153948,298.3651913,325.8500722,357.8977798,166.1902921,184.5054493,211.6180032,-38.57184028,-35.28674408,-31.59689647,-62.36039489,-50.08924462,-38.19661619
73,2018,86.5,Freirina,100,-71.09345261,-28.5003375,80,0.342805543,225,0.375,-0.375,1,16,0.558080826,0.913178265,0.269658357,0.606158841,0.83518523,0.300482064,0.048078015,-0.077993035,0.030823708,1541.37955,1148.205723,633.1304417,1338.333257,945.15943,1197.231373,857.5608971,501.9279267,1041.291206,701.62073,785.700824,520.0530339,347.4695274,696.9791513,431.3313611,1298.809517,1361.169912,425.9836431,1246.639122,1308.999517,1517.619419,1567.708664,475.0687774,1414.158792,1464.248037,1748.212957,1786.409573,537.9188866,1597.957332,1636.153948,298.3651913,325.8500722,357.8977798,166.1902921,184.5054493,211.6180032,-38.57184028,-35.28674408,-31.59689647,-62.36039489,-50.08924462,-38.19661619
74,2018,145.9,Freirina,100,-71.09343041,-28.50024761,80,0.342805543,225,0.375,-0.375,1,16,0.568082577,0.90178138,0.285476804,0.610658775,0.816360593,0.321345121,0.042576198,-0.085420787,0.035868317,1541.37955,1148.205723,633.1304417,1338.333257,945.15943,1197.231373,857.5608971,501.9279267,1041.291206,701.62073,785.700824,520.0530339,347.4695274,696.9791513,431.3313611,1298.809517,1361.169912,425.9836431,1246.639122,1308.999517,1517.619419,1567.708664,475.0687774,1414.158792,1464.248037,1748.212957,1786.409573,537.9188866,1597.957332,1636.153948,298.3651913,325.8500722,357.8977798,166.1902921,184.5054493,211.6180032,-38.57184028,-35.28674408,-31.59689647,-62.36039489,-50.08924462,-38.19661619
75,2018,40,Freirina,100,-71.09339817,-28.5001669,80,0.342805543,315,0.375,-0.125,2,32,0.557729949,0.890736341,0.282925218,0.589705337,0.811304748,0.308748871,0.031975388,-0.079431593,0.025823653,1541.37955,1148.205723,633.1304417,1338.333257,945.15943,1197.231373,857.5608971,501.9279267,1041.291206,701.62073,785.700824,520.0530339,347.4695274,696.9791513,431.3313611,1298.809517,1361.169912,425.9836431,1246.639122,1308.999517,1517.619419,1567.708664,475.0687774,1414.158792,1464.248037,1748.212957,1786.409573,537.9188866,1597.957332,1636.153948,298.3651913,325.8500722,357.8977798,166.1902921,184.5054493,211.6180032,-38.57184028,-35.28674408,-31.59689647,-62.36039489,-50.08924462,-38.19661619
76,2018,69.9,Freirina,100,-71.09339604,-28.50005865,80,0.342805543,315,0.375,-0.125,2,32,0.55127701,0.868433535,0.278926432,0.579107902,0.783039212,0.298898071,0.027830892,-0.085394323,0.019971639,1541.37955,1148.205723,633.1304417,1338.333257,945.15943,1197.231373,857.5608971,501.9279267,1041.291206,701.62073,785.700824,520.0530339,347.4695274,696.9791513,431.3313611,1298.809517,1361.169912,425.9836431,1246.639122,1308.999517,1517.619419,1567.708664,475.0687774,1414.158792,1464.248037,1748.212957,1786.409573,537.9188866,1597.957332,1636.153948,298.3651913,325.8500722,357.8977798,166.1902921,184.5054493,211.6180032,-38.57184028,-35.28674408,-31.59689647,-62.36039489,-50.08924462,-38.19661619
77,2018,41,Freirina,100,-71.09328425,-28.50008744,81,1.71353711,278.1301024,0.875,0.375,2,64,0.525135345,0.849038959,0.268520951,0.552395206,0.745791256,0.288581848,0.027259861,-0.103247702,0.020060897,1541.37955,1148.205723,633.1304417,1338.333257,945.15943,1197.231373,857.5608971,501.9279267,1041.291206,701.62073,785.700824,520.0530339,347.4695274,696.9791513,431.3313611,1298.809517,1361.169912,425.9836431,1246.639122,1308.999517,1517.619419,1567.708664,475.0687774,1414.158792,1464.248037,1748.212957,1786.409573,537.9188866,1597.957332,1636.153948,298.3651913,325.8500722,357.8977798,166.1902921,184.5054493,211.6180032,-38.57184028,-35.28674408,-31.59689647,-62.36039489,-50.08924462,-38.19661619
78,2018,54.8,Freirina,100,-71.09330663,-28.50018635,80,0.342805543,315,0.375,-0.125,2,32,0.56760886,0.872262776,0.292596489,0.59954493,0.792605221,0.310527682,0.03193607,-0.079657555,0.017931193,1541.37955,1148.205723,633.1304417,1338.333257,945.15943,1197.231373,857.5608971,501.9279267,1041.291206,701.62073,785.700824,520.0530339,347.4695274,696.9791513,431.3313611,1298.809517,1361.169912,425.9836431,1246.639122,1308.999517,1517.619419,1567.708664,475.0687774,1414.158792,1464.248037,1748.212957,1786.409573,537.9188866,1597.957332,1636.153948,298.3651913,325.8500722,357.8977798,166.1902921,184.5054493,211.6180032,-38.57184028,-35.28674408,-31.59689647,-62.36039489,-50.08924462,-38.19661619
79,2018,155.7,Freirina,100,-71.09332865,-28.50026723,80,0.342805543,225,0.375,-0.375,1,16,0.559935657,0.894479752,0.27892065,0.607209924,0.808960319,0.316520959,0.047274267,-0.085519433,0.037600309,1541.37955,1148.205723,633.1304417,1338.333257,945.15943,1197.231373,857.5608971,501.9279267,1041.291206,701.62073,785.700824,520.0530339,347.4695274,696.9791513,431.3313611,1298.809517,1361.169912,425.9836431,1246.639122,1308.999517,1517.619419,1567.708664,475.0687774,1414.158792,1464.248037,1748.212957,1786.409573,537.9188866,1597.957332,1636.153948,298.3651913,325.8500722,357.8977798,166.1902921,184.5054493,211.6180032,-38.57184028,-35.28674408,-31.59689647,-62.36039489,-50.08924462,-38.19661619
80,2018,121.2,Freirina,100,-71.09335103,-28.50036614,80,0.342805543,225,0.375,-0.375,1,16,0.552941179,0.897868097,0.273878098,0.61324304,0.808519602,0.319273949,0.060301861,-0.089348495,0.045395851,1541.37955,1148.205723,633.1304417,1338.333257,945.15943,1197.231373,857.5608971,501.9279267,1041.291206,701.62073,785.700824,520.0530339,347.4695274,696.9791513,431.3313611,1298.809517,1361.169912,425.9836431,1246.639122,1308.999517,1517.619419,1567.708664,475.0687774,1414.158792,1464.248037,1748.212957,1786.409573,537.9188866,1597.957332,1636.153948,298.3651913,325.8500722,357.8977798,166.1902921,184.5054493,211.6180032,-38.57184028,-35.28674408,-31.59689647,-62.36039489,-50.08924462,-38.19661619
81,2018,72.1,Freirina,100,-71.0933727,-28.50042897,80,0.342805543,225,0.375,-0.375,1,16,0.539236255,0.892672896,0.261072725,0.603531288,0.827160478,0.301121205,0.064295033,-0.065512419,0.04004848,1541.37955,1148.205723,633.1304417,1338.333257,945.15943,1197.231373,857.5608971,501.9279267,1041.291206,701.62073,785.700824,520.0530339,347.4695274,696.9791513,431.3313611,1298.809517,1361.169912,425.9836431,1246.639122,1308.999517,1517.619419,1567.708664,475.0687774,1414.158792,1464.248037,1748.212957,1786.409573,537.9188866,1597.957332,1636.153948,298.3651913,325.8500722,357.8977798,166.1902921,184.5054493,211.6180032,-38.57184028,-35.28674408,-31.59689647,-62.36039489,-50.08924462,-38.19661619
82,2018,45.5,Freirina,100,-71.09340494,-28.50050968,80,1.747450997,303.6900675,0.75,-0.5,4,8,0.545182004,0.915074289,0.26032719,0.598710719,0.83025831,0.297915012,0.053528715,-0.084815979,0.037587821,1541.37955,1148.205723,633.1304417,1338.333257,945.15943,1197.231373,857.5608971,501.9279267,1041.291206,701.62073,785.700824,520.0530339,347.4695274,696.9791513,431.3313611,1298.809517,1361.169912,425.9836431,1246.639122,1308.999517,1517.619419,1567.708664,475.0687774,1414.158792,1464.248037,1748.212957,1786.409573,537.9188866,1597.957332,1636.153948,298.3651913,325.8500722,357.8977798,166.1902921,184.5054493,211.6180032,-38.57184028,-35.28674408,-31.59689647,-62.36039489,-50.08924462,-38.19661619
83,2018,44,Freirina,100,-71.09342732,-28.50060859,80,1.747450997,303.6900675,0.75,-0.5,4,8,0.56887753,0.918876767,0.272986919,0.616804087,0.831036031,0.312243283,0.047926557,-0.087840736,0.039256364,1541.37955,1148.205723,633.1304417,1338.333257,945.15943,1197.231373,857.5608971,501.9279267,1041.291206,701.62073,785.700824,520.0530339,347.4695274,696.9791513,431.3313611,1298.809517,1361.169912,425.9836431,1246.639122,1308.999517,1517.619419,1567.708664,475.0687774,1414.158792,1464.248037,1748.212957,1786.409573,537.9188866,1597.957332,1636.153948,298.3651913,325.8500722,357.8977798,166.1902921,184.5054493,211.6180032,-38.57184028,-35.28674408,-31.59689647,-62.36039489,-50.08924462,-38.19661619
86,2018,37,Freirina,100,-71.09350432,-28.50088713,81,3.248691813,296.5650512,1.25,0,4,16,0.557507297,0.922560632,0.270531714,0.617994097,0.812474191,0.325985491,0.0604868,-0.110086441,0.055453777,1541.37955,1148.205723,633.1304417,1338.333257,945.15943,1197.231373,857.5608971,501.9279267,1041.291206,701.62073,785.700824,520.0530339,347.4695274,696.9791513,431.3313611,1298.809517,1361.169912,425.9836431,1246.639122,1308.999517,1517.619419,1567.708664,475.0687774,1414.158792,1464.248037,1748.212957,1786.409573,537.9188866,1597.957332,1636.153948,298.3651913,325.8500722,357.8977798,166.1902921,184.5054493,211.6180032,-38.57184028,-35.28674408,-31.59689647,-62.36039489,-50.08924462,-38.19661619
87,2018,94,Freirina,100,-71.09353656,-28.50096784,81,3.248691813,296.5650512,1.25,0,4,16,0.553608662,0.910723448,0.26909557,0.611702122,0.805874825,0.316430807,0.05809346,-0.104848623,0.047335237,1541.37955,1148.205723,633.1304417,1338.333257,945.15943,1197.231373,857.5608971,501.9279267,1041.291206,701.62073,785.700824,520.0530339,347.4695274,696.9791513,431.3313611,1298.809517,1361.169912,425.9836431,1246.639122,1308.999517,1517.619419,1567.708664,475.0687774,1414.158792,1464.248037,1748.212957,1786.409573,537.9188866,1597.957332,1636.153948,298.3651913,325.8500722,357.8977798,166.1902921,184.5054493,211.6180032,-38.57184028,-35.28674408,-31.59689647,-62.36039489,-50.08924462,-38.19661619
88,2018,19.46,Freirina,100,-71.09356898,-28.50105758,82,2.422585452,270,1.375,0.875,4,32,0.542272889,0.867619097,0.274227738,0.551615447,0.758820951,0.278588474,0.009342558,-0.108798146,0.004360735,1541.37955,1148.205723,633.1304417,1338.333257,945.15943,1197.231373,857.5608971,501.9279267,1041.291206,701.62073,785.700824,520.0530339,347.4695274,696.9791513,431.3313611,1298.809517,1361.169912,425.9836431,1246.639122,1308.999517,1517.619419,1567.708664,475.0687774,1414.158792,1464.248037,1748.212957,1786.409573,537.9188866,1597.957332,1636.153948,298.3651913,325.8500722,357.8977798,166.1902921,184.5054493,211.6180032,-38.57184028,-35.28674408,-31.59689647,-62.36039489,-50.08924462,-38.19661619
89,2018,47,Freirina,100,-71.09358097,-28.50114762,82,2.422585452,270,1.375,0.875,4,32,0.571051643,0.844247758,0.296942383,0.542880255,0.754369855,0.269405782,-0.028171388,-0.089877903,-0.027536601,1541.37955,1148.205723,633.1304417,1338.333257,945.15943,1197.231373,857.5608971,501.9279267,1041.291206,701.62073,785.700824,520.0530339,347.4695274,696.9791513,431.3313611,1298.809517,1361.169912,425.9836431,1246.639122,1308.999517,1517.619419,1567.708664,475.0687774,1414.158792,1464.248037,1748.212957,1786.409573,537.9188866,1597.957332,1636.153948,298.3651913,325.8500722,357.8977798,166.1902921,184.5054493,211.6180032,-38.57184028,-35.28674408,-31.59689647,-62.36039489,-50.08924462,-38.19661619
90,2018,45.5,Freirina,100,-71.09361321,-28.50122834,80,2.084309673,305.5376778,0.875,-0.375,3,64,0.56867376,0.877531826,0.287428737,0.623538303,0.807643831,0.324075311,0.054864543,-0.069887996,0.036646575,1541.37955,1148.205723,633.1304417,1338.333257,945.15943,1197.231373,857.5608971,501.9279267,1041.291206,701.62073,785.700824,520.0530339,347.4695274,696.9791513,431.3313611,1298.809517,1361.169912,425.9836431,1246.639122,1308.999517,1517.619419,1567.708664,475.0687774,1414.158792,1464.248037,1748.212957,1786.409573,537.9188866,1597.957332,1636.153948,298.3651913,325.8500722,357.8977798,166.1902921,184.5054493,211.6180032,-38.57184028,-35.28674408,-31.59689647,-62.36039489,-50.08924462,-38.19661619
91,2018,54.7,Freirina,100,-71.09363541,-28.50131823,81,0.969519521,270,0.75,0.5,2,64,0.556182042,0.90814817,0.276827484,0.647270122,0.811932027,0.347250789,0.09108808,-0.096216142,0.070423305,1541.37955,1148.205723,633.1304417,1338.333257,945.15943,1197.231373,857.5608971,501.9279267,1041.291206,701.62073,785.700824,520.0530339,347.4695274,696.9791513,431.3313611,1298.809517,1361.169912,425.9836431,1246.639122,1308.999517,1517.619419,1567.708664,475.0687774,1414.158792,1464.248037,1748.212957,1786.409573,537.9188866,1597.957332,1636.153948,298.3651913,325.8500722,357.8977798,166.1902921,184.5054493,211.6180032,-38.57184028,-35.28674408,-31.59689647,-62.36039489,-50.08924462,-38.19661619
92,2018,38.9,Freirina,100,-71.093668,-28.50141698,81,0.969519521,270,0.75,0.5,2,64,0.559080112,0.88947618,0.281175226,0.624495783,0.805216014,0.330594003,0.065415671,-0.084260166,0.049418777,1541.37955,1148.205723,633.1304417,1338.333257,945.15943,1197.231373,857.5608971,501.9279267,1041.291206,701.62073,785.700824,520.0530339,347.4695274,696.9791513,431.3313611,1298.809517,1361.169912,425.9836431,1246.639122,1308.999517,1517.619419,1567.708664,475.0687774,1414.158792,1464.248037,1748.212957,1786.409573,537.9188866,1597.957332,1636.153948,298.3651913,325.8500722,357.8977798,166.1902921,184.5054493,211.6180032,-38.57184028,-35.28674408,-31.59689647,-62.36039489,-50.08924462,-38.19661619
93,2018,58.4,Freirina,100,-71.09369074,-28.50153394,81,0.969519521,270,0.75,0.5,2,64,0.552795022,0.873126864,0.270060688,0.632930509,0.816043675,0.328713387,0.080135487,-0.057083189,0.058652699,1541.37955,1148.205723,633.1304417,1338.333257,945.15943,1197.231373,857.5608971,501.9279267,1041.291206,701.62073,785.700824,520.0530339,347.4695274,696.9791513,431.3313611,1298.809517,1361.169912,425.9836431,1246.639122,1308.999517,1517.619419,1567.708664,475.0687774,1414.158792,1464.248037,1748.212957,1786.409573,537.9188866,1597.957332,1636.153948,298.3651913,325.8500722,357.8977798,166.1902921,184.5054493,211.6180032,-38.57184028,-35.28674408,-31.59689647,-62.36039489,-50.08924462,-38.19661619
94,2018,77.86,Freirina,100,-71.09371259,-28.50160579,81,0.969519521,270,0.75,0.5,2,64,0.542168678,0.873170793,0.27036047,0.603850425,0.773955762,0.317686021,0.061681747,-0.099215031,0.047325552,1541.37955,1148.205723,633.1304417,1338.333257,945.15943,1197.231373,857.5608971,501.9279267,1041.291206,701.62073,785.700824,520.0530339,347.4695274,696.9791513,431.3313611,1298.809517,1361.169912,425.9836431,1246.639122,1308.999517,1517.619419,1567.708664,475.0687774,1414.158792,1464.248037,1748.212957,1786.409573,537.9188866,1597.957332,1636.153948,298.3651913,325.8500722,357.8977798,166.1902921,184.5054493,211.6180032,-38.57184028,-35.28674408,-31.59689647,-62.36039489,-50.08924462,-38.19661619
95,2018,75,Freirina,100,-71.09376543,-28.5016952,81,1.71353711,188.1301024,0.875,0.125,4,2,0.506297219,0.860031128,0.245055526,0.558306693,0.781735182,0.279450953,0.052009474,-0.078295946,0.034395427,1541.37955,1148.205723,633.1304417,1338.333257,945.15943,1197.231373,857.5608971,501.9279267,1041.291206,701.62073,785.700824,520.0530339,347.4695274,696.9791513,431.3313611,1298.809517,1361.169912,425.9836431,1246.639122,1308.999517,1517.619419,1567.708664,475.0687774,1414.158792,1464.248037,1748.212957,1786.409573,537.9188866,1597.957332,1636.153948,298.3651913,325.8500722,357.8977798,166.1902921,184.5054493,211.6180032,-38.57184028,-35.28674408,-31.59689647,-62.36039489,-50.08924462,-38.19661619
96,2018,51,Freirina,100,-71.09359884,-28.50153535,81,1.71353711,188.1301024,0.875,0.125,4,2,0.537704915,0.875999987,0.264516115,0.622612677,0.803056061,0.320950389,0.084907762,-0.072943926,0.056434274,1541.37955,1148.205723,633.1304417,1338.333257,945.15943,1197.231373,857.5608971,501.9279267,1041.291206,701.62073,785.700824,520.0530339,347.4695274,696.9791513,431.3313611,1298.809517,1361.169912,425.9836431,1246.639122,1308.999517,1517.619419,1567.708664,475.0687774,1414.158792,1464.248037,1748.212957,1786.409573,537.9188866,1597.957332,1636.153948,298.3651913,325.8500722,357.8977798,166.1902921,184.5054493,211.6180032,-38.57184028,-35.28674408,-31.59689647,-62.36039489,-50.08924462,-38.19661619
97,2018,40,Freirina,100,-71.09357646,-28.50143644,81,1.71353711,188.1301024,0.875,0.125,4,2,0.559080112,0.88947618,0.281175226,0.624495783,0.805216014,0.330594003,0.065415671,-0.084260166,0.049418777,1541.37955,1148.205723,633.1304417,1338.333257,945.15943,1197.231373,857.5608971,501.9279267,1041.291206,701.62073,785.700824,520.0530339,347.4695274,696.9791513,431.3313611,1298.809517,1361.169912,425.9836431,1246.639122,1308.999517,1517.619419,1567.708664,475.0687774,1414.158792,1464.248037,1748.212957,1786.409573,537.9188866,1597.957332,1636.153948,298.3651913,325.8500722,357.8977798,166.1902921,184.5054493,211.6180032,-38.57184028,-35.28674408,-31.59689647,-62.36039489,-50.08924462,-38.19661619
98,2018,45.5,Freirina,100,-71.09354369,-28.50132867,81,1.71353711,188.1301024,0.875,0.125,4,2,0.552470395,0.895314097,0.272452682,0.662393156,0.80092597,0.357325822,0.109922761,-0.094388127,0.08487314,1541.37955,1148.205723,633.1304417,1338.333257,945.15943,1197.231373,857.5608971,501.9279267,1041.291206,701.62073,785.700824,520.0530339,347.4695274,696.9791513,431.3313611,1298.809517,1361.169912,425.9836431,1246.639122,1308.999517,1517.619419,1567.708664,475.0687774,1414.158792,1464.248037,1748.212957,1786.409573,537.9188866,1597.957332,1636.153948,298.3651913,325.8500722,357.8977798,166.1902921,184.5054493,211.6180032,-38.57184028,-35.28674408,-31.59689647,-62.36039489,-50.08924462,-38.19661619
103,2018,69.4,Freirina,100,-71.09341278,-28.50090659,81,3.248691813,296.5650512,1.25,0,4,16,0.551695613,0.904568493,0.269749254,0.627300619,0.813675225,0.322555214,0.075605006,-0.090893269,0.05280596,1541.37955,1148.205723,633.1304417,1338.333257,945.15943,1197.231373,857.5608971,501.9279267,1041.291206,701.62073,785.700824,520.0530339,347.4695274,696.9791513,431.3313611,1298.809517,1361.169912,425.9836431,1246.639122,1308.999517,1517.619419,1567.708664,475.0687774,1414.158792,1464.248037,1748.212957,1786.409573,537.9188866,1597.957332,1636.153948,298.3651913,325.8500722,357.8977798,166.1902921,184.5054493,211.6180032,-38.57184028,-35.28674408,-31.59689647,-62.36039489,-50.08924462,-38.19661619
104,2018,98,Freirina,100,-71.09338036,-28.50081685,81,3.248691813,296.5650512,1.25,0,4,16,0.547250836,0.914938867,0.260780543,0.615832354,0.809647977,0.314174473,0.068581518,-0.10529089,0.05339393,1541.37955,1148.205723,633.1304417,1338.333257,945.15943,1197.231373,857.5608971,501.9279267,1041.291206,701.62073,785.700824,520.0530339,347.4695274,696.9791513,431.3313611,1298.809517,1361.169912,425.9836431,1246.639122,1308.999517,1517.619419,1567.708664,475.0687774,1414.158792,1464.248037,1748.212957,1786.409573,537.9188866,1597.957332,1636.153948,298.3651913,325.8500722,357.8977798,166.1902921,184.5054493,211.6180032,-38.57184028,-35.28674408,-31.59689647,-62.36039489,-50.08924462,-38.19661619
105,2018,54.7,Freirina,100,-71.09335816,-28.50072696,80,1.747450997,303.6900675,0.75,-0.5,4,8,0.567018683,0.912741721,0.280621827,0.639442997,0.824120641,0.332832724,0.072424314,-0.08862108,0.052210897,1541.37955,1148.205723,633.1304417,1338.333257,945.15943,1197.231373,857.5608971,501.9279267,1041.291206,701.62073,785.700824,520.0530339,347.4695274,696.9791513,431.3313611,1298.809517,1361.169912,425.9836431,1246.639122,1308.999517,1517.619419,1567.708664,475.0687774,1414.158792,1464.248037,1748.212957,1786.409573,537.9188866,1597.957332,1636.153948,298.3651913,325.8500722,357.8977798,166.1902921,184.5054493,211.6180032,-38.57184028,-35.28674408,-31.59689647,-62.36039489,-50.08924462,-38.19661619
106,2018,69.4,Freirina,100,-71.09333595,-28.50063707,80,1.747450997,303.6900675,0.75,-0.5,4,8,0.573135546,0.915704966,0.280934423,0.613766713,0.818965554,0.316152334,0.040631167,-0.096739411,0.035217911,1541.37955,1148.205723,633.1304417,1338.333257,945.15943,1197.231373,857.5608971,501.9279267,1041.291206,701.62073,785.700824,520.0530339,347.4695274,696.9791513,431.3313611,1298.809517,1361.169912,425.9836431,1246.639122,1308.999517,1517.619419,1567.708664,475.0687774,1414.158792,1464.248037,1748.212957,1786.409573,537.9188866,1597.957332,1636.153948,298.3651913,325.8500722,357.8977798,166.1902921,184.5054493,211.6180032,-38.57184028,-35.28674408,-31.59689647,-62.36039489,-50.08924462,-38.19661619
107,2018,202.4,Freirina,100,-71.09330336,-28.50053831,80,1.747450997,303.6900675,0.75,-0.5,4,8,0.547738682,0.912053764,0.265565783,0.597428691,0.810564697,0.29783684,0.049690009,-0.101489067,0.032271057,1541.37955,1148.205723,633.1304417,1338.333257,945.15943,1197.231373,857.5608971,501.9279267,1041.291206,701.62073,785.700824,520.0530339,347.4695274,696.9791513,431.3313611,1298.809517,1361.169912,425.9836431,1246.639122,1308.999517,1517.619419,1567.708664,475.0687774,1414.158792,1464.248037,1748.212957,1786.409573,537.9188866,1597.957332,1636.153948,298.3651913,325.8500722,357.8977798,166.1902921,184.5054493,211.6180032,-38.57184028,-35.28674408,-31.59689647,-62.36039489,-50.08924462,-38.19661619
108,2018,163.4,Freirina,100,-71.09328151,-28.50046646,80,1.938484153,270,1,-1,2,32,0.536006561,0.88738054,0.263971001,0.611111113,0.815696657,0.310084701,0.075104552,-0.071683884,0.0461137,1541.37955,1148.205723,633.1304417,1338.333257,945.15943,1197.231373,857.5608971,501.9279267,1041.291206,701.62073,785.700824,520.0530339,347.4695274,696.9791513,431.3313611,1298.809517,1361.169912,425.9836431,1246.639122,1308.999517,1517.619419,1567.708664,475.0687774,1414.158792,1464.248037,1748.212957,1786.409573,537.9188866,1597.957332,1636.153948,298.3651913,325.8500722,357.8977798,166.1902921,184.5054493,211.6180032,-38.57184028,-35.28674408,-31.59689647,-62.36039489,-50.08924462,-38.19661619
109,2018,176.2,Freirina,100,-71.0932491,-28.50037673,80,1.938484153,270,1,-1,2,32,0.561403522,0.896368027,0.281299949,0.596537457,0.815147638,0.310500205,0.035133935,-0.081220388,0.029200256,1541.37955,1148.205723,633.1304417,1338.333257,945.15943,1197.231373,857.5608971,501.9279267,1041.291206,701.62073,785.700824,520.0530339,347.4695274,696.9791513,431.3313611,1298.809517,1361.169912,425.9836431,1246.639122,1308.999517,1517.619419,1567.708664,475.0687774,1414.158792,1464.248037,1748.212957,1786.409573,537.9188866,1597.957332,1636.153948,298.3651913,325.8500722,357.8977798,166.1902921,184.5054493,211.6180032,-38.57184028,-35.28674408,-31.59689647,-62.36039489,-50.08924462,-38.19661619
110,2018,213.1,Freirina,100,-71.09322707,-28.50029586,80,1.938484153,270,1,-1,2,32,0.561403522,0.896368027,0.281299949,0.596537457,0.815147638,0.310500205,0.035133935,-0.081220388,0.029200256,1541.37955,1148.205723,633.1304417,1338.333257,945.15943,1197.231373,857.5608971,501.9279267,1041.291206,701.62073,785.700824,520.0530339,347.4695274,696.9791513,431.3313611,1298.809517,1361.169912,425.9836431,1246.639122,1308.999517,1517.619419,1567.708664,475.0687774,1414.158792,1464.248037,1748.212957,1786.409573,537.9188866,1597.957332,1636.153948,298.3651913,325.8500722,357.8977798,166.1902921,184.5054493,211.6180032,-38.57184028,-35.28674408,-31.59689647,-62.36039489,-50.08924462,-38.19661619
111,2018,137.7,Freirina,100,-71.09320487,-28.50020597,81,1.71353711,278.1301024,0.875,0.375,2,64,0.585023403,0.898178458,0.297461659,0.609848493,0.80467099,0.316099495,0.02482509,-0.093507469,0.018637836,1541.37955,1148.205723,633.1304417,1338.333257,945.15943,1197.231373,857.5608971,501.9279267,1041.291206,701.62073,785.700824,520.0530339,347.4695274,696.9791513,431.3313611,1298.809517,1361.169912,425.9836431,1246.639122,1308.999517,1517.619419,1567.708664,475.0687774,1414.158792,1464.248037,1748.212957,1786.409573,537.9188866,1597.957332,1636.153948,298.3651913,325.8500722,357.8977798,166.1902921,184.5054493,211.6180032,-38.57184028,-35.28674408,-31.59689647,-62.36039489,-50.08924462,-38.19661619
112,2018,143.4,Freirina,100,-71.09318267,-28.50011608,81,1.71353711,278.1301024,0.875,0.375,2,64,0.566365,0.856951237,0.294432819,0.581412921,0.772977531,0.301883101,0.015047921,-0.083973706,0.007450283,1541.37955,1148.205723,633.1304417,1338.333257,945.15943,1197.231373,857.5608971,501.9279267,1041.291206,701.62073,785.700824,520.0530339,347.4695274,696.9791513,431.3313611,1298.809517,1361.169912,425.9836431,1246.639122,1308.999517,1517.619419,1567.708664,475.0687774,1414.158792,1464.248037,1748.212957,1786.409573,537.9188866,1597.957332,1636.153948,298.3651913,325.8500722,357.8977798,166.1902921,184.5054493,211.6180032,-38.57184028,-35.28674408,-31.59689647,-62.36039489,-50.08924462,-38.19661619
113,2018,167.7,Freirina,100,-71.09307105,-28.50015389,81,1.71353711,278.1301024,0.875,0.375,2,64,0.542300193,0.876660347,0.275809646,0.570057579,0.783689559,0.2928994,0.027757386,-0.092970788,0.017089754,1541.37955,1148.205723,633.1304417,1338.333257,945.15943,1197.231373,857.5608971,501.9279267,1041.291206,701.62073,785.700824,520.0530339,347.4695274,696.9791513,431.3313611,1298.809517,1361.169912,425.9836431,1246.639122,1308.999517,1517.619419,1567.708664,475.0687774,1414.158792,1464.248037,1748.212957,1786.409573,537.9188866,1597.957332,1636.153948,298.3651913,325.8500722,357.8977798,166.1902921,184.5054493,211.6180032,-38.57184028,-35.28674408,-31.59689647,-62.36039489,-50.08924462,-38.19661619
114,2018,132.5,Freirina,100,-71.09310311,-28.50022558,81,1.71353711,278.1301024,0.875,0.375,2,64,0.58320375,0.916235268,0.297147393,0.611636366,0.812678933,0.325548381,0.028432616,-0.103556335,0.028400987,1541.37955,1148.205723,633.1304417,1338.333257,945.15943,1197.231373,857.5608971,501.9279267,1041.291206,701.62073,785.700824,520.0530339,347.4695274,696.9791513,431.3313611,1298.809517,1361.169912,425.9836431,1246.639122,1308.999517,1517.619419,1567.708664,475.0687774,1414.158792,1464.248037,1748.212957,1786.409573,537.9188866,1597.957332,1636.153948,298.3651913,325.8500722,357.8977798,166.1902921,184.5054493,211.6180032,-38.57184028,-35.28674408,-31.59689647,-62.36039489,-50.08924462,-38.19661619
115,2018,119.9,Freirina,100,-71.09312496,-28.50029743,80,1.938484153,270,1,-1,2,32,0.567170278,0.889709473,0.279701978,0.564102573,0.814126372,0.304303288,-0.003067705,-0.0755831,0.02460131,1541.37955,1148.205723,633.1304417,1338.333257,945.15943,1197.231373,857.5608971,501.9279267,1041.291206,701.62073,785.700824,520.0530339,347.4695274,696.9791513,431.3313611,1298.809517,1361.169912,425.9836431,1246.639122,1308.999517,1517.619419,1567.708664,475.0687774,1414.158792,1464.248037,1748.212957,1786.409573,537.9188866,1597.957332,1636.153948,298.3651913,325.8500722,357.8977798,166.1902921,184.5054493,211.6180032,-38.57184028,-35.28674408,-31.59689647,-62.36039489,-50.08924462,-38.19661619
116,2018,98.4,Freirina,100,-71.09315755,-28.50039619,80,1.938484153,270,1,-1,2,32,0.544087767,0.899050474,0.269199848,0.605655933,0.816081762,0.306520015,0.061568166,-0.082968712,0.037320167,1541.37955,1148.205723,633.1304417,1338.333257,945.15943,1197.231373,857.5608971,501.9279267,1041.291206,701.62073,785.700824,520.0530339,347.4695274,696.9791513,431.3313611,1298.809517,1361.169912,425.9836431,1246.639122,1308.999517,1517.619419,1567.708664,475.0687774,1414.158792,1464.248037,1748.212957,1786.409573,537.9188866,1597.957332,1636.153948,298.3651913,325.8500722,357.8977798,166.1902921,184.5054493,211.6180032,-38.57184028,-35.28674408,-31.59689647,-62.36039489,-50.08924462,-38.19661619
117,2018,83.1,Freirina,100,-71.09317958,-28.50047706,80,1.938484153,270,1,-1,2,32,0.553801424,0.901372671,0.26994735,0.619379849,0.816521764,0.316226929,0.065578425,-0.084850907,0.046279579,1541.37955,1148.205723,633.1304417,1338.333257,945.15943,1197.231373,857.5608971,501.9279267,1041.291206,701.62073,785.700824,520.0530339,347.4695274,696.9791513,431.3313611,1298.809517,1361.169912,425.9836431,1246.639122,1308.999517,1517.619419,1567.708664,475.0687774,1414.158792,1464.248037,1748.212957,1786.409573,537.9188866,1597.957332,1636.153948,298.3651913,325.8500722,357.8977798,166.1902921,184.5054493,211.6180032,-38.57184028,-35.28674408,-31.59689647,-62.36039489,-50.08924462,-38.19661619
118,2018,98.1,Freirina,100,-71.0932016,-28.50055793,81,2.398265815,315,1,-0.25,3,64,0.553801424,0.901372671,0.26994735,0.619379849,0.816521764,0.316226929,0.065578425,-0.084850907,0.046279579,1541.37955,1148.205723,633.1304417,1338.333257,945.15943,1197.231373,857.5608971,501.9279267,1041.291206,701.62073,785.700824,520.0530339,347.4695274,696.9791513,431.3313611,1298.809517,1361.169912,425.9836431,1246.639122,1308.999517,1517.619419,1567.708664,475.0687774,1414.158792,1464.248037,1748.212957,1786.409573,537.9188866,1597.957332,1636.153948,298.3651913,325.8500722,357.8977798,166.1902921,184.5054493,211.6180032,-38.57184028,-35.28674408,-31.59689647,-62.36039489,-50.08924462,-38.19661619
119,2018,83.1,Freirina,100,-71.09324441,-28.50065653,81,2.398265815,315,1,-0.25,3,64,0.572146991,0.891112149,0.292485148,0.641146724,0.817027628,0.358003765,0.068999733,-0.07408452,0.065518618,1541.37955,1148.205723,633.1304417,1338.333257,945.15943,1197.231373,857.5608971,501.9279267,1041.291206,701.62073,785.700824,520.0530339,347.4695274,696.9791513,431.3313611,1298.809517,1361.169912,425.9836431,1246.639122,1308.999517,1517.619419,1567.708664,475.0687774,1414.158792,1464.248037,1748.212957,1786.409573,537.9188866,1597.957332,1636.153948,298.3651913,325.8500722,357.8977798,166.1902921,184.5054493,211.6180032,-38.57184028,-35.28674408,-31.59689647,-62.36039489,-50.08924462,-38.19661619
120,2018,83.1,Freirina,100,-71.09327665,-28.50073724,81,2.398265815,315,1,-0.25,3,64,0.574835516,0.914043009,0.282158226,0.627871939,0.840715528,0.326649249,0.053036423,-0.073327482,0.044491023,1541.37955,1148.205723,633.1304417,1338.333257,945.15943,1197.231373,857.5608971,501.9279267,1041.291206,701.62073,785.700824,520.0530339,347.4695274,696.9791513,431.3313611,1298.809517,1361.169912,425.9836431,1246.639122,1308.999517,1517.619419,1567.708664,475.0687774,1414.158792,1464.248037,1748.212957,1786.409573,537.9188866,1597.957332,1636.153948,298.3651913,325.8500722,357.8977798,166.1902921,184.5054493,211.6180032,-38.57184028,-35.28674408,-31.59689647,-62.36039489,-50.08924462,-38.19661619
121,2018,102,Freirina,100,-71.09329903,-28.50083615,83,2.084309673,324.4623222,1.25,1.25,3,32,0.567188797,0.93289274,0.277942359,0.616564423,0.839441538,0.317034721,0.049375626,-0.093451202,0.039092362,1541.37955,1148.205723,633.1304417,1338.333257,945.15943,1197.231373,857.5608971,501.9279267,1041.291206,701.62073,785.700824,520.0530339,347.4695274,696.9791513,431.3313611,1298.809517,1361.169912,425.9836431,1246.639122,1308.999517,1517.619419,1567.708664,475.0687774,1414.158792,1464.248037,1748.212957,1786.409573,537.9188866,1597.957332,1636.153948,298.3651913,325.8500722,357.8977798,166.1902921,184.5054493,211.6180032,-38.57184028,-35.28674408,-31.59689647,-62.36039489,-50.08924462,-38.19661619
122,2018,130.7,Freirina,100,-71.09331102,-28.5009262,81,3.248691813,296.5650512,1.25,0,4,16,0.564264641,0.927310467,0.272412866,0.623619038,0.84024179,0.322032779,0.059354397,-0.087068677,0.049619913,1541.37955,1148.205723,633.1304417,1338.333257,945.15943,1197.231373,857.5608971,501.9279267,1041.291206,701.62073,785.700824,520.0530339,347.4695274,696.9791513,431.3313611,1298.809517,1361.169912,425.9836431,1246.639122,1308.999517,1517.619419,1567.708664,475.0687774,1414.158792,1464.248037,1748.212957,1786.409573,537.9188866,1597.957332,1636.153948,298.3651913,325.8500722,357.8977798,166.1902921,184.5054493,211.6180032,-38.57184028,-35.28674408,-31.59689647,-62.36039489,-50.08924462,-38.19661619
123,2018,192.5,Freirina,100,-71.09334344,-28.50101593,81,3.248691813,296.5650512,1.25,0,4,16,0.5719149,0.924960911,0.274285704,0.619344776,0.838795424,0.314912736,0.047429876,-0.086165488,0.040627033,1541.37955,1148.205723,633.1304417,1338.333257,945.15943,1197.231373,857.5608971,501.9279267,1041.291206,701.62073,785.700824,520.0530339,347.4695274,696.9791513,431.3313611,1298.809517,1361.169912,425.9836431,1246.639122,1308.999517,1517.619419,1567.708664,475.0687774,1414.158792,1464.248037,1748.212957,1786.409573,537.9188866,1597.957332,1636.153948,298.3651913,325.8500722,357.8977798,166.1902921,184.5054493,211.6180032,-38.57184028,-35.28674408,-31.59689647,-62.36039489,-50.08924462,-38.19661619
124,2018,101,Freirina,100,-71.09337585,-28.50110567,82,2.422585452,270,1.375,0.875,4,32,0.553131316,0.897334695,0.274715722,0.567220529,0.784178853,0.294586807,0.014089213,-0.113155842,0.019871086,1541.37955,1148.205723,633.1304417,1338.333257,945.15943,1197.231373,857.5608971,501.9279267,1041.291206,701.62073,785.700824,520.0530339,347.4695274,696.9791513,431.3313611,1298.809517,1361.169912,425.9836431,1246.639122,1308.999517,1517.619419,1567.708664,475.0687774,1414.158792,1464.248037,1748.212957,1786.409573,537.9188866,1597.957332,1636.153948,298.3651913,325.8500722,357.8977798,166.1902921,184.5054493,211.6180032,-38.57184028,-35.28674408,-31.59689647,-62.36039489,-50.08924462,-38.19661619
125,2018,91,Freirina,100,-71.09338749,-28.50117768,82,2.422585452,270,1.375,0.875,4,32,0.553131316,0.897334695,0.274715722,0.567220529,0.784178853,0.294586807,0.014089213,-0.113155842,0.019871086,1541.37955,1148.205723,633.1304417,1338.333257,945.15943,1197.231373,857.5608971,501.9279267,1041.291206,701.62073,785.700824,520.0530339,347.4695274,696.9791513,431.3313611,1298.809517,1361.169912,425.9836431,1246.639122,1308.999517,1517.619419,1567.708664,475.0687774,1414.158792,1464.248037,1748.212957,1786.409573,537.9188866,1597.957332,1636.153948,298.3651913,325.8500722,357.8977798,166.1902921,184.5054493,211.6180032,-38.57184028,-35.28674408,-31.59689647,-62.36039489,-50.08924462,-38.19661619
126,2018,55,Freirina,100,-71.09343154,-28.50133942,81,1.71353711,188.1301024,0.875,0.125,4,2,0.562474744,0.888563037,0.279205143,0.660931905,0.810863614,0.355070621,0.098457161,-0.077699423,0.075865477,1541.37955,1148.205723,633.1304417,1338.333257,945.15943,1197.231373,857.5608971,501.9279267,1041.291206,701.62073,785.700824,520.0530339,347.4695274,696.9791513,431.3313611,1298.809517,1361.169912,425.9836431,1246.639122,1308.999517,1517.619419,1567.708664,475.0687774,1414.158792,1464.248037,1748.212957,1786.409573,537.9188866,1597.957332,1636.153948,298.3651913,325.8500722,357.8977798,166.1902921,184.5054493,211.6180032,-38.57184028,-35.28674408,-31.59689647,-62.36039489,-50.08924462,-38.19661619
127,2018,91,Freirina,100,-71.09346449,-28.50145621,81,1.71353711,188.1301024,0.875,0.125,4,2,0.543461237,0.877142847,0.275615573,0.665538251,0.798245609,0.370756865,0.122077014,-0.078897238,0.095141292,1541.37955,1148.205723,633.1304417,1338.333257,945.15943,1197.231373,857.5608971,501.9279267,1041.291206,701.62073,785.700824,520.0530339,347.4695274,696.9791513,431.3313611,1298.809517,1361.169912,425.9836431,1246.639122,1308.999517,1517.619419,1567.708664,475.0687774,1414.158792,1464.248037,1748.212957,1786.409573,537.9188866,1597.957332,1636.153948,298.3651913,325.8500722,357.8977798,166.1902921,184.5054493,211.6180032,-38.57184028,-35.28674408,-31.59689647,-62.36039489,-50.08924462,-38.19661619
128,2018,79.2,Freirina,100,-71.09349708,-28.50155497,81,1.71353711,188.1301024,0.875,0.125,4,2,0.425542174,0.855708897,0.187208489,0.531178882,0.816414714,0.243226349,0.105636708,-0.039294183,0.056017861,1541.37955,1148.205723,633.1304417,1338.333257,945.15943,1197.231373,857.5608971,501.9279267,1041.291206,701.62073,785.700824,520.0530339,347.4695274,696.9791513,431.3313611,1298.809517,1361.169912,425.9836431,1246.639122,1308.999517,1517.619419,1567.708664,475.0687774,1414.158792,1464.248037,1748.212957,1786.409573,537.9188866,1597.957332,1636.153948,298.3651913,325.8500722,357.8977798,166.1902921,184.5054493,211.6180032,-38.57184028,-35.28674408,-31.59689647,-62.36039489,-50.08924462,-38.19661619
129,2018,36.7,Freirina,100,-71.09339515,-28.50156556,80,1.71353711,188.1301024,0.875,0.125,4,2,0.451599155,0.855040848,0.216269583,0.533452292,0.781347156,0.247721627,0.081853137,-0.073693693,0.031452045,1541.37955,1148.205723,633.1304417,1338.333257,945.15943,1197.231373,857.5608971,501.9279267,1041.291206,701.62073,785.700824,520.0530339,347.4695274,696.9791513,431.3313611,1298.809517,1361.169912,425.9836431,1246.639122,1308.999517,1517.619419,1567.708664,475.0687774,1414.158792,1464.248037,1748.212957,1786.409573,537.9188866,1597.957332,1636.153948,298.3651913,325.8500722,357.8977798,166.1902921,184.5054493,211.6180032,-38.57184028,-35.28674408,-31.59689647,-62.36039489,-50.08924462,-38.19661619
130,2018,61.9,Freirina,100,-71.09336291,-28.50148485,81,1.71353711,188.1301024,0.875,0.125,4,2,0.495392695,0.871499181,0.23265557,0.590251327,0.789203107,0.304878056,0.094858632,-0.082296073,0.072222486,1541.37955,1148.205723,633.1304417,1338.333257,945.15943,1197.231373,857.5608971,501.9279267,1041.291206,701.62073,785.700824,520.0530339,347.4695274,696.9791513,431.3313611,1298.809517,1361.169912,425.9836431,1246.639122,1308.999517,1517.619419,1567.708664,475.0687774,1414.158792,1464.248037,1748.212957,1786.409573,537.9188866,1597.957332,1636.153948,298.3651913,325.8500722,357.8977798,166.1902921,184.5054493,211.6180032,-38.57184028,-35.28674408,-31.59689647,-62.36039489,-50.08924462,-38.19661619
131,2018,61,Freirina,100,-71.09332978,-28.50135903,81,1.71353711,188.1301024,0.875,0.125,4,2,0.54833535,0.887530565,0.273655415,0.644945408,0.820662796,0.350363582,0.096610058,-0.066867769,0.076708168,1541.37955,1148.205723,633.1304417,1338.333257,945.15943,1197.231373,857.5608971,501.9279267,1041.291206,701.62073,785.700824,520.0530339,347.4695274,696.9791513,431.3313611,1298.809517,1361.169912,425.9836431,1246.639122,1308.999517,1517.619419,1567.708664,475.0687774,1414.158792,1464.248037,1748.212957,1786.409573,537.9188866,1597.957332,1636.153948,298.3651913,325.8500722,357.8977798,166.1902921,184.5054493,211.6180032,-38.57184028,-35.28674408,-31.59689647,-62.36039489,-50.08924462,-38.19661619
132,2018,40,Freirina,100,-71.09330793,-28.50128718,82,2.422585452,270,1.375,0.875,4,32,0.54833535,0.887530565,0.273655415,0.644945408,0.820662796,0.350363582,0.096610058,-0.066867769,0.076708168,1541.37955,1148.205723,633.1304417,1338.333257,945.15943,1197.231373,857.5608971,501.9279267,1041.291206,701.62073,785.700824,520.0530339,347.4695274,696.9791513,431.3313611,1298.809517,1361.169912,425.9836431,1246.639122,1308.999517,1517.619419,1567.708664,475.0687774,1414.158792,1464.248037,1748.212957,1786.409573,537.9188866,1597.957332,1636.153948,298.3651913,325.8500722,357.8977798,166.1902921,184.5054493,211.6180032,-38.57184028,-35.28674408,-31.59689647,-62.36039489,-50.08924462,-38.19661619
133,2018,60.4,Freirina,100,-71.09327516,-28.50117941,83,1.370976822,225,1.125,1.125,2,4,0.575782205,0.909404218,0.284881383,0.587612071,0.801202059,0.290179789,0.011829866,-0.108202159,0.005298406,1541.37955,1148.205723,633.1304417,1338.333257,945.15943,1197.231373,857.5608971,501.9279267,1041.291206,701.62073,785.700824,520.0530339,347.4695274,696.9791513,431.3313611,1298.809517,1361.169912,425.9836431,1246.639122,1308.999517,1517.619419,1567.708664,475.0687774,1414.158792,1464.248037,1748.212957,1786.409573,537.9188866,1597.957332,1636.153948,298.3651913,325.8500722,357.8977798,166.1902921,184.5054493,211.6180032,-38.57184028,-35.28674408,-31.59689647,-62.36039489,-50.08924462,-38.19661619
134,2018,72.9,Freirina,100,-71.09326335,-28.50109838,83,1.370976822,225,1.125,1.125,2,4,0.575782205,0.909404218,0.284881383,0.587612071,0.801202059,0.290179789,0.011829866,-0.108202159,0.005298406,1541.37955,1148.205723,633.1304417,1338.333257,945.15943,1197.231373,857.5608971,501.9279267,1041.291206,701.62073,785.700824,520.0530339,347.4695274,696.9791513,431.3313611,1298.809517,1361.169912,425.9836431,1246.639122,1308.999517,1517.619419,1567.708664,475.0687774,1414.158792,1464.248037,1748.212957,1786.409573,537.9188866,1597.957332,1636.153948,298.3651913,325.8500722,357.8977798,166.1902921,184.5054493,211.6180032,-38.57184028,-35.28674408,-31.59689647,-62.36039489,-50.08924462,-38.19661619
135,2018,40.3,Freirina,100,-71.09324132,-28.50101751,83,2.084309673,324.4623222,1.25,1.25,3,32,0.57976336,0.934065938,0.286068976,0.643686506,0.830303073,0.343089223,0.063923146,-0.103762865,0.057020247,1541.37955,1148.205723,633.1304417,1338.333257,945.15943,1197.231373,857.5608971,501.9279267,1041.291206,701.62073,785.700824,520.0530339,347.4695274,696.9791513,431.3313611,1298.809517,1361.169912,425.9836431,1246.639122,1308.999517,1517.619419,1567.708664,475.0687774,1414.158792,1464.248037,1748.212957,1786.409573,537.9188866,1597.957332,1636.153948,298.3651913,325.8500722,357.8977798,166.1902921,184.5054493,211.6180032,-38.57184028,-35.28674408,-31.59689647,-62.36039489,-50.08924462,-38.19661619
136,2018,98.5,Freirina,100,-71.09321912,-28.50092762,83,2.084309673,324.4623222,1.25,1.25,3,32,0.571968108,0.935917318,0.276919961,0.636633298,0.822460771,0.334610879,0.06466519,-0.113456547,0.057690918,1541.37955,1148.205723,633.1304417,1338.333257,945.15943,1197.231373,857.5608971,501.9279267,1041.291206,701.62073,785.700824,520.0530339,347.4695274,696.9791513,431.3313611,1298.809517,1361.169912,425.9836431,1246.639122,1308.999517,1517.619419,1567.708664,475.0687774,1414.158792,1464.248037,1748.212957,1786.409573,537.9188866,1597.957332,1636.153948,298.3651913,325.8500722,357.8977798,166.1902921,184.5054493,211.6180032,-38.57184028,-35.28674408,-31.59689647,-62.36039489,-50.08924462,-38.19661619
137,2018,98,Freirina,100,-71.09319709,-28.50084675,83,2.084309673,324.4623222,1.25,1.25,3,32,0.567095983,0.921548605,0.276427716,0.631539058,0.828377247,0.327179909,0.064443075,-0.093171358,0.050752193,1541.37955,1148.205723,633.1304417,1338.333257,945.15943,1197.231373,857.5608971,501.9279267,1041.291206,701.62073,785.700824,520.0530339,347.4695274,696.9791513,431.3313611,1298.809517,1361.169912,425.9836431,1246.639122,1308.999517,1517.619419,1567.708664,475.0687774,1414.158792,1464.248037,1748.212957,1786.409573,537.9188866,1597.957332,1636.153948,298.3651913,325.8500722,357.8977798,166.1902921,184.5054493,211.6180032,-38.57184028,-35.28674408,-31.59689647,-62.36039489,-50.08924462,-38.19661619
138,2018,99.9,Freirina,100,-71.09317489,-28.50075685,81,2.398265815,315,1,-0.25,3,64,0.583265645,0.899610102,0.288662553,0.638918933,0.822115421,0.342057884,0.055653288,-0.077494681,0.053395331,1541.37955,1148.205723,633.1304417,1338.333257,945.15943,1197.231373,857.5608971,501.9279267,1041.291206,701.62073,785.700824,520.0530339,347.4695274,696.9791513,431.3313611,1298.809517,1361.169912,425.9836431,1246.639122,1308.999517,1517.619419,1567.708664,475.0687774,1414.158792,1464.248037,1748.212957,1786.409573,537.9188866,1597.957332,1636.153948,298.3651913,325.8500722,357.8977798,166.1902921,184.5054493,211.6180032,-38.57184028,-35.28674408,-31.59689647,-62.36039489,-50.08924462,-38.19661619
139,2018,68.5,Freirina,100,-71.09315286,-28.50067598,81,2.398265815,315,1,-0.25,3,64,0.572146991,0.891112149,0.292485148,0.641146724,0.817027628,0.358003765,0.068999733,-0.07408452,0.065518618,1541.37955,1148.205723,633.1304417,1338.333257,945.15943,1197.231373,857.5608971,501.9279267,1041.291206,701.62073,785.700824,520.0530339,347.4695274,696.9791513,431.3313611,1298.809517,1361.169912,425.9836431,1246.639122,1308.999517,1517.619419,1567.708664,475.0687774,1414.158792,1464.248037,1748.212957,1786.409573,537.9188866,1597.957332,1636.153948,298.3651913,325.8500722,357.8977798,166.1902921,184.5054493,211.6180032,-38.57184028,-35.28674408,-31.59689647,-62.36039489,-50.08924462,-38.19661619
140,2018,119,Freirina,100,-71.09311006,-28.50057739,81,2.398265815,315,1,-0.25,3,64,0.56047562,0.866601288,0.275641888,0.575800221,0.775663912,0.313081741,0.015324601,-0.090937376,0.037439853,1541.37955,1148.205723,633.1304417,1338.333257,945.15943,1197.231373,857.5608971,501.9279267,1041.291206,701.62073,785.700824,520.0530339,347.4695274,696.9791513,431.3313611,1298.809517,1361.169912,425.9836431,1246.639122,1308.999517,1517.619419,1567.708664,475.0687774,1414.158792,1464.248037,1748.212957,1786.409573,537.9188866,1597.957332,1636.153948,298.3651913,325.8500722,357.8977798,166.1902921,184.5054493,211.6180032,-38.57184028,-35.28674408,-31.59689647,-62.36039489,-50.08924462,-38.19661619
141,2018,149.4,Freirina,100,-71.09309807,-28.50048734,80,1.938484153,270,1,-1,2,32,0.556542798,0.896653533,0.276484758,0.588149227,0.801659763,0.311869651,0.031606429,-0.09499377,0.035384893,1541.37955,1148.205723,633.1304417,1338.333257,945.15943,1197.231373,857.5608971,501.9279267,1041.291206,701.62073,785.700824,520.0530339,347.4695274,696.9791513,431.3313611,1298.809517,1361.169912,425.9836431,1246.639122,1308.999517,1517.619419,1567.708664,475.0687774,1414.158792,1464.248037,1748.212957,1786.409573,537.9188866,1597.957332,1636.153948,298.3651913,325.8500722,357.8977798,166.1902921,184.5054493,211.6180032,-38.57184028,-35.28674408,-31.59689647,-62.36039489,-50.08924462,-38.19661619
142,2018,64,Freirina,100,-71.09306619,-28.50042467,80,1.938484153,270,1,-1,2,32,0.555010219,0.896259367,0.273404956,0.591438217,0.804172039,0.308299601,0.036427998,-0.092087328,0.034894645,1541.37955,1148.205723,633.1304417,1338.333257,945.15943,1197.231373,857.5608971,501.9279267,1041.291206,701.62073,785.700824,520.0530339,347.4695274,696.9791513,431.3313611,1298.809517,1361.169912,425.9836431,1246.639122,1308.999517,1517.619419,1567.708664,475.0687774,1414.158792,1464.248037,1748.212957,1786.409573,537.9188866,1597.957332,1636.153948,298.3651913,325.8500722,357.8977798,166.1902921,184.5054493,211.6180032,-38.57184028,-35.28674408,-31.59689647,-62.36039489,-50.08924462,-38.19661619
143,2018,94,Freirina,100,-71.09305419,-28.50033462,80,1.938484153,270,1,-1,2,32,0.567170278,0.889709473,0.279701978,0.564102573,0.814126372,0.304303288,-0.003067705,-0.0755831,0.02460131,1541.37955,1148.205723,633.1304417,1338.333257,945.15943,1197.231373,857.5608971,501.9279267,1041.291206,701.62073,785.700824,520.0530339,347.4695274,696.9791513,431.3313611,1298.809517,1361.169912,425.9836431,1246.639122,1308.999517,1517.619419,1567.708664,475.0687774,1414.158792,1464.248037,1748.212957,1786.409573,537.9188866,1597.957332,1636.153948,298.3651913,325.8500722,357.8977798,166.1902921,184.5054493,211.6180032,-38.57184028,-35.28674408,-31.59689647,-62.36039489,-50.08924462,-38.19661619
144,2018,71,Freirina,100,-71.0930327,-28.50028081,80,1.938484153,270,1,-1,2,32,0.577029716,0.903441668,0.290431887,0.612761274,0.810621679,0.324382037,0.035731558,-0.092819989,0.03395015,1541.37955,1148.205723,633.1304417,1338.333257,945.15943,1197.231373,857.5608971,501.9279267,1041.291206,701.62073,785.700824,520.0530339,347.4695274,696.9791513,431.3313611,1298.809517,1361.169912,425.9836431,1246.639122,1308.999517,1517.619419,1567.708664,475.0687774,1414.158792,1464.248037,1748.212957,1786.409573,537.9188866,1597.957332,1636.153948,298.3651913,325.8500722,357.8977798,166.1902921,184.5054493,211.6180032,-38.57184028,-35.28674408,-31.59689647,-62.36039489,-50.08924462,-38.19661619
145,2018,94,Freirina,100,-71.093001,-28.50022716,81,1.71353711,278.1301024,0.875,0.375,2,64,0.577029716,0.903441668,0.290431887,0.612761274,0.810621679,0.324382037,0.035731558,-0.092819989,0.03395015,1541.37955,1148.205723,633.1304417,1338.333257,945.15943,1197.231373,857.5608971,501.9279267,1041.291206,701.62073,785.700824,520.0530339,347.4695274,696.9791513,431.3313611,1298.809517,1361.169912,425.9836431,1246.639122,1308.999517,1517.619419,1567.708664,475.0687774,1414.158792,1464.248037,1748.212957,1786.409573,537.9188866,1597.957332,1636.153948,298.3651913,325.8500722,357.8977798,166.1902921,184.5054493,211.6180032,-38.57184028,-35.28674408,-31.59689647,-62.36039489,-50.08924462,-38.19661619
146,2018,110.6,Freirina,100,-71.09298919,-28.50014613,81,1.71353711,278.1301024,0.875,0.375,2,64,0.534123423,0.884538174,0.263260365,0.591775695,0.793597341,0.309381098,0.057652272,-0.090940833,0.046120733,1541.37955,1148.205723,633.1304417,1338.333257,945.15943,1197.231373,857.5608971,501.9279267,1041.291206,701.62073,785.700824,520.0530339,347.4695274,696.9791513,431.3313611,1298.809517,1361.169912,425.9836431,1246.639122,1308.999517,1517.619419,1567.708664,475.0687774,1414.158792,1464.248037,1748.212957,1786.409573,537.9188866,1597.957332,1636.153948,298.3651913,325.8500722,357.8977798,166.1902921,184.5054493,211.6180032,-38.57184028,-35.28674408,-31.59689647,-62.36039489,-50.08924462,-38.19661619
147,2018,55.3,Freirina,100,-71.09290821,-28.50018347,82,1.998096092,284.0362435,0.875,0.625,3,8,0.550854344,0.906953454,0.272325009,0.574188564,0.773617744,0.293753296,0.02333422,-0.13333571,0.021428287,1541.37955,1148.205723,633.1304417,1338.333257,945.15943,1197.231373,857.5608971,501.9279267,1041.291206,701.62073,785.700824,520.0530339,347.4695274,696.9791513,431.3313611,1298.809517,1361.169912,425.9836431,1246.639122,1308.999517,1517.619419,1567.708664,475.0687774,1414.158792,1464.248037,1748.212957,1786.409573,537.9188866,1597.957332,1636.153948,298.3651913,325.8500722,357.8977798,166.1902921,184.5054493,211.6180032,-38.57184028,-35.28674408,-31.59689647,-62.36039489,-50.08924462,-38.19661619
148,2018,101.2,Freirina,100,-71.09294027,-28.50025516,82,1.532725565,251.5650512,0.75,0.5,3,16,0.577029716,0.903441668,0.290431887,0.612761274,0.810621679,0.324382037,0.035731558,-0.092819989,0.03395015,1541.37955,1148.205723,633.1304417,1338.333257,945.15943,1197.231373,857.5608971,501.9279267,1041.291206,701.62073,785.700824,520.0530339,347.4695274,696.9791513,431.3313611,1298.809517,1361.169912,425.9836431,1246.639122,1308.999517,1517.619419,1567.708664,475.0687774,1414.158792,1464.248037,1748.212957,1786.409573,537.9188866,1597.957332,1636.153948,298.3651913,325.8500722,357.8977798,166.1902921,184.5054493,211.6180032,-38.57184028,-35.28674408,-31.59689647,-62.36039489,-50.08924462,-38.19661619
149,2018,61.4,Freirina,100,-71.09295226,-28.50034521,82,1.532725565,251.5650512,0.75,0.5,3,16,0.575710399,0.889822602,0.293103456,0.591615477,0.797551036,0.316145241,0.015905078,-0.092271566,0.023041785,1541.37955,1148.205723,633.1304417,1338.333257,945.15943,1197.231373,857.5608971,501.9279267,1041.291206,701.62073,785.700824,520.0530339,347.4695274,696.9791513,431.3313611,1298.809517,1361.169912,425.9836431,1246.639122,1308.999517,1517.619419,1567.708664,475.0687774,1414.158792,1464.248037,1748.212957,1786.409573,537.9188866,1597.957332,1636.153948,298.3651913,325.8500722,357.8977798,166.1902921,184.5054493,211.6180032,-38.57184028,-35.28674408,-31.59689647,-62.36039489,-50.08924462,-38.19661619
150,2018,110.6,Freirina,100,-71.09297464,-28.50044412,82,1.532725565,251.5650512,0.75,0.5,3,16,0.561344535,0.902713776,0.271544725,0.615184212,0.812108576,0.322557569,0.053839677,-0.090605199,0.051012844,1541.37955,1148.205723,633.1304417,1338.333257,945.15943,1197.231373,857.5608971,501.9279267,1041.291206,701.62073,785.700824,520.0530339,347.4695274,696.9791513,431.3313611,1298.809517,1361.169912,425.9836431,1246.639122,1308.999517,1517.619419,1567.708664,475.0687774,1414.158792,1464.248037,1748.212957,1786.409573,537.9188866,1597.957332,1636.153948,298.3651913,325.8500722,357.8977798,166.1902921,184.5054493,211.6180032,-38.57184028,-35.28674408,-31.59689647,-62.36039489,-50.08924462,-38.19661619
151,2018,150.9,Freirina,100,-71.09298627,-28.50051613,82,0.484794463,3.69E-13,0.75,0.5,3,32,0.562809903,0.912032366,0.275336921,0.60282684,0.810778439,0.326819927,0.040016937,-0.101253927,0.051483005,1541.37955,1148.205723,633.1304417,1338.333257,945.15943,1197.231373,857.5608971,501.9279267,1041.291206,701.62073,785.700824,520.0530339,347.4695274,696.9791513,431.3313611,1298.809517,1361.169912,425.9836431,1246.639122,1308.999517,1517.619419,1567.708664,475.0687774,1414.158792,1464.248037,1748.212957,1786.409573,537.9188866,1597.957332,1636.153948,298.3651913,325.8500722,357.8977798,166.1902921,184.5054493,211.6180032,-38.57184028,-35.28674408,-31.59689647,-62.36039489,-50.08924462,-38.19661619
152,2018,37.7,Freirina,100,-71.09299827,-28.50060618,81,2.398265815,315,1,-0.25,3,64,0.57060757,0.894997537,0.280392706,0.609739604,0.796904504,0.339889407,0.039132034,-0.098093033,0.059496701,1541.37955,1148.205723,633.1304417,1338.333257,945.15943,1197.231373,857.5608971,501.9279267,1041.291206,701.62073,785.700824,520.0530339,347.4695274,696.9791513,431.3313611,1298.809517,1361.169912,425.9836431,1246.639122,1308.999517,1517.619419,1567.708664,475.0687774,1414.158792,1464.248037,1748.212957,1786.409573,537.9188866,1597.957332,1636.153948,298.3651913,325.8500722,357.8977798,166.1902921,184.5054493,211.6180032,-38.57184028,-35.28674408,-31.59689647,-62.36039489,-50.08924462,-38.19661619
153,2018,80.96,Freirina,100,-71.09304107,-28.50070478,81,2.398265815,315,1,-0.25,3,64,0.569255385,0.907542586,0.284475833,0.628392488,0.800692558,0.344043702,0.059137103,-0.106850028,0.059567869,1541.37955,1148.205723,633.1304417,1338.333257,945.15943,1197.231373,857.5608971,501.9279267,1041.291206,701.62073,785.700824,520.0530339,347.4695274,696.9791513,431.3313611,1298.809517,1361.169912,425.9836431,1246.639122,1308.999517,1517.619419,1567.708664,475.0687774,1414.158792,1464.248037,1748.212957,1786.409573,537.9188866,1597.957332,1636.153948,298.3651913,325.8500722,357.8977798,166.1902921,184.5054493,211.6180032,-38.57184028,-35.28674408,-31.59689647,-62.36039489,-50.08924462,-38.19661619
154,2018,76,Freirina,100,-71.09306292,-28.50077663,83,2.084309673,324.4623222,1.25,1.25,3,32,0.540080971,0.896311104,0.267871499,0.617005799,0.773615003,0.328560352,0.076924828,-0.122696102,0.060688853,1541.37955,1148.205723,633.1304417,1338.333257,945.15943,1197.231373,857.5608971,501.9279267,1041.291206,701.62073,785.700824,520.0530339,347.4695274,696.9791513,431.3313611,1298.809517,1361.169912,425.9836431,1246.639122,1308.999517,1517.619419,1567.708664,475.0687774,1414.158792,1464.248037,1748.212957,1786.409573,537.9188866,1597.957332,1636.153948,298.3651913,325.8500722,357.8977798,166.1902921,184.5054493,211.6180032,-38.57184028,-35.28674408,-31.59689647,-62.36039489,-50.08924462,-38.19661619
155,2018,54.8,Freirina,100,-71.09309516,-28.50085734,83,2.084309673,324.4623222,1.25,1.25,3,32,0.558139518,0.922423005,0.265501201,0.623132903,0.820446789,0.320654303,0.064993385,-0.101976216,0.055153102,1541.37955,1148.205723,633.1304417,1338.333257,945.15943,1197.231373,857.5608971,501.9279267,1041.291206,701.62073,785.700824,520.0530339,347.4695274,696.9791513,431.3313611,1298.809517,1361.169912,425.9836431,1246.639122,1308.999517,1517.619419,1567.708664,475.0687774,1414.158792,1464.248037,1748.212957,1786.409573,537.9188866,1597.957332,1636.153948,298.3651913,325.8500722,357.8977798,166.1902921,184.5054493,211.6180032,-38.57184028,-35.28674408,-31.59689647,-62.36039489,-50.08924462,-38.19661619
156,2018,34.25,Freirina,100,-71.09311736,-28.50094723,83,2.084309673,324.4623222,1.25,1.25,3,32,0.560825639,0.936784744,0.263226599,0.627450978,0.822573543,0.31788078,0.066625339,-0.114211202,0.054654181,1541.37955,1148.205723,633.1304417,1338.333257,945.15943,1197.231373,857.5608971,501.9279267,1041.291206,701.62073,785.700824,520.0530339,347.4695274,696.9791513,431.3313611,1298.809517,1361.169912,425.9836431,1246.639122,1308.999517,1517.619419,1567.708664,475.0687774,1414.158792,1464.248037,1748.212957,1786.409573,537.9188866,1597.957332,1636.153948,298.3651913,325.8500722,357.8977798,166.1902921,184.5054493,211.6180032,-38.57184028,-35.28674408,-31.59689647,-62.36039489,-50.08924462,-38.19661619
157,2018,56,Freirina,100,-71.09313956,-28.50103712,83,1.370976822,225,1.125,1.125,2,4,0.563803178,0.931993842,0.274128139,0.635446685,0.813823402,0.340277761,0.071643507,-0.11817044,0.066149622,1541.37955,1148.205723,633.1304417,1338.333257,945.15943,1197.231373,857.5608971,501.9279267,1041.291206,701.62073,785.700824,520.0530339,347.4695274,696.9791513,431.3313611,1298.809517,1361.169912,425.9836431,1246.639122,1308.999517,1517.619419,1567.708664,475.0687774,1414.158792,1464.248037,1748.212957,1786.409573,537.9188866,1597.957332,1636.153948,298.3651913,325.8500722,357.8977798,166.1902921,184.5054493,211.6180032,-38.57184028,-35.28674408,-31.59689647,-62.36039489,-50.08924462,-38.19661619
158,2018,68.5,Freirina,100,-71.09316141,-28.50110897,83,1.370976822,225,1.125,1.125,2,4,0.586102709,0.894451976,0.304393291,0.608727269,0.811629832,0.324000001,0.02262456,-0.082822144,0.019606709,1541.37955,1148.205723,633.1304417,1338.333257,945.15943,1197.231373,857.5608971,501.9279267,1041.291206,701.62073,785.700824,520.0530339,347.4695274,696.9791513,431.3313611,1298.809517,1361.169912,425.9836431,1246.639122,1308.999517,1517.619419,1567.708664,475.0687774,1414.158792,1464.248037,1748.212957,1786.409573,537.9188866,1597.957332,1636.153948,298.3651913,325.8500722,357.8977798,166.1902921,184.5054493,211.6180032,-38.57184028,-35.28674408,-31.59689647,-62.36039489,-50.08924462,-38.19661619
159,2018,57,Freirina,100,-71.09319436,-28.50122577,83,1.370976822,225,1.125,1.125,2,4,0.576258998,0.850506723,0.308868885,0.560781481,0.740920126,0.29945904,-0.015477517,-0.109586596,-0.009409845,1541.37955,1148.205723,633.1304417,1338.333257,945.15943,1197.231373,857.5608971,501.9279267,1041.291206,701.62073,785.700824,520.0530339,347.4695274,696.9791513,431.3313611,1298.809517,1361.169912,425.9836431,1246.639122,1308.999517,1517.619419,1567.708664,475.0687774,1414.158792,1464.248037,1748.212957,1786.409573,537.9188866,1597.957332,1636.153948,298.3651913,325.8500722,357.8977798,166.1902921,184.5054493,211.6180032,-38.57184028,-35.28674408,-31.59689647,-62.36039489,-50.08924462,-38.19661619
160,2018,57.8,Freirina,100,-71.09321639,-28.50130664,81,3.424014446,188.1301024,1.375,-0.125,4,4,0.542971904,0.873232603,0.270761013,0.602601157,0.786548495,0.322090626,0.059629253,-0.086684108,0.051329613,1541.37955,1148.205723,633.1304417,1338.333257,945.15943,1197.231373,857.5608971,501.9279267,1041.291206,701.62073,785.700824,520.0530339,347.4695274,696.9791513,431.3313611,1298.809517,1361.169912,425.9836431,1246.639122,1308.999517,1517.619419,1567.708664,475.0687774,1414.158792,1464.248037,1748.212957,1786.409573,537.9188866,1597.957332,1636.153948,298.3651913,325.8500722,357.8977798,166.1902921,184.5054493,211.6180032,-38.57184028,-35.28674408,-31.59689647,-62.36039489,-50.08924462,-38.19661619
161,2018,89,Freirina,100,-71.09323841,-28.50138751,81,3.424014446,188.1301024,1.375,-0.125,4,4,0.515151518,0.900826395,0.241789192,0.614781618,0.795765877,0.321721554,0.0996301,-0.105060518,0.079932362,1541.37955,1148.205723,633.1304417,1338.333257,945.15943,1197.231373,857.5608971,501.9279267,1041.291206,701.62073,785.700824,520.0530339,347.4695274,696.9791513,431.3313611,1298.809517,1361.169912,425.9836431,1246.639122,1308.999517,1517.619419,1567.708664,475.0687774,1414.158792,1464.248037,1748.212957,1786.409573,537.9188866,1597.957332,1636.153948,298.3651913,325.8500722,357.8977798,166.1902921,184.5054493,211.6180032,-38.57184028,-35.28674408,-31.59689647,-62.36039489,-50.08924462,-38.19661619
162,2018,56,Freirina,100,-71.09322962,-28.50145983,81,3.424014446,188.1301024,1.375,-0.125,4,4,0.446213233,0.865588069,0.196168542,0.573853977,0.800000012,0.275693297,0.127640744,-0.065588057,0.079524755,1541.37955,1148.205723,633.1304417,1338.333257,945.15943,1197.231373,857.5608971,501.9279267,1041.291206,701.62073,785.700824,520.0530339,347.4695274,696.9791513,431.3313611,1298.809517,1361.169912,425.9836431,1246.639122,1308.999517,1517.619419,1567.708664,475.0687774,1414.158792,1464.248037,1748.212957,1786.409573,537.9188866,1597.957332,1636.153948,298.3651913,325.8500722,357.8977798,166.1902921,184.5054493,211.6180032,-38.57184028,-35.28674408,-31.59689647,-62.36039489,-50.08924462,-38.19661619
163,2018,35.6,Freirina,100,-71.09312644,-28.50140728,81,3.424014446,188.1301024,1.375,-0.125,4,4,0.466789663,0.886121035,0.211774543,0.583471065,0.806694984,0.285444736,0.116681402,-0.07942605,0.073670194,1541.37955,1148.205723,633.1304417,1338.333257,945.15943,1197.231373,857.5608971,501.9279267,1041.291206,701.62073,785.700824,520.0530339,347.4695274,696.9791513,431.3313611,1298.809517,1361.169912,425.9836431,1246.639122,1308.999517,1517.619419,1567.708664,475.0687774,1414.158792,1464.248037,1748.212957,1786.409573,537.9188866,1597.957332,1636.153948,298.3651913,325.8500722,357.8977798,166.1902921,184.5054493,211.6180032,-38.57184028,-35.28674408,-31.59689647,-62.36039489,-50.08924462,-38.19661619
165,2018,81,Freirina,100,-71.09308221,-28.50123652,83,1.370976822,225,1.125,1.125,2,4,0.569992264,0.872693717,0.291457951,0.589185148,0.791701972,0.307125151,0.019192884,-0.080991745,0.0156672,1541.37955,1148.205723,633.1304417,1338.333257,945.15943,1197.231373,857.5608971,501.9279267,1041.291206,701.62073,785.700824,520.0530339,347.4695274,696.9791513,431.3313611,1298.809517,1361.169912,425.9836431,1246.639122,1308.999517,1517.619419,1567.708664,475.0687774,1414.158792,1464.248037,1748.212957,1786.409573,537.9188866,1597.957332,1636.153948,298.3651913,325.8500722,357.8977798,166.1902921,184.5054493,211.6180032,-38.57184028,-35.28674408,-31.59689647,-62.36039489,-50.08924462,-38.19661619
166,2018,54,Freirina,100,-71.09305983,-28.50113761,83,1.370976822,225,1.125,1.125,2,4,0.577142856,0.892138958,0.29803279,0.617168572,0.803861022,0.339016348,0.040025716,-0.088277936,0.040983558,1541.37955,1148.205723,633.1304417,1338.333257,945.15943,1197.231373,857.5608971,501.9279267,1041.291206,701.62073,785.700824,520.0530339,347.4695274,696.9791513,431.3313611,1298.809517,1361.169912,425.9836431,1246.639122,1308.999517,1517.619419,1567.708664,475.0687774,1414.158792,1464.248037,1748.212957,1786.409573,537.9188866,1597.957332,1636.153948,298.3651913,325.8500722,357.8977798,166.1902921,184.5054493,211.6180032,-38.57184028,-35.28674408,-31.59689647,-62.36039489,-50.08924462,-38.19661619
167,2018,69.5,Freirina,100,-71.09304819,-28.5010656,83,1.370976822,225,1.125,1.125,2,4,0.55870967,0.933831394,0.266006827,0.61786408,0.828797221,0.315049499,0.05915441,-0.105034173,0.049042672,1541.37955,1148.205723,633.1304417,1338.333257,945.15943,1197.231373,857.5608971,501.9279267,1041.291206,701.62073,785.700824,520.0530339,347.4695274,696.9791513,431.3313611,1298.809517,1361.169912,425.9836431,1246.639122,1308.999517,1517.619419,1567.708664,475.0687774,1414.158792,1464.248037,1748.212957,1786.409573,537.9188866,1597.957332,1636.153948,298.3651913,325.8500722,357.8977798,166.1902921,184.5054493,211.6180032,-38.57184028,-35.28674408,-31.59689647,-62.36039489,-50.08924462,-38.19661619
168,2018,55,Freirina,100,-71.09301614,-28.50099391,83,2.084309673,324.4623222,1.25,1.25,3,32,0.576104732,0.92023927,0.283718437,0.643251182,0.816260219,0.339875609,0.06714645,-0.103979051,0.056157172,1541.37955,1148.205723,633.1304417,1338.333257,945.15943,1197.231373,857.5608971,501.9279267,1041.291206,701.62073,785.700824,520.0530339,347.4695274,696.9791513,431.3313611,1298.809517,1361.169912,425.9836431,1246.639122,1308.999517,1517.619419,1567.708664,475.0687774,1414.158792,1464.248037,1748.212957,1786.409573,537.9188866,1597.957332,1636.153948,298.3651913,325.8500722,357.8977798,166.1902921,184.5054493,211.6180032,-38.57184028,-35.28674408,-31.59689647,-62.36039489,-50.08924462,-38.19661619
169,2018,86.8,Freirina,100,-71.09298372,-28.50090417,82,1.747450997,56.30993247,0.875,0.125,2,1,0.576587795,0.922064722,0.281212032,0.587139203,0.812265337,0.311554849,0.010551408,-0.109799385,0.030342817,1541.37955,1148.205723,633.1304417,1338.333257,945.15943,1197.231373,857.5608971,501.9279267,1041.291206,701.62073,785.700824,520.0530339,347.4695274,696.9791513,431.3313611,1298.809517,1361.169912,425.9836431,1246.639122,1308.999517,1517.619419,1567.708664,475.0687774,1414.158792,1464.248037,1748.212957,1786.409573,537.9188866,1597.957332,1636.153948,298.3651913,325.8500722,357.8977798,166.1902921,184.5054493,211.6180032,-38.57184028,-35.28674408,-31.59689647,-62.36039489,-50.08924462,-38.19661619
170,2018,97.8,Freirina,100,-71.09296134,-28.50080526,82,1.747450997,56.30993247,0.875,0.125,2,1,0.556113909,0.906618774,0.269626439,0.594265221,0.815510213,0.319255441,0.038151312,-0.091108561,0.049629003,1541.37955,1148.205723,633.1304417,1338.333257,945.15943,1197.231373,857.5608971,501.9279267,1041.291206,701.62073,785.700824,520.0530339,347.4695274,696.9791513,431.3313611,1298.809517,1361.169912,425.9836431,1246.639122,1308.999517,1517.619419,1567.708664,475.0687774,1414.158792,1464.248037,1748.212957,1786.409573,537.9188866,1597.957332,1636.153948,298.3651913,325.8500722,357.8977798,166.1902921,184.5054493,211.6180032,-38.57184028,-35.28674408,-31.59689647,-62.36039489,-50.08924462,-38.19661619
171,2018,117.4,Freirina,100,-71.09292875,-28.50070651,82,0.484794463,3.69E-13,0.75,0.5,3,32,0.581282771,0.928184986,0.289009213,0.63860829,0.839563251,0.333702594,0.057325519,-0.088621736,0.044693381,1541.37955,1148.205723,633.1304417,1338.333257,945.15943,1197.231373,857.5608971,501.9279267,1041.291206,701.62073,785.700824,520.0530339,347.4695274,696.9791513,431.3313611,1298.809517,1361.169912,425.9836431,1246.639122,1308.999517,1517.619419,1567.708664,475.0687774,1414.158792,1464.248037,1748.212957,1786.409573,537.9188866,1597.957332,1636.153948,298.3651913,325.8500722,357.8977798,166.1902921,184.5054493,211.6180032,-38.57184028,-35.28674408,-31.59689647,-62.36039489,-50.08924462,-38.19661619
172,2018,58.7,Freirina,100,-71.09290672,-28.50062564,82,0.484794463,3.69E-13,0.75,0.5,3,32,0.57563024,0.930998981,0.278455287,0.62840691,0.837954998,0.322879672,0.05277667,-0.093043983,0.044424385,1541.37955,1148.205723,633.1304417,1338.333257,945.15943,1197.231373,857.5608971,501.9279267,1041.291206,701.62073,785.700824,520.0530339,347.4695274,696.9791513,431.3313611,1298.809517,1361.169912,425.9836431,1246.639122,1308.999517,1517.619419,1567.708664,475.0687774,1414.158792,1464.248037,1748.212957,1786.409573,537.9188866,1597.957332,1636.153948,298.3651913,325.8500722,357.8977798,166.1902921,184.5054493,211.6180032,-38.57184028,-35.28674408,-31.59689647,-62.36039489,-50.08924462,-38.19661619
173,2018,69.4,Freirina,100,-71.09288452,-28.50053574,82,0.484794463,3.69E-13,0.75,0.5,3,32,0.562235384,0.908949792,0.270578623,0.615501511,0.850304604,0.318396211,0.053266127,-0.058645189,0.047817588,1541.37955,1148.205723,633.1304417,1338.333257,945.15943,1197.231373,857.5608971,501.9279267,1041.291206,701.62073,785.700824,520.0530339,347.4695274,696.9791513,431.3313611,1298.809517,1361.169912,425.9836431,1246.639122,1308.999517,1517.619419,1567.708664,475.0687774,1414.158792,1464.248037,1748.212957,1786.409573,537.9188866,1597.957332,1636.153948,298.3651913,325.8500722,357.8977798,166.1902921,184.5054493,211.6180032,-38.57184028,-35.28674408,-31.59689647,-62.36039489,-50.08924462,-38.19661619
174,2018,144.8,Freirina,100,-71.0928727,-28.50045472,82,1.532725565,251.5650512,0.75,0.5,3,16,0.5637417,0.907117605,0.275485426,0.587860617,0.816545248,0.306884855,0.024118917,-0.090572357,0.031399429,1541.37955,1148.205723,633.1304417,1338.333257,945.15943,1197.231373,857.5608971,501.9279267,1041.291206,701.62073,785.700824,520.0530339,347.4695274,696.9791513,431.3313611,1298.809517,1361.169912,425.9836431,1246.639122,1308.999517,1517.619419,1567.708664,475.0687774,1414.158792,1464.248037,1748.212957,1786.409573,537.9188866,1597.957332,1636.153948,298.3651913,325.8500722,357.8977798,166.1902921,184.5054493,211.6180032,-38.57184028,-35.28674408,-31.59689647,-62.36039489,-50.08924462,-38.19661619
175,2018,36.2,Freirina,100,-71.09283008,-28.50036514,82,1.532725565,251.5650512,0.75,0.5,3,16,0.577160498,0.866666675,0.295574307,0.58122205,0.785443842,0.304528892,0.004061552,-0.081222832,0.008954585,1541.37955,1148.205723,633.1304417,1338.333257,945.15943,1197.231373,857.5608971,501.9279267,1041.291206,701.62073,785.700824,520.0530339,347.4695274,696.9791513,431.3313611,1298.809517,1361.169912,425.9836431,1246.639122,1308.999517,1517.619419,1567.708664,475.0687774,1414.158792,1464.248037,1748.212957,1786.409573,537.9188866,1597.957332,1636.153948,298.3651913,325.8500722,357.8977798,166.1902921,184.5054493,211.6180032,-38.57184028,-35.28674408,-31.59689647,-62.36039489,-50.08924462,-38.19661619
176,2018,90.8,Freirina,100,-71.09280787,-28.50027525,82,1.532725565,251.5650512,0.75,0.5,3,16,0.559683796,0.877259731,0.28207171,0.593220337,0.780303061,0.308621824,0.033536541,-0.09695667,0.026550114,1541.37955,1148.205723,633.1304417,1338.333257,945.15943,1197.231373,857.5608971,501.9279267,1041.291206,701.62073,785.700824,520.0530339,347.4695274,696.9791513,431.3313611,1298.809517,1361.169912,425.9836431,1246.639122,1308.999517,1517.619419,1567.708664,475.0687774,1414.158792,1464.248037,1748.212957,1786.409573,537.9188866,1597.957332,1636.153948,298.3651913,325.8500722,357.8977798,166.1902921,184.5054493,211.6180032,-38.57184028,-35.28674408,-31.59689647,-62.36039489,-50.08924462,-38.19661619
177,2018,36.3,Freirina,100,-71.09278603,-28.5002034,82,1.998096092,284.0362435,0.875,0.625,3,8,0.538034881,0.862763882,0.270733654,0.555801103,0.758534551,0.293389499,0.017766222,-0.104229331,0.022655845,1541.37955,1148.205723,633.1304417,1338.333257,945.15943,1197.231373,857.5608971,501.9279267,1041.291206,701.62073,785.700824,520.0530339,347.4695274,696.9791513,431.3313611,1298.809517,1361.169912,425.9836431,1246.639122,1308.999517,1517.619419,1567.708664,475.0687774,1414.158792,1464.248037,1748.212957,1786.409573,537.9188866,1597.957332,1636.153948,298.3651913,325.8500722,357.8977798,166.1902921,184.5054493,211.6180032,-38.57184028,-35.28674408,-31.59689647,-62.36039489,-50.08924462,-38.19661619
178,2018,92.6,Freirina,100,-71.09268427,-28.50022301,82,1.998096092,284.0362435,0.875,0.625,3,8,0.582896328,0.920704842,0.289811462,0.594448726,0.81882149,0.304582566,0.011552398,-0.101883352,0.014771104,1541.37955,1148.205723,633.1304417,1338.333257,945.15943,1197.231373,857.5608971,501.9279267,1041.291206,701.62073,785.700824,520.0530339,347.4695274,696.9791513,431.3313611,1298.809517,1361.169912,425.9836431,1246.639122,1308.999517,1517.619419,1567.708664,475.0687774,1414.158792,1464.248037,1748.212957,1786.409573,537.9188866,1597.957332,1636.153948,298.3651913,325.8500722,357.8977798,166.1902921,184.5054493,211.6180032,-38.57184028,-35.28674408,-31.59689647,-62.36039489,-50.08924462,-38.19661619
179,2018,109,Freirina,100,-71.09270612,-28.50029486,82,1.532725565,251.5650512,0.75,0.5,3,16,0.600149759,0.888643444,0.313453257,0.599125371,0.810978115,0.31844008,-0.001024388,-0.077665329,0.004986823,1541.37955,1148.205723,633.1304417,1338.333257,945.15943,1197.231373,857.5608971,501.9279267,1041.291206,701.62073,785.700824,520.0530339,347.4695274,696.9791513,431.3313611,1298.809517,1361.169912,425.9836431,1246.639122,1308.999517,1517.619419,1567.708664,475.0687774,1414.158792,1464.248037,1748.212957,1786.409573,537.9188866,1597.957332,1636.153948,298.3651913,325.8500722,357.8977798,166.1902921,184.5054493,211.6180032,-38.57184028,-35.28674408,-31.59689647,-62.36039489,-50.08924462,-38.19661619
180,2018,17.3,Freirina,100,-71.09272832,-28.50038475,82,1.532725565,251.5650512,0.75,0.5,3,16,0.60628742,0.887423038,0.316736192,0.610709104,0.804620981,0.326120555,0.004421684,-0.082802057,0.009384364,1541.37955,1148.205723,633.1304417,1338.333257,945.15943,1197.231373,857.5608971,501.9279267,1041.291206,701.62073,785.700824,520.0530339,347.4695274,696.9791513,431.3313611,1298.809517,1361.169912,425.9836431,1246.639122,1308.999517,1517.619419,1567.708664,475.0687774,1414.158792,1464.248037,1748.212957,1786.409573,537.9188866,1597.957332,1636.153948,298.3651913,325.8500722,357.8977798,166.1902921,184.5054493,211.6180032,-38.57184028,-35.28674408,-31.59689647,-62.36039489,-50.08924462,-38.19661619
181,2018,98,Freirina,100,-71.09276056,-28.50046547,82,1.532725565,251.5650512,0.75,0.5,3,16,0.585496188,0.886466801,0.301968515,0.594245678,0.792617202,0.31338349,0.00874949,-0.093849599,0.011414975,1541.37955,1148.205723,633.1304417,1338.333257,945.15943,1197.231373,857.5608971,501.9279267,1041.291206,701.62073,785.700824,520.0530339,347.4695274,696.9791513,431.3313611,1298.809517,1361.169912,425.9836431,1246.639122,1308.999517,1517.619419,1567.708664,475.0687774,1414.158792,1464.248037,1748.212957,1786.409573,537.9188866,1597.957332,1636.153948,298.3651913,325.8500722,357.8977798,166.1902921,184.5054493,211.6180032,-38.57184028,-35.28674408,-31.59689647,-62.36039489,-50.08924462,-38.19661619
182,2018,92.6,Freirina,100,-71.09279315,-28.50056422,82,0.484794463,3.69E-13,0.75,0.5,3,32,0.584031952,0.912289202,0.292405069,0.635210738,0.828952909,0.332573891,0.051178786,-0.083336294,0.040168822,1541.37955,1148.205723,633.1304417,1338.333257,945.15943,1197.231373,857.5608971,501.9279267,1041.291206,701.62073,785.700824,520.0530339,347.4695274,696.9791513,431.3313611,1298.809517,1361.169912,425.9836431,1246.639122,1308.999517,1517.619419,1567.708664,475.0687774,1414.158792,1464.248037,1748.212957,1786.409573,537.9188866,1597.957332,1636.153948,298.3651913,325.8500722,357.8977798,166.1902921,184.5054493,211.6180032,-38.57184028,-35.28674408,-31.59689647,-62.36039489,-50.08924462,-38.19661619
183,2018,69.8,Freirina,100,-71.09280496,-28.50064525,82,0.484794463,3.69E-13,0.75,0.5,3,32,0.584031952,0.912289202,0.292405069,0.635210738,0.828952909,0.332573891,0.051178786,-0.083336294,0.040168822,1541.37955,1148.205723,633.1304417,1338.333257,945.15943,1197.231373,857.5608971,501.9279267,1041.291206,701.62073,785.700824,520.0530339,347.4695274,696.9791513,431.3313611,1298.809517,1361.169912,425.9836431,1246.639122,1308.999517,1517.619419,1567.708664,475.0687774,1414.158792,1464.248037,1748.212957,1786.409573,537.9188866,1597.957332,1636.153948,298.3651913,325.8500722,357.8977798,166.1902921,184.5054493,211.6180032,-38.57184028,-35.28674408,-31.59689647,-62.36039489,-50.08924462,-38.19661619
184,2018,69.3,Freirina,100,-71.09283738,-28.50073498,82,0.484794463,3.69E-13,0.75,0.5,3,32,0.581730771,0.920233488,0.290554971,0.643601197,0.835479856,0.337539017,0.061870426,-0.084753633,0.046984047,1541.37955,1148.205723,633.1304417,1338.333257,945.15943,1197.231373,857.5608971,501.9279267,1041.291206,701.62073,785.700824,520.0530339,347.4695274,696.9791513,431.3313611,1298.809517,1361.169912,425.9836431,1246.639122,1308.999517,1517.619419,1567.708664,475.0687774,1414.158792,1464.248037,1748.212957,1786.409573,537.9188866,1597.957332,1636.153948,298.3651913,325.8500722,357.8977798,166.1902921,184.5054493,211.6180032,-38.57184028,-35.28674408,-31.59689647,-62.36039489,-50.08924462,-38.19661619
185,2018,68.9,Freirina,100,-71.09287033,-28.50085178,82,1.747450997,56.30993247,0.875,0.125,2,1,0.594736843,0.910810769,0.309791118,0.639150119,0.810696423,0.349701434,0.044413276,-0.100114346,0.039910316,1541.37955,1148.205723,633.1304417,1338.333257,945.15943,1197.231373,857.5608971,501.9279267,1041.291206,701.62073,785.700824,520.0530339,347.4695274,696.9791513,431.3313611,1298.809517,1361.169912,425.9836431,1246.639122,1308.999517,1517.619419,1567.708664,475.0687774,1414.158792,1464.248037,1748.212957,1786.409573,537.9188866,1597.957332,1636.153948,298.3651913,325.8500722,357.8977798,166.1902921,184.5054493,211.6180032,-38.57184028,-35.28674408,-31.59689647,-62.36039489,-50.08924462,-38.19661619
186,2018,89.8,Freirina,100,-71.09290256,-28.50093249,82,1.747450997,56.30993247,0.875,0.125,2,1,0.592150832,0.910433948,0.303789973,0.655220261,0.821374059,0.35944438,0.063069429,-0.089059889,0.055654407,1541.37955,1148.205723,633.1304417,1338.333257,945.15943,1197.231373,857.5608971,501.9279267,1041.291206,701.62073,785.700824,520.0530339,347.4695274,696.9791513,431.3313611,1298.809517,1361.169912,425.9836431,1246.639122,1308.999517,1517.619419,1567.708664,475.0687774,1414.158792,1464.248037,1748.212957,1786.409573,537.9188866,1597.957332,1636.153948,298.3651913,325.8500722,357.8977798,166.1902921,184.5054493,211.6180032,-38.57184028,-35.28674408,-31.59689647,-62.36039489,-50.08924462,-38.19661619
187,2018,94.9,Freirina,100,-71.09292477,-28.50102238,82,1.747450997,56.30993247,0.875,0.125,2,1,0.57401316,0.909226954,0.281754583,0.644510825,0.841137111,0.337197185,0.070497665,-0.068089843,0.055442601,1541.37955,1148.205723,633.1304417,1338.333257,945.15943,1197.231373,857.5608971,501.9279267,1041.291206,701.62073,785.700824,520.0530339,347.4695274,696.9791513,431.3313611,1298.809517,1361.169912,425.9836431,1246.639122,1308.999517,1517.619419,1567.708664,475.0687774,1414.158792,1464.248037,1748.212957,1786.409573,537.9188866,1597.957332,1636.153948,298.3651913,325.8500722,357.8977798,166.1902921,184.5054493,211.6180032,-38.57184028,-35.28674408,-31.59689647,-62.36039489,-50.08924462,-38.19661619
188,2018,121.9,Freirina,100,-71.09294644,-28.50108521,83,1.532725565,108.4349488,1.25,1.25,2,1,0.57401316,0.909226954,0.281754583,0.644510825,0.841137111,0.337197185,0.070497665,-0.068089843,0.055442601,1541.37955,1148.205723,633.1304417,1338.333257,945.15943,1197.231373,857.5608971,501.9279267,1041.291206,701.62073,785.700824,520.0530339,347.4695274,696.9791513,431.3313611,1298.809517,1361.169912,425.9836431,1246.639122,1308.999517,1517.619419,1567.708664,475.0687774,1414.158792,1464.248037,1748.212957,1786.409573,537.9188866,1597.957332,1636.153948,298.3651913,325.8500722,357.8977798,166.1902921,184.5054493,211.6180032,-38.57184028,-35.28674408,-31.59689647,-62.36039489,-50.08924462,-38.19661619
189,2018,83.1,Freirina,100,-71.09295825,-28.50116624,83,1.532725565,108.4349488,1.25,1.25,2,1,0.552707744,0.896969676,0.270319462,0.612260538,0.805233836,0.314980298,0.059552794,-0.09173584,0.044660836,1541.37955,1148.205723,633.1304417,1338.333257,945.15943,1197.231373,857.5608971,501.9279267,1041.291206,701.62073,785.700824,520.0530339,347.4695274,696.9791513,431.3313611,1298.809517,1361.169912,425.9836431,1246.639122,1308.999517,1517.619419,1567.708664,475.0687774,1414.158792,1464.248037,1748.212957,1786.409573,537.9188866,1597.957332,1636.153948,298.3651913,325.8500722,357.8977798,166.1902921,184.5054493,211.6180032,-38.57184028,-35.28674408,-31.59689647,-62.36039489,-50.08924462,-38.19661619
190,2018,98.6,Freirina,100,-71.09287763,-28.50122162,83,1.532725565,108.4349488,1.25,1.25,2,1,0.464003712,0.881790996,0.209492519,0.56815439,0.808905363,0.283090681,0.104150678,-0.072885633,0.073598161,1541.37955,1148.205723,633.1304417,1338.333257,945.15943,1197.231373,857.5608971,501.9279267,1041.291206,701.62073,785.700824,520.0530339,347.4695274,696.9791513,431.3313611,1298.809517,1361.169912,425.9836431,1246.639122,1308.999517,1517.619419,1567.708664,475.0687774,1414.158792,1464.248037,1748.212957,1786.409573,537.9188866,1597.957332,1636.153948,298.3651913,325.8500722,357.8977798,166.1902921,184.5054493,211.6180032,-38.57184028,-35.28674408,-31.59689647,-62.36039489,-50.08924462,-38.19661619
191,2018,39.4,Freirina,100,-71.09283447,-28.50110499,83,1.532725565,108.4349488,1.25,1.25,2,1,0.470511138,0.862755954,0.221635342,0.585536534,0.822977185,0.298335969,0.115025396,-0.039778769,0.076700628,1541.37955,1148.205723,633.1304417,1338.333257,945.15943,1197.231373,857.5608971,501.9279267,1041.291206,701.62073,785.700824,520.0530339,347.4695274,696.9791513,431.3313611,1298.809517,1361.169912,425.9836431,1246.639122,1308.999517,1517.619419,1567.708664,475.0687774,1414.158792,1464.248037,1748.212957,1786.409573,537.9188866,1597.957332,1636.153948,298.3651913,325.8500722,357.8977798,166.1902921,184.5054493,211.6180032,-38.57184028,-35.28674408,-31.59689647,-62.36039489,-50.08924462,-38.19661619
192,2018,38.5,Freirina,100,-71.09282301,-28.501042,83,1.532725565,108.4349488,1.25,1.25,2,1,0.539384244,0.887254894,0.269764036,0.624953862,0.836462259,0.329420149,0.085569618,-0.050792634,0.059656113,1541.37955,1148.205723,633.1304417,1338.333257,945.15943,1197.231373,857.5608971,501.9279267,1041.291206,701.62073,785.700824,520.0530339,347.4695274,696.9791513,431.3313611,1298.809517,1361.169912,425.9836431,1246.639122,1308.999517,1517.619419,1567.708664,475.0687774,1414.158792,1464.248037,1748.212957,1786.409573,537.9188866,1597.957332,1636.153948,298.3651913,325.8500722,357.8977798,166.1902921,184.5054493,211.6180032,-38.57184028,-35.28674408,-31.59689647,-62.36039489,-50.08924462,-38.19661619
193,2018,134.8,Freirina,100,-71.09279077,-28.50096128,82,1.747450997,56.30993247,0.875,0.125,2,1,0.568295488,0.889661551,0.291551501,0.648733077,0.81505543,0.355728954,0.080437589,-0.074606121,0.064177454,1541.37955,1148.205723,633.1304417,1338.333257,945.15943,1197.231373,857.5608971,501.9279267,1041.291206,701.62073,785.700824,520.0530339,347.4695274,696.9791513,431.3313611,1298.809517,1361.169912,425.9836431,1246.639122,1308.999517,1517.619419,1567.708664,475.0687774,1414.158792,1464.248037,1748.212957,1786.409573,537.9188866,1597.957332,1636.153948,298.3651913,325.8500722,357.8977798,166.1902921,184.5054493,211.6180032,-38.57184028,-35.28674408,-31.59689647,-62.36039489,-50.08924462,-38.19661619
194,2018,20.1,Freirina,100,-71.09276839,-28.50086237,82,1.747450997,56.30993247,0.875,0.125,2,1,0.60359737,0.872374833,0.331707001,0.6417534,0.790849686,0.373577297,0.03815603,-0.081525147,0.041870296,1541.37955,1148.205723,633.1304417,1338.333257,945.15943,1197.231373,857.5608971,501.9279267,1041.291206,701.62073,785.700824,520.0530339,347.4695274,696.9791513,431.3313611,1298.809517,1361.169912,425.9836431,1246.639122,1308.999517,1517.619419,1567.708664,475.0687774,1414.158792,1464.248037,1748.212957,1786.409573,537.9188866,1597.957332,1636.153948,298.3651913,325.8500722,357.8977798,166.1902921,184.5054493,211.6180032,-38.57184028,-35.28674408,-31.59689647,-62.36039489,-50.08924462,-38.19661619
195,2018,19.9,Freirina,100,-71.09274601,-28.50076346,82,0.484794463,3.69E-13,0.75,0.5,3,32,0.586071985,0.907764673,0.297379583,0.618882321,0.820452809,0.339360476,0.032810336,-0.087311864,0.041980892,1541.37955,1148.205723,633.1304417,1338.333257,945.15943,1197.231373,857.5608971,501.9279267,1041.291206,701.62073,785.700824,520.0530339,347.4695274,696.9791513,431.3313611,1298.809517,1361.169912,425.9836431,1246.639122,1308.999517,1517.619419,1567.708664,475.0687774,1414.158792,1464.248037,1748.212957,1786.409573,537.9188866,1597.957332,1636.153948,298.3651913,325.8500722,357.8977798,166.1902921,184.5054493,211.6180032,-38.57184028,-35.28674408,-31.59689647,-62.36039489,-50.08924462,-38.19661619
196,2018,59.7,Freirina,100,-71.09271359,-28.50067373,82,0.484794463,3.69E-13,0.75,0.5,3,32,0.582587466,0.932439089,0.288012862,0.650724633,0.840064645,0.347164929,0.068137167,-0.092374444,0.059152067,1541.37955,1148.205723,633.1304417,1338.333257,945.15943,1197.231373,857.5608971,501.9279267,1041.291206,701.62073,785.700824,520.0530339,347.4695274,696.9791513,431.3313611,1298.809517,1361.169912,425.9836431,1246.639122,1308.999517,1517.619419,1567.708664,475.0687774,1414.158792,1464.248037,1748.212957,1786.409573,537.9188866,1597.957332,1636.153948,298.3651913,325.8500722,357.8977798,166.1902921,184.5054493,211.6180032,-38.57184028,-35.28674408,-31.59689647,-62.36039489,-50.08924462,-38.19661619
197,2018,39.8,Freirina,100,-71.09269139,-28.50058384,81,2.084309673,125.5376778,1,-0.25,3,2,0.583824114,0.910037935,0.295547903,0.643478264,0.829770088,0.343298972,0.05965415,-0.080267847,0.047751069,1541.37955,1148.205723,633.1304417,1338.333257,945.15943,1197.231373,857.5608971,501.9279267,1041.291206,701.62073,785.700824,520.0530339,347.4695274,696.9791513,431.3313611,1298.809517,1361.169912,425.9836431,1246.639122,1308.999517,1517.619419,1567.708664,475.0687774,1414.158792,1464.248037,1748.212957,1786.409573,537.9188866,1597.957332,1636.153948,298.3651913,325.8500722,357.8977798,166.1902921,184.5054493,211.6180032,-38.57184028,-35.28674408,-31.59689647,-62.36039489,-50.08924462,-38.19661619
198,2018,17.3,Freirina,100,-71.09265916,-28.50050312,82,1.532725565,161.5650512,0.5,0.25,3,2,0.576744185,0.905386448,0.294459105,0.624354238,0.828073084,0.329182863,0.047610053,-0.077313364,0.034723759,1541.37955,1148.205723,633.1304417,1338.333257,945.15943,1197.231373,857.5608971,501.9279267,1041.291206,701.62073,785.700824,520.0530339,347.4695274,696.9791513,431.3313611,1298.809517,1361.169912,425.9836431,1246.639122,1308.999517,1517.619419,1567.708664,475.0687774,1414.158792,1464.248037,1748.212957,1786.409573,537.9188866,1597.957332,1636.153948,298.3651913,325.8500722,357.8977798,166.1902921,184.5054493,211.6180032,-38.57184028,-35.28674408,-31.59689647,-62.36039489,-50.08924462,-38.19661619
199,2018,19,Freirina,100,-71.09263713,-28.50042225,82,1.532725565,161.5650512,0.5,0.25,3,2,0.60628742,0.887423038,0.316736192,0.610709104,0.804620981,0.326120555,0.004421684,-0.082802057,0.009384364,1541.37955,1148.205723,633.1304417,1338.333257,945.15943,1197.231373,857.5608971,501.9279267,1041.291206,701.62073,785.700824,520.0530339,347.4695274,696.9791513,431.3313611,1298.809517,1361.169912,425.9836431,1246.639122,1308.999517,1517.619419,1567.708664,475.0687774,1414.158792,1464.248037,1748.212957,1786.409573,537.9188866,1597.957332,1636.153948,298.3651913,325.8500722,357.8977798,166.1902921,184.5054493,211.6180032,-38.57184028,-35.28674408,-31.59689647,-62.36039489,-50.08924462,-38.19661619
200,2018,107.9,Freirina,100,-71.09260436,-28.50031448,82,1.532725565,161.5650512,0.5,0.25,3,2,0.600597226,0.903240144,0.314298719,0.607563325,0.801679373,0.327374101,0.006966099,-0.101560771,0.013075382,1541.37955,1148.205723,633.1304417,1338.333257,945.15943,1197.231373,857.5608971,501.9279267,1041.291206,701.62073,785.700824,520.0530339,347.4695274,696.9791513,431.3313611,1298.809517,1361.169912,425.9836431,1246.639122,1308.999517,1517.619419,1567.708664,475.0687774,1414.158792,1464.248037,1748.212957,1786.409573,537.9188866,1597.957332,1636.153948,298.3651913,325.8500722,357.8977798,166.1902921,184.5054493,211.6180032,-38.57184028,-35.28674408,-31.59689647,-62.36039489,-50.08924462,-38.19661619
201,2018,69.5,Freirina,100,-71.09258233,-28.50023361,83,0.342805543,315,1.125,1.125,2,32,0.589743596,0.898244083,0.306586534,0.617193247,0.801145673,0.326340318,0.027449651,-0.09709841,0.019753784,1541.37955,1148.205723,633.1304417,1338.333257,945.15943,1197.231373,857.5608971,501.9279267,1041.291206,701.62073,785.700824,520.0530339,347.4695274,696.9791513,431.3313611,1298.809517,1361.169912,425.9836431,1246.639122,1308.999517,1517.619419,1567.708664,475.0687774,1414.158792,1464.248037,1748.212957,1786.409573,537.9188866,1597.957332,1636.153948,298.3651913,325.8500722,357.8977798,166.1902921,184.5054493,211.6180032,-38.57184028,-35.28674408,-31.59689647,-62.36039489,-50.08924462,-38.19661619
202,2018,62,Freirina,100,-71.0925295,-28.50014419,83,0.342805543,315,1.125,1.125,2,32,0.532447221,0.84470582,0.270309597,0.544519346,0.77280134,0.294475019,0.012072125,-0.07190448,0.024165422,1541.37955,1148.205723,633.1304417,1338.333257,945.15943,1197.231373,857.5608971,501.9279267,1041.291206,701.62073,785.700824,520.0530339,347.4695274,696.9791513,431.3313611,1298.809517,1361.169912,425.9836431,1246.639122,1308.999517,1517.619419,1567.708664,475.0687774,1414.158792,1464.248037,1748.212957,1786.409573,537.9188866,1597.957332,1636.153948,298.3651913,325.8500722,357.8977798,166.1902921,184.5054493,211.6180032,-38.57184028,-35.28674408,-31.59689647,-62.36039489,-50.08924462,-38.19661619
203,2018,31,Freirina,100,-71.09242756,-28.50015478,83,0.342805543,315,1.125,1.125,2,32,0.523251277,0.847393394,0.265709758,0.467902971,0.715714931,0.252178371,-0.055348306,-0.131678462,-0.013531387,1541.37955,1148.205723,633.1304417,1338.333257,945.15943,1197.231373,857.5608971,501.9279267,1041.291206,701.62073,785.700824,520.0530339,347.4695274,696.9791513,431.3313611,1298.809517,1361.169912,425.9836431,1246.639122,1308.999517,1517.619419,1567.708664,475.0687774,1414.158792,1464.248037,1748.212957,1786.409573,537.9188866,1597.957332,1636.153948,298.3651913,325.8500722,357.8977798,166.1902921,184.5054493,211.6180032,-38.57184028,-35.28674408,-31.59689647,-62.36039489,-50.08924462,-38.19661619
204,2018,38.7,Freirina,100,-71.09249061,-28.50024404,82,1.532725565,161.5650512,0.5,0.25,3,2,0.580763563,0.872988224,0.307224214,0.586509288,0.783845305,0.327495307,0.005745725,-0.089142919,0.020271093,1541.37955,1148.205723,633.1304417,1338.333257,945.15943,1197.231373,857.5608971,501.9279267,1041.291206,701.62073,785.700824,520.0530339,347.4695274,696.9791513,431.3313611,1298.809517,1361.169912,425.9836431,1246.639122,1308.999517,1517.619419,1567.708664,475.0687774,1414.158792,1464.248037,1748.212957,1786.409573,537.9188866,1597.957332,1636.153948,298.3651913,325.8500722,357.8977798,166.1902921,184.5054493,211.6180032,-38.57184028,-35.28674408,-31.59689647,-62.36039489,-50.08924462,-38.19661619
205,2018,19.3,Freirina,100,-71.09252302,-28.50033378,82,1.532725565,161.5650512,0.5,0.25,3,2,0.58230769,0.903748274,0.298815787,0.607911183,0.805923641,0.333417922,0.025603493,-0.097824633,0.034602135,1541.37955,1148.205723,633.1304417,1338.333257,945.15943,1197.231373,857.5608971,501.9279267,1041.291206,701.62073,785.700824,520.0530339,347.4695274,696.9791513,431.3313611,1298.809517,1361.169912,425.9836431,1246.639122,1308.999517,1517.619419,1567.708664,475.0687774,1414.158792,1464.248037,1748.212957,1786.409573,537.9188866,1597.957332,1636.153948,298.3651913,325.8500722,357.8977798,166.1902921,184.5054493,211.6180032,-38.57184028,-35.28674408,-31.59689647,-62.36039489,-50.08924462,-38.19661619
206,2018,116.2,Freirina,100,-71.09255544,-28.50042351,82,1.532725565,161.5650512,0.5,0.25,3,2,0.588957074,0.90091747,0.30283913,0.600579908,0.816536427,0.320337653,0.011622834,-0.084381044,0.017498523,1541.37955,1148.205723,633.1304417,1338.333257,945.15943,1197.231373,857.5608971,501.9279267,1041.291206,701.62073,785.700824,520.0530339,347.4695274,696.9791513,431.3313611,1298.809517,1361.169912,425.9836431,1246.639122,1308.999517,1517.619419,1567.708664,475.0687774,1414.158792,1464.248037,1748.212957,1786.409573,537.9188866,1597.957332,1636.153948,298.3651913,325.8500722,357.8977798,166.1902921,184.5054493,211.6180032,-38.57184028,-35.28674408,-31.59689647,-62.36039489,-50.08924462,-38.19661619
207,2018,78.9,Freirina,100,-71.09256761,-28.50052258,81,2.084309673,125.5376778,1,-0.25,3,2,0.569118844,0.913257778,0.282579631,0.618682998,0.835866272,0.31844455,0.049564154,-0.077391505,0.035864919,1541.37955,1148.205723,633.1304417,1338.333257,945.15943,1197.231373,857.5608971,501.9279267,1041.291206,701.62073,785.700824,520.0530339,347.4695274,696.9791513,431.3313611,1298.809517,1361.169912,425.9836431,1246.639122,1308.999517,1517.619419,1567.708664,475.0687774,1414.158792,1464.248037,1748.212957,1786.409573,537.9188866,1597.957332,1636.153948,298.3651913,325.8500722,357.8977798,166.1902921,184.5054493,211.6180032,-38.57184028,-35.28674408,-31.59689647,-62.36039489,-50.08924462,-38.19661619
208,2018,58,Freirina,100,-71.09257924,-28.50059459,81,2.084309673,125.5376778,1,-0.25,3,2,0.587668591,0.908290863,0.301184982,0.62686566,0.840439022,0.328125,0.039197069,-0.067851841,0.026940018,1541.37955,1148.205723,633.1304417,1338.333257,945.15943,1197.231373,857.5608971,501.9279267,1041.291206,701.62073,785.700824,520.0530339,347.4695274,696.9791513,431.3313611,1298.809517,1361.169912,425.9836431,1246.639122,1308.999517,1517.619419,1567.708664,475.0687774,1414.158792,1464.248037,1748.212957,1786.409573,537.9188866,1597.957332,1636.153948,298.3651913,325.8500722,357.8977798,166.1902921,184.5054493,211.6180032,-38.57184028,-35.28674408,-31.59689647,-62.36039489,-50.08924462,-38.19661619
209,2018,41.4,Freirina,100,-71.09261237,-28.5007204,81,2.084309673,125.5376778,1,-0.25,3,2,0.584978706,0.895370364,0.29889226,0.63148351,0.823267162,0.336663663,0.046504804,-0.072103202,0.037771404,1541.37955,1148.205723,633.1304417,1338.333257,945.15943,1197.231373,857.5608971,501.9279267,1041.291206,701.62073,785.700824,520.0530339,347.4695274,696.9791513,431.3313611,1298.809517,1361.169912,425.9836431,1246.639122,1308.999517,1517.619419,1567.708664,475.0687774,1414.158792,1464.248037,1748.212957,1786.409573,537.9188866,1597.957332,1636.153948,298.3651913,325.8500722,357.8977798,166.1902921,184.5054493,211.6180032,-38.57184028,-35.28674408,-31.59689647,-62.36039489,-50.08924462,-38.19661619
210,2018,82.8,Freirina,100,-71.09266663,-28.50088199,81,3.15734881,94.39870535,1.25,0.25,5,2,0.5826598,0.87876147,0.308080792,0.611222436,0.791976273,0.343382537,0.028562636,-0.086785197,0.035301745,1541.37955,1148.205723,633.1304417,1338.333257,945.15943,1197.231373,857.5608971,501.9279267,1041.291206,701.62073,785.700824,520.0530339,347.4695274,696.9791513,431.3313611,1298.809517,1361.169912,425.9836431,1246.639122,1308.999517,1517.619419,1567.708664,475.0687774,1414.158792,1464.248037,1748.212957,1786.409573,537.9188866,1597.957332,1636.153948,298.3651913,325.8500722,357.8977798,166.1902921,184.5054493,211.6180032,-38.57184028,-35.28674408,-31.59689647,-62.36039489,-50.08924462,-38.19661619
211,2018,84,Freirina,100,-71.09269923,-28.50098074,82,1.747450997,56.30993247,0.875,0.125,2,1,0.563419481,0.890384614,0.282834321,0.635125444,0.816082835,0.34120667,0.071705963,-0.074301779,0.058372349,1541.37955,1148.205723,633.1304417,1338.333257,945.15943,1197.231373,857.5608971,501.9279267,1041.291206,701.62073,785.700824,520.0530339,347.4695274,696.9791513,431.3313611,1298.809517,1361.169912,425.9836431,1246.639122,1308.999517,1517.619419,1567.708664,475.0687774,1414.158792,1464.248037,1748.212957,1786.409573,537.9188866,1597.957332,1636.153948,298.3651913,325.8500722,357.8977798,166.1902921,184.5054493,211.6180032,-38.57184028,-35.28674408,-31.59689647,-62.36039489,-50.08924462,-38.19661619
212,2018,56.5,Freirina,100,-71.09272089,-28.50104357,83,1.532725565,108.4349488,1.25,1.25,2,1,0.468525579,0.849920154,0.225804269,0.594124484,0.798517287,0.303875059,0.125598905,-0.051402867,0.07807079,1541.37955,1148.205723,633.1304417,1338.333257,945.15943,1197.231373,857.5608971,501.9279267,1041.291206,701.62073,785.700824,520.0530339,347.4695274,696.9791513,431.3313611,1298.809517,1361.169912,425.9836431,1246.639122,1308.999517,1517.619419,1567.708664,475.0687774,1414.158792,1464.248037,1748.212957,1786.409573,537.9188866,1597.957332,1636.153948,298.3651913,325.8500722,357.8977798,166.1902921,184.5054493,211.6180032,-38.57184028,-35.28674408,-31.59689647,-62.36039489,-50.08924462,-38.19661619
213,2018,56.7,Freirina,100,-71.09260768,-28.5010002,81,3.15734881,94.39870535,1.25,0.25,5,2,0.524046433,0.882232428,0.255801409,0.614467118,0.808620751,0.315238863,0.090420685,-0.073611677,0.059437454,1541.37955,1148.205723,633.1304417,1338.333257,945.15943,1197.231373,857.5608971,501.9279267,1041.291206,701.62073,785.700824,520.0530339,347.4695274,696.9791513,431.3313611,1298.809517,1361.169912,425.9836431,1246.639122,1308.999517,1517.619419,1567.708664,475.0687774,1414.158792,1464.248037,1748.212957,1786.409573,537.9188866,1597.957332,1636.153948,298.3651913,325.8500722,357.8977798,166.1902921,184.5054493,211.6180032,-38.57184028,-35.28674408,-31.59689647,-62.36039489,-50.08924462,-38.19661619
214,2018,83.1,Freirina,100,-71.09258548,-28.50091031,81,3.15734881,94.39870535,1.25,0.25,5,2,0.578574231,0.900426745,0.292280138,0.602238799,0.792153597,0.315234363,0.023664568,-0.108273149,0.022954226,1541.37955,1148.205723,633.1304417,1338.333257,945.15943,1197.231373,857.5608971,501.9279267,1041.291206,701.62073,785.700824,520.0530339,347.4695274,696.9791513,431.3313611,1298.809517,1361.169912,425.9836431,1246.639122,1308.999517,1517.619419,1567.708664,475.0687774,1414.158792,1464.248037,1748.212957,1786.409573,537.9188866,1597.957332,1636.153948,298.3651913,325.8500722,357.8977798,166.1902921,184.5054493,211.6180032,-38.57184028,-35.28674408,-31.59689647,-62.36039489,-50.08924462,-38.19661619
215,2018,37.8,Freirina,100,-71.09255271,-28.50080253,81,3.15734881,94.39870535,1.25,0.25,5,2,0.58021713,0.902226508,0.289101124,0.609520274,0.79958421,0.319742501,0.029303144,-0.102642298,0.030641377,1541.37955,1148.205723,633.1304417,1338.333257,945.15943,1197.231373,857.5608971,501.9279267,1041.291206,701.62073,785.700824,520.0530339,347.4695274,696.9791513,431.3313611,1298.809517,1361.169912,425.9836431,1246.639122,1308.999517,1517.619419,1567.708664,475.0687774,1414.158792,1464.248037,1748.212957,1786.409573,537.9188866,1597.957332,1636.153948,298.3651913,325.8500722,357.8977798,166.1902921,184.5054493,211.6180032,-38.57184028,-35.28674408,-31.59689647,-62.36039489,-50.08924462,-38.19661619
216,2018,57,Freirina,100,-71.09253068,-28.50072166,81,2.084309673,125.5376778,1,-0.25,3,2,0.578576478,0.844380438,0.31423834,0.591346151,0.77479893,0.326466143,0.012769673,-0.069581509,0.012227803,1541.37955,1148.205723,633.1304417,1338.333257,945.15943,1197.231373,857.5608971,501.9279267,1041.291206,701.62073,785.700824,520.0530339,347.4695274,696.9791513,431.3313611,1298.809517,1361.169912,425.9836431,1246.639122,1308.999517,1517.619419,1567.708664,475.0687774,1414.158792,1464.248037,1748.212957,1786.409573,537.9188866,1597.957332,1636.153948,298.3651913,325.8500722,357.8977798,166.1902921,184.5054493,211.6180032,-38.57184028,-35.28674408,-31.59689647,-62.36039489,-50.08924462,-38.19661619
217,2018,82.3,Freirina,100,-71.09248752,-28.50060502,81,2.084309673,125.5376778,1,-0.25,3,2,0.590000001,0.865102649,0.31769231,0.607370657,0.797147393,0.328688323,0.017370656,-0.067955256,0.010996014,1541.37955,1148.205723,633.1304417,1338.333257,945.15943,1197.231373,857.5608971,501.9279267,1041.291206,701.62073,785.700824,520.0530339,347.4695274,696.9791513,431.3313611,1298.809517,1361.169912,425.9836431,1246.639122,1308.999517,1517.619419,1567.708664,475.0687774,1414.158792,1464.248037,1748.212957,1786.409573,537.9188866,1597.957332,1636.153948,298.3651913,325.8500722,357.8977798,166.1902921,184.5054493,211.6180032,-38.57184028,-35.28674408,-31.59689647,-62.36039489,-50.08924462,-38.19661619
218,2018,31.68,Freirina,100,-71.09246532,-28.50051513,81,2.084309673,125.5376778,1,-0.25,3,2,0.574030072,0.889733791,0.288998127,0.621257488,0.836371362,0.324556828,0.047227416,-0.053362429,0.035558701,1541.37955,1148.205723,633.1304417,1338.333257,945.15943,1197.231373,857.5608971,501.9279267,1041.291206,701.62073,785.700824,520.0530339,347.4695274,696.9791513,431.3313611,1298.809517,1361.169912,425.9836431,1246.639122,1308.999517,1517.619419,1567.708664,475.0687774,1414.158792,1464.248037,1748.212957,1786.409573,537.9188866,1597.957332,1636.153948,298.3651913,325.8500722,357.8977798,166.1902921,184.5054493,211.6180032,-38.57184028,-35.28674408,-31.59689647,-62.36039489,-50.08924462,-38.19661619
219,2018,85.5,Freirina,100,-71.09245333,-28.50042508,82,1.532725565,161.5650512,0.5,0.25,3,2,0.579647755,0.899294078,0.29404369,0.592233012,0.820666134,0.309846312,0.012585257,-0.078627944,0.015802622,1541.37955,1148.205723,633.1304417,1338.333257,945.15943,1197.231373,857.5608971,501.9279267,1041.291206,701.62073,785.700824,520.0530339,347.4695274,696.9791513,431.3313611,1298.809517,1361.169912,425.9836431,1246.639122,1308.999517,1517.619419,1567.708664,475.0687774,1414.158792,1464.248037,1748.212957,1786.409573,537.9188866,1597.957332,1636.153948,298.3651913,325.8500722,357.8977798,166.1902921,184.5054493,211.6180032,-38.57184028,-35.28674408,-31.59689647,-62.36039489,-50.08924462,-38.19661619
220,2018,95,Freirina,100,-71.09242127,-28.50035339,82,1.532725565,161.5650512,0.5,0.25,3,2,0.560939788,0.862461686,0.296737432,0.543920057,0.743290544,0.299696296,-0.017019731,-0.119171143,0.002958864,1541.37955,1148.205723,633.1304417,1338.333257,945.15943,1197.231373,857.5608971,501.9279267,1041.291206,701.62073,785.700824,520.0530339,347.4695274,696.9791513,431.3313611,1298.809517,1361.169912,425.9836431,1246.639122,1308.999517,1517.619419,1567.708664,475.0687774,1414.158792,1464.248037,1748.212957,1786.409573,537.9188866,1597.957332,1636.153948,298.3651913,325.8500722,357.8977798,166.1902921,184.5054493,211.6180032,-38.57184028,-35.28674408,-31.59689647,-62.36039489,-50.08924462,-38.19661619
221,2018,79.2,Freirina,100,-71.09239906,-28.5002635,82,1.532725565,161.5650512,0.5,0.25,3,2,0.551457019,0.83989501,0.290818304,0.503333328,0.729957819,0.283125013,-0.048123691,-0.109937191,-0.007693291,1541.37955,1148.205723,633.1304417,1338.333257,945.15943,1197.231373,857.5608971,501.9279267,1041.291206,701.62073,785.700824,520.0530339,347.4695274,696.9791513,431.3313611,1298.809517,1361.169912,425.9836431,1246.639122,1308.999517,1517.619419,1567.708664,475.0687774,1414.158792,1464.248037,1748.212957,1786.409573,537.9188866,1597.957332,1636.153948,298.3651913,325.8500722,357.8977798,166.1902921,184.5054493,211.6180032,-38.57184028,-35.28674408,-31.59689647,-62.36039489,-50.08924462,-38.19661619
222,2018,19,Freirina,100,-71.0923258,-28.50017439,82,0.766499914,108.4349488,0.25,0,2,2,0.491324936,0.833252549,0.248009562,0.539460866,0.748432338,0.308392137,0.04813593,-0.084820211,0.060382575,1541.37955,1148.205723,633.1304417,1338.333257,945.15943,1197.231373,857.5608971,501.9279267,1041.291206,701.62073,785.700824,520.0530339,347.4695274,696.9791513,431.3313611,1298.809517,1361.169912,425.9836431,1246.639122,1308.999517,1517.619419,1567.708664,475.0687774,1414.158792,1464.248037,1748.212957,1786.409573,537.9188866,1597.957332,1636.153948,298.3651913,325.8500722,357.8977798,166.1902921,184.5054493,211.6180032,-38.57184028,-35.28674408,-31.59689647,-62.36039489,-50.08924462,-38.19661619
223,2018,57,Freirina,100,-71.09224465,-28.50020271,82,0.766499914,108.4349488,0.25,0,2,2,0.491324936,0.833252549,0.248009562,0.539460866,0.748432338,0.308392137,0.04813593,-0.084820211,0.060382575,1541.37955,1148.205723,633.1304417,1338.333257,945.15943,1197.231373,857.5608971,501.9279267,1041.291206,701.62073,785.700824,520.0530339,347.4695274,696.9791513,431.3313611,1298.809517,1361.169912,425.9836431,1246.639122,1308.999517,1517.619419,1567.708664,475.0687774,1414.158792,1464.248037,1748.212957,1786.409573,537.9188866,1597.957332,1636.153948,298.3651913,325.8500722,357.8977798,166.1902921,184.5054493,211.6180032,-38.57184028,-35.28674408,-31.59689647,-62.36039489,-50.08924462,-38.19661619
224,2018,57.7,Freirina,100,-71.09226685,-28.5002926,82,2.167084517,153.4349488,0.875,0.625,3,4,0.550019163,0.855045855,0.282888681,0.550403911,0.745353878,0.299541205,0.000384748,-0.109691978,0.016652524,1541.37955,1148.205723,633.1304417,1338.333257,945.15943,1197.231373,857.5608971,501.9279267,1041.291206,701.62073,785.700824,520.0530339,347.4695274,696.9791513,431.3313611,1298.809517,1361.169912,425.9836431,1246.639122,1308.999517,1517.619419,1567.708664,475.0687774,1414.158792,1464.248037,1748.212957,1786.409573,537.9188866,1597.957332,1636.153948,298.3651913,325.8500722,357.8977798,166.1902921,184.5054493,211.6180032,-38.57184028,-35.28674408,-31.59689647,-62.36039489,-50.08924462,-38.19661619
225,2018,57.46,Freirina,100,-71.09228888,-28.50037347,82,2.167084517,153.4349488,0.875,0.625,3,4,0.564847058,0.860101283,0.288606077,0.551736232,0.752079189,0.300534964,-0.013110826,-0.108022094,0.011928886,1541.37955,1148.205723,633.1304417,1338.333257,945.15943,1197.231373,857.5608971,501.9279267,1041.291206,701.62073,785.700824,520.0530339,347.4695274,696.9791513,431.3313611,1298.809517,1361.169912,425.9836431,1246.639122,1308.999517,1517.619419,1567.708664,475.0687774,1414.158792,1464.248037,1748.212957,1786.409573,537.9188866,1597.957332,1636.153948,298.3651913,325.8500722,357.8977798,166.1902921,184.5054493,211.6180032,-38.57184028,-35.28674408,-31.59689647,-62.36039489,-50.08924462,-38.19661619
226,2018,51.3,Freirina,100,-71.09232076,-28.50043615,82,2.167084517,153.4349488,0.875,0.625,3,4,0.575145651,0.884758353,0.293267339,0.588509873,0.790368259,0.315799624,0.013364222,-0.094390094,0.022532284,1541.37955,1148.205723,633.1304417,1338.333257,945.15943,1197.231373,857.5608971,501.9279267,1041.291206,701.62073,785.700824,520.0530339,347.4695274,696.9791513,431.3313611,1298.809517,1361.169912,425.9836431,1246.639122,1308.999517,1517.619419,1567.708664,475.0687774,1414.158792,1464.248037,1748.212957,1786.409573,537.9188866,1597.957332,1636.153948,298.3651913,325.8500722,357.8977798,166.1902921,184.5054493,211.6180032,-38.57184028,-35.28674408,-31.59689647,-62.36039489,-50.08924462,-38.19661619
227,2018,38.4,Freirina,100,-71.09234296,-28.50052604,80,3.15734881,147.5288077,1.375,-0.375,5,2,0.565679583,0.865219355,0.292769194,0.599708344,0.794683039,0.318674922,0.034028761,-0.070536315,0.025905728,1541.37955,1148.205723,633.1304417,1338.333257,945.15943,1197.231373,857.5608971,501.9279267,1041.291206,701.62073,785.700824,520.0530339,347.4695274,696.9791513,431.3313611,1298.809517,1361.169912,425.9836431,1246.639122,1308.999517,1517.619419,1567.708664,475.0687774,1414.158792,1464.248037,1748.212957,1786.409573,537.9188866,1597.957332,1636.153948,298.3651913,325.8500722,357.8977798,166.1902921,184.5054493,211.6180032,-38.57184028,-35.28674408,-31.59689647,-62.36039489,-50.08924462,-38.19661619
228,2018,19,Freirina,100,-71.09236498,-28.50060691,80,3.15734881,147.5288077,1.375,-0.375,5,2,0.560030398,0.860444069,0.289701253,0.605765777,0.789558232,0.324308693,0.045735379,-0.070885837,0.03460744,1541.37955,1148.205723,633.1304417,1338.333257,945.15943,1197.231373,857.5608971,501.9279267,1041.291206,701.62073,785.700824,520.0530339,347.4695274,696.9791513,431.3313611,1298.809517,1361.169912,425.9836431,1246.639122,1308.999517,1517.619419,1567.708664,475.0687774,1414.158792,1464.248037,1748.212957,1786.409573,537.9188866,1597.957332,1636.153948,298.3651913,325.8500722,357.8977798,166.1902921,184.5054493,211.6180032,-38.57184028,-35.28674408,-31.59689647,-62.36039489,-50.08924462,-38.19661619
229,2018,38,Freirina,100,-71.09241835,-28.50072339,81,2.084309673,125.5376778,1,-0.25,3,2,0.514693541,0.859793842,0.249119475,0.555014198,0.792232156,0.274755448,0.040320657,-0.067561686,0.025635973,1541.37955,1148.205723,633.1304417,1338.333257,945.15943,1197.231373,857.5608971,501.9279267,1041.291206,701.62073,785.700824,520.0530339,347.4695274,696.9791513,431.3313611,1298.809517,1361.169912,425.9836431,1246.639122,1308.999517,1517.619419,1567.708664,475.0687774,1414.158792,1464.248037,1748.212957,1786.409573,537.9188866,1597.957332,1636.153948,298.3651913,325.8500722,357.8977798,166.1902921,184.5054493,211.6180032,-38.57184028,-35.28674408,-31.59689647,-62.36039489,-50.08924462,-38.19661619
230,2018,55,Freirina,100,-71.09245077,-28.50081313,81,3.15734881,94.39870535,1.25,0.25,5,2,0.553148812,0.886939526,0.276057661,0.574231749,0.788809419,0.302103609,0.021082937,-0.098130107,0.026045948,1541.37955,1148.205723,633.1304417,1338.333257,945.15943,1197.231373,857.5608971,501.9279267,1041.291206,701.62073,785.700824,520.0530339,347.4695274,696.9791513,431.3313611,1298.809517,1361.169912,425.9836431,1246.639122,1308.999517,1517.619419,1567.708664,475.0687774,1414.158792,1464.248037,1748.212957,1786.409573,537.9188866,1597.957332,1636.153948,298.3651913,325.8500722,357.8977798,166.1902921,184.5054493,211.6180032,-38.57184028,-35.28674408,-31.59689647,-62.36039489,-50.08924462,-38.19661619
231,2018,55.5,Freirina,100,-71.09247351,-28.50093008,81,3.15734881,94.39870535,1.25,0.25,5,2,0.528426617,0.903402865,0.247420549,0.555643569,0.804317892,0.279667765,0.027216952,-0.099084973,0.032247216,1541.37955,1148.205723,633.1304417,1338.333257,945.15943,1197.231373,857.5608971,501.9279267,1041.291206,701.62073,785.700824,520.0530339,347.4695274,696.9791513,431.3313611,1298.809517,1361.169912,425.9836431,1246.639122,1308.999517,1517.619419,1567.708664,475.0687774,1414.158792,1464.248037,1748.212957,1786.409573,537.9188866,1597.957332,1636.153948,298.3651913,325.8500722,357.8977798,166.1902921,184.5054493,211.6180032,-38.57184028,-35.28674408,-31.59689647,-62.36039489,-50.08924462,-38.19661619
232,2018,18.9,Freirina,100,-71.09223099,-28.50054581,80,3.15734881,147.5288077,1.375,-0.375,5,2,0.543736282,0.897352815,0.255051553,0.612384393,0.836080611,0.305128872,0.068648111,-0.061272204,0.050077319,1541.37955,1148.205723,633.1304417,1338.333257,945.15943,1197.231373,857.5608971,501.9279267,1041.291206,701.62073,785.700824,520.0530339,347.4695274,696.9791513,431.3313611,1298.809517,1361.169912,425.9836431,1246.639122,1308.999517,1517.619419,1567.708664,475.0687774,1414.158792,1464.248037,1748.212957,1786.409573,537.9188866,1597.957332,1636.153948,298.3651913,325.8500722,357.8977798,166.1902921,184.5054493,211.6180032,-38.57184028,-35.28674408,-31.59689647,-62.36039489,-50.08924462,-38.19661619
233,2018,109,Freirina,100,-71.09220914,-28.50047396,82,2.167084517,153.4349488,0.875,0.625,3,4,0.568922303,0.920245409,0.276305109,0.603992012,0.841429949,0.302398413,0.035069709,-0.07881546,0.026093304,1541.37955,1148.205723,633.1304417,1338.333257,945.15943,1197.231373,857.5608971,501.9279267,1041.291206,701.62073,785.700824,520.0530339,347.4695274,696.9791513,431.3313611,1298.809517,1361.169912,425.9836431,1246.639122,1308.999517,1517.619419,1567.708664,475.0687774,1414.158792,1464.248037,1748.212957,1786.409573,537.9188866,1597.957332,1636.153948,298.3651913,325.8500722,357.8977798,166.1902921,184.5054493,211.6180032,-38.57184028,-35.28674408,-31.59689647,-62.36039489,-50.08924462,-38.19661619
234,2018,84.3,Freirina,100,-71.09218712,-28.50039309,82,2.167084517,153.4349488,0.875,0.625,3,4,0.568922303,0.920245409,0.276305109,0.603992012,0.841429949,0.302398413,0.035069709,-0.07881546,0.026093304,1541.37955,1148.205723,633.1304417,1338.333257,945.15943,1197.231373,857.5608971,501.9279267,1041.291206,701.62073,785.700824,520.0530339,347.4695274,696.9791513,431.3313611,1298.809517,1361.169912,425.9836431,1246.639122,1308.999517,1517.619419,1567.708664,475.0687774,1414.158792,1464.248037,1748.212957,1786.409573,537.9188866,1597.957332,1636.153948,298.3651913,325.8500722,357.8977798,166.1902921,184.5054493,211.6180032,-38.57184028,-35.28674408,-31.59689647,-62.36039489,-50.08924462,-38.19661619
235,2018,56,Freirina,100,-71.09216509,-28.50031222,82,2.167084517,153.4349488,0.875,0.625,3,4,0.557885528,0.923408806,0.262793243,0.583435848,0.834679365,0.28693375,0.02555032,-0.088729441,0.024140507,1541.37955,1148.205723,633.1304417,1338.333257,945.15943,1197.231373,857.5608971,501.9279267,1041.291206,701.62073,785.700824,520.0530339,347.4695274,696.9791513,431.3313611,1298.809517,1361.169912,425.9836431,1246.639122,1308.999517,1517.619419,1567.708664,475.0687774,1414.158792,1464.248037,1748.212957,1786.409573,537.9188866,1597.957332,1636.153948,298.3651913,325.8500722,357.8977798,166.1902921,184.5054493,211.6180032,-38.57184028,-35.28674408,-31.59689647,-62.36039489,-50.08924462,-38.19661619
236,2018,42,Freirina,100,-71.0921325,-28.50021346,82,0.766499914,108.4349488,0.25,0,2,2,0.553461715,0.898848295,0.272342443,0.552271872,0.81511879,0.290969253,-0.001189843,-0.083729506,0.018626809,1541.37955,1148.205723,633.1304417,1338.333257,945.15943,1197.231373,857.5608971,501.9279267,1041.291206,701.62073,785.700824,520.0530339,347.4695274,696.9791513,431.3313611,1298.809517,1361.169912,425.9836431,1246.639122,1308.999517,1517.619419,1567.708664,475.0687774,1414.158792,1464.248037,1748.212957,1786.409573,537.9188866,1597.957332,1636.153948,298.3651913,325.8500722,357.8977798,166.1902921,184.5054493,211.6180032,-38.57184028,-35.28674408,-31.59689647,-62.36039489,-50.08924462,-38.19661619
237,2018,37.8,Freirina,100,-71.09207355,-28.50033167,81,2.193979706,186.3401917,1.125,-0.375,3,4,0.56896553,0.871028006,0.288400441,0.575803982,0.791902542,0.296374142,0.006838452,-0.079125464,0.007973701,1541.37955,1148.205723,633.1304417,1338.333257,945.15943,1197.231373,857.5608971,501.9279267,1041.291206,701.62073,785.700824,520.0530339,347.4695274,696.9791513,431.3313611,1298.809517,1361.169912,425.9836431,1246.639122,1308.999517,1517.619419,1567.708664,475.0687774,1414.158792,1464.248037,1748.212957,1786.409573,537.9188866,1597.957332,1636.153948,298.3651913,325.8500722,357.8977798,166.1902921,184.5054493,211.6180032,-38.57184028,-35.28674408,-31.59689647,-62.36039489,-50.08924462,-38.19661619
238,2018,54.7,Freirina,100,-71.09209539,-28.50040352,82,2.167084517,153.4349488,0.875,0.625,3,4,0.578231282,0.908079386,0.289038539,0.627816636,0.827300489,0.320042253,0.049585354,-0.080778897,0.031003714,1541.37955,1148.205723,633.1304417,1338.333257,945.15943,1197.231373,857.5608971,501.9279267,1041.291206,701.62073,785.700824,520.0530339,347.4695274,696.9791513,431.3313611,1298.809517,1361.169912,425.9836431,1246.639122,1308.999517,1517.619419,1567.708664,475.0687774,1414.158792,1464.248037,1748.212957,1786.409573,537.9188866,1597.957332,1636.153948,298.3651913,325.8500722,357.8977798,166.1902921,184.5054493,211.6180032,-38.57184028,-35.28674408,-31.59689647,-62.36039489,-50.08924462,-38.19661619
239,2018,38.9,Freirina,100,-71.09211706,-28.50046635,82,2.167084517,153.4349488,0.875,0.625,3,4,0.578231282,0.908079386,0.289038539,0.627816636,0.827300489,0.320042253,0.049585354,-0.080778897,0.031003714,1541.37955,1148.205723,633.1304417,1338.333257,945.15943,1197.231373,857.5608971,501.9279267,1041.291206,701.62073,785.700824,520.0530339,347.4695274,696.9791513,431.3313611,1298.809517,1361.169912,425.9836431,1246.639122,1308.999517,1517.619419,1567.708664,475.0687774,1414.158792,1464.248037,1748.212957,1786.409573,537.9188866,1597.957332,1636.153948,298.3651913,325.8500722,357.8977798,166.1902921,184.5054493,211.6180032,-38.57184028,-35.28674408,-31.59689647,-62.36039489,-50.08924462,-38.19661619
240,2018,40.2,Freirina,100,-71.09213909,-28.50054722,80,3.15734881,147.5288077,1.375,-0.375,5,2,0.543736282,0.897352815,0.255051553,0.612384393,0.836080611,0.305128872,0.068648111,-0.061272204,0.050077319,1541.37955,1148.205723,633.1304417,1338.333257,945.15943,1197.231373,857.5608971,501.9279267,1041.291206,701.62073,785.700824,520.0530339,347.4695274,696.9791513,431.3313611,1298.809517,1361.169912,425.9836431,1246.639122,1308.999517,1517.619419,1567.708664,475.0687774,1414.158792,1464.248037,1748.212957,1786.409573,537.9188866,1597.957332,1636.153948,298.3651913,325.8500722,357.8977798,166.1902921,184.5054493,211.6180032,-38.57184028,-35.28674408,-31.59689647,-62.36039489,-50.08924462,-38.19661619
241,2018,40.7,Freirina,100,-71.09203697,-28.5005488,80,3.90258479,172.8749837,1.5,0.25,5,4,0.548113615,0.908046007,0.263554841,0.61695322,0.833182216,0.308558851,0.068839605,-0.074863791,0.04500401,1541.37955,1148.205723,633.1304417,1338.333257,945.15943,1197.231373,857.5608971,501.9279267,1041.291206,701.62073,785.700824,520.0530339,347.4695274,696.9791513,431.3313611,1298.809517,1361.169912,425.9836431,1246.639122,1308.999517,1517.619419,1567.708664,475.0687774,1414.158792,1464.248037,1748.212957,1786.409573,537.9188866,1597.957332,1636.153948,298.3651913,325.8500722,357.8977798,166.1902921,184.5054493,211.6180032,-38.57184028,-35.28674408,-31.59689647,-62.36039489,-50.08924462,-38.19661619
242,2018,101.8,Freirina,100,-71.09202534,-28.50047679,81,2.193979706,186.3401917,1.125,-0.375,3,4,0.573218494,0.915157259,0.290706933,0.600156192,0.827017367,0.304919988,0.026937698,-0.088139892,0.014213055,1541.37955,1148.205723,633.1304417,1338.333257,945.15943,1197.231373,857.5608971,501.9279267,1041.291206,701.62073,785.700824,520.0530339,347.4695274,696.9791513,431.3313611,1298.809517,1361.169912,425.9836431,1246.639122,1308.999517,1517.619419,1567.708664,475.0687774,1414.158792,1464.248037,1748.212957,1786.409573,537.9188866,1597.957332,1636.153948,298.3651913,325.8500722,357.8977798,166.1902921,184.5054493,211.6180032,-38.57184028,-35.28674408,-31.59689647,-62.36039489,-50.08924462,-38.19661619
243,2018,61.5,Freirina,100,-71.09201352,-28.50039576,81,2.193979706,186.3401917,1.125,-0.375,3,4,0.573218494,0.915157259,0.290706933,0.600156192,0.827017367,0.304919988,0.026937698,-0.088139892,0.014213055,1541.37955,1148.205723,633.1304417,1338.333257,945.15943,1197.231373,857.5608971,501.9279267,1041.291206,701.62073,785.700824,520.0530339,347.4695274,696.9791513,431.3313611,1298.809517,1361.169912,425.9836431,1246.639122,1308.999517,1517.619419,1567.708664,475.0687774,1414.158792,1464.248037,1748.212957,1786.409573,537.9188866,1597.957332,1636.153948,298.3651913,325.8500722,357.8977798,166.1902921,184.5054493,211.6180032,-38.57184028,-35.28674408,-31.59689647,-62.36039489,-50.08924462,-38.19661619
244,2018,47.4,Freirina,100,-71.09199097,-28.50028783,81,2.193979706,186.3401917,1.125,-0.375,3,4,0.578906242,0.889668107,0.294047624,0.531383724,0.764899313,0.286391586,-0.047522518,-0.124768794,-0.007656038,1541.37955,1148.205723,633.1304417,1338.333257,945.15943,1197.231373,857.5608971,501.9279267,1041.291206,701.62073,785.700824,520.0530339,347.4695274,696.9791513,431.3313611,1298.809517,1361.169912,425.9836431,1246.639122,1308.999517,1517.619419,1567.708664,475.0687774,1414.158792,1464.248037,1748.212957,1786.409573,537.9188866,1597.957332,1636.153948,298.3651913,325.8500722,357.8977798,166.1902921,184.5054493,211.6180032,-38.57184028,-35.28674408,-31.59689647,-62.36039489,-50.08924462,-38.19661619
245,2018,65,Freirina,100,-71.09195873,-28.50020712,82,0.685586544,225,0.25,0,2,4,0.523287679,0.853333354,0.265453339,0.481727575,0.716705203,0.271535575,-0.041560104,-0.136628151,0.006082237,1541.37955,1148.205723,633.1304417,1338.333257,945.15943,1197.231373,857.5608971,501.9279267,1041.291206,701.62073,785.700824,520.0530339,347.4695274,696.9791513,431.3313611,1298.809517,1361.169912,425.9836431,1246.639122,1308.999517,1517.619419,1567.708664,475.0687774,1414.158792,1464.248037,1748.212957,1786.409573,537.9188866,1597.957332,1636.153948,298.3651913,325.8500722,357.8977798,166.1902921,184.5054493,211.6180032,-38.57184028,-35.28674408,-31.59689647,-62.36039489,-50.08924462,-38.19661619
246,2018,61.1,Freirina,100,-71.09189889,-28.50028022,81,2.193979706,186.3401917,1.125,-0.375,3,4,0.575179004,0.911196947,0.288661182,0.588799403,0.807944119,0.302681744,0.013620399,-0.103252828,0.014020562,1541.37955,1148.205723,633.1304417,1338.333257,945.15943,1197.231373,857.5608971,501.9279267,1041.291206,701.62073,785.700824,520.0530339,347.4695274,696.9791513,431.3313611,1298.809517,1361.169912,425.9836431,1246.639122,1308.999517,1517.619419,1567.708664,475.0687774,1414.158792,1464.248037,1748.212957,1786.409573,537.9188866,1597.957332,1636.153948,298.3651913,325.8500722,357.8977798,166.1902921,184.5054493,211.6180032,-38.57184028,-35.28674408,-31.59689647,-62.36039489,-50.08924462,-38.19661619
247,2018,41.1,Freirina,100,-71.09192073,-28.50035207,81,2.193979706,186.3401917,1.125,-0.375,3,4,0.577173498,0.871818185,0.297004342,0.585432011,0.767602563,0.298971117,0.008258513,-0.104215622,0.001966774,1541.37955,1148.205723,633.1304417,1338.333257,945.15943,1197.231373,857.5608971,501.9279267,1041.291206,701.62073,785.700824,520.0530339,347.4695274,696.9791513,431.3313611,1298.809517,1361.169912,425.9836431,1246.639122,1308.999517,1517.619419,1567.708664,475.0687774,1414.158792,1464.248037,1748.212957,1786.409573,537.9188866,1597.957332,1636.153948,298.3651913,325.8500722,357.8977798,166.1902921,184.5054493,211.6180032,-38.57184028,-35.28674408,-31.59689647,-62.36039489,-50.08924462,-38.19661619
248,2018,40.73,Freirina,100,-71.0919123,-28.50044244,81,2.193979706,186.3401917,1.125,-0.375,3,4,0.549463643,0.886792481,0.275974452,0.572683695,0.781900465,0.286647111,0.023220052,-0.104892015,0.010672659,1541.37955,1148.205723,633.1304417,1338.333257,945.15943,1197.231373,857.5608971,501.9279267,1041.291206,701.62073,785.700824,520.0530339,347.4695274,696.9791513,431.3313611,1298.809517,1361.169912,425.9836431,1246.639122,1308.999517,1517.619419,1567.708664,475.0687774,1414.158792,1464.248037,1748.212957,1786.409573,537.9188866,1597.957332,1636.153948,298.3651913,325.8500722,357.8977798,166.1902921,184.5054493,211.6180032,-38.57184028,-35.28674408,-31.59689647,-62.36039489,-50.08924462,-38.19661619
251,2018,40.1,Freirina,100,-71.09181737,-28.5002905,81,2.193979706,186.3401917,1.125,-0.375,3,4,0.567213122,0.899652243,0.27903226,0.600474668,0.811101139,0.302470773,0.033261546,-0.088551104,0.023438513,1541.37955,1148.205723,633.1304417,1338.333257,945.15943,1197.231373,857.5608971,501.9279267,1041.291206,701.62073,785.700824,520.0530339,347.4695274,696.9791513,431.3313611,1298.809517,1361.169912,425.9836431,1246.639122,1308.999517,1517.619419,1567.708664,475.0687774,1414.158792,1464.248037,1748.212957,1786.409573,537.9188866,1597.957332,1636.153948,298.3651913,325.8500722,357.8977798,166.1902921,184.5054493,211.6180032,-38.57184028,-35.28674408,-31.59689647,-62.36039489,-50.08924462,-38.19661619
255,2018,34,Freirina,100,-71.09169662,-28.50038259,82,3.15734881,212.4711923,1.25,0.25,4,4,0.51208792,0.892189205,0.240206197,0.581081063,0.828125,0.280130267,0.068993143,-0.064064205,0.03992407,1541.37955,1148.205723,633.1304417,1338.333257,945.15943,1197.231373,857.5608971,501.9279267,1041.291206,701.62073,785.700824,520.0530339,347.4695274,696.9791513,431.3313611,1298.809517,1361.169912,425.9836431,1246.639122,1308.999517,1517.619419,1567.708664,475.0687774,1414.158792,1464.248037,1748.212957,1786.409573,537.9188866,1597.957332,1636.153948,298.3651913,325.8500722,357.8977798,166.1902921,184.5054493,211.6180032,-38.57184028,-35.28674408,-31.59689647,-62.36039489,-50.08924462,-38.19661619
256,2018,57.6,Freirina,100,-71.09168498,-28.50031059,82,3.15734881,212.4711923,1.25,0.25,4,4,0.51208792,0.892189205,0.240206197,0.581081063,0.828125,0.280130267,0.068993143,-0.064064205,0.03992407,1541.37955,1148.205723,633.1304417,1338.333257,945.15943,1197.231373,857.5608971,501.9279267,1041.291206,701.62073,785.700824,520.0530339,347.4695274,696.9791513,431.3313611,1298.809517,1361.169912,425.9836431,1246.639122,1308.999517,1517.619419,1567.708664,475.0687774,1414.158792,1464.248037,1748.212957,1786.409573,537.9188866,1597.957332,1636.153948,298.3651913,325.8500722,357.8977798,166.1902921,184.5054493,211.6180032,-38.57184028,-35.28674408,-31.59689647,-62.36039489,-50.08924462,-38.19661619
258,2018,33,Freirina,100,-71.09162443,-28.50034761,82,3.15734881,212.4711923,1.25,0.25,4,4,0.51208792,0.892189205,0.240206197,0.581081063,0.828125,0.280130267,0.068993143,-0.064064205,0.03992407,1541.37955,1148.205723,633.1304417,1338.333257,945.15943,1197.231373,857.5608971,501.9279267,1041.291206,701.62073,785.700824,520.0530339,347.4695274,696.9791513,431.3313611,1298.809517,1361.169912,425.9836431,1246.639122,1308.999517,1517.619419,1567.708664,475.0687774,1414.158792,1464.248037,1748.212957,1786.409573,537.9188866,1597.957332,1636.153948,298.3651913,325.8500722,357.8977798,166.1902921,184.5054493,211.6180032,-38.57184028,-35.28674408,-31.59689647,-62.36039489,-50.08924462,-38.19661619
260,2018,98.4,Freirina,100,-71.09154291,-28.50035789,82,3.15734881,212.4711923,1.25,0.25,4,4,0.481855766,0.872315705,0.219242021,0.579912661,0.816265106,0.273251027,0.098056895,-0.056050599,0.054009005,1541.37955,1148.205723,633.1304417,1338.333257,945.15943,1197.231373,857.5608971,501.9279267,1041.291206,701.62073,785.700824,520.0530339,347.4695274,696.9791513,431.3313611,1298.809517,1361.169912,425.9836431,1246.639122,1308.999517,1517.619419,1567.708664,475.0687774,1414.158792,1464.248037,1748.212957,1786.409573,537.9188866,1597.957332,1636.153948,298.3651913,325.8500722,357.8977798,166.1902921,184.5054493,211.6180032,-38.57184028,-35.28674408,-31.59689647,-62.36039489,-50.08924462,-38.19661619
261,2018,130.7,Freirina,100,-71.09298723,-28.5000469,81,1.71353711,278.1301024,0.875,0.375,2,64,0.439434125,0.837471783,0.205315337,0.601773189,0.787304223,0.317049444,0.162339064,-0.050167561,0.111734107,1541.37955,1148.205723,633.1304417,1338.333257,945.15943,1197.231373,857.5608971,501.9279267,1041.291206,701.62073,785.700824,520.0530339,347.4695274,696.9791513,431.3313611,1298.809517,1361.169912,425.9836431,1246.639122,1308.999517,1517.619419,1567.708664,475.0687774,1414.158792,1464.248037,1748.212957,1786.409573,537.9188866,1597.957332,1636.153948,298.3651913,325.8500722,357.8977798,166.1902921,184.5054493,211.6180032,-38.57184028,-35.28674408,-31.59689647,-62.36039489,-50.08924462,-38.19661619
262,2018,37.4,Freirina,100,-71.09295517,-28.49997521,82,1.998096092,284.0362435,0.875,0.625,3,8,0.415165493,0.795853317,0.201231897,0.505183161,0.730631709,0.277805954,0.090017668,-0.065221608,0.076574057,1541.37955,1148.205723,633.1304417,1338.333257,945.15943,1197.231373,857.5608971,501.9279267,1041.291206,701.62073,785.700824,520.0530339,347.4695274,696.9791513,431.3313611,1298.809517,1361.169912,425.9836431,1246.639122,1308.999517,1517.619419,1567.708664,475.0687774,1414.158792,1464.248037,1748.212957,1786.409573,537.9188866,1597.957332,1636.153948,298.3651913,325.8500722,357.8977798,166.1902921,184.5054493,211.6180032,-38.57184028,-35.28674408,-31.59689647,-62.36039489,-50.08924462,-38.19661619
263,2018,66,Freirina,100,-71.0929335,-28.49991238,81,3.491657157,326.3099325,1.375,0.375,5,32,0.33628974,0.704856217,0.177134708,0.416988426,0.651912987,0.2397632,0.080698686,-0.05294323,0.062628493,1541.37955,1148.205723,633.1304417,1338.333257,945.15943,1197.231373,857.5608971,501.9279267,1041.291206,701.62073,785.700824,520.0530339,347.4695274,696.9791513,431.3313611,1298.809517,1361.169912,425.9836431,1246.639122,1308.999517,1517.619419,1567.708664,475.0687774,1414.158792,1464.248037,1748.212957,1786.409573,537.9188866,1597.957332,1636.153948,298.3651913,325.8500722,357.8977798,166.1902921,184.5054493,211.6180032,-38.57184028,-35.28674408,-31.59689647,-62.36039489,-50.08924462,-38.19661619
264,2018,54.4,Freirina,100,-71.09290073,-28.4998046,81,3.491657157,326.3099325,1.375,0.375,5,32,0.377687612,0.760497689,0.187073007,0.490298496,0.702472329,0.256640613,0.112610884,-0.05802536,0.069567606,1541.37955,1148.205723,633.1304417,1338.333257,945.15943,1197.231373,857.5608971,501.9279267,1041.291206,701.62073,785.700824,520.0530339,347.4695274,696.9791513,431.3313611,1298.809517,1361.169912,425.9836431,1246.639122,1308.999517,1517.619419,1567.708664,475.0687774,1414.158792,1464.248037,1748.212957,1786.409573,537.9188866,1597.957332,1636.153948,298.3651913,325.8500722,357.8977798,166.1902921,184.5054493,211.6180032,-38.57184028,-35.28674408,-31.59689647,-62.36039489,-50.08924462,-38.19661619
266,2018,35,Freirina,100,-71.09284682,-28.49966106,79,3.441050997,320.7105931,1.5,-0.5,5,32,0.418556707,0.822999477,0.205050513,0.517266693,0.715116262,0.273504257,0.098709986,-0.107883215,0.068453744,1541.37955,1148.205723,633.1304417,1338.333257,945.15943,1197.231373,857.5608971,501.9279267,1041.291206,701.62073,785.700824,520.0530339,347.4695274,696.9791513,431.3313611,1298.809517,1361.169912,425.9836431,1246.639122,1308.999517,1517.619419,1567.708664,475.0687774,1414.158792,1464.248037,1748.212957,1786.409573,537.9188866,1597.957332,1636.153948,298.3651913,325.8500722,357.8977798,166.1902921,184.5054493,211.6180032,-38.57184028,-35.28674408,-31.59689647,-62.36039489,-50.08924462,-38.19661619
267,2018,32,Freirina,100,-71.09282569,-28.49962529,79,3.441050997,320.7105931,1.5,-0.5,5,32,0.455217771,0.812691927,0.223567411,0.579322628,0.742036998,0.312299788,0.124104857,-0.070654929,0.088732377,1541.37955,1148.205723,633.1304417,1338.333257,945.15943,1197.231373,857.5608971,501.9279267,1041.291206,701.62073,785.700824,520.0530339,347.4695274,696.9791513,431.3313611,1298.809517,1361.169912,425.9836431,1246.639122,1308.999517,1517.619419,1567.708664,475.0687774,1414.158792,1464.248037,1748.212957,1786.409573,537.9188866,1597.957332,1636.153948,298.3651913,325.8500722,357.8977798,166.1902921,184.5054493,211.6180032,-38.57184028,-35.28674408,-31.59689647,-62.36039489,-50.08924462,-38.19661619
268,2018,54.7,Freirina,100,-71.09280384,-28.49955344,79,3.441050997,320.7105931,1.5,-0.5,5,32,0.512122367,0.836050749,0.26812917,0.586299538,0.774605572,0.328277767,0.074177171,-0.061445177,0.060148597,1541.37955,1148.205723,633.1304417,1338.333257,945.15943,1197.231373,857.5608971,501.9279267,1041.291206,701.62073,785.700824,520.0530339,347.4695274,696.9791513,431.3313611,1298.809517,1361.169912,425.9836431,1246.639122,1308.999517,1517.619419,1567.708664,475.0687774,1414.158792,1464.248037,1748.212957,1786.409573,537.9188866,1597.957332,1636.153948,298.3651913,325.8500722,357.8977798,166.1902921,184.5054493,211.6180032,-38.57184028,-35.28674408,-31.59689647,-62.36039489,-50.08924462,-38.19661619
269,2018,64,Freirina,100,-71.09278235,-28.49949963,79,3.441050997,320.7105931,1.5,-0.5,5,32,0.512122367,0.836050749,0.26812917,0.586299538,0.774605572,0.328277767,0.074177171,-0.061445177,0.060148597,1541.37955,1148.205723,633.1304417,1338.333257,945.15943,1197.231373,857.5608971,501.9279267,1041.291206,701.62073,785.700824,520.0530339,347.4695274,696.9791513,431.3313611,1298.809517,1361.169912,425.9836431,1246.639122,1308.999517,1517.619419,1567.708664,475.0687774,1414.158792,1464.248037,1748.212957,1786.409573,537.9188866,1597.957332,1636.153948,298.3651913,325.8500722,357.8977798,166.1902921,184.5054493,211.6180032,-38.57184028,-35.28674408,-31.59689647,-62.36039489,-50.08924462,-38.19661619
276,2018,67.1,Freirina,100,-71.09257926,-28.49904257,79,2.422585452,306.8698976,1,0,3,64,0.518046712,0.809363127,0.280603111,0.62103843,0.788690507,0.346849114,0.102991718,-0.020672619,0.066246003,1541.37955,1148.205723,633.1304417,1338.333257,945.15943,1197.231373,857.5608971,501.9279267,1041.291206,701.62073,785.700824,520.0530339,347.4695274,696.9791513,431.3313611,1298.809517,1361.169912,425.9836431,1246.639122,1308.999517,1517.619419,1567.708664,475.0687774,1414.158792,1464.248037,1748.212957,1786.409573,537.9188866,1597.957332,1636.153948,298.3651913,325.8500722,357.8977798,166.1902921,184.5054493,211.6180032,-38.57184028,-35.28674408,-31.59689647,-62.36039489,-50.08924462,-38.19661619
277,2018,83.8,Freirina,100,-71.09251817,-28.49905254,79,2.422585452,306.8698976,1,0,3,64,0.518046712,0.809363127,0.280603111,0.62103843,0.788690507,0.346849114,0.102991718,-0.020672619,0.066246003,1541.37955,1148.205723,633.1304417,1338.333257,945.15943,1197.231373,857.5608971,501.9279267,1041.291206,701.62073,785.700824,520.0530339,347.4695274,696.9791513,431.3313611,1298.809517,1361.169912,425.9836431,1246.639122,1308.999517,1517.619419,1567.708664,475.0687774,1414.158792,1464.248037,1748.212957,1786.409573,537.9188866,1597.957332,1636.153948,298.3651913,325.8500722,357.8977798,166.1902921,184.5054493,211.6180032,-38.57184028,-35.28674408,-31.59689647,-62.36039489,-50.08924462,-38.19661619
280,2018,61.4,Freirina,100,-71.09267881,-28.49942904,78,2.608955733,291.8014095,1,-0.5,3,16,0.513132108,0.851318955,0.26003179,0.559510567,0.75615871,0.294075608,0.046378459,-0.095160246,0.034043819,1541.37955,1148.205723,633.1304417,1338.333257,945.15943,1197.231373,857.5608971,501.9279267,1041.291206,701.62073,785.700824,520.0530339,347.4695274,696.9791513,431.3313611,1298.809517,1361.169912,425.9836431,1246.639122,1308.999517,1517.619419,1567.708664,475.0687774,1414.158792,1464.248037,1748.212957,1786.409573,537.9188866,1597.957332,1636.153948,298.3651913,325.8500722,357.8977798,166.1902921,184.5054493,211.6180032,-38.57184028,-35.28674408,-31.59689647,-62.36039489,-50.08924462,-38.19661619
281,2018,102.3,Freirina,100,-71.09270084,-28.49950991,79,3.441050997,320.7105931,1.5,-0.5,5,32,0.51935606,0.847157478,0.267117888,0.544745654,0.780821919,0.286039263,0.025389594,-0.066335559,0.018921375,1541.37955,1148.205723,633.1304417,1338.333257,945.15943,1197.231373,857.5608971,501.9279267,1041.291206,701.62073,785.700824,520.0530339,347.4695274,696.9791513,431.3313611,1298.809517,1361.169912,425.9836431,1246.639122,1308.999517,1517.619419,1567.708664,475.0687774,1414.158792,1464.248037,1748.212957,1786.409573,537.9188866,1597.957332,1636.153948,298.3651913,325.8500722,357.8977798,166.1902921,184.5054493,211.6180032,-38.57184028,-35.28674408,-31.59689647,-62.36039489,-50.08924462,-38.19661619
282,2018,118.1,Freirina,100,-71.09272269,-28.49958176,79,3.441050997,320.7105931,1.5,-0.5,5,32,0.522821584,0.868635416,0.255060732,0.601304821,0.794476092,0.320724308,0.078483237,-0.074159324,0.065663576,1541.37955,1148.205723,633.1304417,1338.333257,945.15943,1197.231373,857.5608971,501.9279267,1041.291206,701.62073,785.700824,520.0530339,347.4695274,696.9791513,431.3313611,1298.809517,1361.169912,425.9836431,1246.639122,1308.999517,1517.619419,1567.708664,475.0687774,1414.158792,1464.248037,1748.212957,1786.409573,537.9188866,1597.957332,1636.153948,298.3651913,325.8500722,357.8977798,166.1902921,184.5054493,211.6180032,-38.57184028,-35.28674408,-31.59689647,-62.36039489,-50.08924462,-38.19661619
283,2018,90.5,Freirina,100,-71.09274453,-28.49965361,79,3.441050997,320.7105931,1.5,-0.5,5,32,0.522821584,0.868635416,0.255060732,0.601304821,0.794476092,0.320724308,0.078483237,-0.074159324,0.065663576,1541.37955,1148.205723,633.1304417,1338.333257,945.15943,1197.231373,857.5608971,501.9279267,1041.291206,701.62073,785.700824,520.0530339,347.4695274,696.9791513,431.3313611,1298.809517,1361.169912,425.9836431,1246.639122,1308.999517,1517.619419,1567.708664,475.0687774,1414.158792,1464.248037,1748.212957,1786.409573,537.9188866,1597.957332,1636.153948,298.3651913,325.8500722,357.8977798,166.1902921,184.5054493,211.6180032,-38.57184028,-35.28674408,-31.59689647,-62.36039489,-50.08924462,-38.19661619
284,2018,91,Freirina,100,-71.09277677,-28.49973433,81,3.491657157,326.3099325,1.375,0.375,5,32,0.511111122,0.861192584,0.256914914,0.571377211,0.790249884,0.306323111,0.060266089,-0.0709427,0.049408197,1541.37955,1148.205723,633.1304417,1338.333257,945.15943,1197.231373,857.5608971,501.9279267,1041.291206,701.62073,785.700824,520.0530339,347.4695274,696.9791513,431.3313611,1298.809517,1361.169912,425.9836431,1246.639122,1308.999517,1517.619419,1567.708664,475.0687774,1414.158792,1464.248037,1748.212957,1786.409573,537.9188866,1597.957332,1636.153948,298.3651913,325.8500722,357.8977798,166.1902921,184.5054493,211.6180032,-38.57184028,-35.28674408,-31.59689647,-62.36039489,-50.08924462,-38.19661619
285,2018,85.7,Freirina,100,-71.092809,-28.49981504,81,3.491657157,326.3099325,1.375,0.375,5,32,0.510882469,0.838228226,0.257273823,0.550930994,0.764852583,0.292479664,0.040048525,-0.073375642,0.035205841,1541.37955,1148.205723,633.1304417,1338.333257,945.15943,1197.231373,857.5608971,501.9279267,1041.291206,701.62073,785.700824,520.0530339,347.4695274,696.9791513,431.3313611,1298.809517,1361.169912,425.9836431,1246.639122,1308.999517,1517.619419,1567.708664,475.0687774,1414.158792,1464.248037,1748.212957,1786.409573,537.9188866,1597.957332,1636.153948,298.3651913,325.8500722,357.8977798,166.1902921,184.5054493,211.6180032,-38.57184028,-35.28674408,-31.59689647,-62.36039489,-50.08924462,-38.19661619
286,2018,36.2,Freirina,100,-71.09282117,-28.49991411,81,3.491657157,326.3099325,1.375,0.375,5,32,0.512254904,0.853780687,0.252551019,0.577802779,0.786836505,0.30148688,0.065547875,-0.066944182,0.04893586,1541.37955,1148.205723,633.1304417,1338.333257,945.15943,1197.231373,857.5608971,501.9279267,1041.291206,701.62073,785.700824,520.0530339,347.4695274,696.9791513,431.3313611,1298.809517,1361.169912,425.9836431,1246.639122,1308.999517,1517.619419,1567.708664,475.0687774,1414.158792,1464.248037,1748.212957,1786.409573,537.9188866,1597.957332,1636.153948,298.3651913,325.8500722,357.8977798,166.1902921,184.5054493,211.6180032,-38.57184028,-35.28674408,-31.59689647,-62.36039489,-50.08924462,-38.19661619
287,2018,181.6,Freirina,100,-71.09285341,-28.49999482,82,1.998096092,284.0362435,0.875,0.625,3,8,0.457763465,0.837728143,0.228025645,0.538007364,0.736666679,0.283657581,0.080243899,-0.101061463,0.055631936,1541.37955,1148.205723,633.1304417,1338.333257,945.15943,1197.231373,857.5608971,501.9279267,1041.291206,701.62073,785.700824,520.0530339,347.4695274,696.9791513,431.3313611,1298.809517,1361.169912,425.9836431,1246.639122,1308.999517,1517.619419,1567.708664,475.0687774,1414.158792,1464.248037,1748.212957,1786.409573,537.9188866,1597.957332,1636.153948,298.3651913,325.8500722,357.8977798,166.1902921,184.5054493,211.6180032,-38.57184028,-35.28674408,-31.59689647,-62.36039489,-50.08924462,-38.19661619
288,2018,140,Freirina,100,-71.09288547,-28.50006652,82,1.998096092,284.0362435,0.875,0.625,3,8,0.508026053,0.895310819,0.240451753,0.555720657,0.787451982,0.291731656,0.047694604,-0.107858837,0.051279902,1541.37955,1148.205723,633.1304417,1338.333257,945.15943,1197.231373,857.5608971,501.9279267,1041.291206,701.62073,785.700824,520.0530339,347.4695274,696.9791513,431.3313611,1298.809517,1361.169912,425.9836431,1246.639122,1308.999517,1517.619419,1567.708664,475.0687774,1414.158792,1464.248037,1748.212957,1786.409573,537.9188866,1597.957332,1636.153948,298.3651913,325.8500722,357.8977798,166.1902921,184.5054493,211.6180032,-38.57184028,-35.28674408,-31.59689647,-62.36039489,-50.08924462,-38.19661619
289,2018,118.1,Freirina,100,-71.09275148,-28.50000542,82,1.998096092,284.0362435,0.875,0.625,3,8,0.517961578,0.873195887,0.251555324,0.571219882,0.779156327,0.303179115,0.053258304,-0.094039559,0.051623791,1541.37955,1148.205723,633.1304417,1338.333257,945.15943,1197.231373,857.5608971,501.9279267,1041.291206,701.62073,785.700824,520.0530339,347.4695274,696.9791513,431.3313611,1298.809517,1361.169912,425.9836431,1246.639122,1308.999517,1517.619419,1567.708664,475.0687774,1414.158792,1464.248037,1748.212957,1786.409573,537.9188866,1597.957332,1636.153948,298.3651913,325.8500722,357.8977798,166.1902921,184.5054493,211.6180032,-38.57184028,-35.28674408,-31.59689647,-62.36039489,-50.08924462,-38.19661619
290,2018,149.5,Freirina,100,-71.09272909,-28.4999065,81,3.491657157,326.3099325,1.375,0.375,5,32,0.580521486,0.903926134,0.298501581,0.648329408,0.806213021,0.36186111,0.067807922,-0.097713113,0.063359529,1541.37955,1148.205723,633.1304417,1338.333257,945.15943,1197.231373,857.5608971,501.9279267,1041.291206,701.62073,785.700824,520.0530339,347.4695274,696.9791513,431.3313611,1298.809517,1361.169912,425.9836431,1246.639122,1308.999517,1517.619419,1567.708664,475.0687774,1414.158792,1464.248037,1748.212957,1786.409573,537.9188866,1597.957332,1636.153948,298.3651913,325.8500722,357.8977798,166.1902921,184.5054493,211.6180032,-38.57184028,-35.28674408,-31.59689647,-62.36039489,-50.08924462,-38.19661619
291,2018,176,Freirina,100,-71.09271746,-28.4998345,81,3.491657157,326.3099325,1.375,0.375,5,32,0.571536156,0.869234204,0.297413796,0.622132246,0.790689051,0.347312897,0.05059609,-0.078545153,0.049899101,1541.37955,1148.205723,633.1304417,1338.333257,945.15943,1197.231373,857.5608971,501.9279267,1041.291206,701.62073,785.700824,520.0530339,347.4695274,696.9791513,431.3313611,1298.809517,1361.169912,425.9836431,1246.639122,1308.999517,1517.619419,1567.708664,475.0687774,1414.158792,1464.248037,1748.212957,1786.409573,537.9188866,1597.957332,1636.153948,298.3651913,325.8500722,357.8977798,166.1902921,184.5054493,211.6180032,-38.57184028,-35.28674408,-31.59689647,-62.36039489,-50.08924462,-38.19661619
292,2018,116,Freirina,100,-71.09268504,-28.49974476,81,3.491657157,326.3099325,1.375,0.375,5,32,0.54928517,0.863348424,0.285975456,0.626032364,0.810224354,0.354117334,0.076747194,-0.05312407,0.068141878,1541.37955,1148.205723,633.1304417,1338.333257,945.15943,1197.231373,857.5608971,501.9279267,1041.291206,701.62073,785.700824,520.0530339,347.4695274,696.9791513,431.3313611,1298.809517,1361.169912,425.9836431,1246.639122,1308.999517,1517.619419,1567.708664,475.0687774,1414.158792,1464.248037,1748.212957,1786.409573,537.9188866,1597.957332,1636.153948,298.3651913,325.8500722,357.8977798,166.1902921,184.5054493,211.6180032,-38.57184028,-35.28674408,-31.59689647,-62.36039489,-50.08924462,-38.19661619
293,2018,134.5,Freirina,100,-71.0926632,-28.49967291,80,2.740385528,315,1.25,-0.5,4,32,0.54928517,0.863348424,0.285975456,0.626032364,0.810224354,0.354117334,0.076747194,-0.05312407,0.068141878,1541.37955,1148.205723,633.1304417,1338.333257,945.15943,1197.231373,857.5608971,501.9279267,1041.291206,701.62073,785.700824,520.0530339,347.4695274,696.9791513,431.3313611,1298.809517,1361.169912,425.9836431,1246.639122,1308.999517,1517.619419,1567.708664,475.0687774,1414.158792,1464.248037,1748.212957,1786.409573,537.9188866,1597.957332,1636.153948,298.3651913,325.8500722,357.8977798,166.1902921,184.5054493,211.6180032,-38.57184028,-35.28674408,-31.59689647,-62.36039489,-50.08924462,-38.19661619
294,2018,110.9,Freirina,100,-71.09264135,-28.49960106,80,2.740385528,315,1.25,-0.5,4,32,0.54046797,0.854108989,0.277836204,0.596893742,0.786024511,0.32382229,0.056425772,-0.068084478,0.045986086,1541.37955,1148.205723,633.1304417,1338.333257,945.15943,1197.231373,857.5608971,501.9279267,1041.291206,701.62073,785.700824,520.0530339,347.4695274,696.9791513,431.3313611,1298.809517,1361.169912,425.9836431,1246.639122,1308.999517,1517.619419,1567.708664,475.0687774,1414.158792,1464.248037,1748.212957,1786.409573,537.9188866,1597.957332,1636.153948,298.3651913,325.8500722,357.8977798,166.1902921,184.5054493,211.6180032,-38.57184028,-35.28674408,-31.59689647,-62.36039489,-50.08924462,-38.19661619
295,2018,33.2,Freirina,100,-71.09262004,-28.49955627,80,2.740385528,315,1.25,-0.5,4,32,0.51935606,0.847157478,0.267117888,0.544745654,0.780821919,0.286039263,0.025389594,-0.066335559,0.018921375,1541.37955,1148.205723,633.1304417,1338.333257,945.15943,1197.231373,857.5608971,501.9279267,1041.291206,701.62073,785.700824,520.0530339,347.4695274,696.9791513,431.3313611,1298.809517,1361.169912,425.9836431,1246.639122,1308.999517,1517.619419,1567.708664,475.0687774,1414.158792,1464.248037,1748.212957,1786.409573,537.9188866,1597.957332,1636.153948,298.3651913,325.8500722,357.8977798,166.1902921,184.5054493,211.6180032,-38.57184028,-35.28674408,-31.59689647,-62.36039489,-50.08924462,-38.19661619
296,2018,36.9,Freirina,100,-71.09258762,-28.49946654,80,2.740385528,315,1.25,-0.5,4,32,0.489826673,0.825484753,0.254768729,0.549853833,0.746705711,0.314333439,0.06002716,-0.078779042,0.05956471,1541.37955,1148.205723,633.1304417,1338.333257,945.15943,1197.231373,857.5608971,501.9279267,1041.291206,701.62073,785.700824,520.0530339,347.4695274,696.9791513,431.3313611,1298.809517,1361.169912,425.9836431,1246.639122,1308.999517,1517.619419,1567.708664,475.0687774,1414.158792,1464.248037,1748.212957,1786.409573,537.9188866,1597.957332,1636.153948,298.3651913,325.8500722,357.8977798,166.1902921,184.5054493,211.6180032,-38.57184028,-35.28674408,-31.59689647,-62.36039489,-50.08924462,-38.19661619
298,2018,19.4,Freirina,100,-71.09255485,-28.49935876,80,2.608955733,291.8014095,1,0.5,3,16,0.535060966,0.864814818,0.276232928,0.598644065,0.78298676,0.333207548,0.063583099,-0.081828058,0.05697462,1541.37955,1148.205723,633.1304417,1338.333257,945.15943,1197.231373,857.5608971,501.9279267,1041.291206,701.62073,785.700824,520.0530339,347.4695274,696.9791513,431.3313611,1298.809517,1361.169912,425.9836431,1246.639122,1308.999517,1517.619419,1567.708664,475.0687774,1414.158792,1464.248037,1748.212957,1786.409573,537.9188866,1597.957332,1636.153948,298.3651913,325.8500722,357.8977798,166.1902921,184.5054493,211.6180032,-38.57184028,-35.28674408,-31.59689647,-62.36039489,-50.08924462,-38.19661619
299,2018,97.1,Freirina,100,-71.09253301,-28.49928691,80,2.608955733,291.8014095,1,0.5,3,16,0.556720334,0.860402644,0.290770441,0.611881192,0.789011002,0.346326292,0.055160858,-0.071391642,0.05555585,1541.37955,1148.205723,633.1304417,1338.333257,945.15943,1197.231373,857.5608971,501.9279267,1041.291206,701.62073,785.700824,520.0530339,347.4695274,696.9791513,431.3313611,1298.809517,1361.169912,425.9836431,1246.639122,1308.999517,1517.619419,1567.708664,475.0687774,1414.158792,1464.248037,1748.212957,1786.409573,537.9188866,1597.957332,1636.153948,298.3651913,325.8500722,357.8977798,166.1902921,184.5054493,211.6180032,-38.57184028,-35.28674408,-31.59689647,-62.36039489,-50.08924462,-38.19661619
301,2018,18.4,Freirina,100,-71.09246854,-28.49912549,79,2.422585452,306.8698976,1,0,3,64,0.546815189,0.839403987,0.299314111,0.649612411,0.804613352,0.382066876,0.102797222,-0.034790635,0.082752764,1541.37955,1148.205723,633.1304417,1338.333257,945.15943,1197.231373,857.5608971,501.9279267,1041.291206,701.62073,785.700824,520.0530339,347.4695274,696.9791513,431.3313611,1298.809517,1361.169912,425.9836431,1246.639122,1308.999517,1517.619419,1567.708664,475.0687774,1414.158792,1464.248037,1748.212957,1786.409573,537.9188866,1597.957332,1636.153948,298.3651913,325.8500722,357.8977798,166.1902921,184.5054493,211.6180032,-38.57184028,-35.28674408,-31.59689647,-62.36039489,-50.08924462,-38.19661619
302,2018,36.9,Freirina,100,-71.09238685,-28.49912675,79,2.422585452,306.8698976,1,0,3,64,0.564578234,0.834222436,0.307941973,0.561317858,0.734915257,0.333413869,-0.003260376,-0.099307179,0.025471896,1541.37955,1148.205723,633.1304417,1338.333257,945.15943,1197.231373,857.5608971,501.9279267,1041.291206,701.62073,785.700824,520.0530339,347.4695274,696.9791513,431.3313611,1298.809517,1361.169912,425.9836431,1246.639122,1308.999517,1517.619419,1567.708664,475.0687774,1414.158792,1464.248037,1748.212957,1786.409573,537.9188866,1597.957332,1636.153948,298.3651913,325.8500722,357.8977798,166.1902921,184.5054493,211.6180032,-38.57184028,-35.28674408,-31.59689647,-62.36039489,-50.08924462,-38.19661619
303,2018,36.4,Freirina,100,-71.09240905,-28.49921664,80,2.608955733,291.8014095,1,0.5,3,16,0.535498478,0.856621027,0.278111905,0.593961826,0.759863973,0.350715518,0.058463348,-0.096757054,0.072603613,1541.37955,1148.205723,633.1304417,1338.333257,945.15943,1197.231373,857.5608971,501.9279267,1041.291206,701.62073,785.700824,520.0530339,347.4695274,696.9791513,431.3313611,1298.809517,1361.169912,425.9836431,1246.639122,1308.999517,1517.619419,1567.708664,475.0687774,1414.158792,1464.248037,1748.212957,1786.409573,537.9188866,1597.957332,1636.153948,298.3651913,325.8500722,357.8977798,166.1902921,184.5054493,211.6180032,-38.57184028,-35.28674408,-31.59689647,-62.36039489,-50.08924462,-38.19661619
304,2018,57.8,Freirina,100,-71.09243107,-28.49929751,80,2.608955733,291.8014095,1,0.5,3,16,0.564961352,0.854339302,0.298367232,0.58671138,0.742302597,0.348689795,0.021750028,-0.112036705,0.050322562,1541.37955,1148.205723,633.1304417,1338.333257,945.15943,1197.231373,857.5608971,501.9279267,1041.291206,701.62073,785.700824,520.0530339,347.4695274,696.9791513,431.3313611,1298.809517,1361.169912,425.9836431,1246.639122,1308.999517,1517.619419,1567.708664,475.0687774,1414.158792,1464.248037,1748.212957,1786.409573,537.9188866,1597.957332,1636.153948,298.3651913,325.8500722,357.8977798,166.1902921,184.5054493,211.6180032,-38.57184028,-35.28674408,-31.59689647,-62.36039489,-50.08924462,-38.19661619
305,2018,38.5,Freirina,100,-71.09244253,-28.49936049,80,2.608955733,291.8014095,1,0.5,3,16,0.533918596,0.876953125,0.267386109,0.58884566,0.776649773,0.336961895,0.054927064,-0.100303352,0.069575787,1541.37955,1148.205723,633.1304417,1338.333257,945.15943,1197.231373,857.5608971,501.9279267,1041.291206,701.62073,785.700824,520.0530339,347.4695274,696.9791513,431.3313611,1298.809517,1361.169912,425.9836431,1246.639122,1308.999517,1517.619419,1567.708664,475.0687774,1414.158792,1464.248037,1748.212957,1786.409573,537.9188866,1597.957332,1636.153948,298.3651913,325.8500722,357.8977798,166.1902921,184.5054493,211.6180032,-38.57184028,-35.28674408,-31.59689647,-62.36039489,-50.08924462,-38.19661619
306,2018,98,Freirina,100,-71.09245399,-28.49942348,80,2.608955733,291.8014095,1,0.5,3,16,0.48634325,0.862104237,0.24010466,0.565840924,0.78322202,0.322756559,0.079497674,-0.078882217,0.082651898,1541.37955,1148.205723,633.1304417,1338.333257,945.15943,1197.231373,857.5608971,501.9279267,1041.291206,701.62073,785.700824,520.0530339,347.4695274,696.9791513,431.3313611,1298.809517,1361.169912,425.9836431,1246.639122,1308.999517,1517.619419,1567.708664,475.0687774,1414.158792,1464.248037,1748.212957,1786.409573,537.9188866,1597.957332,1636.153948,298.3651913,325.8500722,357.8977798,166.1902921,184.5054493,211.6180032,-38.57184028,-35.28674408,-31.59689647,-62.36039489,-50.08924462,-38.19661619
307,2018,19.6,Freirina,100,-71.09248587,-28.49948615,80,2.740385528,315,1.25,-0.5,4,32,0.485738272,0.850574672,0.235238358,0.537685047,0.754318655,0.300677359,0.051946775,-0.096256018,0.065439001,1541.37955,1148.205723,633.1304417,1338.333257,945.15943,1197.231373,857.5608971,501.9279267,1041.291206,701.62073,785.700824,520.0530339,347.4695274,696.9791513,431.3313611,1298.809517,1361.169912,425.9836431,1246.639122,1308.999517,1517.619419,1567.708664,475.0687774,1414.158792,1464.248037,1748.212957,1786.409573,537.9188866,1597.957332,1636.153948,298.3651913,325.8500722,357.8977798,166.1902921,184.5054493,211.6180032,-38.57184028,-35.28674408,-31.59689647,-62.36039489,-50.08924462,-38.19661619
308,2018,59,Freirina,100,-71.09250807,-28.49957605,80,2.740385528,315,1.25,-0.5,4,32,0.511705689,0.869700134,0.248376623,0.565994042,0.78574127,0.319892794,0.054288353,-0.083958864,0.071516171,1541.37955,1148.205723,633.1304417,1338.333257,945.15943,1197.231373,857.5608971,501.9279267,1041.291206,701.62073,785.700824,520.0530339,347.4695274,696.9791513,431.3313611,1298.809517,1361.169912,425.9836431,1246.639122,1308.999517,1517.619419,1567.708664,475.0687774,1414.158792,1464.248037,1748.212957,1786.409573,537.9188866,1597.957332,1636.153948,298.3651913,325.8500722,357.8977798,166.1902921,184.5054493,211.6180032,-38.57184028,-35.28674408,-31.59689647,-62.36039489,-50.08924462,-38.19661619
309,2018,18.4,Freirina,100,-71.09256055,-28.49964742,80,2.740385528,315,1.25,-0.5,4,32,0.505864534,0.852886438,0.262396961,0.595084082,0.785662591,0.341077596,0.089219548,-0.067223847,0.078680634,1541.37955,1148.205723,633.1304417,1338.333257,945.15943,1197.231373,857.5608971,501.9279267,1041.291206,701.62073,785.700824,520.0530339,347.4695274,696.9791513,431.3313611,1298.809517,1361.169912,425.9836431,1246.639122,1308.999517,1517.619419,1567.708664,475.0687774,1414.158792,1464.248037,1748.212957,1786.409573,537.9188866,1597.957332,1636.153948,298.3651913,325.8500722,357.8977798,166.1902921,184.5054493,211.6180032,-38.57184028,-35.28674408,-31.59689647,-62.36039489,-50.08924462,-38.19661619
310,2018,147.6,Freirina,100,-71.09258347,-28.4997734,82,2.608955733,338.1985905,1,0.75,4,32,0.573418225,0.89913547,0.287701309,0.653653648,0.823399603,0.367450297,0.080235423,-0.075735867,0.079748988,1541.37955,1148.205723,633.1304417,1338.333257,945.15943,1197.231373,857.5608971,501.9279267,1041.291206,701.62073,785.700824,520.0530339,347.4695274,696.9791513,431.3313611,1298.809517,1361.169912,425.9836431,1246.639122,1308.999517,1517.619419,1567.708664,475.0687774,1414.158792,1464.248037,1748.212957,1786.409573,537.9188866,1597.957332,1636.153948,298.3651913,325.8500722,357.8977798,166.1902921,184.5054493,211.6180032,-38.57184028,-35.28674408,-31.59689647,-62.36039489,-50.08924462,-38.19661619
311,2018,116.5,Freirina,100,-71.0925951,-28.49984541,82,2.608955733,338.1985905,1,0.75,4,32,0.575873995,0.906133831,0.295738518,0.661372096,0.814691782,0.36882776,0.085498101,-0.091442049,0.073089242,1541.37955,1148.205723,633.1304417,1338.333257,945.15943,1197.231373,857.5608971,501.9279267,1041.291206,701.62073,785.700824,520.0530339,347.4695274,696.9791513,431.3313611,1298.809517,1361.169912,425.9836431,1246.639122,1308.999517,1517.619419,1567.708664,475.0687774,1414.158792,1464.248037,1748.212957,1786.409573,537.9188866,1597.957332,1636.153948,298.3651913,325.8500722,357.8977798,166.1902921,184.5054493,211.6180032,-38.57184028,-35.28674408,-31.59689647,-62.36039489,-50.08924462,-38.19661619
312,2018,118,Freirina,100,-71.0926173,-28.4999353,82,2.608955733,338.1985905,1,0.75,4,32,0.540397898,0.888501704,0.267519772,0.642928796,0.809278369,0.36096859,0.102530898,-0.079223335,0.093448818,1541.37955,1148.205723,633.1304417,1338.333257,945.15943,1197.231373,857.5608971,501.9279267,1041.291206,701.62073,785.700824,520.0530339,347.4695274,696.9791513,431.3313611,1298.809517,1361.169912,425.9836431,1246.639122,1308.999517,1517.619419,1567.708664,475.0687774,1414.158792,1464.248037,1748.212957,1786.409573,537.9188866,1597.957332,1636.153948,298.3651913,325.8500722,357.8977798,166.1902921,184.5054493,211.6180032,-38.57184028,-35.28674408,-31.59689647,-62.36039489,-50.08924462,-38.19661619
313,2018,68.5,Freirina,100,-71.09266979,-28.50000667,83,0.342805543,315,1.125,1.125,2,32,0.557492734,0.896865487,0.271899045,0.650258184,0.81179142,0.358444035,0.09276545,-0.085074067,0.086544991,1541.37955,1148.205723,633.1304417,1338.333257,945.15943,1197.231373,857.5608971,501.9279267,1041.291206,701.62073,785.700824,520.0530339,347.4695274,696.9791513,431.3313611,1298.809517,1361.169912,425.9836431,1246.639122,1308.999517,1517.619419,1567.708664,475.0687774,1414.158792,1464.248037,1748.212957,1786.409573,537.9188866,1597.957332,1636.153948,298.3651913,325.8500722,357.8977798,166.1902921,184.5054493,211.6180032,-38.57184028,-35.28674408,-31.59689647,-62.36039489,-50.08924462,-38.19661619
314,2018,126,Freirina,100,-71.09251519,-28.49993687,82,2.608955733,338.1985905,1,0.75,4,32,0.550446997,0.899843514,0.263913453,0.631709904,0.809223473,0.341162145,0.081262907,-0.090620041,0.077248693,1541.37955,1148.205723,633.1304417,1338.333257,945.15943,1197.231373,857.5608971,501.9279267,1041.291206,701.62073,785.700824,520.0530339,347.4695274,696.9791513,431.3313611,1298.809517,1361.169912,425.9836431,1246.639122,1308.999517,1517.619419,1567.708664,475.0687774,1414.158792,1464.248037,1748.212957,1786.409573,537.9188866,1597.957332,1636.153948,298.3651913,325.8500722,357.8977798,166.1902921,184.5054493,211.6180032,-38.57184028,-35.28674408,-31.59689647,-62.36039489,-50.08924462,-38.19661619
315,2018,62,Freirina,100,-71.09250231,-28.49980172,82,2.608955733,338.1985905,1,0.75,4,32,0.577254915,0.893597007,0.292450339,0.654718848,0.815295815,0.371409029,0.077463933,-0.078301191,0.07895869,1541.37955,1148.205723,633.1304417,1338.333257,945.15943,1197.231373,857.5608971,501.9279267,1041.291206,701.62073,785.700824,520.0530339,347.4695274,696.9791513,431.3313611,1298.809517,1361.169912,425.9836431,1246.639122,1308.999517,1517.619419,1567.708664,475.0687774,1414.158792,1464.248037,1748.212957,1786.409573,537.9188866,1597.957332,1636.153948,298.3651913,325.8500722,357.8977798,166.1902921,184.5054493,211.6180032,-38.57184028,-35.28674408,-31.59689647,-62.36039489,-50.08924462,-38.19661619
316,2018,38.4,Freirina,100,-71.09245968,-28.49971214,82,2.608955733,338.1985905,1,0.75,4,32,0.567654126,0.887228966,0.283675641,0.630594522,0.805473387,0.35426569,0.062940396,-0.081755579,0.070590049,1541.37955,1148.205723,633.1304417,1338.333257,945.15943,1197.231373,857.5608971,501.9279267,1041.291206,701.62073,785.700824,520.0530339,347.4695274,696.9791513,431.3313611,1298.809517,1361.169912,425.9836431,1246.639122,1308.999517,1517.619419,1567.708664,475.0687774,1414.158792,1464.248037,1748.212957,1786.409573,537.9188866,1597.957332,1636.153948,298.3651913,325.8500722,357.8977798,166.1902921,184.5054493,211.6180032,-38.57184028,-35.28674408,-31.59689647,-62.36039489,-50.08924462,-38.19661619
317,2018,57.7,Freirina,100,-71.09241688,-28.49961354,80,2.740385528,315,1.25,-0.5,4,32,0.511705689,0.869700134,0.248376623,0.565994042,0.78574127,0.319892794,0.054288353,-0.083958864,0.071516171,1541.37955,1148.205723,633.1304417,1338.333257,945.15943,1197.231373,857.5608971,501.9279267,1041.291206,701.62073,785.700824,520.0530339,347.4695274,696.9791513,431.3313611,1298.809517,1361.169912,425.9836431,1246.639122,1308.999517,1517.619419,1567.708664,475.0687774,1414.158792,1464.248037,1748.212957,1786.409573,537.9188866,1597.957332,1636.153948,298.3651913,325.8500722,357.8977798,166.1902921,184.5054493,211.6180032,-38.57184028,-35.28674408,-31.59689647,-62.36039489,-50.08924462,-38.19661619
318,2018,58,Freirina,100,-71.09239539,-28.49955973,80,2.740385528,315,1.25,-0.5,4,32,0.52566823,0.878787875,0.252616554,0.588277876,0.791836739,0.314142197,0.062609646,-0.086951137,0.061525643,1541.37955,1148.205723,633.1304417,1338.333257,945.15943,1197.231373,857.5608971,501.9279267,1041.291206,701.62073,785.700824,520.0530339,347.4695274,696.9791513,431.3313611,1298.809517,1361.169912,425.9836431,1246.639122,1308.999517,1517.619419,1567.708664,475.0687774,1414.158792,1464.248037,1748.212957,1786.409573,537.9188866,1597.957332,1636.153948,298.3651913,325.8500722,357.8977798,166.1902921,184.5054493,211.6180032,-38.57184028,-35.28674408,-31.59689647,-62.36039489,-50.08924462,-38.19661619
319,2018,96,Freirina,100,-71.09237372,-28.4994969,80,2.740385528,315,1.25,-0.5,4,32,0.52566823,0.878787875,0.252616554,0.588277876,0.791836739,0.314142197,0.062609646,-0.086951137,0.061525643,1541.37955,1148.205723,633.1304417,1338.333257,945.15943,1197.231373,857.5608971,501.9279267,1041.291206,701.62073,785.700824,520.0530339,347.4695274,696.9791513,431.3313611,1298.809517,1361.169912,425.9836431,1246.639122,1308.999517,1517.619419,1567.708664,475.0687774,1414.158792,1464.248037,1748.212957,1786.409573,537.9188866,1597.957332,1636.153948,298.3651913,325.8500722,357.8977798,166.1902921,184.5054493,211.6180032,-38.57184028,-35.28674408,-31.59689647,-62.36039489,-50.08924462,-38.19661619
320,2018,61,Freirina,100,-71.09235188,-28.49942505,81,2.298403281,288.4349488,1,0.25,3,32,0.513157895,0.853904307,0.251883745,0.601516724,0.784178197,0.331287175,0.088358829,-0.06972611,0.07940343,1541.37955,1148.205723,633.1304417,1338.333257,945.15943,1197.231373,857.5608971,501.9279267,1041.291206,701.62073,785.700824,520.0530339,347.4695274,696.9791513,431.3313611,1298.809517,1361.169912,425.9836431,1246.639122,1308.999517,1517.619419,1567.708664,475.0687774,1414.158792,1464.248037,1748.212957,1786.409573,537.9188866,1597.957332,1636.153948,298.3651913,325.8500722,357.8977798,166.1902921,184.5054493,211.6180032,-38.57184028,-35.28674408,-31.59689647,-62.36039489,-50.08924462,-38.19661619
321,2018,60.7,Freirina,100,-71.0923406,-28.49937109,81,2.298403281,288.4349488,1,0.25,3,32,0.537562618,0.880551338,0.261222303,0.626578067,0.79933846,0.353183508,0.089015449,-0.081212878,0.091961205,1541.37955,1148.205723,633.1304417,1338.333257,945.15943,1197.231373,857.5608971,501.9279267,1041.291206,701.62073,785.700824,520.0530339,347.4695274,696.9791513,431.3313611,1298.809517,1361.169912,425.9836431,1246.639122,1308.999517,1517.619419,1567.708664,475.0687774,1414.158792,1464.248037,1748.212957,1786.409573,537.9188866,1597.957332,1636.153948,298.3651913,325.8500722,357.8977798,166.1902921,184.5054493,211.6180032,-38.57184028,-35.28674408,-31.59689647,-62.36039489,-50.08924462,-38.19661619
322,2018,60.4,Freirina,100,-71.09231893,-28.49930826,81,2.298403281,288.4349488,1,0.25,3,32,0.537562618,0.880551338,0.261222303,0.626578067,0.79933846,0.353183508,0.089015449,-0.081212878,0.091961205,1541.37955,1148.205723,633.1304417,1338.333257,945.15943,1197.231373,857.5608971,501.9279267,1041.291206,701.62073,785.700824,520.0530339,347.4695274,696.9791513,431.3313611,1298.809517,1361.169912,425.9836431,1246.639122,1308.999517,1517.619419,1567.708664,475.0687774,1414.158792,1464.248037,1748.212957,1786.409573,537.9188866,1597.957332,1636.153948,298.3651913,325.8500722,357.8977798,166.1902921,184.5054493,211.6180032,-38.57184028,-35.28674408,-31.59689647,-62.36039489,-50.08924462,-38.19661619
323,2018,40.2,Freirina,100,-71.09229708,-28.49923641,81,2.298403281,288.4349488,1,0.25,3,32,0.543743071,0.86032033,0.286613047,0.568850902,0.749382317,0.33037135,0.025107831,-0.110938013,0.043758303,1541.37955,1148.205723,633.1304417,1338.333257,945.15943,1197.231373,857.5608971,501.9279267,1041.291206,701.62073,785.700824,520.0530339,347.4695274,696.9791513,431.3313611,1298.809517,1361.169912,425.9836431,1246.639122,1308.999517,1517.619419,1567.708664,475.0687774,1414.158792,1464.248037,1748.212957,1786.409573,537.9188866,1597.957332,1636.153948,298.3651913,325.8500722,357.8977798,166.1902921,184.5054493,211.6180032,-38.57184028,-35.28674408,-31.59689647,-62.36039489,-50.08924462,-38.19661619
324,2018,20.1,Freirina,100,-71.09227506,-28.49915554,80,3.15734881,302.4711923,1.25,-0.25,4,32,0.547376094,0.82938391,0.29093492,0.540929925,0.730783403,0.307673216,-0.006446169,-0.098600507,0.016738296,1541.37955,1148.205723,633.1304417,1338.333257,945.15943,1197.231373,857.5608971,501.9279267,1041.291206,701.62073,785.700824,520.0530339,347.4695274,696.9791513,431.3313611,1298.809517,1361.169912,425.9836431,1246.639122,1308.999517,1517.619419,1567.708664,475.0687774,1414.158792,1464.248037,1748.212957,1786.409573,537.9188866,1597.957332,1636.153948,298.3651913,325.8500722,357.8977798,166.1902921,184.5054493,211.6180032,-38.57184028,-35.28674408,-31.59689647,-62.36039489,-50.08924462,-38.19661619
325,2018,97,Freirina,100,-71.0921733,-28.49917515,80,3.15734881,302.4711923,1.25,-0.25,4,32,0.535674689,0.849510193,0.282089561,0.551413902,0.765910745,0.317307711,0.015739213,-0.083599448,0.035218149,1541.37955,1148.205723,633.1304417,1338.333257,945.15943,1197.231373,857.5608971,501.9279267,1041.291206,701.62073,785.700824,520.0530339,347.4695274,696.9791513,431.3313611,1298.809517,1361.169912,425.9836431,1246.639122,1308.999517,1517.619419,1567.708664,475.0687774,1414.158792,1464.248037,1748.212957,1786.409573,537.9188866,1597.957332,1636.153948,298.3651913,325.8500722,357.8977798,166.1902921,184.5054493,211.6180032,-38.57184028,-35.28674408,-31.59689647,-62.36039489,-50.08924462,-38.19661619
326,2018,38,Freirina,100,-71.09220518,-28.49923782,81,2.298403281,288.4349488,1,0.25,3,32,0.555555565,0.858295977,0.289665967,0.582652426,0.758379936,0.339892447,0.027096861,-0.099916041,0.05022648,1541.37955,1148.205723,633.1304417,1338.333257,945.15943,1197.231373,857.5608971,501.9279267,1041.291206,701.62073,785.700824,520.0530339,347.4695274,696.9791513,431.3313611,1298.809517,1361.169912,425.9836431,1246.639122,1308.999517,1517.619419,1567.708664,475.0687774,1414.158792,1464.248037,1748.212957,1786.409573,537.9188866,1597.957332,1636.153948,298.3651913,325.8500722,357.8977798,166.1902921,184.5054493,211.6180032,-38.57184028,-35.28674408,-31.59689647,-62.36039489,-50.08924462,-38.19661619
327,2018,77.6,Freirina,100,-71.09223742,-28.49931854,81,2.298403281,288.4349488,1,0.25,3,32,0.544657088,0.866987944,0.272908896,0.625738679,0.791606426,0.355331838,0.081081591,-0.075381517,0.082422942,1541.37955,1148.205723,633.1304417,1338.333257,945.15943,1197.231373,857.5608971,501.9279267,1041.291206,701.62073,785.700824,520.0530339,347.4695274,696.9791513,431.3313611,1298.809517,1361.169912,425.9836431,1246.639122,1308.999517,1517.619419,1567.708664,475.0687774,1414.158792,1464.248037,1748.212957,1786.409573,537.9188866,1597.957332,1636.153948,298.3651913,325.8500722,357.8977798,166.1902921,184.5054493,211.6180032,-38.57184028,-35.28674408,-31.59689647,-62.36039489,-50.08924462,-38.19661619
328,2018,95,Freirina,100,-71.09225926,-28.49939039,81,2.298403281,288.4349488,1,0.25,3,32,0.544657088,0.866987944,0.272908896,0.625738679,0.791606426,0.355331838,0.081081591,-0.075381517,0.082422942,1541.37955,1148.205723,633.1304417,1338.333257,945.15943,1197.231373,857.5608971,501.9279267,1041.291206,701.62073,785.700824,520.0530339,347.4695274,696.9791513,431.3313611,1298.809517,1361.169912,425.9836431,1246.639122,1308.999517,1517.619419,1567.708664,475.0687774,1414.158792,1464.248037,1748.212957,1786.409573,537.9188866,1597.957332,1636.153948,298.3651913,325.8500722,357.8977798,166.1902921,184.5054493,211.6180032,-38.57184028,-35.28674408,-31.59689647,-62.36039489,-50.08924462,-38.19661619
329,2018,97,Freirina,100,-71.09228075,-28.4994442,81,2.298403281,288.4349488,1,0.25,3,32,0.520467813,0.830985904,0.264705867,0.586830202,0.782451034,0.336749822,0.066362389,-0.04853487,0.072043955,1541.37955,1148.205723,633.1304417,1338.333257,945.15943,1197.231373,857.5608971,501.9279267,1041.291206,701.62073,785.700824,520.0530339,347.4695274,696.9791513,431.3313611,1298.809517,1361.169912,425.9836431,1246.639122,1308.999517,1517.619419,1567.708664,475.0687774,1414.158792,1464.248037,1748.212957,1786.409573,537.9188866,1597.957332,1636.153948,298.3651913,325.8500722,357.8977798,166.1902921,184.5054493,211.6180032,-38.57184028,-35.28674408,-31.59689647,-62.36039489,-50.08924462,-38.19661619
330,2018,51.3,Freirina,100,-71.09229274,-28.49953424,81,1.747450997,303.6900675,0.875,-0.375,2,16,0.540903536,0.859528482,0.267332703,0.605574903,0.801407337,0.331257939,0.064671367,-0.058121145,0.063925236,1541.37955,1148.205723,633.1304417,1338.333257,945.15943,1197.231373,857.5608971,501.9279267,1041.291206,701.62073,785.700824,520.0530339,347.4695274,696.9791513,431.3313611,1298.809517,1361.169912,425.9836431,1246.639122,1308.999517,1517.619419,1567.708664,475.0687774,1414.158792,1464.248037,1748.212957,1786.409573,537.9188866,1597.957332,1636.153948,298.3651913,325.8500722,357.8977798,166.1902921,184.5054493,211.6180032,-38.57184028,-35.28674408,-31.59689647,-62.36039489,-50.08924462,-38.19661619
331,2018,136.8,Freirina,100,-71.09232445,-28.4995879,81,1.747450997,303.6900675,0.875,-0.375,2,16,0.542394535,0.899265468,0.259902,0.607168452,0.806607604,0.326187402,0.064773917,-0.092657864,0.066285402,1541.37955,1148.205723,633.1304417,1338.333257,945.15943,1197.231373,857.5608971,501.9279267,1041.291206,701.62073,785.700824,520.0530339,347.4695274,696.9791513,431.3313611,1298.809517,1361.169912,425.9836431,1246.639122,1308.999517,1517.619419,1567.708664,475.0687774,1414.158792,1464.248037,1748.212957,1786.409573,537.9188866,1597.957332,1636.153948,298.3651913,325.8500722,357.8977798,166.1902921,184.5054493,211.6180032,-38.57184028,-35.28674408,-31.59689647,-62.36039489,-50.08924462,-38.19661619
332,2018,95,Freirina,100,-71.09236707,-28.49967747,81,1.747450997,303.6900675,0.875,-0.375,2,16,0.574303409,0.887703001,0.293512672,0.639502752,0.804637074,0.351823688,0.065199343,-0.083065927,0.058311015,1541.37955,1148.205723,633.1304417,1338.333257,945.15943,1197.231373,857.5608971,501.9279267,1041.291206,701.62073,785.700824,520.0530339,347.4695274,696.9791513,431.3313611,1298.809517,1361.169912,425.9836431,1246.639122,1308.999517,1517.619419,1567.708664,475.0687774,1414.158792,1464.248037,1748.212957,1786.409573,537.9188866,1597.957332,1636.153948,298.3651913,325.8500722,357.8977798,166.1902921,184.5054493,211.6180032,-38.57184028,-35.28674408,-31.59689647,-62.36039489,-50.08924462,-38.19661619
333,2018,107.9,Freirina,100,-71.09237888,-28.4997585,82,2.608955733,338.1985905,1,0.75,4,32,0.57573445,0.879836142,0.297008246,0.657162249,0.808818102,0.365466893,0.081427799,-0.07101804,0.068458647,1541.37955,1148.205723,633.1304417,1338.333257,945.15943,1197.231373,857.5608971,501.9279267,1041.291206,701.62073,785.700824,520.0530339,347.4695274,696.9791513,431.3313611,1298.809517,1361.169912,425.9836431,1246.639122,1308.999517,1517.619419,1567.708664,475.0687774,1414.158792,1464.248037,1748.212957,1786.409573,537.9188866,1597.957332,1636.153948,298.3651913,325.8500722,357.8977798,166.1902921,184.5054493,211.6180032,-38.57184028,-35.28674408,-31.59689647,-62.36039489,-50.08924462,-38.19661619
334,2018,38.6,Freirina,100,-71.0923907,-28.49983953,82,2.608955733,338.1985905,1,0.75,4,32,0.57573445,0.879836142,0.297008246,0.657162249,0.808818102,0.365466893,0.081427799,-0.07101804,0.068458647,1541.37955,1148.205723,633.1304417,1338.333257,945.15943,1197.231373,857.5608971,501.9279267,1041.291206,701.62073,785.700824,520.0530339,347.4695274,696.9791513,431.3313611,1298.809517,1361.169912,425.9836431,1246.639122,1308.999517,1517.619419,1567.708664,475.0687774,1414.158792,1464.248037,1748.212957,1786.409573,537.9188866,1597.957332,1636.153948,298.3651913,325.8500722,357.8977798,166.1902921,184.5054493,211.6180032,-38.57184028,-35.28674408,-31.59689647,-62.36039489,-50.08924462,-38.19661619
335,2018,135.2,Freirina,100,-71.09240304,-28.49994762,82,2.608955733,338.1985905,1,0.75,4,32,0.560295336,0.909638524,0.27547729,0.632911384,0.814771414,0.344212145,0.072616048,-0.09486711,0.068734854,1541.37955,1148.205723,633.1304417,1338.333257,945.15943,1197.231373,857.5608971,501.9279267,1041.291206,701.62073,785.700824,520.0530339,347.4695274,696.9791513,431.3313611,1298.809517,1361.169912,425.9836431,1246.639122,1308.999517,1517.619419,1567.708664,475.0687774,1414.158792,1464.248037,1748.212957,1786.409573,537.9188866,1597.957332,1636.153948,298.3651913,325.8500722,357.8977798,166.1902921,184.5054493,211.6180032,-38.57184028,-35.28674408,-31.59689647,-62.36039489,-50.08924462,-38.19661619
336,2018,134.5,Freirina,100,-71.09245606,-28.50004606,83,0.342805543,315,1.125,1.125,2,32,0.481182786,0.853139043,0.222759947,0.58222859,0.792207778,0.312860996,0.101045804,-0.060931265,0.090101048,1541.37955,1148.205723,633.1304417,1338.333257,945.15943,1197.231373,857.5608971,501.9279267,1041.291206,701.62073,785.700824,520.0530339,347.4695274,696.9791513,431.3313611,1298.809517,1361.169912,425.9836431,1246.639122,1308.999517,1517.619419,1567.708664,475.0687774,1414.158792,1464.248037,1748.212957,1786.409573,537.9188866,1597.957332,1636.153948,298.3651913,325.8500722,357.8977798,166.1902921,184.5054493,211.6180032,-38.57184028,-35.28674408,-31.59689647,-62.36039489,-50.08924462,-38.19661619
337,2018,101.2,Freirina,100,-71.09233192,-28.49996676,82,1.235826027,348.6900675,0.5,0.25,3,32,0.560295336,0.909638524,0.27547729,0.632911384,0.814771414,0.344212145,0.072616048,-0.09486711,0.068734854,1541.37955,1148.205723,633.1304417,1338.333257,945.15943,1197.231373,857.5608971,501.9279267,1041.291206,701.62073,785.700824,520.0530339,347.4695274,696.9791513,431.3313611,1298.809517,1361.169912,425.9836431,1246.639122,1308.999517,1517.619419,1567.708664,475.0687774,1414.158792,1464.248037,1748.212957,1786.409573,537.9188866,1597.957332,1636.153948,298.3651913,325.8500722,357.8977798,166.1902921,184.5054493,211.6180032,-38.57184028,-35.28674408,-31.59689647,-62.36039489,-50.08924462,-38.19661619
338,2018,76.8,Freirina,100,-71.09229808,-28.49980486,82,1.235826027,348.6900675,0.5,0.25,3,32,0.57247559,0.902463019,0.282859445,0.659986185,0.821076572,0.362933874,0.087510595,-0.081386447,0.08007443,1541.37955,1148.205723,633.1304417,1338.333257,945.15943,1197.231373,857.5608971,501.9279267,1041.291206,701.62073,785.700824,520.0530339,347.4695274,696.9791513,431.3313611,1298.809517,1361.169912,425.9836431,1246.639122,1308.999517,1517.619419,1567.708664,475.0687774,1414.158792,1464.248037,1748.212957,1786.409573,537.9188866,1597.957332,1636.153948,298.3651913,325.8500722,357.8977798,166.1902921,184.5054493,211.6180032,-38.57184028,-35.28674408,-31.59689647,-62.36039489,-50.08924462,-38.19661619
340,2018,38.4,Freirina,100,-71.0922123,-28.49959865,81,1.747450997,303.6900675,0.875,-0.375,2,16,0.560209423,0.885158181,0.278832018,0.630738527,0.809523821,0.35523358,0.070529104,-0.07563436,0.076401561,1541.37955,1148.205723,633.1304417,1338.333257,945.15943,1197.231373,857.5608971,501.9279267,1041.291206,701.62073,785.700824,520.0530339,347.4695274,696.9791513,431.3313611,1298.809517,1361.169912,425.9836431,1246.639122,1308.999517,1517.619419,1567.708664,475.0687774,1414.158792,1464.248037,1748.212957,1786.409573,537.9188866,1597.957332,1636.153948,298.3651913,325.8500722,357.8977798,166.1902921,184.5054493,211.6180032,-38.57184028,-35.28674408,-31.59689647,-62.36039489,-50.08924462,-38.19661619
341,2018,38.8,Freirina,100,-71.0921901,-28.49950876,81,1.747450997,303.6900675,0.875,-0.375,2,16,0.565085387,0.877959907,0.292534381,0.626855593,0.803965628,0.349949777,0.061770206,-0.073994279,0.057415396,1541.37955,1148.205723,633.1304417,1338.333257,945.15943,1197.231373,857.5608971,501.9279267,1041.291206,701.62073,785.700824,520.0530339,347.4695274,696.9791513,431.3313611,1298.809517,1361.169912,425.9836431,1246.639122,1308.999517,1517.619419,1567.708664,475.0687774,1414.158792,1464.248037,1748.212957,1786.409573,537.9188866,1597.957332,1636.153948,298.3651913,325.8500722,357.8977798,166.1902921,184.5054493,211.6180032,-38.57184028,-35.28674408,-31.59689647,-62.36039489,-50.08924462,-38.19661619
342,2018,76.8,Freirina,100,-71.09215786,-28.49942804,81,2.298403281,288.4349488,1,0.25,3,32,0.540357862,0.87875843,0.27125749,0.616248348,0.778989434,0.348654717,0.075890486,-0.099768996,0.077397227,1541.37955,1148.205723,633.1304417,1338.333257,945.15943,1197.231373,857.5608971,501.9279267,1041.291206,701.62073,785.700824,520.0530339,347.4695274,696.9791513,431.3313611,1298.809517,1361.169912,425.9836431,1246.639122,1308.999517,1517.619419,1567.708664,475.0687774,1414.158792,1464.248037,1748.212957,1786.409573,537.9188866,1597.957332,1636.153948,298.3651913,325.8500722,357.8977798,166.1902921,184.5054493,211.6180032,-38.57184028,-35.28674408,-31.59689647,-62.36039489,-50.08924462,-38.19661619
346,2018,19.3,Freirina,100,-71.09173624,-28.49876681,82,2.298403281,288.4349488,1,0.25,3,32,0.4640614,0.774957657,0.253623188,0.521915259,0.741989911,0.275502264,0.057853859,-0.032967746,0.021879077,1541.37955,1148.205723,633.1304417,1338.333257,945.15943,1197.231373,857.5608971,501.9279267,1041.291206,701.62073,785.700824,520.0530339,347.4695274,696.9791513,431.3313611,1298.809517,1361.169912,425.9836431,1246.639122,1308.999517,1517.619419,1567.708664,475.0687774,1414.158792,1464.248037,1748.212957,1786.409573,537.9188866,1597.957332,1636.153948,298.3651913,325.8500722,357.8977798,166.1902921,184.5054493,211.6180032,-38.57184028,-35.28674408,-31.59689647,-62.36039489,-50.08924462,-38.19661619
347,2018,18.8,Freirina,100,-71.09176865,-28.49885654,81,1.532725565,288.4349488,1.125,1.125,3,32,0.507310876,0.771385908,0.293886572,0.485427114,0.695602298,0.272197872,-0.021883762,-0.07578361,-0.0216887,1541.37955,1148.205723,633.1304417,1338.333257,945.15943,1197.231373,857.5608971,501.9279267,1041.291206,701.62073,785.700824,520.0530339,347.4695274,696.9791513,431.3313611,1298.809517,1361.169912,425.9836431,1246.639122,1308.999517,1517.619419,1567.708664,475.0687774,1414.158792,1464.248037,1748.212957,1786.409573,537.9188866,1597.957332,1636.153948,298.3651913,325.8500722,357.8977798,166.1902921,184.5054493,211.6180032,-38.57184028,-35.28674408,-31.59689647,-62.36039489,-50.08924462,-38.19661619
348,2018,18.5,Freirina,100,-71.09179086,-28.49894643,82,1.532725565,288.4349488,1.125,1.125,3,32,0.506084476,0.800599039,0.272132427,0.587988384,0.778018832,0.33734718,0.081903908,-0.022580206,0.065214753,1541.37955,1148.205723,633.1304417,1338.333257,945.15943,1197.231373,857.5608971,501.9279267,1041.291206,701.62073,785.700824,520.0530339,347.4695274,696.9791513,431.3313611,1298.809517,1361.169912,425.9836431,1246.639122,1308.999517,1517.619419,1567.708664,475.0687774,1414.158792,1464.248037,1748.212957,1786.409573,537.9188866,1597.957332,1636.153948,298.3651913,325.8500722,357.8977798,166.1902921,184.5054493,211.6180032,-38.57184028,-35.28674408,-31.59689647,-62.36039489,-50.08924462,-38.19661619
349,2018,38.6,Freirina,100,-71.09182327,-28.49903617,82,1.532725565,288.4349488,1.125,1.125,3,32,0.538664015,0.810999215,0.305448413,0.576899704,0.73918879,0.34342584,0.038235689,-0.071810424,0.037977427,1541.37955,1148.205723,633.1304417,1338.333257,945.15943,1197.231373,857.5608971,501.9279267,1041.291206,701.62073,785.700824,520.0530339,347.4695274,696.9791513,431.3313611,1298.809517,1361.169912,425.9836431,1246.639122,1308.999517,1517.619419,1567.708664,475.0687774,1414.158792,1464.248037,1748.212957,1786.409573,537.9188866,1597.957332,1636.153948,298.3651913,325.8500722,357.8977798,166.1902921,184.5054493,211.6180032,-38.57184028,-35.28674408,-31.59689647,-62.36039489,-50.08924462,-38.19661619
350,2018,56.4,Freirina,100,-71.09186625,-28.49914379,82,1.532725565,288.4349488,1.125,1.125,3,32,0.529999987,0.795774639,0.298124999,0.51223934,0.696846426,0.305993497,-0.017760647,-0.098928213,0.007868499,1541.37955,1148.205723,633.1304417,1338.333257,945.15943,1197.231373,857.5608971,501.9279267,1041.291206,701.62073,785.700824,520.0530339,347.4695274,696.9791513,431.3313611,1298.809517,1361.169912,425.9836431,1246.639122,1308.999517,1517.619419,1567.708664,475.0687774,1414.158792,1464.248037,1748.212957,1786.409573,537.9188866,1597.957332,1636.153948,298.3651913,325.8500722,357.8977798,166.1902921,184.5054493,211.6180032,-38.57184028,-35.28674408,-31.59689647,-62.36039489,-50.08924462,-38.19661619
353,2018,68.7,Freirina,100,-71.09192122,-28.49934145,82,0.342805543,315,0.75,0.75,2,1,0.533703936,0.830016613,0.292459995,0.534124631,0.711920559,0.322580665,0.000420695,-0.118096054,0.030120671,1541.37955,1148.205723,633.1304417,1338.333257,945.15943,1197.231373,857.5608971,501.9279267,1041.291206,701.62073,785.700824,520.0530339,347.4695274,696.9791513,431.3313611,1298.809517,1361.169912,425.9836431,1246.639122,1308.999517,1517.619419,1567.708664,475.0687774,1414.158792,1464.248037,1748.212957,1786.409573,537.9188866,1597.957332,1636.153948,298.3651913,325.8500722,357.8977798,166.1902921,184.5054493,211.6180032,-38.57184028,-35.28674408,-31.59689647,-62.36039489,-50.08924462,-38.19661619
354,2018,34.35,Freirina,100,-71.09195381,-28.49944021,82,0.342805543,315,0.75,0.75,2,1,0.568010944,0.846277654,0.314534456,0.588037819,0.741633236,0.349220723,0.020026875,-0.104644418,0.034686267,1541.37955,1148.205723,633.1304417,1338.333257,945.15943,1197.231373,857.5608971,501.9279267,1041.291206,701.62073,785.700824,520.0530339,347.4695274,696.9791513,431.3313611,1298.809517,1361.169912,425.9836431,1246.639122,1308.999517,1517.619419,1567.708664,475.0687774,1414.158792,1464.248037,1748.212957,1786.409573,537.9188866,1597.957332,1636.153948,298.3651913,325.8500722,357.8977798,166.1902921,184.5054493,211.6180032,-38.57184028,-35.28674408,-31.59689647,-62.36039489,-50.08924462,-38.19661619
355,2018,57.6,Freirina,100,-71.09197602,-28.4995301,82,0.766499914,341.5650512,0.5,0.5,2,128,0.597993559,0.867671728,0.321332306,0.606957574,0.762382865,0.360456675,0.008964015,-0.105288863,0.03912437,1541.37955,1148.205723,633.1304417,1338.333257,945.15943,1197.231373,857.5608971,501.9279267,1041.291206,701.62073,785.700824,520.0530339,347.4695274,696.9791513,431.3313611,1298.809517,1361.169912,425.9836431,1246.639122,1308.999517,1517.619419,1567.708664,475.0687774,1414.158792,1464.248037,1748.212957,1786.409573,537.9188866,1597.957332,1636.153948,298.3651913,325.8500722,357.8977798,166.1902921,184.5054493,211.6180032,-38.57184028,-35.28674408,-31.59689647,-62.36039489,-50.08924462,-38.19661619
356,2018,96,Freirina,100,-71.09200843,-28.49961983,82,0.766499914,341.5650512,0.5,0.5,2,128,0.591292134,0.834075272,0.321865439,0.670924563,0.785505354,0.399251908,0.079632429,-0.048569918,0.077386469,1541.37955,1148.205723,633.1304417,1338.333257,945.15943,1197.231373,857.5608971,501.9279267,1041.291206,701.62073,785.700824,520.0530339,347.4695274,696.9791513,431.3313611,1298.809517,1361.169912,425.9836431,1246.639122,1308.999517,1517.619419,1567.708664,475.0687774,1414.158792,1464.248037,1748.212957,1786.409573,537.9188866,1597.957332,1636.153948,298.3651913,325.8500722,357.8977798,166.1902921,184.5054493,211.6180032,-38.57184028,-35.28674408,-31.59689647,-62.36039489,-50.08924462,-38.19661619
357,2018,38.4,Freirina,100,-71.09204067,-28.49970055,82,0.766499914,341.5650512,0.5,0.5,2,128,0.600844787,0.872375429,0.326552749,0.67227148,0.796387553,0.398803055,0.071426693,-0.075987875,0.072250307,1541.37955,1148.205723,633.1304417,1338.333257,945.15943,1197.231373,857.5608971,501.9279267,1041.291206,701.62073,785.700824,520.0530339,347.4695274,696.9791513,431.3313611,1298.809517,1361.169912,425.9836431,1246.639122,1308.999517,1517.619419,1567.708664,475.0687774,1414.158792,1464.248037,1748.212957,1786.409573,537.9188866,1597.957332,1636.153948,298.3651913,325.8500722,357.8977798,166.1902921,184.5054493,211.6180032,-38.57184028,-35.28674408,-31.59689647,-62.36039489,-50.08924462,-38.19661619
358,2018,92.3,Freirina,100,-71.09206269,-28.49978142,82,0.685586544,315,0.25,0,2,32,0.586617118,0.88599205,0.307802349,0.671162492,0.81830889,0.386369228,0.084545374,-0.06768316,0.078566879,1541.37955,1148.205723,633.1304417,1338.333257,945.15943,1197.231373,857.5608971,501.9279267,1041.291206,701.62073,785.700824,520.0530339,347.4695274,696.9791513,431.3313611,1298.809517,1361.169912,425.9836431,1246.639122,1308.999517,1517.619419,1567.708664,475.0687774,1414.158792,1464.248037,1748.212957,1786.409573,537.9188866,1597.957332,1636.153948,298.3651913,325.8500722,357.8977798,166.1902921,184.5054493,211.6180032,-38.57184028,-35.28674408,-31.59689647,-62.36039489,-50.08924462,-38.19661619
359,2018,146.4,Freirina,100,-71.09210531,-28.49987099,82,1.235826027,348.6900675,0.5,0.25,3,32,0.579150595,0.87442714,0.296442688,0.661848746,0.809663236,0.370344818,0.082698151,-0.064763904,0.07390213,1541.37955,1148.205723,633.1304417,1338.333257,945.15943,1197.231373,857.5608971,501.9279267,1041.291206,701.62073,785.700824,520.0530339,347.4695274,696.9791513,431.3313611,1298.809517,1361.169912,425.9836431,1246.639122,1308.999517,1517.619419,1567.708664,475.0687774,1414.158792,1464.248037,1748.212957,1786.409573,537.9188866,1597.957332,1636.153948,298.3651913,325.8500722,357.8977798,166.1902921,184.5054493,211.6180032,-38.57184028,-35.28674408,-31.59689647,-62.36039489,-50.08924462,-38.19661619
360,2018,85.4,Freirina,100,-71.09212787,-28.49997893,82,1.235826027,348.6900675,0.5,0.25,3,32,0.576434338,0.903300822,0.295577198,0.632407087,0.819402993,0.354763985,0.055972749,-0.083897829,0.059186786,1541.37955,1148.205723,633.1304417,1338.333257,945.15943,1197.231373,857.5608971,501.9279267,1041.291206,701.62073,785.700824,520.0530339,347.4695274,696.9791513,431.3313611,1298.809517,1361.169912,425.9836431,1246.639122,1308.999517,1517.619419,1567.708664,475.0687774,1414.158792,1464.248037,1748.212957,1786.409573,537.9188866,1597.957332,1636.153948,298.3651913,325.8500722,357.8977798,166.1902921,184.5054493,211.6180032,-38.57184028,-35.28674408,-31.59689647,-62.36039489,-50.08924462,-38.19661619
361,2018,98.3,Freirina,100,-71.09214972,-28.50005078,82,0.766499914,108.4349488,0.25,0,2,2,0.519068641,0.844953656,0.258910686,0.567819159,0.774266362,0.319930077,0.048750518,-0.070687294,0.061019391,1541.37955,1148.205723,633.1304417,1338.333257,945.15943,1197.231373,857.5608971,501.9279267,1041.291206,701.62073,785.700824,520.0530339,347.4695274,696.9791513,431.3313611,1298.809517,1361.169912,425.9836431,1246.639122,1308.999517,1517.619419,1567.708664,475.0687774,1414.158792,1464.248037,1748.212957,1786.409573,537.9188866,1597.957332,1636.153948,298.3651913,325.8500722,357.8977798,166.1902921,184.5054493,211.6180032,-38.57184028,-35.28674408,-31.59689647,-62.36039489,-50.08924462,-38.19661619
362,2018,110.8,Freirina,100,-71.092058,-28.50006121,82,0.685586544,225,0.25,0,2,4,0.47705359,0.823809505,0.244369805,0.54455446,0.7495327,0.308219165,0.06750087,-0.074276805,0.06384936,1541.37955,1148.205723,633.1304417,1338.333257,945.15943,1197.231373,857.5608971,501.9279267,1041.291206,701.62073,785.700824,520.0530339,347.4695274,696.9791513,431.3313611,1298.809517,1361.169912,425.9836431,1246.639122,1308.999517,1517.619419,1567.708664,475.0687774,1414.158792,1464.248037,1748.212957,1786.409573,537.9188866,1597.957332,1636.153948,298.3651913,325.8500722,357.8977798,166.1902921,184.5054493,211.6180032,-38.57184028,-35.28674408,-31.59689647,-62.36039489,-50.08924462,-38.19661619
363,2018,85,Freirina,100,-71.09200516,-28.49997179,82,0.685586544,315,0.25,0,2,32,0.572492023,0.836853027,0.309742987,0.590407057,0.772151947,0.343554914,0.017915034,-0.06470108,0.033811927,1541.37955,1148.205723,633.1304417,1338.333257,945.15943,1197.231373,857.5608971,501.9279267,1041.291206,701.62073,785.700824,520.0530339,347.4695274,696.9791513,431.3313611,1298.809517,1361.169912,425.9836431,1246.639122,1308.999517,1517.619419,1567.708664,475.0687774,1414.158792,1464.248037,1748.212957,1786.409573,537.9188866,1597.957332,1636.153948,298.3651913,325.8500722,357.8977798,166.1902921,184.5054493,211.6180032,-38.57184028,-35.28674408,-31.59689647,-62.36039489,-50.08924462,-38.19661619
364,2018,96.9,Freirina,100,-71.09198349,-28.49990896,82,0.685586544,315,0.25,0,2,32,0.588892901,0.866158426,0.31512931,0.650349667,0.799029827,0.376749337,0.061456766,-0.067128599,0.061620027,1541.37955,1148.205723,633.1304417,1338.333257,945.15943,1197.231373,857.5608971,501.9279267,1041.291206,701.62073,785.700824,520.0530339,347.4695274,696.9791513,431.3313611,1298.809517,1361.169912,425.9836431,1246.639122,1308.999517,1517.619419,1567.708664,475.0687774,1414.158792,1464.248037,1748.212957,1786.409573,537.9188866,1597.957332,1636.153948,298.3651913,325.8500722,357.8977798,166.1902921,184.5054493,211.6180032,-38.57184028,-35.28674408,-31.59689647,-62.36039489,-50.08924462,-38.19661619
365,2018,92.3,Freirina,100,-71.09196093,-28.49980103,82,0.685586544,315,0.25,0,2,32,0.6,0.859268188,0.329657793,0.670209546,0.774193585,0.399192095,0.070209546,-0.085074604,0.069534302,1541.37955,1148.205723,633.1304417,1338.333257,945.15943,1197.231373,857.5608971,501.9279267,1041.291206,701.62073,785.700824,520.0530339,347.4695274,696.9791513,431.3313611,1298.809517,1361.169912,425.9836431,1246.639122,1308.999517,1517.619419,1567.708664,475.0687774,1414.158792,1464.248037,1748.212957,1786.409573,537.9188866,1597.957332,1636.153948,298.3651913,325.8500722,357.8977798,166.1902921,184.5054493,211.6180032,-38.57184028,-35.28674408,-31.59689647,-62.36039489,-50.08924462,-38.19661619
377,2018,54.3,Freirina,100,-71.09159791,-28.49900354,82,1.028318474,135,0.75,0.75,2,4,0.557407403,0.794452369,0.328762144,0.403062703,0.614898562,0.24731119,-0.1543447,-0.179553807,-0.081450954,1541.37955,1148.205723,633.1304417,1338.333257,945.15943,1197.231373,857.5608971,501.9279267,1041.291206,701.62073,785.700824,520.0530339,347.4695274,696.9791513,431.3313611,1298.809517,1361.169912,425.9836431,1246.639122,1308.999517,1517.619419,1567.708664,475.0687774,1414.158792,1464.248037,1748.212957,1786.409573,537.9188866,1597.957332,1636.153948,298.3651913,325.8500722,357.8977798,166.1902921,184.5054493,211.6180032,-38.57184028,-35.28674408,-31.59689647,-62.36039489,-50.08924462,-38.19661619
384,2018,54.7,Freirina,100,-71.09176176,-28.49954242,82,1.532725565,341.5650512,0.625,0.125,3,64,0.567754322,0.887245834,0.29171598,0.601585736,0.794226468,0.340289026,0.033831414,-0.093019366,0.048573047,1541.37955,1148.205723,633.1304417,1338.333257,945.15943,1197.231373,857.5608971,501.9279267,1041.291206,701.62073,785.700824,520.0530339,347.4695274,696.9791513,431.3313611,1298.809517,1361.169912,425.9836431,1246.639122,1308.999517,1517.619419,1567.708664,475.0687774,1414.158792,1464.248037,1748.212957,1786.409573,537.9188866,1597.957332,1636.153948,298.3651913,325.8500722,357.8977798,166.1902921,184.5054493,211.6180032,-38.57184028,-35.28674408,-31.59689647,-62.36039489,-50.08924462,-38.19661619
386,2018,54.3,Freirina,100,-71.09181602,-28.49970401,82,0.766499914,341.5650512,0.5,0.5,2,128,0.593061089,0.878942847,0.316917747,0.60878112,0.770007253,0.346125185,0.015720031,-0.108935595,0.029207438,1541.37955,1148.205723,633.1304417,1338.333257,945.15943,1197.231373,857.5608971,501.9279267,1041.291206,701.62073,785.700824,520.0530339,347.4695274,696.9791513,431.3313611,1298.809517,1361.169912,425.9836431,1246.639122,1308.999517,1517.619419,1567.708664,475.0687774,1414.158792,1464.248037,1748.212957,1786.409573,537.9188866,1597.957332,1636.153948,298.3651913,325.8500722,357.8977798,166.1902921,184.5054493,211.6180032,-38.57184028,-35.28674408,-31.59689647,-62.36039489,-50.08924462,-38.19661619
387,2018,54.9,Freirina,100,-71.09185882,-28.4998026,82,0.685586544,315,0.25,0,2,32,0.567631912,0.882801354,0.285400897,0.642999332,0.786435843,0.362740219,0.07536742,-0.096365511,0.077339321,1541.37955,1148.205723,633.1304417,1338.333257,945.15943,1197.231373,857.5608971,501.9279267,1041.291206,701.62073,785.700824,520.0530339,347.4695274,696.9791513,431.3313611,1298.809517,1361.169912,425.9836431,1246.639122,1308.999517,1517.619419,1567.708664,475.0687774,1414.158792,1464.248037,1748.212957,1786.409573,537.9188866,1597.957332,1636.153948,298.3651913,325.8500722,357.8977798,166.1902921,184.5054493,211.6180032,-38.57184028,-35.28674408,-31.59689647,-62.36039489,-50.08924462,-38.19661619
388,2018,38.4,Freirina,100,-71.09189141,-28.49990136,82,0.685586544,315,0.25,0,2,32,0.54485946,0.861716926,0.27938661,0.624372274,0.799035966,0.350256652,0.079512814,-0.06268096,0.070870042,1541.37955,1148.205723,633.1304417,1338.333257,945.15943,1197.231373,857.5608971,501.9279267,1041.291206,701.62073,785.700824,520.0530339,347.4695274,696.9791513,431.3313611,1298.809517,1361.169912,425.9836431,1246.639122,1308.999517,1517.619419,1567.708664,475.0687774,1414.158792,1464.248037,1748.212957,1786.409573,537.9188866,1597.957332,1636.153948,298.3651913,325.8500722,357.8977798,166.1902921,184.5054493,211.6180032,-38.57184028,-35.28674408,-31.59689647,-62.36039489,-50.08924462,-38.19661619
389,2018,173,Freirina,100,-71.09193635,-28.5001082,82,0.685586544,225,0.25,0,2,4,0.488983365,0.818696916,0.250098854,0.488244258,0.72287029,0.289848924,-0.000739107,-0.095826626,0.039750069,1541.37955,1148.205723,633.1304417,1338.333257,945.15943,1197.231373,857.5608971,501.9279267,1041.291206,701.62073,785.700824,520.0530339,347.4695274,696.9791513,431.3313611,1298.809517,1361.169912,425.9836431,1246.639122,1308.999517,1517.619419,1567.708664,475.0687774,1414.158792,1464.248037,1748.212957,1786.409573,537.9188866,1597.957332,1636.153948,298.3651913,325.8500722,357.8977798,166.1902921,184.5054493,211.6180032,-38.57184028,-35.28674408,-31.59689647,-62.36039489,-50.08924462,-38.19661619
390,2018,109.8,Freirina,100,-71.09189426,-28.50004569,82,0.685586544,225,0.25,0,2,4,0.543331997,0.870503604,0.273614973,0.508953166,0.723161638,0.280490875,-0.034378831,-0.147341967,0.006875902,1541.37955,1148.205723,633.1304417,1338.333257,945.15943,1197.231373,857.5608971,501.9279267,1041.291206,701.62073,785.700824,520.0530339,347.4695274,696.9791513,431.3313611,1298.809517,1361.169912,425.9836431,1246.639122,1308.999517,1517.619419,1567.708664,475.0687774,1414.158792,1464.248037,1748.212957,1786.409573,537.9188866,1597.957332,1636.153948,298.3651913,325.8500722,357.8977798,166.1902921,184.5054493,211.6180032,-38.57184028,-35.28674408,-31.59689647,-62.36039489,-50.08924462,-38.19661619
392,2018,36.4,Freirina,100,-71.09180972,-28.49990262,82,0.685586544,315,0.25,0,2,32,0.54485946,0.861716926,0.27938661,0.624372274,0.799035966,0.350256652,0.079512814,-0.06268096,0.070870042,1541.37955,1148.205723,633.1304417,1338.333257,945.15943,1197.231373,857.5608971,501.9279267,1041.291206,701.62073,785.700824,520.0530339,347.4695274,696.9791513,431.3313611,1298.809517,1361.169912,425.9836431,1246.639122,1308.999517,1517.619419,1567.708664,475.0687774,1414.158792,1464.248037,1748.212957,1786.409573,537.9188866,1597.957332,1636.153948,298.3651913,325.8500722,357.8977798,166.1902921,184.5054493,211.6180032,-38.57184028,-35.28674408,-31.59689647,-62.36039489,-50.08924462,-38.19661619
393,2018,22.12,Freirina,100,-71.09177731,-28.49981288,82,0.685586544,315,0.25,0,2,32,0.588213354,0.881573081,0.307967722,0.608618861,0.789390981,0.330034465,0.020405507,-0.0921821,0.022066742,1541.37955,1148.205723,633.1304417,1338.333257,945.15943,1197.231373,857.5608971,501.9279267,1041.291206,701.62073,785.700824,520.0530339,347.4695274,696.9791513,431.3313611,1298.809517,1361.169912,425.9836431,1246.639122,1308.999517,1517.619419,1567.708664,475.0687774,1414.158792,1464.248037,1748.212957,1786.409573,537.9188866,1597.957332,1636.153948,298.3651913,325.8500722,357.8977798,166.1902921,184.5054493,211.6180032,-38.57184028,-35.28674408,-31.59689647,-62.36039489,-50.08924462,-38.19661619
394,2018,44.24,Freirina,100,-71.09172429,-28.49971444,82,1.532725565,341.5650512,0.625,0.125,3,64,0.589181278,0.878185749,0.312564641,0.616750423,0.776223779,0.345835954,0.027569145,-0.10196197,0.033271313,1541.37955,1148.205723,633.1304417,1338.333257,945.15943,1197.231373,857.5608971,501.9279267,1041.291206,701.62073,785.700824,520.0530339,347.4695274,696.9791513,431.3313611,1298.809517,1361.169912,425.9836431,1246.639122,1308.999517,1517.619419,1567.708664,475.0687774,1414.158792,1464.248037,1748.212957,1786.409573,537.9188866,1597.957332,1636.153948,298.3651913,325.8500722,357.8977798,166.1902921,184.5054493,211.6180032,-38.57184028,-35.28674408,-31.59689647,-62.36039489,-50.08924462,-38.19661619
395,2018,66.36,Freirina,100,-71.09168167,-28.49962486,82,1.532725565,341.5650512,0.625,0.125,3,64,0.576680286,0.862280726,0.302807748,0.617842881,0.79071486,0.347826093,0.041162595,-0.071565866,0.045018345,1541.37955,1148.205723,633.1304417,1338.333257,945.15943,1197.231373,857.5608971,501.9279267,1041.291206,701.62073,785.700824,520.0530339,347.4695274,696.9791513,431.3313611,1298.809517,1361.169912,425.9836431,1246.639122,1308.999517,1517.619419,1567.708664,475.0687774,1414.158792,1464.248037,1748.212957,1786.409573,537.9188866,1597.957332,1636.153948,298.3651913,325.8500722,357.8977798,166.1902921,184.5054493,211.6180032,-38.57184028,-35.28674408,-31.59689647,-62.36039489,-50.08924462,-38.19661619
396,2018,52.35,Freirina,100,-71.09162901,-28.49954446,82,1.532725565,341.5650512,0.625,0.125,3,64,0.562130171,0.898370087,0.283676177,0.606479928,0.801665425,0.338503093,0.044349757,-0.096704662,0.054826915,1541.37955,1148.205723,633.1304417,1338.333257,945.15943,1197.231373,857.5608971,501.9279267,1041.291206,701.62073,785.700824,520.0530339,347.4695274,696.9791513,431.3313611,1298.809517,1361.169912,425.9836431,1246.639122,1308.999517,1517.619419,1567.708664,475.0687774,1414.158792,1464.248037,1748.212957,1786.409573,537.9188866,1597.957332,1636.153948,298.3651913,325.8500722,357.8977798,166.1902921,184.5054493,211.6180032,-38.57184028,-35.28674408,-31.59689647,-62.36039489,-50.08924462,-38.19661619
397,2018,17.45,Freirina,100,-71.0915966,-28.49945473,80,0.685586544,45,1.875,-1.875,3,128,0.55423595,0.885686815,0.279032677,0.580901869,0.780433178,0.327844322,0.026665919,-0.105253637,0.048811644,1541.37955,1148.205723,633.1304417,1338.333257,945.15943,1197.231373,857.5608971,501.9279267,1041.291206,701.62073,785.700824,520.0530339,347.4695274,696.9791513,431.3313611,1298.809517,1361.169912,425.9836431,1246.639122,1308.999517,1517.619419,1567.708664,475.0687774,1414.158792,1464.248037,1748.212957,1786.409573,537.9188866,1597.957332,1636.153948,298.3651913,325.8500722,357.8977798,166.1902921,184.5054493,211.6180032,-38.57184028,-35.28674408,-31.59689647,-62.36039489,-50.08924462,-38.19661619
402,2018,34.9,Freirina,100,-71.09152857,-28.49911289,82,1.028318474,135,0.75,0.75,2,4,0.559633048,0.814024389,0.318181843,0.411038954,0.646212101,0.23502475,-0.148594094,-0.167812288,-0.083157092,1541.37955,1148.205723,633.1304417,1338.333257,945.15943,1197.231373,857.5608971,501.9279267,1041.291206,701.62073,785.700824,520.0530339,347.4695274,696.9791513,431.3313611,1298.809517,1361.169912,425.9836431,1246.639122,1308.999517,1517.619419,1567.708664,475.0687774,1414.158792,1464.248037,1748.212957,1786.409573,537.9188866,1597.957332,1636.153948,298.3651913,325.8500722,357.8977798,166.1902921,184.5054493,211.6180032,-38.57184028,-35.28674408,-31.59689647,-62.36039489,-50.08924462,-38.19661619
403,2018,35.3,Freirina,100,-71.09157101,-28.49919345,80,0.685586544,45,1.875,-1.875,3,128,0.543440016,0.826810956,0.29548642,0.458556145,0.668195724,0.257507503,-0.084883871,-0.158615232,-0.037978917,1541.37955,1148.205723,633.1304417,1338.333257,945.15943,1197.231373,857.5608971,501.9279267,1041.291206,701.62073,785.700824,520.0530339,347.4695274,696.9791513,431.3313611,1298.809517,1361.169912,425.9836431,1246.639122,1308.999517,1517.619419,1567.708664,475.0687774,1414.158792,1464.248037,1748.212957,1786.409573,537.9188866,1597.957332,1636.153948,298.3651913,325.8500722,357.8977798,166.1902921,184.5054493,211.6180032,-38.57184028,-35.28674408,-31.59689647,-62.36039489,-50.08924462,-38.19661619
404,2018,35.6,Freirina,100,-71.09159268,-28.49925628,80,0.685586544,45,1.875,-1.875,3,128,0.553564779,0.873087287,0.289686173,0.582543965,0.77803117,0.324660629,0.028979186,-0.095056117,0.034974456,1541.37955,1148.205723,633.1304417,1338.333257,945.15943,1197.231373,857.5608971,501.9279267,1041.291206,701.62073,785.700824,520.0530339,347.4695274,696.9791513,431.3313611,1298.809517,1361.169912,425.9836431,1246.639122,1308.999517,1517.619419,1567.708664,475.0687774,1414.158792,1464.248037,1748.212957,1786.409573,537.9188866,1597.957332,1636.153948,298.3651913,325.8500722,357.8977798,166.1902921,184.5054493,211.6180032,-38.57184028,-35.28674408,-31.59689647,-62.36039489,-50.08924462,-38.19661619
405,2018,34.9,Freirina,100,-71.09160378,-28.49930122,80,0.685586544,45,1.875,-1.875,3,128,0.542723354,0.872159123,0.275882572,0.532587227,0.750375986,0.301940799,-0.010136127,-0.121783137,0.026058227,1541.37955,1148.205723,633.1304417,1338.333257,945.15943,1197.231373,857.5608971,501.9279267,1041.291206,701.62073,785.700824,520.0530339,347.4695274,696.9791513,431.3313611,1298.809517,1361.169912,425.9836431,1246.639122,1308.999517,1517.619419,1567.708664,475.0687774,1414.158792,1464.248037,1748.212957,1786.409573,537.9188866,1597.957332,1636.153948,298.3651913,325.8500722,357.8977798,166.1902921,184.5054493,211.6180032,-38.57184028,-35.28674408,-31.59689647,-62.36039489,-50.08924462,-38.19661619
421,2018,79.2,Freirina,100,-71.09176489,-28.50021912,83,1.71353711,261.8698976,0.875,0.625,3,8,0.567213122,0.899652243,0.27903226,0.600474668,0.811101139,0.302470773,0.033261546,-0.088551104,0.023438513,1541.37955,1148.205723,633.1304417,1338.333257,945.15943,1197.231373,857.5608971,501.9279267,1041.291206,701.62073,785.700824,520.0530339,347.4695274,696.9791513,431.3313611,1298.809517,1361.169912,425.9836431,1246.639122,1308.999517,1517.619419,1567.708664,475.0687774,1414.158792,1464.248037,1748.212957,1786.409573,537.9188866,1597.957332,1636.153948,298.3651913,325.8500722,357.8977798,166.1902921,184.5054493,211.6180032,-38.57184028,-35.28674408,-31.59689647,-62.36039489,-50.08924462,-38.19661619
423,2018,17.96,Freirina,100,-71.09170078,-28.50007574,83,1.71353711,261.8698976,0.875,0.625,3,8,0.585886018,0.904983699,0.299050003,0.605907795,0.789642751,0.324459881,0.020021777,-0.115340948,0.025409877,1541.37955,1148.205723,633.1304417,1338.333257,945.15943,1197.231373,857.5608971,501.9279267,1041.291206,701.62073,785.700824,520.0530339,347.4695274,696.9791513,431.3313611,1298.809517,1361.169912,425.9836431,1246.639122,1308.999517,1517.619419,1567.708664,475.0687774,1414.158792,1464.248037,1748.212957,1786.409573,537.9188866,1597.957332,1636.153948,298.3651913,325.8500722,357.8977798,166.1902921,184.5054493,211.6180032,-38.57184028,-35.28674408,-31.59689647,-62.36039489,-50.08924462,-38.19661619
424,2018,53.3,Freirina,100,-71.09165833,-28.49999518,83,1.71353711,261.8698976,0.875,0.625,3,8,0.57923285,0.879207015,0.295805305,0.573735949,0.777161002,0.312308848,-0.005496901,-0.102046013,0.016503543,1541.37955,1148.205723,633.1304417,1338.333257,945.15943,1197.231373,857.5608971,501.9279267,1041.291206,701.62073,785.700824,520.0530339,347.4695274,696.9791513,431.3313611,1298.809517,1361.169912,425.9836431,1246.639122,1308.999517,1517.619419,1567.708664,475.0687774,1414.158792,1464.248037,1748.212957,1786.409573,537.9188866,1597.957332,1636.153948,298.3651913,325.8500722,357.8977798,166.1902921,184.5054493,211.6180032,-38.57184028,-35.28674408,-31.59689647,-62.36039489,-50.08924462,-38.19661619
425,2018,18,Freirina,100,-71.09161606,-28.49992364,82,1.413153707,300.9637565,0.625,-0.625,2,64,0.573600292,0.860587478,0.301481098,0.534741136,0.759468973,0.296748996,-0.038859156,-0.101118505,-0.004732102,1541.37955,1148.205723,633.1304417,1338.333257,945.15943,1197.231373,857.5608971,501.9279267,1041.291206,701.62073,785.700824,520.0530339,347.4695274,696.9791513,431.3313611,1298.809517,1361.169912,425.9836431,1246.639122,1308.999517,1517.619419,1567.708664,475.0687774,1414.158792,1464.248037,1748.212957,1786.409573,537.9188866,1597.957332,1636.153948,298.3651913,325.8500722,357.8977798,166.1902921,184.5054493,211.6180032,-38.57184028,-35.28674408,-31.59689647,-62.36039489,-50.08924462,-38.19661619
427,2018,35.92,Freirina,100,-71.09153081,-28.49974449,82,1.413153707,300.9637565,0.625,-0.625,2,64,0.590875643,0.8939991,0.312127501,0.599725364,0.784073472,0.331163913,0.008849721,-0.109925628,0.019036412,1541.37955,1148.205723,633.1304417,1338.333257,945.15943,1197.231373,857.5608971,501.9279267,1041.291206,701.62073,785.700824,520.0530339,347.4695274,696.9791513,431.3313611,1298.809517,1361.169912,425.9836431,1246.639122,1308.999517,1517.619419,1567.708664,475.0687774,1414.158792,1464.248037,1748.212957,1786.409573,537.9188866,1597.957332,1636.153948,298.3651913,325.8500722,357.8977798,166.1902921,184.5054493,211.6180032,-38.57184028,-35.28674408,-31.59689647,-62.36039489,-50.08924462,-38.19661619
428,2018,59.8,Freirina,100,-71.09148854,-28.49967295,82,1.532725565,341.5650512,0.625,0.125,3,64,0.574174822,0.865062356,0.306110591,0.583660146,0.759622395,0.332382143,0.009485324,-0.105439961,0.026271552,1541.37955,1148.205723,633.1304417,1338.333257,945.15943,1197.231373,857.5608971,501.9279267,1041.291206,701.62073,785.700824,520.0530339,347.4695274,696.9791513,431.3313611,1298.809517,1361.169912,425.9836431,1246.639122,1308.999517,1517.619419,1567.708664,475.0687774,1414.158792,1464.248037,1748.212957,1786.409573,537.9188866,1597.957332,1636.153948,298.3651913,325.8500722,357.8977798,166.1902921,184.5054493,211.6180032,-38.57184028,-35.28674408,-31.59689647,-62.36039489,-50.08924462,-38.19661619
429,2018,39.9,Freirina,100,-71.09144574,-28.49957436,83,2.740385528,315,1.25,0.75,4,32,0.557917898,0.855085135,0.295419276,0.589644011,0.774566472,0.337824464,0.031726113,-0.080518663,0.042405188,1541.37955,1148.205723,633.1304417,1338.333257,945.15943,1197.231373,857.5608971,501.9279267,1041.291206,701.62073,785.700824,520.0530339,347.4695274,696.9791513,431.3313611,1298.809517,1361.169912,425.9836431,1246.639122,1308.999517,1517.619419,1567.708664,475.0687774,1414.158792,1464.248037,1748.212957,1786.409573,537.9188866,1597.957332,1636.153948,298.3651913,325.8500722,357.8977798,166.1902921,184.5054493,211.6180032,-38.57184028,-35.28674408,-31.59689647,-62.36039489,-50.08924462,-38.19661619
430,2018,39.7,Freirina,100,-71.09141333,-28.49948462,83,2.740385528,315,1.25,0.75,4,32,0.559369528,0.836633682,0.304964989,0.606686348,0.765850186,0.344864011,0.04731682,-0.070783496,0.039899021,1541.37955,1148.205723,633.1304417,1338.333257,945.15943,1197.231373,857.5608971,501.9279267,1041.291206,701.62073,785.700824,520.0530339,347.4695274,696.9791513,431.3313611,1298.809517,1361.169912,425.9836431,1246.639122,1308.999517,1517.619419,1567.708664,475.0687774,1414.158792,1464.248037,1748.212957,1786.409573,537.9188866,1597.957332,1636.153948,298.3651913,325.8500722,357.8977798,166.1902921,184.5054493,211.6180032,-38.57184028,-35.28674408,-31.59689647,-62.36039489,-50.08924462,-38.19661619
431,2018,144.2,Freirina,100,-71.09137106,-28.49941309,81,2.084309673,324.4623222,1.125,-0.875,4,16,0.575060947,0.847222209,0.314635992,0.579831932,0.755041122,0.324451417,0.004770985,-0.092181087,0.009815425,1541.37955,1148.205723,633.1304417,1338.333257,945.15943,1197.231373,857.5608971,501.9279267,1041.291206,701.62073,785.700824,520.0530339,347.4695274,696.9791513,431.3313611,1298.809517,1361.169912,425.9836431,1246.639122,1308.999517,1517.619419,1567.708664,475.0687774,1414.158792,1464.248037,1748.212957,1786.409573,537.9188866,1597.957332,1636.153948,298.3651913,325.8500722,357.8977798,166.1902921,184.5054493,211.6180032,-38.57184028,-35.28674408,-31.59689647,-62.36039489,-50.08924462,-38.19661619
432,2018,41.2,Freirina,100,-71.09132843,-28.49932351,81,2.084309673,324.4623222,1.125,-0.875,4,16,0.567108403,0.843325377,0.315183192,0.505134163,0.71148777,0.285260022,-0.06197424,-0.131837606,-0.029923171,1541.37955,1148.205723,633.1304417,1338.333257,945.15943,1197.231373,857.5608971,501.9279267,1041.291206,701.62073,785.700824,520.0530339,347.4695274,696.9791513,431.3313611,1298.809517,1361.169912,425.9836431,1246.639122,1308.999517,1517.619419,1567.708664,475.0687774,1414.158792,1464.248037,1748.212957,1786.409573,537.9188866,1597.957332,1636.153948,298.3651913,325.8500722,357.8977798,166.1902921,184.5054493,211.6180032,-38.57184028,-35.28674408,-31.59689647,-62.36039489,-50.08924462,-38.19661619
433,2018,44,Freirina,100,-71.09122686,-28.49935214,81,2.084309673,324.4623222,1.125,-0.875,4,16,0.557107932,0.839867949,0.304273188,0.554461935,0.739353895,0.314985096,-0.002645997,-0.100514054,0.010711908,1541.37955,1148.205723,633.1304417,1338.333257,945.15943,1197.231373,857.5608971,501.9279267,1041.291206,701.62073,785.700824,520.0530339,347.4695274,696.9791513,431.3313611,1298.809517,1361.169912,425.9836431,1246.639122,1308.999517,1517.619419,1567.708664,475.0687774,1414.158792,1464.248037,1748.212957,1786.409573,537.9188866,1597.957332,1636.153948,298.3651913,325.8500722,357.8977798,166.1902921,184.5054493,211.6180032,-38.57184028,-35.28674408,-31.59689647,-62.36039489,-50.08924462,-38.19661619
434,2018,43,Freirina,100,-71.09125927,-28.49944188,81,2.084309673,324.4623222,1.125,-0.875,4,16,0.568971823,0.853068292,0.301629364,0.577859289,0.749353051,0.324978113,0.008887466,-0.103715241,0.023348749,1541.37955,1148.205723,633.1304417,1338.333257,945.15943,1197.231373,857.5608971,501.9279267,1041.291206,701.62073,785.700824,520.0530339,347.4695274,696.9791513,431.3313611,1298.809517,1361.169912,425.9836431,1246.639122,1308.999517,1517.619419,1567.708664,475.0687774,1414.158792,1464.248037,1748.212957,1786.409573,537.9188866,1597.957332,1636.153948,298.3651913,325.8500722,357.8977798,166.1902921,184.5054493,211.6180032,-38.57184028,-35.28674408,-31.59689647,-62.36039489,-50.08924462,-38.19661619
436,2018,64,Freirina,100,-71.09134434,-28.49961201,83,2.740385528,315,1.25,0.75,4,32,0.580466148,0.87204206,0.30553031,0.618922478,0.786802053,0.351317763,0.03845633,-0.085240006,0.045787454,1541.37955,1148.205723,633.1304417,1338.333257,945.15943,1197.231373,857.5608971,501.9279267,1041.291206,701.62073,785.700824,520.0530339,347.4695274,696.9791513,431.3313611,1298.809517,1361.169912,425.9836431,1246.639122,1308.999517,1517.619419,1567.708664,475.0687774,1414.158792,1464.248037,1748.212957,1786.409573,537.9188866,1597.957332,1636.153948,298.3651913,325.8500722,357.8977798,166.1902921,184.5054493,211.6180032,-38.57184028,-35.28674408,-31.59689647,-62.36039489,-50.08924462,-38.19661619
438,2018,78.26,Freirina,100,-71.09142905,-28.4997641,83,1.845447935,293.1985905,0.75,-0.25,2,16,0.595481808,0.873963535,0.323056281,0.616275223,0.779963613,0.348311096,0.020793415,-0.093999922,0.025254816,1541.37955,1148.205723,633.1304417,1338.333257,945.15943,1197.231373,857.5608971,501.9279267,1041.291206,701.62073,785.700824,520.0530339,347.4695274,696.9791513,431.3313611,1298.809517,1361.169912,425.9836431,1246.639122,1308.999517,1517.619419,1567.708664,475.0687774,1414.158792,1464.248037,1748.212957,1786.409573,537.9188866,1597.957332,1636.153948,298.3651913,325.8500722,357.8977798,166.1902921,184.5054493,211.6180032,-38.57184028,-35.28674408,-31.59689647,-62.36039489,-50.08924462,-38.19661619
439,2018,97.83,Freirina,100,-71.09147168,-28.49985368,82,1.413153707,300.9637565,0.625,-0.625,2,64,0.586308416,0.876360476,0.309641033,0.604454939,0.786546409,0.337372839,0.018146523,-0.089814067,0.027731806,1541.37955,1148.205723,633.1304417,1338.333257,945.15943,1197.231373,857.5608971,501.9279267,1041.291206,701.62073,785.700824,520.0530339,347.4695274,696.9791513,431.3313611,1298.809517,1361.169912,425.9836431,1246.639122,1308.999517,1517.619419,1567.708664,475.0687774,1414.158792,1464.248037,1748.212957,1786.409573,537.9188866,1597.957332,1636.153948,298.3651913,325.8500722,357.8977798,166.1902921,184.5054493,211.6180032,-38.57184028,-35.28674408,-31.59689647,-62.36039489,-50.08924462,-38.19661619
442,2018,67.1,Freirina,100,-71.0915992,-28.50010437,83,1.71353711,261.8698976,0.875,0.625,3,8,0.577960141,0.894885004,0.293491215,0.595196026,0.789223492,0.322755694,0.017235885,-0.105661511,0.02926448,1541.37955,1148.205723,633.1304417,1338.333257,945.15943,1197.231373,857.5608971,501.9279267,1041.291206,701.62073,785.700824,520.0530339,347.4695274,696.9791513,431.3313611,1298.809517,1361.169912,425.9836431,1246.639122,1308.999517,1517.619419,1567.708664,475.0687774,1414.158792,1464.248037,1748.212957,1786.409573,537.9188866,1597.957332,1636.153948,298.3651913,325.8500722,357.8977798,166.1902921,184.5054493,211.6180032,-38.57184028,-35.28674408,-31.59689647,-62.36039489,-50.08924462,-38.19661619
443,2018,59.9,Freirina,100,-71.09164164,-28.50018493,83,1.71353711,261.8698976,0.875,0.625,3,8,0.569131837,0.90625,0.283653855,0.629043851,0.821543455,0.3373169,0.059912014,-0.084706545,0.053663045,1541.37955,1148.205723,633.1304417,1338.333257,945.15943,1197.231373,857.5608971,501.9279267,1041.291206,701.62073,785.700824,520.0530339,347.4695274,696.9791513,431.3313611,1298.809517,1361.169912,425.9836431,1246.639122,1308.999517,1517.619419,1567.708664,475.0687774,1414.158792,1464.248037,1748.212957,1786.409573,537.9188866,1597.957332,1636.153948,298.3651913,325.8500722,357.8977798,166.1902921,184.5054493,211.6180032,-38.57184028,-35.28674408,-31.59689647,-62.36039489,-50.08924462,-38.19661619
445,2018,79.3,Freirina,100,-71.09155152,-28.50027655,82,3.15734881,212.4711923,1.25,0.25,4,4,0.525764213,0.894793928,0.247736633,0.609152287,0.801764011,0.317766756,0.083388074,-0.093029916,0.070030123,1541.37955,1148.205723,633.1304417,1338.333257,945.15943,1197.231373,857.5608971,501.9279267,1041.291206,701.62073,785.700824,520.0530339,347.4695274,696.9791513,431.3313611,1298.809517,1361.169912,425.9836431,1246.639122,1308.999517,1517.619419,1567.708664,475.0687774,1414.158792,1464.248037,1748.212957,1786.409573,537.9188866,1597.957332,1636.153948,298.3651913,325.8500722,357.8977798,166.1902921,184.5054493,211.6180032,-38.57184028,-35.28674408,-31.59689647,-62.36039489,-50.08924462,-38.19661619
446,2018,79.8,Freirina,100,-71.09152968,-28.5002047,83,1.71353711,261.8698976,0.875,0.625,3,8,0.55865462,0.900000036,0.274670601,0.604078768,0.796063006,0.328531355,0.045424148,-0.10393703,0.053860754,1541.37955,1148.205723,633.1304417,1338.333257,945.15943,1197.231373,857.5608971,501.9279267,1041.291206,701.62073,785.700824,520.0530339,347.4695274,696.9791513,431.3313611,1298.809517,1361.169912,425.9836431,1246.639122,1308.999517,1517.619419,1567.708664,475.0687774,1414.158792,1464.248037,1748.212957,1786.409573,537.9188866,1597.957332,1636.153948,298.3651913,325.8500722,357.8977798,166.1902921,184.5054493,211.6180032,-38.57184028,-35.28674408,-31.59689647,-62.36039489,-50.08924462,-38.19661619
447,2018,19.9,Freirina,100,-71.09149744,-28.50012398,83,1.71353711,261.8698976,0.875,0.625,3,8,0.581306992,0.87561965,0.300707549,0.582122094,0.789560199,0.309984535,0.000815102,-0.086059451,0.009276986,1541.37955,1148.205723,633.1304417,1338.333257,945.15943,1197.231373,857.5608971,501.9279267,1041.291206,701.62073,785.700824,520.0530339,347.4695274,696.9791513,431.3313611,1298.809517,1361.169912,425.9836431,1246.639122,1308.999517,1517.619419,1567.708664,475.0687774,1414.158792,1464.248037,1748.212957,1786.409573,537.9188866,1597.957332,1636.153948,298.3651913,325.8500722,357.8977798,166.1902921,184.5054493,211.6180032,-38.57184028,-35.28674408,-31.59689647,-62.36039489,-50.08924462,-38.19661619
449,2018,65,Freirina,100,-71.09141219,-28.49994483,83,1.845447935,293.1985905,0.75,-0.25,2,16,0.596445767,0.882147551,0.313790411,0.591963985,0.767012715,0.325028539,-0.004481782,-0.115134835,0.011238128,1541.37955,1148.205723,633.1304417,1338.333257,945.15943,1197.231373,857.5608971,501.9279267,1041.291206,701.62073,785.700824,520.0530339,347.4695274,696.9791513,431.3313611,1298.809517,1361.169912,425.9836431,1246.639122,1308.999517,1517.619419,1567.708664,475.0687774,1414.158792,1464.248037,1748.212957,1786.409573,537.9188866,1597.957332,1636.153948,298.3651913,325.8500722,357.8977798,166.1902921,184.5054493,211.6180032,-38.57184028,-35.28674408,-31.59689647,-62.36039489,-50.08924462,-38.19661619
450,2018,48.7,Freirina,100,-71.09136974,-28.49986427,83,1.845447935,293.1985905,0.75,-0.25,2,16,0.595342075,0.876712322,0.316726893,0.591083262,0.78716749,0.323402375,-0.004258813,-0.089544833,0.006675482,1541.37955,1148.205723,633.1304417,1338.333257,945.15943,1197.231373,857.5608971,501.9279267,1041.291206,701.62073,785.700824,520.0530339,347.4695274,696.9791513,431.3313611,1298.809517,1361.169912,425.9836431,1246.639122,1308.999517,1517.619419,1567.708664,475.0687774,1414.158792,1464.248037,1748.212957,1786.409573,537.9188866,1597.957332,1636.153948,298.3651913,325.8500722,357.8977798,166.1902921,184.5054493,211.6180032,-38.57184028,-35.28674408,-31.59689647,-62.36039489,-50.08924462,-38.19661619
451,2018,66,Freirina,100,-71.09132748,-28.49979274,83,1.845447935,293.1985905,0.75,-0.25,2,16,0.59828141,0.872483253,0.321634799,0.600820226,0.787104189,0.332702488,0.002538816,-0.085379064,0.011067688,1541.37955,1148.205723,633.1304417,1338.333257,945.15943,1197.231373,857.5608971,501.9279267,1041.291206,701.62073,785.700824,520.0530339,347.4695274,696.9791513,431.3313611,1298.809517,1361.169912,425.9836431,1246.639122,1308.999517,1517.619419,1567.708664,475.0687774,1414.158792,1464.248037,1748.212957,1786.409573,537.9188866,1597.957332,1636.153948,298.3651913,325.8500722,357.8977798,166.1902921,184.5054493,211.6180032,-38.57184028,-35.28674408,-31.59689647,-62.36039489,-50.08924462,-38.19661619
452,2018,49.5,Freirina,100,-71.09128485,-28.49970316,83,2.740385528,315,1.25,0.75,4,32,0.578866776,0.889143348,0.297950625,0.621981095,0.80031085,0.339251637,0.043114319,-0.088832498,0.041301012,1541.37955,1148.205723,633.1304417,1338.333257,945.15943,1197.231373,857.5608971,501.9279267,1041.291206,701.62073,785.700824,520.0530339,347.4695274,696.9791513,431.3313611,1298.809517,1361.169912,425.9836431,1246.639122,1308.999517,1517.619419,1567.708664,475.0687774,1414.158792,1464.248037,1748.212957,1786.409573,537.9188866,1597.957332,1636.153948,298.3651913,325.8500722,357.8977798,166.1902921,184.5054493,211.6180032,-38.57184028,-35.28674408,-31.59689647,-62.36039489,-50.08924462,-38.19661619
453,2018,85.2,Freirina,100,-71.09124223,-28.49961358,83,2.740385528,315,1.25,0.75,4,32,0.582722721,0.893862486,0.298498631,0.619829069,0.803578258,0.343154579,0.037106348,-0.090284228,0.044655949,1541.37955,1148.205723,633.1304417,1338.333257,945.15943,1197.231373,857.5608971,501.9279267,1041.291206,701.62073,785.700824,520.0530339,347.4695274,696.9791513,431.3313611,1298.809517,1361.169912,425.9836431,1246.639122,1308.999517,1517.619419,1567.708664,475.0687774,1414.158792,1464.248037,1748.212957,1786.409573,537.9188866,1597.957332,1636.153948,298.3651913,325.8500722,357.8977798,166.1902921,184.5054493,211.6180032,-38.57184028,-35.28674408,-31.59689647,-62.36039489,-50.08924462,-38.19661619
456,2018,35.9,Freirina,100,-71.09107618,-28.49948079,84,1.71353711,315,1,1,3,32,0.489424848,0.806480646,0.257115006,0.575119615,0.75792098,0.332452357,0.085694767,-0.048559666,0.07533735,1541.37955,1148.205723,633.1304417,1338.333257,945.15943,1197.231373,857.5608971,501.9279267,1041.291206,701.62073,785.700824,520.0530339,347.4695274,696.9791513,431.3313611,1298.809517,1361.169912,425.9836431,1246.639122,1308.999517,1517.619419,1567.708664,475.0687774,1414.158792,1464.248037,1748.212957,1786.409573,537.9188866,1597.957332,1636.153948,298.3651913,325.8500722,357.8977798,166.1902921,184.5054493,211.6180032,-38.57184028,-35.28674408,-31.59689647,-62.36039489,-50.08924462,-38.19661619
457,2018,53.9,Freirina,100,-71.09111845,-28.49955232,84,1.71353711,315,1,1,3,32,0.572524677,0.871304393,0.303799927,0.585092351,0.761084616,0.331299812,0.012567674,-0.110219777,0.027499884,1541.37955,1148.205723,633.1304417,1338.333257,945.15943,1197.231373,857.5608971,501.9279267,1041.291206,701.62073,785.700824,520.0530339,347.4695274,696.9791513,431.3313611,1298.809517,1361.169912,425.9836431,1246.639122,1308.999517,1517.619419,1567.708664,475.0687774,1414.158792,1464.248037,1748.212957,1786.409573,537.9188866,1597.957332,1636.153948,298.3651913,325.8500722,357.8977798,166.1902921,184.5054493,211.6180032,-38.57184028,-35.28674408,-31.59689647,-62.36039489,-50.08924462,-38.19661619
458,2018,54,Freirina,100,-71.09116107,-28.4996419,84,1.71353711,315,1,1,3,32,0.580015024,0.898871303,0.302270949,0.608226566,0.798642576,0.339693695,0.028211542,-0.100228727,0.037422746,1541.37955,1148.205723,633.1304417,1338.333257,945.15943,1197.231373,857.5608971,501.9279267,1041.291206,701.62073,785.700824,520.0530339,347.4695274,696.9791513,431.3313611,1298.809517,1361.169912,425.9836431,1246.639122,1308.999517,1517.619419,1567.708664,475.0687774,1414.158792,1464.248037,1748.212957,1786.409573,537.9188866,1597.957332,1636.153948,298.3651913,325.8500722,357.8977798,166.1902921,184.5054493,211.6180032,-38.57184028,-35.28674408,-31.59689647,-62.36039489,-50.08924462,-38.19661619
459,2018,54.3,Freirina,100,-71.09119348,-28.49973164,83,2.740385528,315,1.25,0.75,4,32,0.578866776,0.889143348,0.297950625,0.621981095,0.80031085,0.339251637,0.043114319,-0.088832498,0.041301012,1541.37955,1148.205723,633.1304417,1338.333257,945.15943,1197.231373,857.5608971,501.9279267,1041.291206,701.62073,785.700824,520.0530339,347.4695274,696.9791513,431.3313611,1298.809517,1361.169912,425.9836431,1246.639122,1308.999517,1517.619419,1567.708664,475.0687774,1414.158792,1464.248037,1748.212957,1786.409573,537.9188866,1597.957332,1636.153948,298.3651913,325.8500722,357.8977798,166.1902921,184.5054493,211.6180032,-38.57184028,-35.28674408,-31.59689647,-62.36039489,-50.08924462,-38.19661619
460,2018,55,Freirina,100,-71.09123593,-28.49981219,83,1.845447935,293.1985905,0.75,-0.25,2,16,0.582991422,0.881205618,0.305233687,0.608040209,0.797031701,0.32635501,0.025048787,-0.084173918,0.021121323,1541.37955,1148.205723,633.1304417,1338.333257,945.15943,1197.231373,857.5608971,501.9279267,1041.291206,701.62073,785.700824,520.0530339,347.4695274,696.9791513,431.3313611,1298.809517,1361.169912,425.9836431,1246.639122,1308.999517,1517.619419,1567.708664,475.0687774,1414.158792,1464.248037,1748.212957,1786.409573,537.9188866,1597.957332,1636.153948,298.3651913,325.8500722,357.8977798,166.1902921,184.5054493,211.6180032,-38.57184028,-35.28674408,-31.59689647,-62.36039489,-50.08924462,-38.19661619
461,2018,55.5,Freirina,100,-71.09127838,-28.49989275,83,1.845447935,293.1985905,0.75,-0.25,2,16,0.584961307,0.876909673,0.308634788,0.592356685,0.794974089,0.320853561,0.007395378,-0.081935585,0.012218773,1541.37955,1148.205723,633.1304417,1338.333257,945.15943,1197.231373,857.5608971,501.9279267,1041.291206,701.62073,785.700824,520.0530339,347.4695274,696.9791513,431.3313611,1298.809517,1361.169912,425.9836431,1246.639122,1308.999517,1517.619419,1567.708664,475.0687774,1414.158792,1464.248037,1748.212957,1786.409573,537.9188866,1597.957332,1636.153948,298.3651913,325.8500722,357.8977798,166.1902921,184.5054493,211.6180032,-38.57184028,-35.28674408,-31.59689647,-62.36039489,-50.08924462,-38.19661619
462,2018,56,Freirina,100,-71.091321,-28.49998233,83,1.845447935,293.1985905,0.75,-0.25,2,16,0.592827805,0.885891199,0.310082078,0.590766013,0.791962206,0.322369277,-0.002061792,-0.093928993,0.012287199,1541.37955,1148.205723,633.1304417,1338.333257,945.15943,1197.231373,857.5608971,501.9279267,1041.291206,701.62073,785.700824,520.0530339,347.4695274,696.9791513,431.3313611,1298.809517,1361.169912,425.9836431,1246.639122,1308.999517,1517.619419,1567.708664,475.0687774,1414.158792,1464.248037,1748.212957,1786.409573,537.9188866,1597.957332,1636.153948,298.3651913,325.8500722,357.8977798,166.1902921,184.5054493,211.6180032,-38.57184028,-35.28674408,-31.59689647,-62.36039489,-50.08924462,-38.19661619
463,2018,67,Freirina,100,-71.09135306,-28.50005402,84,1.083929915,243.4349488,1.125,1.125,2,32,0.574095231,0.874773085,0.296459019,0.579509085,0.783848941,0.312828064,0.005413854,-0.090924144,0.016369045,1541.37955,1148.205723,633.1304417,1338.333257,945.15943,1197.231373,857.5608971,501.9279267,1041.291206,701.62073,785.700824,520.0530339,347.4695274,696.9791513,431.3313611,1298.809517,1361.169912,425.9836431,1246.639122,1308.999517,1517.619419,1567.708664,475.0687774,1414.158792,1464.248037,1748.212957,1786.409573,537.9188866,1597.957332,1636.153948,298.3651913,325.8500722,357.8977798,166.1902921,184.5054493,211.6180032,-38.57184028,-35.28674408,-31.59689647,-62.36039489,-50.08924462,-38.19661619
464,2018,56,Freirina,100,-71.0913955,-28.50013458,84,1.083929915,243.4349488,1.125,1.125,2,32,0.518003274,0.838453889,0.25510478,0.544674791,0.759772003,0.293152094,0.026671517,-0.078681886,0.038047314,1541.37955,1148.205723,633.1304417,1338.333257,945.15943,1197.231373,857.5608971,501.9279267,1041.291206,701.62073,785.700824,520.0530339,347.4695274,696.9791513,431.3313611,1298.809517,1361.169912,425.9836431,1246.639122,1308.999517,1517.619419,1567.708664,475.0687774,1414.158792,1464.248037,1748.212957,1786.409573,537.9188866,1597.957332,1636.153948,298.3651913,325.8500722,357.8977798,166.1902921,184.5054493,211.6180032,-38.57184028,-35.28674408,-31.59689647,-62.36039489,-50.08924462,-38.19661619
465,2018,74.6,Freirina,100,-71.09142774,-28.50021529,84,1.083929915,243.4349488,1.125,1.125,2,32,0.560581591,0.883959055,0.278491169,0.587651609,0.759674132,0.310646296,0.027070018,-0.124284923,0.032155126,1541.37955,1148.205723,633.1304417,1338.333257,945.15943,1197.231373,857.5608971,501.9279267,1041.291206,701.62073,785.700824,520.0530339,347.4695274,696.9791513,431.3313611,1298.809517,1361.169912,425.9836431,1246.639122,1308.999517,1517.619419,1567.708664,475.0687774,1414.158792,1464.248037,1748.212957,1786.409573,537.9188866,1597.957332,1636.153948,298.3651913,325.8500722,357.8977798,166.1902921,184.5054493,211.6180032,-38.57184028,-35.28674408,-31.59689647,-62.36039489,-50.08924462,-38.19661619
466,2018,18.6,Freirina,100,-71.09128425,-28.50019043,84,1.083929915,243.4349488,1.125,1.125,2,32,0.457179399,0.821086228,0.219069019,0.517668462,0.746018469,0.275209785,0.060489063,-0.075067759,0.056140766,1541.37955,1148.205723,633.1304417,1338.333257,945.15943,1197.231373,857.5608971,501.9279267,1041.291206,701.62073,785.700824,520.0530339,347.4695274,696.9791513,431.3313611,1298.809517,1361.169912,425.9836431,1246.639122,1308.999517,1517.619419,1567.708664,475.0687774,1414.158792,1464.248037,1748.212957,1786.409573,537.9188866,1597.957332,1636.153948,298.3651913,325.8500722,357.8977798,166.1902921,184.5054493,211.6180032,-38.57184028,-35.28674408,-31.59689647,-62.36039489,-50.08924462,-38.19661619
467,2018,18.7,Freirina,100,-71.09125183,-28.50010069,84,1.083929915,243.4349488,1.125,1.125,2,32,0.550114766,0.867281139,0.283293933,0.553126089,0.764751554,0.306358039,0.003011323,-0.102529585,0.023064107,1541.37955,1148.205723,633.1304417,1338.333257,945.15943,1197.231373,857.5608971,501.9279267,1041.291206,701.62073,785.700824,520.0530339,347.4695274,696.9791513,431.3313611,1298.809517,1361.169912,425.9836431,1246.639122,1308.999517,1517.619419,1567.708664,475.0687774,1414.158792,1464.248037,1748.212957,1786.409573,537.9188866,1597.957332,1636.153948,298.3651913,325.8500722,357.8977798,166.1902921,184.5054493,211.6180032,-38.57184028,-35.28674408,-31.59689647,-62.36039489,-50.08924462,-38.19661619
468,2018,37.3,Freirina,100,-71.09121942,-28.50001096,84,1.083929915,243.4349488,1.125,1.125,2,32,0.583922584,0.863397539,0.306166261,0.5922264,0.778370142,0.328438163,0.008303816,-0.085027397,0.022271901,1541.37955,1148.205723,633.1304417,1338.333257,945.15943,1197.231373,857.5608971,501.9279267,1041.291206,701.62073,785.700824,520.0530339,347.4695274,696.9791513,431.3313611,1298.809517,1361.169912,425.9836431,1246.639122,1308.999517,1517.619419,1567.708664,475.0687774,1414.158792,1464.248037,1748.212957,1786.409573,537.9188866,1597.957332,1636.153948,298.3651913,325.8500722,357.8977798,166.1902921,184.5054493,211.6180032,-38.57184028,-35.28674408,-31.59689647,-62.36039489,-50.08924462,-38.19661619
470,2018,41.4,Freirina,100,-71.09113435,-28.49984083,84,7.11E-15,243.4349488,0.5,0.5,1,1,0.587115666,0.864946246,0.311174333,0.585313184,0.791700542,0.313576758,-0.001802482,-0.073245704,0.002402425,1541.37955,1148.205723,633.1304417,1338.333257,945.15943,1197.231373,857.5608971,501.9279267,1041.291206,701.62073,785.700824,520.0530339,347.4695274,696.9791513,431.3313611,1298.809517,1361.169912,425.9836431,1246.639122,1308.999517,1517.619419,1567.708664,475.0687774,1414.158792,1464.248037,1748.212957,1786.409573,537.9188866,1597.957332,1636.153948,298.3651913,325.8500722,357.8977798,166.1902921,184.5054493,211.6180032,-38.57184028,-35.28674408,-31.59689647,-62.36039489,-50.08924462,-38.19661619
471,2018,43,Freirina,100,-71.09110194,-28.49975109,84,7.11E-15,243.4349488,0.5,0.5,1,1,0.573770503,0.891842365,0.296143264,0.625615777,0.818181872,0.340091825,0.051845274,-0.073660493,0.043948561,1541.37955,1148.205723,633.1304417,1338.333257,945.15943,1197.231373,857.5608971,501.9279267,1041.291206,701.62073,785.700824,520.0530339,347.4695274,696.9791513,431.3313611,1298.809517,1361.169912,425.9836431,1246.639122,1308.999517,1517.619419,1567.708664,475.0687774,1414.158792,1464.248037,1748.212957,1786.409573,537.9188866,1597.957332,1636.153948,298.3651913,325.8500722,357.8977798,166.1902921,184.5054493,211.6180032,-38.57184028,-35.28674408,-31.59689647,-62.36039489,-50.08924462,-38.19661619
472,2018,42.8,Freirina,100,-71.09106988,-28.4996794,84,1.71353711,315,1,1,3,32,0.566084787,0.856418967,0.305302918,0.582222205,0.757404804,0.337546021,0.016137418,-0.099014163,0.032243103,1541.37955,1148.205723,633.1304417,1338.333257,945.15943,1197.231373,857.5608971,501.9279267,1041.291206,701.62073,785.700824,520.0530339,347.4695274,696.9791513,431.3313611,1298.809517,1361.169912,425.9836431,1246.639122,1308.999517,1517.619419,1567.708664,475.0687774,1414.158792,1464.248037,1748.212957,1786.409573,537.9188866,1597.957332,1636.153948,298.3651913,325.8500722,357.8977798,166.1902921,184.5054493,211.6180032,-38.57184028,-35.28674408,-31.59689647,-62.36039489,-50.08924462,-38.19661619
473,2018,41.9,Freirina,100,-71.09095756,-28.49968113,84,1.71353711,315,1,1,3,32,0.537269344,0.836051106,0.283268452,0.574037823,0.767118335,0.327299774,0.036768479,-0.068932772,0.044031322,1541.37955,1148.205723,633.1304417,1338.333257,945.15943,1197.231373,857.5608971,501.9279267,1041.291206,701.62073,785.700824,520.0530339,347.4695274,696.9791513,431.3313611,1298.809517,1361.169912,425.9836431,1246.639122,1308.999517,1517.619419,1567.708664,475.0687774,1414.158792,1464.248037,1748.212957,1786.409573,537.9188866,1597.957332,1636.153948,298.3651913,325.8500722,357.8977798,166.1902921,184.5054493,211.6180032,-38.57184028,-35.28674408,-31.59689647,-62.36039489,-50.08924462,-38.19661619
474,2018,42.6,Freirina,100,-71.091,-28.49976168,84,7.11E-15,243.4349488,0.5,0.5,1,1,0.589031345,0.851452291,0.31775102,0.614987956,0.782245815,0.339296997,0.025956611,-0.069206476,0.021545976,1541.37955,1148.205723,633.1304417,1338.333257,945.15943,1197.231373,857.5608971,501.9279267,1041.291206,701.62073,785.700824,520.0530339,347.4695274,696.9791513,431.3313611,1298.809517,1361.169912,425.9836431,1246.639122,1308.999517,1517.619419,1567.708664,475.0687774,1414.158792,1464.248037,1748.212957,1786.409573,537.9188866,1597.957332,1636.153948,298.3651913,325.8500722,357.8977798,166.1902921,184.5054493,211.6180032,-38.57184028,-35.28674408,-31.59689647,-62.36039489,-50.08924462,-38.19661619
475,2018,56,Freirina,100,-71.09105302,-28.49986012,84,7.11E-15,243.4349488,0.5,0.5,1,1,0.598864042,0.839118004,0.323717535,0.571683936,0.759103656,0.30761832,-0.027180106,-0.080014348,-0.016099215,1541.37955,1148.205723,633.1304417,1338.333257,945.15943,1197.231373,857.5608971,501.9279267,1041.291206,701.62073,785.700824,520.0530339,347.4695274,696.9791513,431.3313611,1298.809517,1361.169912,425.9836431,1246.639122,1308.999517,1517.619419,1567.708664,475.0687774,1414.158792,1464.248037,1748.212957,1786.409573,537.9188866,1597.957332,1636.153948,298.3651913,325.8500722,357.8977798,166.1902921,184.5054493,211.6180032,-38.57184028,-35.28674408,-31.59689647,-62.36039489,-50.08924462,-38.19661619
476,2018,27.7,Freirina,100,-71.09107486,-28.49993197,84,7.11E-15,243.4349488,0.5,0.5,1,1,0.590680995,0.854575872,0.317329913,0.556168136,0.757882476,0.306378126,-0.034512859,-0.096693397,-0.010951787,1541.37955,1148.205723,633.1304417,1338.333257,945.15943,1197.231373,857.5608971,501.9279267,1041.291206,701.62073,785.700824,520.0530339,347.4695274,696.9791513,431.3313611,1298.809517,1361.169912,425.9836431,1246.639122,1308.999517,1517.619419,1567.708664,475.0687774,1414.158792,1464.248037,1748.212957,1786.409573,537.9188866,1597.957332,1636.153948,298.3651913,325.8500722,357.8977798,166.1902921,184.5054493,211.6180032,-38.57184028,-35.28674408,-31.59689647,-62.36039489,-50.08924462,-38.19661619
477,2018,73.3,Freirina,100,-71.09110727,-28.50002171,84,1.747450997,146.3099325,1.125,1.125,3,2,0.58276482,0.852100849,0.312716782,0.575547065,0.779521406,0.315458804,-0.007217755,-0.072579443,0.002742022,1541.37955,1148.205723,633.1304417,1338.333257,945.15943,1197.231373,857.5608971,501.9279267,1041.291206,701.62073,785.700824,520.0530339,347.4695274,696.9791513,431.3313611,1298.809517,1361.169912,425.9836431,1246.639122,1308.999517,1517.619419,1567.708664,475.0687774,1414.158792,1464.248037,1748.212957,1786.409573,537.9188866,1597.957332,1636.153948,298.3651913,325.8500722,357.8977798,166.1902921,184.5054493,211.6180032,-38.57184028,-35.28674408,-31.59689647,-62.36039489,-50.08924462,-38.19661619
478,2018,19.1,Freirina,100,-71.09113951,-28.50010242,84,1.747450997,146.3099325,1.125,1.125,3,2,0.562477097,0.849089384,0.297904015,0.552061517,0.7564255,0.301450014,-0.01041558,-0.092663884,0.003546,1541.37955,1148.205723,633.1304417,1338.333257,945.15943,1197.231373,857.5608971,501.9279267,1041.291206,701.62073,785.700824,520.0530339,347.4695274,696.9791513,431.3313611,1298.809517,1361.169912,425.9836431,1246.639122,1308.999517,1517.619419,1567.708664,475.0687774,1414.158792,1464.248037,1748.212957,1786.409573,537.9188866,1597.957332,1636.153948,298.3651913,325.8500722,357.8977798,166.1902921,184.5054493,211.6180032,-38.57184028,-35.28674408,-31.59689647,-62.36039489,-50.08924462,-38.19661619
479,2018,55,Freirina,100,-71.09119235,-28.50019184,84,1.083929915,243.4349488,1.125,1.125,2,32,0.459660733,0.814814806,0.224686533,0.524412981,0.759139836,0.274697393,0.064752248,-0.05567497,0.05001086,1541.37955,1148.205723,633.1304417,1338.333257,945.15943,1197.231373,857.5608971,501.9279267,1041.291206,701.62073,785.700824,520.0530339,347.4695274,696.9791513,431.3313611,1298.809517,1361.169912,425.9836431,1246.639122,1308.999517,1517.619419,1567.708664,475.0687774,1414.158792,1464.248037,1748.212957,1786.409573,537.9188866,1597.957332,1636.153948,298.3651913,325.8500722,357.8977798,166.1902921,184.5054493,211.6180032,-38.57184028,-35.28674408,-31.59689647,-62.36039489,-50.08924462,-38.19661619
480,2018,27.5,Freirina,100,-71.09104832,-28.50013992,84,1.747450997,146.3099325,1.125,1.125,3,2,0.544914906,0.87242204,0.274412096,0.596194502,0.811275542,0.323807091,0.051279596,-0.061146498,0.049394995,1541.37955,1148.205723,633.1304417,1338.333257,945.15943,1197.231373,857.5608971,501.9279267,1041.291206,701.62073,785.700824,520.0530339,347.4695274,696.9791513,431.3313611,1298.809517,1361.169912,425.9836431,1246.639122,1308.999517,1517.619419,1567.708664,475.0687774,1414.158792,1464.248037,1748.212957,1786.409573,537.9188866,1597.957332,1636.153948,298.3651913,325.8500722,357.8977798,166.1902921,184.5054493,211.6180032,-38.57184028,-35.28674408,-31.59689647,-62.36039489,-50.08924462,-38.19661619
481,2018,54.5,Freirina,100,-71.09100569,-28.50005034,84,1.747450997,146.3099325,1.125,1.125,3,2,0.544914906,0.87242204,0.274412096,0.596194502,0.811275542,0.323807091,0.051279596,-0.061146498,0.049394995,1541.37955,1148.205723,633.1304417,1338.333257,945.15943,1197.231373,857.5608971,501.9279267,1041.291206,701.62073,785.700824,520.0530339,347.4695274,696.9791513,431.3313611,1298.809517,1361.169912,425.9836431,1246.639122,1308.999517,1517.619419,1567.708664,475.0687774,1414.158792,1464.248037,1748.212957,1786.409573,537.9188866,1597.957332,1636.153948,298.3651913,325.8500722,357.8977798,166.1902921,184.5054493,211.6180032,-38.57184028,-35.28674408,-31.59689647,-62.36039489,-50.08924462,-38.19661619
482,2018,36.3,Freirina,100,-71.09098349,-28.49996045,84,7.11E-15,243.4349488,0.5,0.5,1,1,0.581075924,0.866666675,0.299763829,0.564121031,0.77224493,0.302083313,-0.016954893,-0.094421744,0.002319485,1541.37955,1148.205723,633.1304417,1338.333257,945.15943,1197.231373,857.5608971,501.9279267,1041.291206,701.62073,785.700824,520.0530339,347.4695274,696.9791513,431.3313611,1298.809517,1361.169912,425.9836431,1246.639122,1308.999517,1517.619419,1567.708664,475.0687774,1414.158792,1464.248037,1748.212957,1786.409573,537.9188866,1597.957332,1636.153948,298.3651913,325.8500722,357.8977798,166.1902921,184.5054493,211.6180032,-38.57184028,-35.28674408,-31.59689647,-62.36039489,-50.08924462,-38.19661619
483,2018,27.2,Freirina,100,-71.09093084,-28.49988005,84,7.11E-15,243.4349488,0.5,0.5,1,1,0.581075924,0.866666675,0.299763829,0.564121031,0.77224493,0.302083313,-0.016954893,-0.094421744,0.002319485,1541.37955,1148.205723,633.1304417,1338.333257,945.15943,1197.231373,857.5608971,501.9279267,1041.291206,701.62073,785.700824,520.0530339,347.4695274,696.9791513,431.3313611,1298.809517,1361.169912,425.9836431,1246.639122,1308.999517,1517.619419,1567.708664,475.0687774,1414.158792,1464.248037,1748.212957,1786.409573,537.9188866,1597.957332,1636.153948,298.3651913,325.8500722,357.8977798,166.1902921,184.5054493,211.6180032,-38.57184028,-35.28674408,-31.59689647,-62.36039489,-50.08924462,-38.19661619
484,2018,54.8,Freirina,100,-71.09088839,-28.49979949,84,7.11E-15,243.4349488,0.5,0.5,1,1,0.566176468,0.855400741,0.299222797,0.572033888,0.780088007,0.310265571,0.00585742,-0.075312734,0.011042774,1541.37955,1148.205723,633.1304417,1338.333257,945.15943,1197.231373,857.5608971,501.9279267,1041.291206,701.62073,785.700824,520.0530339,347.4695274,696.9791513,431.3313611,1298.809517,1361.169912,425.9836431,1246.639122,1308.999517,1517.619419,1567.708664,475.0687774,1414.158792,1464.248037,1748.212957,1786.409573,537.9188866,1597.957332,1636.153948,298.3651913,325.8500722,357.8977798,166.1902921,184.5054493,211.6180032,-38.57184028,-35.28674408,-31.59689647,-62.36039489,-50.08924462,-38.19661619
485,2018,54.7,Freirina,100,-71.09081869,-28.4998908,83,7.11E-15,243.4349488,0.5,0.5,1,1,0.572022684,0.8488217,0.296860695,0.576427252,0.761316895,0.30427739,0.004404568,-0.087504804,0.007416695,1541.37955,1148.205723,633.1304417,1338.333257,945.15943,1197.231373,857.5608971,501.9279267,1041.291206,701.62073,785.700824,520.0530339,347.4695274,696.9791513,431.3313611,1298.809517,1361.169912,425.9836431,1246.639122,1308.999517,1517.619419,1567.708664,475.0687774,1414.158792,1464.248037,1748.212957,1786.409573,537.9188866,1597.957332,1636.153948,298.3651913,325.8500722,357.8977798,166.1902921,184.5054493,211.6180032,-38.57184028,-35.28674408,-31.59689647,-62.36039489,-50.08924462,-38.19661619
486,2018,54,Freirina,100,-71.0908717,-28.49998924,84,7.11E-15,243.4349488,0.5,0.5,1,1,0.557951482,0.880985558,0.286099762,0.567587202,0.781172574,0.302244574,0.00963572,-0.099812984,0.016144812,1541.37955,1148.205723,633.1304417,1338.333257,945.15943,1197.231373,857.5608971,501.9279267,1041.291206,701.62073,785.700824,520.0530339,347.4695274,696.9791513,431.3313611,1298.809517,1361.169912,425.9836431,1246.639122,1308.999517,1517.619419,1567.708664,475.0687774,1414.158792,1464.248037,1748.212957,1786.409573,537.9188866,1597.957332,1636.153948,298.3651913,325.8500722,357.8977798,166.1902921,184.5054493,211.6180032,-38.57184028,-35.28674408,-31.59689647,-62.36039489,-50.08924462,-38.19661619
487,2018,64,Freirina,100,-71.09091397,-28.50006078,84,1.747450997,146.3099325,1.125,1.125,3,2,0.532063746,0.852443635,0.271160692,0.575736804,0.778035581,0.31826219,0.043673058,-0.074408054,0.047101498,1541.37955,1148.205723,633.1304417,1338.333257,945.15943,1197.231373,857.5608971,501.9279267,1041.291206,701.62073,785.700824,520.0530339,347.4695274,696.9791513,431.3313611,1298.809517,1361.169912,425.9836431,1246.639122,1308.999517,1517.619419,1567.708664,475.0687774,1414.158792,1464.248037,1748.212957,1786.409573,537.9188866,1597.957332,1636.153948,298.3651913,325.8500722,357.8977798,166.1902921,184.5054493,211.6180032,-38.57184028,-35.28674408,-31.59689647,-62.36039489,-50.08924462,-38.19661619
488,2018,42.6,Freirina,100,-71.09096734,-28.50017726,84,1.747450997,146.3099325,1.125,1.125,3,2,0.464837061,0.833601713,0.221767604,0.588061897,0.802593052,0.310344815,0.123224836,-0.031008661,0.088577211,1541.37955,1148.205723,633.1304417,1338.333257,945.15943,1197.231373,857.5608971,501.9279267,1041.291206,701.62073,785.700824,520.0530339,347.4695274,696.9791513,431.3313611,1298.809517,1361.169912,425.9836431,1246.639122,1308.999517,1517.619419,1567.708664,475.0687774,1414.158792,1464.248037,1748.212957,1786.409573,537.9188866,1597.957332,1636.153948,298.3651913,325.8500722,357.8977798,166.1902921,184.5054493,211.6180032,-38.57184028,-35.28674408,-31.59689647,-62.36039489,-50.08924462,-38.19661619
489,2018,67.2,Freirina,100,-71.09080236,-28.50009859,83,1.747450997,146.3099325,1.125,1.125,3,2,0.459459424,0.81154412,0.230707809,0.54800282,0.755264223,0.298701316,0.088543396,-0.056279898,0.067993507,1541.37955,1148.205723,633.1304417,1338.333257,945.15943,1197.231373,857.5608971,501.9279267,1041.291206,701.62073,785.700824,520.0530339,347.4695274,696.9791513,431.3313611,1298.809517,1361.169912,425.9836431,1246.639122,1308.999517,1517.619419,1567.708664,475.0687774,1414.158792,1464.248037,1748.212957,1786.409573,537.9188866,1597.957332,1636.153948,298.3651913,325.8500722,357.8977798,166.1902921,184.5054493,211.6180032,-38.57184028,-35.28674408,-31.59689647,-62.36039489,-50.08924462,-38.19661619
490,2018,62.5,Freirina,100,-71.09075973,-28.50000901,83,1.747450997,146.3099325,1.125,1.125,3,2,0.503415017,0.854311168,0.250968069,0.585159012,0.7815727,0.317241371,0.081743995,-0.072738469,0.066273302,1541.37955,1148.205723,633.1304417,1338.333257,945.15943,1197.231373,857.5608971,501.9279267,1041.291206,701.62073,785.700824,520.0530339,347.4695274,696.9791513,431.3313611,1298.809517,1361.169912,425.9836431,1246.639122,1308.999517,1517.619419,1567.708664,475.0687774,1414.158792,1464.248037,1748.212957,1786.409573,537.9188866,1597.957332,1636.153948,298.3651913,325.8500722,357.8977798,166.1902921,184.5054493,211.6180032,-38.57184028,-35.28674408,-31.59689647,-62.36039489,-50.08924462,-38.19661619
491,2018,55.5,Freirina,100,-71.09072732,-28.49991928,83,0.766499914,108.4349488,0.25,0,2,2,0.547169802,0.875425756,0.272927523,0.601885413,0.806953013,0.320959002,0.054715611,-0.068472743,0.048031479,1541.37955,1148.205723,633.1304417,1338.333257,945.15943,1197.231373,857.5608971,501.9279267,1041.291206,701.62073,785.700824,520.0530339,347.4695274,696.9791513,431.3313611,1298.809517,1361.169912,425.9836431,1246.639122,1308.999517,1517.619419,1567.708664,475.0687774,1414.158792,1464.248037,1748.212957,1786.409573,537.9188866,1597.957332,1636.153948,298.3651913,325.8500722,357.8977798,166.1902921,184.5054493,211.6180032,-38.57184028,-35.28674408,-31.59689647,-62.36039489,-50.08924462,-38.19661619
492,2018,65.8,Freirina,100,-71.09066819,-28.50002847,83,0.766499914,108.4349488,0.25,0,2,2,0.454849481,0.8210361,0.22077921,0.574581431,0.79134202,0.296932369,0.11973195,-0.02969408,0.076153159,1541.37955,1148.205723,633.1304417,1338.333257,945.15943,1197.231373,857.5608971,501.9279267,1041.291206,701.62073,785.700824,520.0530339,347.4695274,696.9791513,431.3313611,1298.809517,1361.169912,425.9836431,1246.639122,1308.999517,1517.619419,1567.708664,475.0687774,1414.158792,1464.248037,1748.212957,1786.409573,537.9188866,1597.957332,1636.153948,298.3651913,325.8500722,357.8977798,166.1902921,184.5054493,211.6180032,-38.57184028,-35.28674408,-31.59689647,-62.36039489,-50.08924462,-38.19661619
493,2018,69.2,Freirina,100,-71.09225166,-28.50004018,82,0.766499914,108.4349488,0.25,0,2,2,0.490115299,0.842158854,0.240306929,0.568947907,0.754760087,0.315799415,0.078832608,-0.087398767,0.075492486,1541.37955,1148.205723,633.1304417,1338.333257,945.15943,1197.231373,857.5608971,501.9279267,1041.291206,701.62073,785.700824,520.0530339,347.4695274,696.9791513,431.3313611,1298.809517,1361.169912,425.9836431,1246.639122,1308.999517,1517.619419,1567.708664,475.0687774,1414.158792,1464.248037,1748.212957,1786.409573,537.9188866,1597.957332,1636.153948,298.3651913,325.8500722,357.8977798,166.1902921,184.5054493,211.6180032,-38.57184028,-35.28674408,-31.59689647,-62.36039489,-50.08924462,-38.19661619
494,2018,135.2,Freirina,100,-71.09222981,-28.49996833,82,1.235826027,348.6900675,0.5,0.25,3,32,0.572928803,0.900375903,0.291837275,0.638034653,0.818681359,0.345829606,0.06510585,-0.081694543,0.053992331,1541.37955,1148.205723,633.1304417,1338.333257,945.15943,1197.231373,857.5608971,501.9279267,1041.291206,701.62073,785.700824,520.0530339,347.4695274,696.9791513,431.3313611,1298.809517,1361.169912,425.9836431,1246.639122,1308.999517,1517.619419,1567.708664,475.0687774,1414.158792,1464.248037,1748.212957,1786.409573,537.9188866,1597.957332,1636.153948,298.3651913,325.8500722,357.8977798,166.1902921,184.5054493,211.6180032,-38.57184028,-35.28674408,-31.59689647,-62.36039489,-50.08924462,-38.19661619
495,2018,144.2,Freirina,100,-71.09219722,-28.49986958,82,1.235826027,348.6900675,0.5,0.25,3,32,0.586646659,0.860158324,0.306026608,0.665569447,0.807142854,0.377332658,0.078922788,-0.053015471,0.07130605,1541.37955,1148.205723,633.1304417,1338.333257,945.15943,1197.231373,857.5608971,501.9279267,1041.291206,701.62073,785.700824,520.0530339,347.4695274,696.9791513,431.3313611,1298.809517,1361.169912,425.9836431,1246.639122,1308.999517,1517.619419,1567.708664,475.0687774,1414.158792,1464.248037,1748.212957,1786.409573,537.9188866,1597.957332,1636.153948,298.3651913,325.8500722,357.8977798,166.1902921,184.5054493,211.6180032,-38.57184028,-35.28674408,-31.59689647,-62.36039489,-50.08924462,-38.19661619
496,2018,100,Freirina,100,-71.09217501,-28.49977969,82,1.235826027,348.6900675,0.5,0.25,3,32,0.581719588,0.878564835,0.297151148,0.672285906,0.814855516,0.375470757,0.090566318,-0.063709319,0.078319609,1541.37955,1148.205723,633.1304417,1338.333257,945.15943,1197.231373,857.5608971,501.9279267,1041.291206,701.62073,785.700824,520.0530339,347.4695274,696.9791513,431.3313611,1298.809517,1361.169912,425.9836431,1246.639122,1308.999517,1517.619419,1567.708664,475.0687774,1414.158792,1464.248037,1748.212957,1786.409573,537.9188866,1597.957332,1636.153948,298.3651913,325.8500722,357.8977798,166.1902921,184.5054493,211.6180032,-38.57184028,-35.28674408,-31.59689647,-62.36039489,-50.08924462,-38.19661619
497,2018,56,Freirina,100,-71.09213257,-28.49969913,81,1.747450997,303.6900675,0.875,-0.375,2,16,0.593738626,0.883010745,0.315799654,0.681887832,0.795811534,0.403908998,0.088149206,-0.087199211,0.088109344,1541.37955,1148.205723,633.1304417,1338.333257,945.15943,1197.231373,857.5608971,501.9279267,1041.291206,701.62073,785.700824,520.0530339,347.4695274,696.9791513,431.3313611,1298.809517,1361.169912,425.9836431,1246.639122,1308.999517,1517.619419,1567.708664,475.0687774,1414.158792,1464.248037,1748.212957,1786.409573,537.9188866,1597.957332,1636.153948,298.3651913,325.8500722,357.8977798,166.1902921,184.5054493,211.6180032,-38.57184028,-35.28674408,-31.59689647,-62.36039489,-50.08924462,-38.19661619
498,2018,57,Freirina,100,-71.09211054,-28.49961826,81,1.747450997,303.6900675,0.875,-0.375,2,16,0.591292134,0.834075272,0.321865439,0.670924563,0.785505354,0.399251908,0.079632429,-0.048569918,0.077386469,1541.37955,1148.205723,633.1304417,1338.333257,945.15943,1197.231373,857.5608971,501.9279267,1041.291206,701.62073,785.700824,520.0530339,347.4695274,696.9791513,431.3313611,1298.809517,1361.169912,425.9836431,1246.639122,1308.999517,1517.619419,1567.708664,475.0687774,1414.158792,1464.248037,1748.212957,1786.409573,537.9188866,1597.957332,1636.153948,298.3651913,325.8500722,357.8977798,166.1902921,184.5054493,211.6180032,-38.57184028,-35.28674408,-31.59689647,-62.36039489,-50.08924462,-38.19661619
499,2018,33,Freirina,100,-71.09207902,-28.49957363,81,1.747450997,303.6900675,0.875,-0.375,2,16,0.59397418,0.877482057,0.318952233,0.646398508,0.805128217,0.378883868,0.052424328,-0.07235384,0.059931636,1541.37955,1148.205723,633.1304417,1338.333257,945.15943,1197.231373,857.5608971,501.9279267,1041.291206,701.62073,785.700824,520.0530339,347.4695274,696.9791513,431.3313611,1298.809517,1361.169912,425.9836431,1246.639122,1308.999517,1517.619419,1567.708664,475.0687774,1414.158792,1464.248037,1748.212957,1786.409573,537.9188866,1597.957332,1636.153948,298.3651913,325.8500722,357.8977798,166.1902921,184.5054493,211.6180032,-38.57184028,-35.28674408,-31.59689647,-62.36039489,-50.08924462,-38.19661619
500,2018,34,Freirina,100,-71.09207813,-28.49952853,81,1.747450997,303.6900675,0.875,-0.375,2,16,0.59397418,0.877482057,0.318952233,0.646398508,0.805128217,0.378883868,0.052424328,-0.07235384,0.059931636,1541.37955,1148.205723,633.1304417,1338.333257,945.15943,1197.231373,857.5608971,501.9279267,1041.291206,701.62073,785.700824,520.0530339,347.4695274,696.9791513,431.3313611,1298.809517,1361.169912,425.9836431,1246.639122,1308.999517,1517.619419,1567.708664,475.0687774,1414.158792,1464.248037,1748.212957,1786.409573,537.9188866,1597.957332,1636.153948,298.3651913,325.8500722,357.8977798,166.1902921,184.5054493,211.6180032,-38.57184028,-35.28674408,-31.59689647,-62.36039489,-50.08924462,-38.19661619
